{"mean":{"confidence_interval":{"confidence_level":0.95,"lower_bound":108.02663565546737,"upper_bound":108.17248581680771},"point_estimate":108.0964358258685,"standard_error":0.037176012344050026},"median":{"confidence_interval":{"confidence_level":0.95,"lower_bound":107.98145532194481,"upper_bound":108.07837696687893},"point_estimate":108.03365602950853,"standard_error":0.024816177044160937},"median_abs_dev":{"confidence_interval":{"confidence_level":0.95,"lower_bound":0.14893164121698982,"upper_bound":0.26071701699194966},"point_estimate":0.19288672527923326,"standard_error":0.02813040016919071},"slope":{"confidence_interval":{"confidence_level":0.95,"lower_bound":108.03180894496285,"upper_bound":108.13067894651032},"point_estimate":108.07771475916886,"standard_error":0.025278329553126727},"std_dev":{"confidence_interval":{"confidence_level":0.95,"lower_bound":0.26051275941151075,"upper_bound":0.4851258004191081},"point_estimate":0.3741464922018499,"standard_error":0.05841704851455534}}