{"mean":{"confidence_interval":{"confidence_level":0.95,"lower_bound":67.2718619559045,"upper_bound":67.36533887518101},"point_estimate":67.31738129530252,"standard_error":0.02374408125534655},"median":{"confidence_interval":{"confidence_level":0.95,"lower_bound":67.25876249365419,"upper_bound":67.33881314227818},"point_estimate":67.30092686142439,"standard_error":0.021015535228130947},"median_abs_dev":{"confidence_interval":{"confidence_level":0.95,"lower_bound":0.12429560184582557,"upper_bound":0.21624583393802327},"point_estimate":0.16547415012347125,"standard_error":0.024083523603661373},"slope":{"confidence_interval":{"confidence_level":0.95,"lower_bound":67.29817566316157,"upper_bound":67.36604473632488},"point_estimate":67.33185422272352,"standard_error":0.017430242070914523},"std_dev":{"confidence_interval":{"confidence_level":0.95,"lower_bound":0.16796709842123242,"upper_bound":0.31194574847247164},"point_estimate":0.23860128867554525,"standard_error":0.03782311988358483}}