{"mean":{"confidence_interval":{"confidence_level":0.95,"lower_bound":16651.485143608938,"upper_bound":16657.231455424215},"point_estimate":16654.196300697284,"standard_error":1.464461564140139},"median":{"confidence_interval":{"confidence_level":0.95,"lower_bound":16647.332755274263,"upper_bound":16654.10756297796},"point_estimate":16650.565881642513,"standard_error":1.6690764100271485},"median_abs_dev":{"confidence_interval":{"confidence_level":0.95,"lower_bound":6.885245550941164,"upper_bound":12.585167018175014},"point_estimate":9.512680154303851,"standard_error":1.3932680929017935},"slope":{"confidence_interval":{"confidence_level":0.95,"lower_bound":16647.218826337405,"upper_bound":16650.930354346434},"point_estimate":16648.882031328507,"standard_error":0.9504315790837755},"std_dev":{"confidence_interval":{"confidence_level":0.95,"lower_bound":10.277065965674058,"upper_bound":18.85334399937347},"point_estimate":14.7457587022411,"standard_error":2.1933867297679823}}