{"mean":{"confidence_interval":{"confidence_level":0.95,"lower_bound":16488.662912772073,"upper_bound":16494.63166929805},"point_estimate":16491.45805833663,"standard_error":1.5220088232370672},"median":{"confidence_interval":{"confidence_level":0.95,"lower_bound":16485.689024390245,"upper_bound":16491.356493794327},"point_estimate":16487.93482638889,"standard_error":1.4397267167813939},"median_abs_dev":{"confidence_interval":{"confidence_level":0.95,"lower_bound":7.2951249834381855,"upper_bound":11.165702839505963},"point_estimate":8.770268943394827,"standard_error":0.9527691844796918},"slope":{"confidence_interval":{"confidence_level":0.95,"lower_bound":16486.795079159416,"upper_bound":16493.142438866},"point_estimate":16489.73589108911,"standard_error":1.6240187654695182},"std_dev":{"confidence_interval":{"confidence_level":0.95,"lower_bound":10.140070380623477,"upper_bound":20.04605659311199},"point_estimate":15.299268143432727,"standard_error":2.557605867417481}}