{"mean":{"confidence_interval":{"confidence_level":0.95,"lower_bound":17127.582981778258,"upper_bound":17132.532814216902},"point_estimate":17129.872465072294,"standard_error":1.2691871649728317},"median":{"confidence_interval":{"confidence_level":0.95,"lower_bound":17126.371890004364,"upper_bound":17129.575687602628},"point_estimate":17128.340029328676,"standard_error":0.8308651858555545},"median_abs_dev":{"confidence_interval":{"confidence_level":0.95,"lower_bound":5.4006494668923555,"upper_bound":8.859847489491221},"point_estimate":7.284122831619008,"standard_error":0.8944994748779527},"slope":{"confidence_interval":{"confidence_level":0.95,"lower_bound":17126.862798657807,"upper_bound":17130.70388451277},"point_estimate":17128.646663167605,"standard_error":0.9857490594053078},"std_dev":{"confidence_interval":{"confidence_level":0.95,"lower_bound":7.920624676856701,"upper_bound":17.69255908546683},"point_estimate":12.71087280171198,"standard_error":2.6323965563331106}}