{"mean":{"confidence_interval":{"confidence_level":0.95,"lower_bound":16743.306193188324,"upper_bound":16750.90729828634},"point_estimate":16746.788812299455,"standard_error":1.9424003590660286},"median":{"confidence_interval":{"confidence_level":0.95,"lower_bound":16741.721265070766,"upper_bound":16748.086219602064},"point_estimate":16745.73299948639,"standard_error":1.564156594489858},"median_abs_dev":{"confidence_interval":{"confidence_level":0.95,"lower_bound":9.018789396789987,"upper_bound":14.419581978209068},"point_estimate":11.310039337487934,"standard_error":1.370163474172839},"slope":{"confidence_interval":{"confidence_level":0.95,"lower_bound":16740.670642313497,"upper_bound":16745.132600192497},"point_estimate":16742.881890430377,"standard_error":1.1401925331852025},"std_dev":{"confidence_interval":{"confidence_level":0.95,"lower_bound":11.64081728771177,"upper_bound":28.125431786721823},"point_estimate":19.569425803022536,"standard_error":4.630902962296086}}