{"mean":{"confidence_interval":{"confidence_level":0.95,"lower_bound":219.37498273703642,"upper_bound":219.66325993313765},"point_estimate":219.50065870601966,"standard_error":0.07435426639006533},"median":{"confidence_interval":{"confidence_level":0.95,"lower_bound":219.3160476131123,"upper_bound":219.46918812767225},"point_estimate":219.381602029279,"standard_error":0.03640768581115793},"median_abs_dev":{"confidence_interval":{"confidence_level":0.95,"lower_bound":0.22320835180601842,"upper_bound":0.41099454380413214},"point_estimate":0.32163180513061224,"standard_error":0.048237343804898844},"slope":{"confidence_interval":{"confidence_level":0.95,"lower_bound":219.33562820229207,"upper_bound":219.46438230221196},"point_estimate":219.3988585143153,"standard_error":0.032927511548385434},"std_dev":{"confidence_interval":{"confidence_level":0.95,"lower_bound":0.33465007049222867,"upper_bound":1.1339267201074748},"point_estimate":0.7454964422476535,"standard_error":0.22181137468152481}}