{"mean":{"confidence_interval":{"confidence_level":0.95,"lower_bound":58.49274722089803,"upper_bound":58.53511395299275},"point_estimate":58.514038424413414,"standard_error":0.010838092924976351},"median":{"confidence_interval":{"confidence_level":0.95,"lower_bound":58.5049677453009,"upper_bound":58.55519468256314},"point_estimate":58.52804474364828,"standard_error":0.013641876827120598},"median_abs_dev":{"confidence_interval":{"confidence_level":0.95,"lower_bound":0.07948842250084784,"upper_bound":0.12978036301574955},"point_estimate":0.11077951744802123,"standard_error":0.012503155349192541},"slope":{"confidence_interval":{"confidence_level":0.95,"lower_bound":58.464514747835224,"upper_bound":58.51846157431451},"point_estimate":58.49094986017632,"standard_error":0.013795406667586791},"std_dev":{"confidence_interval":{"confidence_level":0.95,"lower_bound":0.0926844734738151,"upper_bound":0.12366342110778915},"point_estimate":0.10876642636884447,"standard_error":0.00787906613746626}}