{"mean":{"confidence_interval":{"confidence_level":0.95,"lower_bound":58.69752718334962,"upper_bound":58.73934115051371},"point_estimate":58.71810048434295,"standard_error":0.010659923333043624},"median":{"confidence_interval":{"confidence_level":0.95,"lower_bound":58.69288823041761,"upper_bound":58.73899244133128},"point_estimate":58.71014337018867,"standard_error":0.011369323227575731},"median_abs_dev":{"confidence_interval":{"confidence_level":0.95,"lower_bound":0.0622846269457106,"upper_bound":0.10560047931032937},"point_estimate":0.0829040629031769,"standard_error":0.01111003607553442},"slope":{"confidence_interval":{"confidence_level":0.95,"lower_bound":58.70064770963667,"upper_bound":58.733484840054885},"point_estimate":58.717327994813054,"standard_error":0.008397481272471844},"std_dev":{"confidence_interval":{"confidence_level":0.95,"lower_bound":0.08447613026299877,"upper_bound":0.12983171348093306},"point_estimate":0.10676362268324727,"standard_error":0.011717535109241091}}