{"mean":{"confidence_interval":{"confidence_level":0.95,"lower_bound":58.19209981360627,"upper_bound":58.22689627070936},"point_estimate":58.2089763795763,"standard_error":0.008860297882309357},"median":{"confidence_interval":{"confidence_level":0.95,"lower_bound":58.175428057781,"upper_bound":58.21189088126208},"point_estimate":58.194627812274874,"standard_error":0.010065516083131023},"median_abs_dev":{"confidence_interval":{"confidence_level":0.95,"lower_bound":0.050553868755670195,"upper_bound":0.09703076808912878},"point_estimate":0.07029318979303356,"standard_error":0.012099417822957263},"slope":{"confidence_interval":{"confidence_level":0.95,"lower_bound":58.181720294365505,"upper_bound":58.21389022862141},"point_estimate":58.197529490563504,"standard_error":0.00816832337878639},"std_dev":{"confidence_interval":{"confidence_level":0.95,"lower_bound":0.06906767489820094,"upper_bound":0.11048462433769826},"point_estimate":0.08914049296398456,"standard_error":0.01079117365897868}}