{"mean":{"confidence_interval":{"confidence_level":0.95,"lower_bound":144994.33413984385,"upper_bound":145102.38894905086},"point_estimate":145043.16010921166,"standard_error":27.74232449774738},"median":{"confidence_interval":{"confidence_level":0.95,"lower_bound":144949.79967470857,"upper_bound":145021.16605072003},"point_estimate":144982.1584249084,"standard_error":19.825016526160244},"median_abs_dev":{"confidence_interval":{"confidence_level":0.95,"lower_bound":94.29442830543688,"upper_bound":149.75964392243657},"point_estimate":119.10916901825055,"standard_error":14.278340952543081},"slope":{"confidence_interval":{"confidence_level":0.95,"lower_bound":144917.0389138787,"upper_bound":144970.92791292985},"point_estimate":144942.06387764149,"standard_error":13.69859743954706},"std_dev":{"confidence_interval":{"confidence_level":0.95,"lower_bound":153.07460186512387,"upper_bound":401.3985947999094},"point_estimate":277.7842678984709,"standard_error":67.3065160158795}}