{"mean":{"confidence_interval":{"confidence_level":0.95,"lower_bound":515.306208899666,"upper_bound":515.4065899740015},"point_estimate":515.3559661319235,"standard_error":0.0257283711630125},"median":{"confidence_interval":{"confidence_level":0.95,"lower_bound":515.2892782892783,"upper_bound":515.408367983368},"point_estimate":515.3372744891976,"standard_error":0.03265436136619085},"median_abs_dev":{"confidence_interval":{"confidence_level":0.95,"lower_bound":0.18326993974711261,"upper_bound":0.27164176298478626},"point_estimate":0.23044420224623874,"standard_error":0.02308790299344827},"slope":{"confidence_interval":{"confidence_level":0.95,"lower_bound":515.2463249025659,"upper_bound":515.4167636574996},"point_estimate":515.331077991918,"standard_error":0.04335814429608355},"std_dev":{"confidence_interval":{"confidence_level":0.95,"lower_bound":0.2079361990316422,"upper_bound":0.305498499131051},"point_estimate":0.25883142926689,"standard_error":0.024915984767734906}}