{"mean":{"confidence_interval":{"confidence_level":0.95,"lower_bound":217.22688431038924,"upper_bound":217.36561591175897},"point_estimate":217.29337226636147,"standard_error":0.03531820235742665},"median":{"confidence_interval":{"confidence_level":0.95,"lower_bound":217.20520416603367,"upper_bound":217.29681808207152},"point_estimate":217.23652982294539,"standard_error":0.019354800826172823},"median_abs_dev":{"confidence_interval":{"confidence_level":0.95,"lower_bound":0.1530236479419964,"upper_bound":0.2928031236313101},"point_estimate":0.2132727429632285,"standard_error":0.038425564216605444},"slope":{"confidence_interval":{"confidence_level":0.95,"lower_bound":217.25002746939126,"upper_bound":217.3719666335966},"point_estimate":217.3084384217656,"standard_error":0.031083997930167723},"std_dev":{"confidence_interval":{"confidence_level":0.95,"lower_bound":0.2503406153166086,"upper_bound":0.4600420944524133},"point_estimate":0.3551768101901399,"standard_error":0.05470930300835416}}