{"mean":{"confidence_interval":{"confidence_level":0.95,"lower_bound":71.45080276662064,"upper_bound":71.58895465925283},"point_estimate":71.52000427658103,"standard_error":0.035151006046004574},"median":{"confidence_interval":{"confidence_level":0.95,"lower_bound":71.45608644662889,"upper_bound":71.56395671676694},"point_estimate":71.51884209158501,"standard_error":0.02611143719955846},"median_abs_dev":{"confidence_interval":{"confidence_level":0.95,"lower_bound":0.21251785245993246,"upper_bound":0.3888721496907631},"point_estimate":0.33112207714199154,"standard_error":0.05008594344013643},"slope":{"confidence_interval":{"confidence_level":0.95,"lower_bound":71.47976755038557,"upper_bound":71.59041741907085},"point_estimate":71.53481667410709,"standard_error":0.02813335005281692},"std_dev":{"confidence_interval":{"confidence_level":0.95,"lower_bound":0.28641594887526356,"upper_bound":0.4136805051421966},"point_estimate":0.3529731015285351,"standard_error":0.032421022975953756}}