{"mean":{"confidence_interval":{"confidence_level":0.95,"lower_bound":100.65760772159317,"upper_bound":100.71563488959843},"point_estimate":100.68525261076691,"standard_error":0.014798741841507982},"median":{"confidence_interval":{"confidence_level":0.95,"lower_bound":100.64224280410903,"upper_bound":100.68617479538601},"point_estimate":100.6639271363851,"standard_error":0.010756645761738265},"median_abs_dev":{"confidence_interval":{"confidence_level":0.95,"lower_bound":0.07415393274078859,"upper_bound":0.1365598490172947},"point_estimate":0.10541668341937167,"standard_error":0.015903965587765762},"slope":{"confidence_interval":{"confidence_level":0.95,"lower_bound":100.62696493410705,"upper_bound":100.66997152813678},"point_estimate":100.64787178582753,"standard_error":0.011001179119974626},"std_dev":{"confidence_interval":{"confidence_level":0.95,"lower_bound":0.10419995238527179,"upper_bound":0.1964381355427836},"point_estimate":0.14913371389289848,"standard_error":0.02427375942369631}}