{"mean":{"confidence_interval":{"confidence_level":0.95,"lower_bound":100.29353512963459,"upper_bound":100.34591112234897},"point_estimate":100.31866016870109,"standard_error":0.013393192349313118},"median":{"confidence_interval":{"confidence_level":0.95,"lower_bound":100.2842810022596,"upper_bound":100.33266808850338},"point_estimate":100.30121456202752,"standard_error":0.011687106001957373},"median_abs_dev":{"confidence_interval":{"confidence_level":0.95,"lower_bound":0.07779370532336934,"upper_bound":0.1386140607208552},"point_estimate":0.10258982268775448,"standard_error":0.015571766791979667},"slope":{"confidence_interval":{"confidence_level":0.95,"lower_bound":100.29235836990911,"upper_bound":100.34787005074},"point_estimate":100.32041434891813,"standard_error":0.014146902767356272},"std_dev":{"confidence_interval":{"confidence_level":0.95,"lower_bound":0.10041478411907356,"upper_bound":0.17355333627179448},"point_estimate":0.13444214589712197,"standard_error":0.019566803936930173}}