{"mean":{"confidence_interval":{"confidence_level":0.95,"lower_bound":100.41632509089341,"upper_bound":100.47567549755098},"point_estimate":100.44607479787072,"standard_error":0.015096460040647491},"median":{"confidence_interval":{"confidence_level":0.95,"lower_bound":100.39000261925163,"upper_bound":100.52206308184569},"point_estimate":100.45261943545697,"standard_error":0.03647865843081372},"median_abs_dev":{"confidence_interval":{"confidence_level":0.95,"lower_bound":0.15002140349301896,"upper_bound":0.22089379415706445},"point_estimate":0.19330025245288818,"standard_error":0.017887570284006962},"slope":{"confidence_interval":{"confidence_level":0.95,"lower_bound":100.39602845051365,"upper_bound":100.46304066342466},"point_estimate":100.4294099332561,"standard_error":0.017099231874849907},"std_dev":{"confidence_interval":{"confidence_level":0.95,"lower_bound":0.13668427540882142,"upper_bound":0.16461611187208697},"point_estimate":0.1515349571939979,"standard_error":0.007145067717711992}}