{"mean":{"confidence_interval":{"confidence_level":0.95,"lower_bound":1194.3304986076412,"upper_bound":1195.6530670052366},"point_estimate":1194.8544127226662,"standard_error":0.35042804630482854},"median":{"confidence_interval":{"confidence_level":0.95,"lower_bound":1194.1152092576312,"upper_bound":1194.6103015681545},"point_estimate":1194.4097271727771,"standard_error":0.1189208612690594},"median_abs_dev":{"confidence_interval":{"confidence_level":0.95,"lower_bound":0.7283389164994358,"upper_bound":1.4335709468878732},"point_estimate":1.1270563375764504,"standard_error":0.18543601971085386},"slope":{"confidence_interval":{"confidence_level":0.95,"lower_bound":1194.4206944008704,"upper_bound":1194.8891548349861},"point_estimate":1194.652071585604,"standard_error":0.11944749062483004},"std_dev":{"confidence_interval":{"confidence_level":0.95,"lower_bound":1.1552732593705177,"upper_bound":5.7746918754908165},"point_estimate":3.5240077440149076,"standard_error":1.5469802874527863}}