{"mean":{"confidence_interval":{"confidence_level":0.95,"lower_bound":951.833573040937,"upper_bound":955.3172608498828},"point_estimate":953.0923416533243,"standard_error":0.9839621120056085},"median":{"confidence_interval":{"confidence_level":0.95,"lower_bound":951.6135245955674,"upper_bound":952.0292176543379},"point_estimate":951.8113673523387,"standard_error":0.10040266190988824},"median_abs_dev":{"confidence_interval":{"confidence_level":0.95,"lower_bound":0.6849434432269796,"upper_bound":1.1638730856894397},"point_estimate":0.8914498767924551,"standard_error":0.11990708319296531},"slope":{"confidence_interval":{"confidence_level":0.95,"lower_bound":951.9825005098894,"upper_bound":953.3615562554944},"point_estimate":952.5056611395988,"standard_error":0.3702305200062145},"std_dev":{"confidence_interval":{"confidence_level":0.95,"lower_bound":0.9465044059992425,"upper_bound":16.774894740262972},"point_estimate":9.895527494661943,"standard_error":5.249260199249638}}