{"mean":{"confidence_interval":{"confidence_level":0.95,"lower_bound":129.14888893603424,"upper_bound":129.20559971238748},"point_estimate":129.17804647756367,"standard_error":0.01448894280507411},"median":{"confidence_interval":{"confidence_level":0.95,"lower_bound":129.16133808585136,"upper_bound":129.20724102965684},"point_estimate":129.1854260869669,"standard_error":0.01191839446425597},"median_abs_dev":{"confidence_interval":{"confidence_level":0.95,"lower_bound":0.07600785684287746,"upper_bound":0.11610684927392859},"point_estimate":0.09490141621059182,"standard_error":0.009880704242540353},"slope":{"confidence_interval":{"confidence_level":0.95,"lower_bound":129.18261191875703,"upper_bound":129.21745353762597},"point_estimate":129.1998037106157,"standard_error":0.008895789308685963},"std_dev":{"confidence_interval":{"confidence_level":0.95,"lower_bound":0.11235298771275973,"upper_bound":0.17579758968845555},"point_estimate":0.1458579458723944,"standard_error":0.01619113198733947}}