{"mean":{"confidence_interval":{"confidence_level":0.95,"lower_bound":43035.51825969769,"upper_bound":43129.379544417396},"point_estimate":43081.426847257615,"standard_error":23.999171800614942},"median":{"confidence_interval":{"confidence_level":0.95,"lower_bound":42958.62666666666,"upper_bound":43116.55881049228},"point_estimate":43030.03244047619,"standard_error":37.874768985042124},"median_abs_dev":{"confidence_interval":{"confidence_level":0.95,"lower_bound":175.57020959134312,"upper_bound":300.7100564595623},"point_estimate":228.6430477463341,"standard_error":33.566954370427084},"slope":{"confidence_interval":{"confidence_level":0.95,"lower_bound":43025.76244933457,"upper_bound":43135.61466232391},"point_estimate":43079.9044991626,"standard_error":28.067339550763126},"std_dev":{"confidence_interval":{"confidence_level":0.95,"lower_bound":199.05707710005936,"upper_bound":284.8160807779882},"point_estimate":242.62002309182407,"standard_error":22.018891550936388}}