{"mean":{"confidence_interval":{"confidence_level":0.95,"lower_bound":172.42539971557696,"upper_bound":172.82621028072853},"point_estimate":172.62469026019488,"standard_error":0.10221098272300567},"median":{"confidence_interval":{"confidence_level":0.95,"lower_bound":172.4026254313722,"upper_bound":172.8205545968052},"point_estimate":172.58541866089774,"standard_error":0.1128910033188479},"median_abs_dev":{"confidence_interval":{"confidence_level":0.95,"lower_bound":0.6721742257599097,"upper_bound":1.1510758509634202},"point_estimate":0.8616848866256358,"standard_error":0.11671484002432855},"slope":{"confidence_interval":{"confidence_level":0.95,"lower_bound":172.4939767552051,"upper_bound":172.84730247847614},"point_estimate":172.6709839773774,"standard_error":0.08999281560570072},"std_dev":{"confidence_interval":{"confidence_level":0.95,"lower_bound":0.8169576743981366,"upper_bound":1.2468829318948766},"point_estimate":1.0272605803166999,"standard_error":0.11148419461032145}}