{"mean":{"confidence_interval":{"confidence_level":0.95,"lower_bound":94300.86227840387,"upper_bound":94535.50326880939},"point_estimate":94398.69863335587,"standard_error":60.991955416286544},"median":{"confidence_interval":{"confidence_level":0.95,"lower_bound":94279.54949494949,"upper_bound":94383.99025974025},"point_estimate":94327.20403009688,"standard_error":25.177976869571008},"median_abs_dev":{"confidence_interval":{"confidence_level":0.95,"lower_bound":153.08641166234096,"upper_bound":268.27459326747436},"point_estimate":203.30340864174136,"standard_error":29.59264623856839},"slope":{"confidence_interval":{"confidence_level":0.95,"lower_bound":94274.02107084786,"upper_bound":94441.37408538321},"point_estimate":94347.27422464635,"standard_error":43.14275744505657},"std_dev":{"confidence_interval":{"confidence_level":0.95,"lower_bound":248.11701141503158,"upper_bound":974.3854715733526},"point_estimate":612.3302184563895,"standard_error":230.9831099227391}}