{"mean":{"confidence_interval":{"confidence_level":0.95,"lower_bound":94347.68921055271,"upper_bound":94440.81160193332},"point_estimate":94389.35199459232,"standard_error":23.81787134224117},"median":{"confidence_interval":{"confidence_level":0.95,"lower_bound":94317.39726027397,"upper_bound":94393.022578197},"point_estimate":94354.71920889568,"standard_error":15.666438918946422},"median_abs_dev":{"confidence_interval":{"confidence_level":0.95,"lower_bound":104.00284767554531,"upper_bound":166.81413680246342},"point_estimate":135.11382964603877,"standard_error":16.386274794121732},"slope":{"confidence_interval":{"confidence_level":0.95,"lower_bound":94339.22152676074,"upper_bound":94406.2745269773},"point_estimate":94370.07234359256,"standard_error":17.163261553724332},"std_dev":{"confidence_interval":{"confidence_level":0.95,"lower_bound":133.42247983083874,"upper_bound":349.6866717883036},"point_estimate":238.89854419943487,"standard_error":61.91621315956608}}