{"mean":{"confidence_interval":{"confidence_level":0.95,"lower_bound":156008.3916304837,"upper_bound":156612.65843588216},"point_estimate":156304.6239575471,"standard_error":153.14642396959766},"median":{"confidence_interval":{"confidence_level":0.95,"lower_bound":155811.74574829932,"upper_bound":156532.4750830565},"point_estimate":156117.63738095236,"standard_error":178.99279969501126},"median_abs_dev":{"confidence_interval":{"confidence_level":0.95,"lower_bound":855.4359669764568,"upper_bound":1485.1929796034447},"point_estimate":1011.5480037345646,"standard_error":162.37044935959707},"slope":{"confidence_interval":{"confidence_level":0.95,"lower_bound":156134.8767180193,"upper_bound":156884.73973877556},"point_estimate":156505.1371171019,"standard_error":191.815816866514},"std_dev":{"confidence_interval":{"confidence_level":0.95,"lower_bound":1092.570237897621,"upper_bound":1961.3488685869397},"point_estimate":1530.4054672634384,"standard_error":225.21057045786858}}