{"mean":{"confidence_interval":{"confidence_level":0.95,"lower_bound":90600.92183638993,"upper_bound":90841.14530927234},"point_estimate":90703.19796109786,"standard_error":62.100344720269426},"median":{"confidence_interval":{"confidence_level":0.95,"lower_bound":90599.23776223777,"upper_bound":90672.37727272726},"point_estimate":90628.79867330944,"standard_error":20.025915455117747},"median_abs_dev":{"confidence_interval":{"confidence_level":0.95,"lower_bound":136.44243995852787,"upper_bound":237.30521700189212},"point_estimate":180.55819291924982,"standard_error":25.78762705176329},"slope":{"confidence_interval":{"confidence_level":0.95,"lower_bound":90615.55704917962,"upper_bound":90815.0040680008},"point_estimate":90697.01950535351,"standard_error":52.22082062242173},"std_dev":{"confidence_interval":{"confidence_level":0.95,"lower_bound":228.59709994353798,"upper_bound":970.0399048726823},"point_estimate":620.4142143675,"standard_error":203.7229248028796}}