{"mean":{"confidence_interval":{"confidence_level":0.95,"lower_bound":93492.53939093342,"upper_bound":94078.68692158718},"point_estimate":93736.30257404962,"standard_error":154.61049280457172},"median":{"confidence_interval":{"confidence_level":0.95,"lower_bound":93420.9696969697,"upper_bound":93487.3814229249},"point_estimate":93454.85498483336,"standard_error":16.888771416199464},"median_abs_dev":{"confidence_interval":{"confidence_level":0.95,"lower_bound":78.44288465014904,"upper_bound":138.26853636588382},"point_estimate":100.88210427953226,"standard_error":16.033262067516244},"slope":{"confidence_interval":{"confidence_level":0.95,"lower_bound":93462.32972551523,"upper_bound":94392.05440145491},"point_estimate":93786.0812751723,"standard_error":263.26882913464755},"std_dev":{"confidence_interval":{"confidence_level":0.95,"lower_bound":216.2878201955165,"upper_bound":2411.3578072811138},"point_estimate":1552.875195325692,"standard_error":589.6694755828337}}