{"mean":{"confidence_interval":{"confidence_level":0.95,"lower_bound":31.550521156527402,"upper_bound":31.564071580875524},"point_estimate":31.557140844299116,"standard_error":0.0034433206129161798},"median":{"confidence_interval":{"confidence_level":0.95,"lower_bound":31.551260807681686,"upper_bound":31.565534225749275},"point_estimate":31.556197467853234,"standard_error":0.004150486819036188},"median_abs_dev":{"confidence_interval":{"confidence_level":0.95,"lower_bound":0.02248187012577128,"upper_bound":0.03502541451420621},"point_estimate":0.030141718145682075,"standard_error":0.003144009309572594},"slope":{"confidence_interval":{"confidence_level":0.95,"lower_bound":31.549512813384617,"upper_bound":31.563531289275634},"point_estimate":31.5564017581225,"standard_error":0.0035726728250324623},"std_dev":{"confidence_interval":{"confidence_level":0.95,"lower_bound":0.02607642075634862,"upper_bound":0.04378218794463231},"point_estimate":0.034519229819031605,"standard_error":0.0046620764133454996}}