{"mean":{"confidence_interval":{"confidence_level":0.95,"lower_bound":21256.23794626489,"upper_bound":21340.736614242225},"point_estimate":21293.42943305509,"standard_error":21.79091754892633},"median":{"confidence_interval":{"confidence_level":0.95,"lower_bound":21263.320874065554,"upper_bound":21316.028808890576},"point_estimate":21289.84011758119,"standard_error":13.47294707462201},"median_abs_dev":{"confidence_interval":{"confidence_level":0.95,"lower_bound":55.93563935168104,"upper_bound":104.62729701217474},"point_estimate":84.14202270071029,"standard_error":13.01744369023369},"slope":{"confidence_interval":{"confidence_level":0.95,"lower_bound":21252.610511385545,"upper_bound":21290.95893146219},"point_estimate":21271.77520929165,"standard_error":9.750551478682473},"std_dev":{"confidence_interval":{"confidence_level":0.95,"lower_bound":85.190631403949,"upper_bound":326.29405359750547},"point_estimate":218.75614743166312,"standard_error":63.690871351948424}}