{"mean":{"confidence_interval":{"confidence_level":0.95,"lower_bound":17184.771578119628,"upper_bound":17219.6235117262},"point_estimate":17198.29364751471,"standard_error":9.309119425094222},"median":{"confidence_interval":{"confidence_level":0.95,"lower_bound":17180.853175442106,"upper_bound":17193.431034482757},"point_estimate":17185.683354449884,"standard_error":3.8358822873755347},"median_abs_dev":{"confidence_interval":{"confidence_level":0.95,"lower_bound":19.101290256918805,"upper_bound":32.70605601130472},"point_estimate":24.59248795700027,"standard_error":3.4360006355744956},"slope":{"confidence_interval":{"confidence_level":0.95,"lower_bound":17177.84974565886,"upper_bound":17191.997830897606},"point_estimate":17184.383004285504,"standard_error":3.6246119590184374},"std_dev":{"confidence_interval":{"confidence_level":0.95,"lower_bound":27.47393938846049,"upper_bound":154.12312858017674},"point_estimate":93.35318455800225,"standard_error":42.630419074580466}}