{"mean":{"confidence_interval":{"confidence_level":0.95,"lower_bound":2675.5561801937174,"upper_bound":2699.4260497939736},"point_estimate":2685.999408367423,"standard_error":6.1634125511388005},"median":{"confidence_interval":{"confidence_level":0.95,"lower_bound":2669.154904342545,"upper_bound":2670.644467108618},"point_estimate":2669.7816568448147,"standard_error":0.3316006463954126},"median_abs_dev":{"confidence_interval":{"confidence_level":0.95,"lower_bound":2.575908048049668,"upper_bound":4.791613959856785},"point_estimate":3.399231877038789,"standard_error":0.5468631867995446},"slope":{"confidence_interval":{"confidence_level":0.95,"lower_bound":2672.9942142525133,"upper_bound":2699.0843315128527},"point_estimate":2683.854111247349,"standard_error":6.70515650403115},"std_dev":{"confidence_interval":{"confidence_level":0.95,"lower_bound":23.900564583219257,"upper_bound":91.8090564669525},"point_estimate":62.19328585378705,"standard_error":17.467077072343614}}