{"mean":{"confidence_interval":{"confidence_level":0.95,"lower_bound":2041.5399157417405,"upper_bound":2049.3264165385167},"point_estimate":2044.8729007529025,"standard_error":2.0225777451977835},"median":{"confidence_interval":{"confidence_level":0.95,"lower_bound":2040.1447864506627,"upper_bound":2041.8810893983689},"point_estimate":2040.9024345632547,"standard_error":0.39775089528123425},"median_abs_dev":{"confidence_interval":{"confidence_level":0.95,"lower_bound":2.5140651155569294,"upper_bound":4.702132329192158},"point_estimate":3.496167103933904,"standard_error":0.5819522384410302},"slope":{"confidence_interval":{"confidence_level":0.95,"lower_bound":2041.8025122007434,"upper_bound":2056.272247109156},"point_estimate":2047.667075988842,"standard_error":3.8502964513679134},"std_dev":{"confidence_interval":{"confidence_level":0.95,"lower_bound":4.488026161882822,"upper_bound":30.973930183748923},"point_estimate":20.329847265715486,"standard_error":6.770688938282267}}