{"mean":{"confidence_interval":{"confidence_level":0.95,"lower_bound":45132.59760366084,"upper_bound":45225.08598971388},"point_estimate":45170.9074097922,"standard_error":24.062826004797},"median":{"confidence_interval":{"confidence_level":0.95,"lower_bound":45110.095629370626,"upper_bound":45144.64655172414},"point_estimate":45126.11912293034,"standard_error":7.864661361116001},"median_abs_dev":{"confidence_interval":{"confidence_level":0.95,"lower_bound":62.189704734467064,"upper_bound":107.56794119800605},"point_estimate":78.66437057463335,"standard_error":11.847402287188702},"slope":{"confidence_interval":{"confidence_level":0.95,"lower_bound":45123.92592507428,"upper_bound":45186.394802880146},"point_estimate":45152.32765761651,"standard_error":16.005485473011003},"std_dev":{"confidence_interval":{"confidence_level":0.95,"lower_bound":93.54135658588001,"upper_bound":384.69127395129163},"point_estimate":242.26875690045352,"standard_error":91.15572191322418}}