{"mean":{"confidence_interval":{"confidence_level":0.95,"lower_bound":44005.90421647824,"upper_bound":44192.07246071159},"point_estimate":44082.70388916923,"standard_error":48.39316359297749},"median":{"confidence_interval":{"confidence_level":0.95,"lower_bound":43968.53830227743,"upper_bound":44026.90434782609},"point_estimate":43991.0970367581,"standard_error":13.743165322473377},"median_abs_dev":{"confidence_interval":{"confidence_level":0.95,"lower_bound":83.35344728295804,"upper_bound":152.3139793009952},"point_estimate":118.2388241291998,"standard_error":16.991181458646945},"slope":{"confidence_interval":{"confidence_level":0.95,"lower_bound":44007.7553639454,"upper_bound":44153.85499441275},"point_estimate":44071.62558259071,"standard_error":37.48903341273551},"std_dev":{"confidence_interval":{"confidence_level":0.95,"lower_bound":169.27761639290765,"upper_bound":773.7496460685637},"point_estimate":485.89382858247046,"standard_error":182.69685356565225}}