{"mean":{"confidence_interval":{"confidence_level":0.95,"lower_bound":2135.4174960648143,"upper_bound":2136.0103294167825},"point_estimate":2135.699742589641,"standard_error":0.15149942614260248},"median":{"confidence_interval":{"confidence_level":0.95,"lower_bound":2135.423188187492,"upper_bound":2135.7855037153286},"point_estimate":2135.595848229579,"standard_error":0.1055828831994635},"median_abs_dev":{"confidence_interval":{"confidence_level":0.95,"lower_bound":0.5884142099753046,"upper_bound":1.1343360554854744},"point_estimate":0.8524129326539838,"standard_error":0.1372062565371546},"slope":{"confidence_interval":{"confidence_level":0.95,"lower_bound":2135.2228300831875,"upper_bound":2135.7436041331766},"point_estimate":2135.478316462243,"standard_error":0.1325485643376221},"std_dev":{"confidence_interval":{"confidence_level":0.95,"lower_bound":1.0472901293075374,"upper_bound":1.951730813915964},"point_estimate":1.521431777925368,"standard_error":0.23167805001077255}}