{"mean":{"confidence_interval":{"confidence_level":0.95,"lower_bound":1520.9654292563926,"upper_bound":1521.488576735049},"point_estimate":1521.218126253986,"standard_error":0.13316282644786404},"median":{"confidence_interval":{"confidence_level":0.95,"lower_bound":1520.5892423178357,"upper_bound":1521.2137213069416},"point_estimate":1520.874781077434,"standard_error":0.1692287878706896},"median_abs_dev":{"confidence_interval":{"confidence_level":0.95,"lower_bound":0.7445520972095491,"upper_bound":1.3386181048242225},"point_estimate":0.9730593121222774,"standard_error":0.152682424204298},"slope":{"confidence_interval":{"confidence_level":0.95,"lower_bound":1520.5879769915696,"upper_bound":1520.9504684835813},"point_estimate":1520.760358205312,"standard_error":0.09258767835248963},"std_dev":{"confidence_interval":{"confidence_level":0.95,"lower_bound":1.0455753407197852,"upper_bound":1.618468293814554},"point_estimate":1.335881492113286,"standard_error":0.14750981555478002}}