{"mean":{"confidence_interval":{"confidence_level":0.95,"lower_bound":2431008.4406190477,"upper_bound":2433778.075952381},"point_estimate":2432210.097619048,"standard_error":713.1337579730948},"median":{"confidence_interval":{"confidence_level":0.95,"lower_bound":2430071.6666666665,"upper_bound":2430958.238095238},"point_estimate":2430571.4523809524,"standard_error":197.4990779275987},"median_abs_dev":{"confidence_interval":{"confidence_level":0.95,"lower_bound":1590.5473717620573,"upper_bound":2935.3714478869038},"point_estimate":2325.563958713233,"standard_error":332.7102646351643},"slope":null,"std_dev":{"confidence_interval":{"confidence_level":0.95,"lower_bound":3025.6385979582005,"upper_bound":10918.713295455515},"point_estimate":7180.438506151959,"standard_error":2132.4390510451126}}