{"mean":{"confidence_interval":{"confidence_level":0.95,"lower_bound":3746.928319267431,"upper_bound":3747.286478628704},"point_estimate":3747.101013898081,"standard_error":0.09111811325974561},"median":{"confidence_interval":{"confidence_level":0.95,"lower_bound":3746.834973045822,"upper_bound":3747.1314285714284},"point_estimate":3747.0134119496856,"standard_error":0.0833287041146657},"median_abs_dev":{"confidence_interval":{"confidence_level":0.95,"lower_bound":0.47335071892200475,"upper_bound":0.8780242108270014},"point_estimate":0.6869440851835165,"standard_error":0.10477205795724023},"slope":{"confidence_interval":{"confidence_level":0.95,"lower_bound":3746.928126353086,"upper_bound":3747.2355529364986},"point_estimate":3747.070285107249,"standard_error":0.07823413951814509},"std_dev":{"confidence_interval":{"confidence_level":0.95,"lower_bound":0.6690597295474502,"upper_bound":1.153834308319477},"point_estimate":0.9172304223736558,"standard_error":0.12481461678094363}}