{"mean":{"confidence_interval":{"confidence_level":0.95,"lower_bound":138.98443066407566,"upper_bound":139.05283969098312},"point_estimate":139.0180451448142,"standard_error":0.017397488472111613},"median":{"confidence_interval":{"confidence_level":0.95,"lower_bound":138.99416596313495,"upper_bound":139.03699836336304},"point_estimate":139.01597368791334,"standard_error":0.013003461808947937},"median_abs_dev":{"confidence_interval":{"confidence_level":0.95,"lower_bound":0.06224253037268678,"upper_bound":0.12116114029679106},"point_estimate":0.08972347777250891,"standard_error":0.015095422962788742},"slope":{"confidence_interval":{"confidence_level":0.95,"lower_bound":139.0229797647495,"upper_bound":139.1128237512559},"point_estimate":139.0631033843983,"standard_error":0.023178410460492967},"std_dev":{"confidence_interval":{"confidence_level":0.95,"lower_bound":0.12939130167545188,"upper_bound":0.21599801612851932},"point_estimate":0.17524043940738704,"standard_error":0.022167432756455538}}