{"mean":{"confidence_interval":{"confidence_level":0.95,"lower_bound":137.8613504480484,"upper_bound":137.9343865913498},"point_estimate":137.90054017158934,"standard_error":0.018665036107408238},"median":{"confidence_interval":{"confidence_level":0.95,"lower_bound":137.90671124013454,"upper_bound":137.94428222881095},"point_estimate":137.92744557803036,"standard_error":0.008674667652006564},"median_abs_dev":{"confidence_interval":{"confidence_level":0.95,"lower_bound":0.07087399129890384,"upper_bound":0.11670065240922783},"point_estimate":0.09155783741657204,"standard_error":0.011117042608783812},"slope":{"confidence_interval":{"confidence_level":0.95,"lower_bound":137.93670239582053,"upper_bound":137.96929419292556},"point_estimate":137.95312168283374,"standard_error":0.008272236960147072},"std_dev":{"confidence_interval":{"confidence_level":0.95,"lower_bound":0.10858092109980375,"upper_bound":0.25899536679110424},"point_estimate":0.18752213396047976,"standard_error":0.03901458774150451}}