{"mean":{"confidence_interval":{"confidence_level":0.95,"lower_bound":129.88548538623897,"upper_bound":129.91334754842288},"point_estimate":129.89902267964638,"standard_error":0.007102252092023913},"median":{"confidence_interval":{"confidence_level":0.95,"lower_bound":129.8783114838991,"upper_bound":129.90618726539435},"point_estimate":129.8923100500139,"standard_error":0.007165400343384091},"median_abs_dev":{"confidence_interval":{"confidence_level":0.95,"lower_bound":0.04176959074085198,"upper_bound":0.06574647210364146},"point_estimate":0.0539473634927845,"standard_error":0.00607821270129344},"slope":{"confidence_interval":{"confidence_level":0.95,"lower_bound":129.88831084427667,"upper_bound":129.91000629136664},"point_estimate":129.8991521070636,"standard_error":0.0055471368753755084},"std_dev":{"confidence_interval":{"confidence_level":0.95,"lower_bound":0.054017998801859056,"upper_bound":0.08893666494784054},"point_estimate":0.07119500174099744,"standard_error":0.009036154619696486}}