{"mean":{"confidence_interval":{"confidence_level":0.95,"lower_bound":129.4013842719329,"upper_bound":129.4393422216497},"point_estimate":129.42088442972062,"standard_error":0.009679344774659395},"median":{"confidence_interval":{"confidence_level":0.95,"lower_bound":129.4161100825017,"upper_bound":129.44292099382147},"point_estimate":129.43166038122075,"standard_error":0.006790278883398266},"median_abs_dev":{"confidence_interval":{"confidence_level":0.95,"lower_bound":0.04846875312646257,"upper_bound":0.09181699468654424},"point_estimate":0.06917277537699211,"standard_error":0.011504988334804173},"slope":{"confidence_interval":{"confidence_level":0.95,"lower_bound":129.41800615102773,"upper_bound":129.44820584894407},"point_estimate":129.43253345225864,"standard_error":0.007720594940134735},"std_dev":{"confidence_interval":{"confidence_level":0.95,"lower_bound":0.07524708425247298,"upper_bound":0.11783692925524972},"point_estimate":0.09745436616733125,"standard_error":0.010911740548713625}}