{"mean":{"confidence_interval":{"confidence_level":0.95,"lower_bound":129.76326352292318,"upper_bound":129.79980528168102},"point_estimate":129.78096864419913,"standard_error":0.009314084991598895},"median":{"confidence_interval":{"confidence_level":0.95,"lower_bound":129.76761987921122,"upper_bound":129.78828965937078},"point_estimate":129.77949841737612,"standard_error":0.004955696555245309},"median_abs_dev":{"confidence_interval":{"confidence_level":0.95,"lower_bound":0.04044255466975669,"upper_bound":0.08220565126746876},"point_estimate":0.06422927740152092,"standard_error":0.010270045018474092},"slope":{"confidence_interval":{"confidence_level":0.95,"lower_bound":129.7663391045131,"upper_bound":129.79073275586993},"point_estimate":129.77803997615842,"standard_error":0.006234919041898392},"std_dev":{"confidence_interval":{"confidence_level":0.95,"lower_bound":0.06801650436312016,"upper_bound":0.1206429945108474},"point_estimate":0.09329255746497955,"standard_error":0.013883865139350391}}