{"mean":{"confidence_interval":{"confidence_level":0.95,"lower_bound":73928.45823728215,"upper_bound":74347.87314739628},"point_estimate":74107.72601734434,"standard_error":108.62720308174106},"median":{"confidence_interval":{"confidence_level":0.95,"lower_bound":73876.78861607143,"upper_bound":73983.54720888355},"point_estimate":73920.45701581027,"standard_error":25.91692705632939},"median_abs_dev":{"confidence_interval":{"confidence_level":0.95,"lower_bound":166.28353832358724,"upper_bound":280.55124046095125},"point_estimate":205.23714839782636,"standard_error":30.776616688203152},"slope":{"confidence_interval":{"confidence_level":0.95,"lower_bound":73910.26731427075,"upper_bound":74195.52874431077},"point_estimate":74025.93459878824,"standard_error":74.54920408520272},"std_dev":{"confidence_interval":{"confidence_level":0.95,"lower_bound":307.2187595703767,"upper_bound":1692.4314657320347},"point_estimate":1091.6390849746401,"standard_error":357.7581883667757}}