{"mean":{"confidence_interval":{"confidence_level":0.95,"lower_bound":11.735128981112897,"upper_bound":11.816169518670177},"point_estimate":11.77361278811612,"standard_error":0.020684022632118795},"median":{"confidence_interval":{"confidence_level":0.95,"lower_bound":11.673155014570183,"upper_bound":11.703661134465692},"point_estimate":11.689109278077305,"standard_error":0.007166345156154812},"median_abs_dev":{"confidence_interval":{"confidence_level":0.95,"lower_bound":0.03981125751684786,"upper_bound":0.07831506235792027},"point_estimate":0.05532155782784921,"standard_error":0.010235546220603912},"slope":{"confidence_interval":{"confidence_level":0.95,"lower_bound":11.78480860499326,"upper_bound":11.954109759500643},"point_estimate":11.869681733008639,"standard_error":0.04321406660878391},"std_dev":{"confidence_interval":{"confidence_level":0.95,"lower_bound":0.1556538324961472,"upper_bound":0.2515829722170692},"point_estimate":0.2085704407606559,"standard_error":0.024456682274588918}}