{"mean":{"confidence_interval":{"confidence_level":0.95,"lower_bound":45.87570353673166,"upper_bound":45.9085863759179},"point_estimate":45.89165517695031,"standard_error":0.00838254892270526},"median":{"confidence_interval":{"confidence_level":0.95,"lower_bound":45.87060482752243,"upper_bound":45.89477943216499},"point_estimate":45.886940157592775,"standard_error":0.006178964203636442},"median_abs_dev":{"confidence_interval":{"confidence_level":0.95,"lower_bound":0.03330880420380389,"upper_bound":0.05742608093044725},"point_estimate":0.0439089559803305,"standard_error":0.00614175127047416},"slope":{"confidence_interval":{"confidence_level":0.95,"lower_bound":45.85197061212506,"upper_bound":45.88220543361648},"point_estimate":45.867044814576964,"standard_error":0.007706487765434912},"std_dev":{"confidence_interval":{"confidence_level":0.95,"lower_bound":0.05921331246123575,"upper_bound":0.10720115492912141},"point_estimate":0.08430764832968762,"standard_error":0.012339324967524067}}