{"mean":{"confidence_interval":{"confidence_level":0.95,"lower_bound":96.50815144003869,"upper_bound":96.56389871161161},"point_estimate":96.53569630761145,"standard_error":0.014201800911123231},"median":{"confidence_interval":{"confidence_level":0.95,"lower_bound":96.50090856898716,"upper_bound":96.56630717418545},"point_estimate":96.53645180645036,"standard_error":0.019594479761557745},"median_abs_dev":{"confidence_interval":{"confidence_level":0.95,"lower_bound":0.07873146797432279,"upper_bound":0.12591855100077964},"point_estimate":0.09544437574988673,"standard_error":0.01252764698400273},"slope":{"confidence_interval":{"confidence_level":0.95,"lower_bound":96.53423203820738,"upper_bound":96.56874176801229},"point_estimate":96.55149311459033,"standard_error":0.008788652800621551},"std_dev":{"confidence_interval":{"confidence_level":0.95,"lower_bound":0.10679079750800735,"upper_bound":0.17639489078800794},"point_estimate":0.14278544026790255,"standard_error":0.017858339898549583}}