{"mean":{"confidence_interval":{"confidence_level":0.95,"lower_bound":1052.3406091833547,"upper_bound":1055.2173609131075},"point_estimate":1053.742701438137,"standard_error":0.733413026362484},"median":{"confidence_interval":{"confidence_level":0.95,"lower_bound":1048.9663081107815,"upper_bound":1050.904302670623},"point_estimate":1049.5833586953765,"standard_error":0.5787545975897732},"median_abs_dev":{"confidence_interval":{"confidence_level":0.95,"lower_bound":1.958533227705252,"upper_bound":5.55371150028472},"point_estimate":3.022681414676685,"standard_error":1.001548515220875},"slope":{"confidence_interval":{"confidence_level":0.95,"lower_bound":1055.7680567357766,"upper_bound":1058.7730335841197},"point_estimate":1057.4175993026026,"standard_error":0.7654197611235264},"std_dev":{"confidence_interval":{"confidence_level":0.95,"lower_bound":6.306080706132248,"upper_bound":8.3146011970861},"point_estimate":7.359150168582344,"standard_error":0.5132253020706017}}