{"mean":{"confidence_interval":{"confidence_level":0.95,"lower_bound":1177.792379010156,"upper_bound":1182.5830883614976},"point_estimate":1179.8406236607202,"standard_error":1.2304822841816754},"median":{"confidence_interval":{"confidence_level":0.95,"lower_bound":1175.977139939872,"upper_bound":1177.258799665911},"point_estimate":1176.5559222784136,"standard_error":0.3500707128066309},"median_abs_dev":{"confidence_interval":{"confidence_level":0.95,"lower_bound":1.7398580188124326,"upper_bound":3.3077590570581012},"point_estimate":2.4496453695375155,"standard_error":0.4210085019305216},"slope":{"confidence_interval":{"confidence_level":0.95,"lower_bound":1180.7337455653696,"upper_bound":1184.9938702421825},"point_estimate":1182.9888004221586,"standard_error":1.0930798602001939},"std_dev":{"confidence_interval":{"confidence_level":0.95,"lower_bound":6.134450877294798,"upper_bound":18.85934910866425},"point_estimate":12.310752625639129,"standard_error":4.030038708080561}}