{"mean":{"confidence_interval":{"confidence_level":0.95,"lower_bound":1050.3329901049754,"upper_bound":1053.6406609467244},"point_estimate":1051.9054038472618,"standard_error":0.8421131485795806},"median":{"confidence_interval":{"confidence_level":0.95,"lower_bound":1047.654662868578,"upper_bound":1049.1934731934732},"point_estimate":1048.5312052941085,"standard_error":0.4501231933950975},"median_abs_dev":{"confidence_interval":{"confidence_level":0.95,"lower_bound":1.947601563070963,"upper_bound":6.435202722115929},"point_estimate":3.279251402666983,"standard_error":1.0947744051921604},"slope":{"confidence_interval":{"confidence_level":0.95,"lower_bound":1054.6532709492888,"upper_bound":1057.803608179164},"point_estimate":1056.3644531975585,"standard_error":0.8051833370233412},"std_dev":{"confidence_interval":{"confidence_level":0.95,"lower_bound":6.353346078773918,"upper_bound":11.002425355235003},"point_estimate":8.441827423146744,"standard_error":1.3210708736403491}}