{"mean":{"confidence_interval":{"confidence_level":0.95,"lower_bound":86.12043427499313,"upper_bound":86.1544157430476},"point_estimate":86.13562154220185,"standard_error":0.00873289441446158},"median":{"confidence_interval":{"confidence_level":0.95,"lower_bound":86.11514726466123,"upper_bound":86.13403575156576},"point_estimate":86.12092995918675,"standard_error":0.004624133621170615},"median_abs_dev":{"confidence_interval":{"confidence_level":0.95,"lower_bound":0.03128865410490939,"upper_bound":0.05477027383778843},"point_estimate":0.043876780393921545,"standard_error":0.005781522347437602},"slope":{"confidence_interval":{"confidence_level":0.95,"lower_bound":86.11927168914836,"upper_bound":86.1383865099699},"point_estimate":86.12873122810676,"standard_error":0.004859323571226595},"std_dev":{"confidence_interval":{"confidence_level":0.95,"lower_bound":0.04025245680054097,"upper_bound":0.12759257849003722},"point_estimate":0.08792449114289895,"standard_error":0.02353593335215591}}