{"mean":{"confidence_interval":{"confidence_level":0.95,"lower_bound":86.25947348051142,"upper_bound":86.29954268839414},"point_estimate":86.27777333683309,"standard_error":0.010261308931168316},"median":{"confidence_interval":{"confidence_level":0.95,"lower_bound":86.24366238197217,"upper_bound":86.27644976505083},"point_estimate":86.25389631722462,"standard_error":0.007465180976357204},"median_abs_dev":{"confidence_interval":{"confidence_level":0.95,"lower_bound":0.04541729571910435,"upper_bound":0.0692236916749551},"point_estimate":0.058564281038340334,"standard_error":0.0060350494402070425},"slope":{"confidence_interval":{"confidence_level":0.95,"lower_bound":86.2542083094582,"upper_bound":86.2775520218686},"point_estimate":86.26574377145268,"standard_error":0.005945032598970664},"std_dev":{"confidence_interval":{"confidence_level":0.95,"lower_bound":0.0572891208669166,"upper_bound":0.14272426204171534},"point_estimate":0.10313959059095393,"standard_error":0.021770418905084722}}