{"mean":{"confidence_interval":{"confidence_level":0.95,"lower_bound":66.66907161532968,"upper_bound":67.81929030848073},"point_estimate":67.23199818997186,"standard_error":0.2939092255974102},"median":{"confidence_interval":{"confidence_level":0.95,"lower_bound":65.4268252298582,"upper_bound":65.8046066252588},"point_estimate":65.55345712560387,"standard_error":0.10768845940198636},"median_abs_dev":{"confidence_interval":{"confidence_level":0.95,"lower_bound":0.38159693232303,"upper_bound":1.0893625981534014},"point_estimate":0.5973608287667019,"standard_error":0.1855760710828086},"slope":{"confidence_interval":{"confidence_level":0.95,"lower_bound":68.41012222374573,"upper_bound":70.10328911090288},"point_estimate":69.32927398450423,"standard_error":0.4343522099936},"std_dev":{"confidence_interval":{"confidence_level":0.95,"lower_bound":2.56112734656007,"upper_bound":3.227588726886011},"point_estimate":2.9559349916939235,"standard_error":0.17069811079410868}}