{"mean":{"confidence_interval":{"confidence_level":0.95,"lower_bound":912.6005501162422,"upper_bound":912.9567230351381},"point_estimate":912.7566193414102,"standard_error":0.09189892989856241},"median":{"confidence_interval":{"confidence_level":0.95,"lower_bound":912.4963629469754,"upper_bound":912.6440757147813},"point_estimate":912.5882253738832,"standard_error":0.03719903181099202},"median_abs_dev":{"confidence_interval":{"confidence_level":0.95,"lower_bound":0.25356755870655784,"upper_bound":0.42841825831682656},"point_estimate":0.3649216425180626,"standard_error":0.04455526377688531},"slope":{"confidence_interval":{"confidence_level":0.95,"lower_bound":912.6006311656377,"upper_bound":912.7188962162887},"point_estimate":912.6597859986013,"standard_error":0.03014009031615792},"std_dev":{"confidence_interval":{"confidence_level":0.95,"lower_bound":0.3851846292958978,"upper_bound":1.3968292270784288},"point_estimate":0.9257441660603818,"standard_error":0.2676042968875691}}