{"mean":{"confidence_interval":{"confidence_level":0.95,"lower_bound":37.46427354025297,"upper_bound":38.07295124303089},"point_estimate":37.736738189398494,"standard_error":0.15676119148719864},"median":{"confidence_interval":{"confidence_level":0.95,"lower_bound":37.30983986781269,"upper_bound":37.664114721868856},"point_estimate":37.38968454671887,"standard_error":0.08456155866219303},"median_abs_dev":{"confidence_interval":{"confidence_level":0.95,"lower_bound":0.6333546202558316,"upper_bound":0.9701985322564091},"point_estimate":0.8610733864472846,"standard_error":0.08840162167252481},"slope":{"confidence_interval":{"confidence_level":0.95,"lower_bound":37.388919408988606,"upper_bound":37.751374269586215},"point_estimate":37.5619137103967,"standard_error":0.09268347519964298},"std_dev":{"confidence_interval":{"confidence_level":0.95,"lower_bound":0.7938804652606001,"upper_bound":2.272795456946203},"point_estimate":1.5709377193534413,"standard_error":0.38607889935548967}}