{"mean":{"confidence_interval":{"confidence_level":0.95,"lower_bound":57463.2355100694,"upper_bound":57483.60652870242},"point_estimate":57473.32450436742,"standard_error":5.198437687876179},"median":{"confidence_interval":{"confidence_level":0.95,"lower_bound":57460.630011454756,"upper_bound":57481.12882864589},"point_estimate":57472.997432950186,"standard_error":4.949293928179615},"median_abs_dev":{"confidence_interval":{"confidence_level":0.95,"lower_bound":30.808173072134917,"upper_bound":57.73675608852605},"point_estimate":44.034965959610986,"standard_error":6.834566156462337},"slope":{"confidence_interval":{"confidence_level":0.95,"lower_bound":57453.292844856034,"upper_bound":57485.24073409377},"point_estimate":57468.90828349999,"standard_error":8.148147886606996},"std_dev":{"confidence_interval":{"confidence_level":0.95,"lower_bound":43.54063895594408,"upper_bound":60.24593224627454},"point_estimate":52.231621896249976,"standard_error":4.257332985856154}}