{"mean":{"confidence_interval":{"confidence_level":0.95,"lower_bound":30.33478326035555,"upper_bound":30.382986616080423},"point_estimate":30.356300073331408,"standard_error":0.012335144956716617},"median":{"confidence_interval":{"confidence_level":0.95,"lower_bound":30.327336452111673,"upper_bound":30.3533581779391},"point_estimate":30.341316218457536,"standard_error":0.007003632601363527},"median_abs_dev":{"confidence_interval":{"confidence_level":0.95,"lower_bound":0.04282276323966989,"upper_bound":0.08047120092328813},"point_estimate":0.056694089729962545,"standard_error":0.009698296855171077},"slope":{"confidence_interval":{"confidence_level":0.95,"lower_bound":30.332677487882865,"upper_bound":30.352003546897635},"point_estimate":30.342497495622908,"standard_error":0.004927165226299248},"std_dev":{"confidence_interval":{"confidence_level":0.95,"lower_bound":0.07055981512905524,"upper_bound":0.1828253759798839},"point_estimate":0.12401359318499984,"standard_error":0.03321194687369616}}