{"mean":{"confidence_interval":{"confidence_level":0.95,"lower_bound":2076.81453441887,"upper_bound":2077.559748190841},"point_estimate":2077.2059138732693,"standard_error":0.18976576050399396},"median":{"confidence_interval":{"confidence_level":0.95,"lower_bound":2077.043744688084,"upper_bound":2077.453960298742},"point_estimate":2077.280503144654,"standard_error":0.11141282964645433},"median_abs_dev":{"confidence_interval":{"confidence_level":0.95,"lower_bound":0.5655102620202281,"upper_bound":0.9902115486176353},"point_estimate":0.7106239314101505,"standard_error":0.10650798654819865},"slope":{"confidence_interval":{"confidence_level":0.95,"lower_bound":2076.8314763461717,"upper_bound":2077.451087923907},"point_estimate":2077.1745559517935,"standard_error":0.15866100453987847},"std_dev":{"confidence_interval":{"confidence_level":0.95,"lower_bound":1.054714847506501,"upper_bound":2.7121502778558337},"point_estimate":1.8963677268213863,"standard_error":0.43639126644694565}}