{"mean":{"confidence_interval":{"confidence_level":0.95,"lower_bound":2069.8076910754303,"upper_bound":2070.357199488453},"point_estimate":2070.082082510475,"standard_error":0.140496063210812},"median":{"confidence_interval":{"confidence_level":0.95,"lower_bound":2069.866133713529,"upper_bound":2070.5639062862447},"point_estimate":2070.3367730390696,"standard_error":0.18480647450846632},"median_abs_dev":{"confidence_interval":{"confidence_level":0.95,"lower_bound":0.9239912086411078,"upper_bound":1.5801514514888608},"point_estimate":1.165216018336654,"standard_error":0.16092940253150978},"slope":{"confidence_interval":{"confidence_level":0.95,"lower_bound":2069.863287444776,"upper_bound":2070.6215197454794},"point_estimate":2070.2276439049506,"standard_error":0.19348262308599187},"std_dev":{"confidence_interval":{"confidence_level":0.95,"lower_bound":1.1849306709630676,"upper_bound":1.6361228770077536},"point_estimate":1.4133520280813578,"standard_error":0.11542263993171757}}