{"mean":{"confidence_interval":{"confidence_level":0.95,"lower_bound":95733.56348850222,"upper_bound":95812.14906888716},"point_estimate":95772.39627968558,"standard_error":20.071433247483625},"median":{"confidence_interval":{"confidence_level":0.95,"lower_bound":95701.64204919504,"upper_bound":95828.05230386052},"point_estimate":95764.73575076609,"standard_error":31.022970378089937},"median_abs_dev":{"confidence_interval":{"confidence_level":0.95,"lower_bound":164.6098568178584,"upper_bound":244.91780933282652},"point_estimate":192.74197919089923,"standard_error":20.14211695844976},"slope":{"confidence_interval":{"confidence_level":0.95,"lower_bound":95755.92474820894,"upper_bound":95868.16945733917},"point_estimate":95813.48676410924,"standard_error":28.57815777493986},"std_dev":{"confidence_interval":{"confidence_level":0.95,"lower_bound":170.43883006575888,"upper_bound":232.1710921289304},"point_estimate":201.4499802032685,"standard_error":15.833669202084106}}