{"mean":{"confidence_interval":{"confidence_level":0.95,"lower_bound":96683.97898453804,"upper_bound":96777.05786596141},"point_estimate":96728.80907350796,"standard_error":23.72731515416685},"median":{"confidence_interval":{"confidence_level":0.95,"lower_bound":96668.19886363637,"upper_bound":96727.64646464646},"point_estimate":96695.47775288092,"standard_error":15.701366880699032},"median_abs_dev":{"confidence_interval":{"confidence_level":0.95,"lower_bound":112.92565164429556,"upper_bound":235.05883768093128},"point_estimate":176.62406424973844,"standard_error":30.333672821707218},"slope":{"confidence_interval":{"confidence_level":0.95,"lower_bound":96703.02140464369,"upper_bound":96859.39004185601},"point_estimate":96778.64429705657,"standard_error":39.95351239532511},"std_dev":{"confidence_interval":{"confidence_level":0.95,"lower_bound":181.79689198804064,"upper_bound":293.7846684495942},"point_estimate":238.41392980186438,"standard_error":28.85076187785046}}