{"mean":{"confidence_interval":{"confidence_level":0.95,"lower_bound":57.16765433958781,"upper_bound":57.19793442307065},"point_estimate":57.18209820975253,"standard_error":0.007705969801795793},"median":{"confidence_interval":{"confidence_level":0.95,"lower_bound":57.163093994035265,"upper_bound":57.18613940847614},"point_estimate":57.17879245145967,"standard_error":0.006169601745028196},"median_abs_dev":{"confidence_interval":{"confidence_level":0.95,"lower_bound":0.04251125624455679,"upper_bound":0.07309746175186732},"point_estimate":0.060560157116644295,"standard_error":0.008313382604177064},"slope":{"confidence_interval":{"confidence_level":0.95,"lower_bound":57.16072076933934,"upper_bound":57.18261501216268},"point_estimate":57.17147132024152,"standard_error":0.005557042900966656},"std_dev":{"confidence_interval":{"confidence_level":0.95,"lower_bound":0.05561122826140854,"upper_bound":0.1007262923368932},"point_estimate":0.07733674645773873,"standard_error":0.011929627551016155}}