{"mean":{"confidence_interval":{"confidence_level":0.95,"lower_bound":56.78019470541452,"upper_bound":56.88699384659873},"point_estimate":56.83242111114146,"standard_error":0.02729066485101799},"median":{"confidence_interval":{"confidence_level":0.95,"lower_bound":56.717071206718046,"upper_bound":56.87279246882628},"point_estimate":56.794355456173875,"standard_error":0.03869855298835817},"median_abs_dev":{"confidence_interval":{"confidence_level":0.95,"lower_bound":0.19917525022582266,"upper_bound":0.3123010338735846},"point_estimate":0.27399045400202243,"standard_error":0.027997612023083932},"slope":{"confidence_interval":{"confidence_level":0.95,"lower_bound":56.74096659415271,"upper_bound":56.83750508010505},"point_estimate":56.787910834498035,"standard_error":0.0245759700938828},"std_dev":{"confidence_interval":{"confidence_level":0.95,"lower_bound":0.21457803650548796,"upper_bound":0.331413973315022},"point_estimate":0.2737550502380122,"standard_error":0.02987843862281292}}