{"mean":{"confidence_interval":{"confidence_level":0.95,"lower_bound":56.59812616494585,"upper_bound":56.61826978921389},"point_estimate":56.60816966825394,"standard_error":0.005127249234466454},"median":{"confidence_interval":{"confidence_level":0.95,"lower_bound":56.59719576903759,"upper_bound":56.616145911438146},"point_estimate":56.60376313050271,"standard_error":0.005619665221123846},"median_abs_dev":{"confidence_interval":{"confidence_level":0.95,"lower_bound":0.028851373455732347,"upper_bound":0.047309779864205585},"point_estimate":0.0357655380141168,"standard_error":0.004594630152354466},"slope":{"confidence_interval":{"confidence_level":0.95,"lower_bound":56.581701717448965,"upper_bound":56.605718498823315},"point_estimate":56.593358408316725,"standard_error":0.006102181726245477},"std_dev":{"confidence_interval":{"confidence_level":0.95,"lower_bound":0.03772340810108759,"upper_bound":0.06478815546643647},"point_estimate":0.05136833934099695,"standard_error":0.006976611177042175}}