{"mean":{"confidence_interval":{"confidence_level":0.95,"lower_bound":58.25776877690604,"upper_bound":58.432887343315194},"point_estimate":58.345849110652736,"standard_error":0.04462265554135889},"median":{"confidence_interval":{"confidence_level":0.95,"lower_bound":58.242875847971156,"upper_bound":58.47312495076026},"point_estimate":58.32868831331203,"standard_error":0.0666207688957104},"median_abs_dev":{"confidence_interval":{"confidence_level":0.95,"lower_bound":0.3471002958535229,"upper_bound":0.5258965030596554},"point_estimate":0.46716323707439994,"standard_error":0.04710439538955318},"slope":{"confidence_interval":{"confidence_level":0.95,"lower_bound":58.218207845064626,"upper_bound":58.374452140581035},"point_estimate":58.29700420698737,"standard_error":0.03985646179601002},"std_dev":{"confidence_interval":{"confidence_level":0.95,"lower_bound":0.3815448703634355,"upper_bound":0.5059301003517935},"point_estimate":0.4473537728812776,"standard_error":0.03176010229606269}}