{"mean":{"confidence_interval":{"confidence_level":0.95,"lower_bound":1061.1379901804355,"upper_bound":1062.3406799784368},"point_estimate":1061.6421680228163,"standard_error":0.3104883889388684},"median":{"confidence_interval":{"confidence_level":0.95,"lower_bound":1060.9582971320942,"upper_bound":1061.4607260386674},"point_estimate":1061.225875060768,"standard_error":0.11743554459117293},"median_abs_dev":{"confidence_interval":{"confidence_level":0.95,"lower_bound":0.781001917477261,"upper_bound":1.518785492879096},"point_estimate":1.0503090509933357,"standard_error":0.18251353291392716},"slope":{"confidence_interval":{"confidence_level":0.95,"lower_bound":1061.3244404731406,"upper_bound":1062.2849940252418},"point_estimate":1061.7578547702005,"standard_error":0.24620213929464704},"std_dev":{"confidence_interval":{"confidence_level":0.95,"lower_bound":1.3301186081255638,"upper_bound":4.88580309391035},"point_estimate":3.1039487263622556,"standard_error":1.1135979096235062}}