{"mean":{"confidence_interval":{"confidence_level":0.95,"lower_bound":862.5844481106766,"upper_bound":866.7071356263857},"point_estimate":864.3596982464999,"standard_error":1.067323700325674},"median":{"confidence_interval":{"confidence_level":0.95,"lower_bound":861.7608875250796,"upper_bound":862.4551391514045},"point_estimate":861.9966355391334,"standard_error":0.1735122907347691},"median_abs_dev":{"confidence_interval":{"confidence_level":0.95,"lower_bound":1.0049158945781806,"upper_bound":1.7797540583174858},"point_estimate":1.2890186822100618,"standard_error":0.19492456286853227},"slope":{"confidence_interval":{"confidence_level":0.95,"lower_bound":862.2998803881819,"upper_bound":870.5039788215955},"point_estimate":865.2161232877507,"standard_error":2.315952162076257},"std_dev":{"confidence_interval":{"confidence_level":0.95,"lower_bound":2.2755729974141405,"upper_bound":16.305127710397066},"point_estimate":10.72975885623351,"standard_error":3.484353769737451}}