{"mean":{"confidence_interval":{"confidence_level":0.95,"lower_bound":1051.266305222879,"upper_bound":1056.5546884700448},"point_estimate":1053.47937884586,"standard_error":1.3756473540881184},"median":{"confidence_interval":{"confidence_level":0.95,"lower_bound":1050.4839389437752,"upper_bound":1051.8635881104035},"point_estimate":1050.8523454087049,"standard_error":0.34964471670136377},"median_abs_dev":{"confidence_interval":{"confidence_level":0.95,"lower_bound":1.3438964774650233,"upper_bound":2.679361879395172},"point_estimate":2.08384503273033,"standard_error":0.32606656964956177},"slope":{"confidence_interval":{"confidence_level":0.95,"lower_bound":1050.520855765084,"upper_bound":1055.7666878409138},"point_estimate":1052.4483848180425,"standard_error":1.4130694381215962},"std_dev":{"confidence_interval":{"confidence_level":0.95,"lower_bound":2.257580937995108,"upper_bound":21.66230145763937},"point_estimate":13.795514444204509,"standard_error":5.002050823430546}}