{"mean":{"confidence_interval":{"confidence_level":0.95,"lower_bound":1361.7083343996576,"upper_bound":1369.3264871372871},"point_estimate":1365.3786557625988,"standard_error":1.9337239834232927},"median":{"confidence_interval":{"confidence_level":0.95,"lower_bound":1362.089285188782,"upper_bound":1365.5116894095768},"point_estimate":1363.111929790595,"standard_error":0.9173518765822567},"median_abs_dev":{"confidence_interval":{"confidence_level":0.95,"lower_bound":7.5441389954255875,"upper_bound":16.52895276818315},"point_estimate":11.011934467933395,"standard_error":2.25761757597118},"slope":{"confidence_interval":{"confidence_level":0.95,"lower_bound":1365.7665687176343,"upper_bound":1371.76536852372},"point_estimate":1368.7822148858845,"standard_error":1.5308702412455968},"std_dev":{"confidence_interval":{"confidence_level":0.95,"lower_bound":13.645349509271472,"upper_bound":25.928472500211623},"point_estimate":19.463375606475022,"standard_error":3.269055856170098}}