{"mean":{"confidence_interval":{"confidence_level":0.95,"lower_bound":8243.795366286671,"upper_bound":8247.296896259144},"point_estimate":8245.258832763158,"standard_error":0.9132416599361848},"median":{"confidence_interval":{"confidence_level":0.95,"lower_bound":8242.623636363636,"upper_bound":8244.07943067034},"point_estimate":8243.20149231744,"standard_error":0.33688005755655687},"median_abs_dev":{"confidence_interval":{"confidence_level":0.95,"lower_bound":1.795079670109488,"upper_bound":3.089645208578518},"point_estimate":2.4058199605242625,"standard_error":0.3150071662196792},"slope":{"confidence_interval":{"confidence_level":0.95,"lower_bound":8243.103783849683,"upper_bound":8244.41094162686},"point_estimate":8243.72356606624,"standard_error":0.3322279171916749},"std_dev":{"confidence_interval":{"confidence_level":0.95,"lower_bound":3.192849315383577,"upper_bound":14.526729046002831},"point_estimate":9.160312112458518,"standard_error":3.361194107360474}}