{"mean":{"confidence_interval":{"confidence_level":0.95,"lower_bound":8234.469312792542,"upper_bound":8239.352189375437},"point_estimate":8236.74086742298,"standard_error":1.2520815567946133},"median":{"confidence_interval":{"confidence_level":0.95,"lower_bound":8231.97772188286,"upper_bound":8235.27945568538},"point_estimate":8233.689404938372,"standard_error":0.8870571845888504},"median_abs_dev":{"confidence_interval":{"confidence_level":0.95,"lower_bound":5.875204037230585,"upper_bound":9.934381501179015},"point_estimate":8.230284221655387,"standard_error":1.0411424782436247},"slope":{"confidence_interval":{"confidence_level":0.95,"lower_bound":8234.809376071764,"upper_bound":8237.767947949964},"point_estimate":8236.280689051266,"standard_error":0.7546878838962957},"std_dev":{"confidence_interval":{"confidence_level":0.95,"lower_bound":8.184074927819848,"upper_bound":16.950509411252867},"point_estimate":12.585760767947296,"standard_error":2.3059033593683336}}