{"mean":{"confidence_interval":{"confidence_level":0.95,"lower_bound":8259.2701791418,"upper_bound":8260.289890669928},"point_estimate":8259.747938114677,"standard_error":0.26119828169485365},"median":{"confidence_interval":{"confidence_level":0.95,"lower_bound":8258.765476190476,"upper_bound":8259.549576271187},"point_estimate":8259.224718337218,"standard_error":0.2546770715902086},"median_abs_dev":{"confidence_interval":{"confidence_level":0.95,"lower_bound":1.0600993598692592,"upper_bound":1.980921485728818},"point_estimate":1.41935233851167,"standard_error":0.2421462715797394},"slope":{"confidence_interval":{"confidence_level":0.95,"lower_bound":8259.26287009057,"upper_bound":8260.105347505007},"point_estimate":8259.663087803556,"standard_error":0.2152358271372671},"std_dev":{"confidence_interval":{"confidence_level":0.95,"lower_bound":1.781220412558957,"upper_bound":3.411642484291519},"point_estimate":2.6153688986195394,"standard_error":0.42122472337448114}}