{"mean":{"confidence_interval":{"confidence_level":0.95,"lower_bound":67.7023706792755,"upper_bound":67.95469691590507},"point_estimate":67.81350741317733,"standard_error":0.06508436739949433},"median":{"confidence_interval":{"confidence_level":0.95,"lower_bound":67.65456207639474,"upper_bound":67.73149837706944},"point_estimate":67.68468253551335,"standard_error":0.01610385154970436},"median_abs_dev":{"confidence_interval":{"confidence_level":0.95,"lower_bound":0.10656389473968816,"upper_bound":0.20059213352357433},"point_estimate":0.1561136691630956,"standard_error":0.023958215391748708},"slope":{"confidence_interval":{"confidence_level":0.95,"lower_bound":67.65595107782752,"upper_bound":67.714389377769},"point_estimate":67.68566976172579,"standard_error":0.014904200295421563},"std_dev":{"confidence_interval":{"confidence_level":0.95,"lower_bound":0.19434973939602807,"upper_bound":0.9517173405749483},"point_estimate":0.6556341354072164,"standard_error":0.1808398049196336}}