{"mean":{"confidence_interval":{"confidence_level":0.95,"lower_bound":49.10547601659763,"upper_bound":49.134615647062446},"point_estimate":49.11982671587725,"standard_error":0.0074412425532693486},"median":{"confidence_interval":{"confidence_level":0.95,"lower_bound":49.10539375039028,"upper_bound":49.12846884373216},"point_estimate":49.11504233270449,"standard_error":0.005431284723506563},"median_abs_dev":{"confidence_interval":{"confidence_level":0.95,"lower_bound":0.03684076399932278,"upper_bound":0.06362516868359337},"point_estimate":0.05050008595526304,"standard_error":0.007419241984750265},"slope":{"confidence_interval":{"confidence_level":0.95,"lower_bound":49.108752699552674,"upper_bound":49.13211647940672},"point_estimate":49.12019724142433,"standard_error":0.005955279457509273},"std_dev":{"confidence_interval":{"confidence_level":0.95,"lower_bound":0.05520324926012327,"upper_bound":0.09204234554042173},"point_estimate":0.0742810876371941,"standard_error":0.009452655490320542}}