{"mean":{"confidence_interval":{"confidence_level":0.95,"lower_bound":48.664764713336254,"upper_bound":48.69433869868855},"point_estimate":48.6787089015797,"standard_error":0.00757822110169238},"median":{"confidence_interval":{"confidence_level":0.95,"lower_bound":48.64997598630987,"upper_bound":48.678114571444226},"point_estimate":48.66377789646042,"standard_error":0.0072073827061507985},"median_abs_dev":{"confidence_interval":{"confidence_level":0.95,"lower_bound":0.03906943941084121,"upper_bound":0.06317486068323545},"point_estimate":0.05219549625903443,"standard_error":0.006603562971973457},"slope":{"confidence_interval":{"confidence_level":0.95,"lower_bound":48.651660371265336,"upper_bound":48.67479994822459},"point_estimate":48.662608865080394,"standard_error":0.005899705217523509},"std_dev":{"confidence_interval":{"confidence_level":0.95,"lower_bound":0.05145828362813118,"upper_bound":0.09842215480303503},"point_estimate":0.07591224584382433,"standard_error":0.012132978179973}}