{"mean":{"confidence_interval":{"confidence_level":0.95,"lower_bound":8325.102624196186,"upper_bound":8327.031578556429},"point_estimate":8325.984778396356,"standard_error":0.49572924308390315},"median":{"confidence_interval":{"confidence_level":0.95,"lower_bound":8324.590106007066,"upper_bound":8325.987393256772},"point_estimate":8325.061797541763,"standard_error":0.435294233762711},"median_abs_dev":{"confidence_interval":{"confidence_level":0.95,"lower_bound":1.3277491409085163,"upper_bound":2.7322947924814285},"point_estimate":1.9286023685868225,"standard_error":0.3628409249570004},"slope":{"confidence_interval":{"confidence_level":0.95,"lower_bound":8324.503855637327,"upper_bound":8327.3007458846},"point_estimate":8325.600817762923,"standard_error":0.7406486402521055},"std_dev":{"confidence_interval":{"confidence_level":0.95,"lower_bound":1.8828811610126297,"upper_bound":4.901950980198416},"point_estimate":3.5361190376234752,"standard_error":0.7767749123741556}}