{"mean":{"confidence_interval":{"confidence_level":0.95,"lower_bound":9633.588000368249,"upper_bound":9638.608593265042},"point_estimate":9635.546008909185,"standard_error":1.3377936395387173},"median":{"confidence_interval":{"confidence_level":0.95,"lower_bound":9633.248279883383,"upper_bound":9634.507378335951},"point_estimate":9634.07912448294,"standard_error":0.34092100390835245},"median_abs_dev":{"confidence_interval":{"confidence_level":0.95,"lower_bound":1.1299999306776694,"upper_bound":2.3687355632333116},"point_estimate":1.7103078917144439,"standard_error":0.3262202453428794},"slope":{"confidence_interval":{"confidence_level":0.95,"lower_bound":9633.607945681662,"upper_bound":9634.88984610287},"point_estimate":9634.208052868673,"standard_error":0.3264589738443369},"std_dev":{"confidence_interval":{"confidence_level":0.95,"lower_bound":2.030632567456795,"upper_bound":15.624029143668508},"point_estimate":9.565245320395599,"standard_error":4.2793157127191845}}