{"mean":{"confidence_interval":{"confidence_level":0.95,"lower_bound":8328.016400498771,"upper_bound":8329.802792822495},"point_estimate":8328.80231318663,"standard_error":0.45840905611116833},"median":{"confidence_interval":{"confidence_level":0.95,"lower_bound":8327.584949554706,"upper_bound":8328.375932469573},"point_estimate":8327.890118405554,"standard_error":0.20560938318651792},"median_abs_dev":{"confidence_interval":{"confidence_level":0.95,"lower_bound":0.7554891734212995,"upper_bound":1.9384768431969372},"point_estimate":1.2324623530490582,"standard_error":0.30607810378644873},"slope":{"confidence_interval":{"confidence_level":0.95,"lower_bound":8327.841664789743,"upper_bound":8329.426802165268},"point_estimate":8328.52667834233,"standard_error":0.41074397952025204},"std_dev":{"confidence_interval":{"confidence_level":0.95,"lower_bound":1.3523767479751498,"upper_bound":4.855086488212097},"point_estimate":3.2799690129786567,"standard_error":0.92282919237531}}