{"mean":{"confidence_interval":{"confidence_level":0.95,"lower_bound":8337.381570774398,"upper_bound":8339.623443970917},"point_estimate":8338.359122971973,"standard_error":0.5783306683495757},"median":{"confidence_interval":{"confidence_level":0.95,"lower_bound":8336.93729817417,"upper_bound":8338.076770991082},"point_estimate":8337.720989233203,"standard_error":0.31248036334903806},"median_abs_dev":{"confidence_interval":{"confidence_level":0.95,"lower_bound":1.1275433202446143,"upper_bound":2.2734394426223568},"point_estimate":1.718197434626436,"standard_error":0.2978057721328307},"slope":{"confidence_interval":{"confidence_level":0.95,"lower_bound":8337.416978374691,"upper_bound":8338.332840962878},"point_estimate":8337.868362724861,"standard_error":0.23322243588823585},"std_dev":{"confidence_interval":{"confidence_level":0.95,"lower_bound":1.5473994597179397,"upper_bound":6.17414257002762},"point_estimate":4.128209313185095,"standard_error":1.2097448185818929}}