{"mean":{"confidence_interval":{"confidence_level":0.95,"lower_bound":6010.652969814447,"upper_bound":6019.371847057739},"point_estimate":6014.987024168409,"standard_error":2.227993858719419},"median":{"confidence_interval":{"confidence_level":0.95,"lower_bound":6007.40140428677,"upper_bound":6019.414909600204},"point_estimate":6013.312465468145,"standard_error":2.820482729359204},"median_abs_dev":{"confidence_interval":{"confidence_level":0.95,"lower_bound":18.12700283200376,"upper_bound":29.88970891427108},"point_estimate":23.515724430172373,"standard_error":2.864624274288372},"slope":{"confidence_interval":{"confidence_level":0.95,"lower_bound":6008.320384799482,"upper_bound":6017.815041961703},"point_estimate":6013.048408685645,"standard_error":2.4270065208744143},"std_dev":{"confidence_interval":{"confidence_level":0.95,"lower_bound":19.665602948380986,"upper_bound":25.048561331280496},"point_estimate":22.517322225699633,"standard_error":1.373510304165569}}