{"mean":{"confidence_interval":{"confidence_level":0.95,"lower_bound":5637.66258313754,"upper_bound":5641.938184526594},"point_estimate":5639.400446615854,"standard_error":1.1242080943486188},"median":{"confidence_interval":{"confidence_level":0.95,"lower_bound":5636.531076066791,"upper_bound":5637.50484006734},"point_estimate":5637.224752925646,"standard_error":0.29138529111399547},"median_abs_dev":{"confidence_interval":{"confidence_level":0.95,"lower_bound":1.3465330282828354,"upper_bound":2.492402882792988},"point_estimate":1.8799226195718788,"standard_error":0.299147865402614},"slope":{"confidence_interval":{"confidence_level":0.95,"lower_bound":5637.194045498968,"upper_bound":5644.836025093543},"point_estimate":5639.997007738088,"standard_error":2.084220225976545},"std_dev":{"confidence_interval":{"confidence_level":0.95,"lower_bound":3.6238261643116156,"upper_bound":18.30128336526281},"point_estimate":11.341437957468248,"standard_error":4.59513682866455}}