{"mean":{"confidence_interval":{"confidence_level":0.95,"lower_bound":1639.212921276165,"upper_bound":1639.9414126606616},"point_estimate":1639.577326304992,"standard_error":0.18648757354851722},"median":{"confidence_interval":{"confidence_level":0.95,"lower_bound":1639.1302852776362,"upper_bound":1639.9979593408286},"point_estimate":1639.652394641782,"standard_error":0.2532472400584193},"median_abs_dev":{"confidence_interval":{"confidence_level":0.95,"lower_bound":1.505554680443515,"upper_bound":2.519251574270642},"point_estimate":2.1462141997538926,"standard_error":0.28009462343310304},"slope":{"confidence_interval":{"confidence_level":0.95,"lower_bound":1638.8235393035218,"upper_bound":1639.7012338249683},"point_estimate":1639.2513968156725,"standard_error":0.22443291715115943},"std_dev":{"confidence_interval":{"confidence_level":0.95,"lower_bound":1.6338993522866236,"upper_bound":2.0984229843525495},"point_estimate":1.878285326961257,"standard_error":0.1182606926576298}}