{"mean":{"confidence_interval":{"confidence_level":0.95,"lower_bound":10672.683248138834,"upper_bound":10710.640284377148},"point_estimate":10687.019570267172,"standard_error":10.388149346012861},"median":{"confidence_interval":{"confidence_level":0.95,"lower_bound":10670.184893784422,"upper_bound":10678.466666666667},"point_estimate":10674.959084167594,"standard_error":2.57627344421724},"median_abs_dev":{"confidence_interval":{"confidence_level":0.95,"lower_bound":17.651649045156155,"upper_bound":28.770243030248544},"point_estimate":23.838560838875235,"standard_error":2.9044958534965484},"slope":{"confidence_interval":{"confidence_level":0.95,"lower_bound":10671.913631028461,"upper_bound":10688.821203930836},"point_estimate":10679.790056838134,"standard_error":4.298954600524423},"std_dev":{"confidence_interval":{"confidence_level":0.95,"lower_bound":22.280273688369647,"upper_bound":174.6780452447569},"point_estimate":104.3190327774918,"standard_error":50.982505812308375}}