{"mean":{"confidence_interval":{"confidence_level":0.95,"lower_bound":17.91978189067361,"upper_bound":17.96578901482287},"point_estimate":17.939830980226144,"standard_error":0.011879787894139404},"median":{"confidence_interval":{"confidence_level":0.95,"lower_bound":17.907273826492563,"upper_bound":17.931748688257645},"point_estimate":17.922621968556008,"standard_error":0.005821617195988305},"median_abs_dev":{"confidence_interval":{"confidence_level":0.95,"lower_bound":0.03441645683319099,"upper_bound":0.05424263105199455},"point_estimate":0.04534806372866405,"standard_error":0.005019837478039129},"slope":{"confidence_interval":{"confidence_level":0.95,"lower_bound":17.91802405527593,"upper_bound":17.96942333690437},"point_estimate":17.939111548666784,"standard_error":0.013441856496611582},"std_dev":{"confidence_interval":{"confidence_level":0.95,"lower_bound":0.04757378553312731,"upper_bound":0.18151389317027436},"point_estimate":0.11929396267531815,"standard_error":0.03550078741748152}}