{"mean":{"confidence_interval":{"confidence_level":0.95,"lower_bound":16.045955946953097,"upper_bound":16.149162481216184},"point_estimate":16.081987231928537,"standard_error":0.031699105123998754},"median":{"confidence_interval":{"confidence_level":0.95,"lower_bound":16.039806170983226,"upper_bound":16.05086342058129},"point_estimate":16.044819511746248,"standard_error":0.0026888247630488093},"median_abs_dev":{"confidence_interval":{"confidence_level":0.95,"lower_bound":0.014671269342791164,"upper_bound":0.026362858534480012},"point_estimate":0.019951220410867897,"standard_error":0.0029558209228712725},"slope":{"confidence_interval":{"confidence_level":0.95,"lower_bound":16.043780097041644,"upper_bound":16.0572430644669},"point_estimate":16.050158035842298,"standard_error":0.00343880108329366},"std_dev":{"confidence_interval":{"confidence_level":0.95,"lower_bound":0.023098783604827478,"upper_bound":0.5432894678830086},"point_estimate":0.31756909412613726,"standard_error":0.18571883008327777}}