{"mean":{"confidence_interval":{"confidence_level":0.95,"lower_bound":20858.385204847997,"upper_bound":20895.849067756262},"point_estimate":20876.30477027153,"standard_error":9.531423511986292},"median":{"confidence_interval":{"confidence_level":0.95,"lower_bound":20846.520833333332,"upper_bound":20877.393016098486},"point_estimate":20868.961033950618,"standard_error":8.73968901955746},"median_abs_dev":{"confidence_interval":{"confidence_level":0.95,"lower_bound":49.88143363099364,"upper_bound":86.69366412981785},"point_estimate":65.11505611141929,"standard_error":9.03689660162511},"slope":{"confidence_interval":{"confidence_level":0.95,"lower_bound":20861.491851198396,"upper_bound":20899.82629274129},"point_estimate":20880.47396729225,"standard_error":9.804455163426985},"std_dev":{"confidence_interval":{"confidence_level":0.95,"lower_bound":70.62739710724749,"upper_bound":124.66782881069699},"point_estimate":95.91287490936132,"standard_error":14.476026346284316}}