{"mean":{"confidence_interval":{"confidence_level":0.95,"lower_bound":72.13506313136563,"upper_bound":72.39338989299814},"point_estimate":72.24649263295109,"standard_error":0.06645048247884282},"median":{"confidence_interval":{"confidence_level":0.95,"lower_bound":72.08388538870915,"upper_bound":72.29019478867322},"point_estimate":72.2110780380498,"standard_error":0.05808903230792428},"median_abs_dev":{"confidence_interval":{"confidence_level":0.95,"lower_bound":0.2717711789604198,"upper_bound":0.43277054964309974},"point_estimate":0.348404523736175,"standard_error":0.040090330308425445},"slope":{"confidence_interval":{"confidence_level":0.95,"lower_bound":72.13112864572145,"upper_bound":72.27590386614413},"point_estimate":72.20284341545675,"standard_error":0.03663433113470037},"std_dev":{"confidence_interval":{"confidence_level":0.95,"lower_bound":0.3340240830627912,"upper_bound":1.031394878984099},"point_estimate":0.6692618784055291,"standard_error":0.22088993367219922}}