{"mean":{"confidence_interval":{"confidence_level":0.95,"lower_bound":333.979169356163,"upper_bound":335.07986098555676},"point_estimate":334.4719492902828,"standard_error":0.2813343589748268},"median":{"confidence_interval":{"confidence_level":0.95,"lower_bound":333.4499013511151,"upper_bound":334.47108813981134},"point_estimate":333.96075223634693,"standard_error":0.22672975632278952},"median_abs_dev":{"confidence_interval":{"confidence_level":0.95,"lower_bound":1.3850849786792043,"upper_bound":2.122821928997366},"point_estimate":1.7617425995792573,"standard_error":0.18215213204355293},"slope":{"confidence_interval":{"confidence_level":0.95,"lower_bound":333.6855346964321,"upper_bound":334.2191468286421},"point_estimate":333.9482917894853,"standard_error":0.13607601291114435},"std_dev":{"confidence_interval":{"confidence_level":0.95,"lower_bound":1.6692948025849021,"upper_bound":4.075961295486706},"point_estimate":2.822053734953493,"standard_error":0.7061745694613901}}