{"mean":{"confidence_interval":{"confidence_level":0.95,"lower_bound":4848.667431023894,"upper_bound":4867.486007510369},"point_estimate":4857.042467812244,"standard_error":4.8075047379303495},"median":{"confidence_interval":{"confidence_level":0.95,"lower_bound":4841.30243902439,"upper_bound":4852.688935157645},"point_estimate":4846.944341463415,"standard_error":2.8905065287975247},"median_abs_dev":{"confidence_interval":{"confidence_level":0.95,"lower_bound":18.245631369202073,"upper_bound":31.167676953862987},"point_estimate":26.003965163337494,"standard_error":3.3847048776558855},"slope":{"confidence_interval":{"confidence_level":0.95,"lower_bound":4846.8592082440055,"upper_bound":4867.423971299357},"point_estimate":4855.332565369242,"standard_error":5.381764163008187},"std_dev":{"confidence_interval":{"confidence_level":0.95,"lower_bound":25.24291549654132,"upper_bound":71.68969162986876},"point_estimate":48.54978582804725,"standard_error":12.957464258985675}}