{"mean":{"confidence_interval":{"confidence_level":0.95,"lower_bound":69692.27438789945,"upper_bound":69854.88030495665},"point_estimate":69762.60811457173,"standard_error":41.9453088010158},"median":{"confidence_interval":{"confidence_level":0.95,"lower_bound":69647.1264367816,"upper_bound":69716.50170760235},"point_estimate":69675.45056759546,"standard_error":17.37913651112553},"median_abs_dev":{"confidence_interval":{"confidence_level":0.95,"lower_bound":91.59296544647277,"upper_bound":146.55430202118782},"point_estimate":109.66657223485075,"standard_error":14.078983718969921},"slope":{"confidence_interval":{"confidence_level":0.95,"lower_bound":69672.94913821088,"upper_bound":69732.15627143183},"point_estimate":69701.48609999508,"standard_error":15.176940112709268},"std_dev":{"confidence_interval":{"confidence_level":0.95,"lower_bound":146.17404179622932,"upper_bound":640.3194880781256},"point_estimate":420.4201664126166,"standard_error":130.89021709971652}}