{"mean":{"confidence_interval":{"confidence_level":0.95,"lower_bound":29182.270464717283,"upper_bound":29307.209625897238},"point_estimate":29245.916228823615,"standard_error":31.892419507772725},"median":{"confidence_interval":{"confidence_level":0.95,"lower_bound":29241.162285714287,"upper_bound":29378.404828973842},"point_estimate":29292.037786083427,"standard_error":33.272656260044506},"median_abs_dev":{"confidence_interval":{"confidence_level":0.95,"lower_bound":218.816189143101,"upper_bound":399.17345839759395},"point_estimate":296.8430962813366,"standard_error":47.961335644704974},"slope":{"confidence_interval":{"confidence_level":0.95,"lower_bound":29196.419025049057,"upper_bound":29355.656383090834},"point_estimate":29276.607961916023,"standard_error":40.71884815933239},"std_dev":{"confidence_interval":{"confidence_level":0.95,"lower_bound":267.0218337019761,"upper_bound":375.9787553327365},"point_estimate":321.049385686481,"standard_error":28.09435053049575}}