{"mean":{"confidence_interval":{"confidence_level":0.95,"lower_bound":160.0384671658145,"upper_bound":160.82858411673678},"point_estimate":160.38294446060766,"standard_error":0.20343689797603232},"median":{"confidence_interval":{"confidence_level":0.95,"lower_bound":159.7929388601362,"upper_bound":159.94690792613895},"point_estimate":159.88725838486198,"standard_error":0.042741476579984214},"median_abs_dev":{"confidence_interval":{"confidence_level":0.95,"lower_bound":0.19175239475517925,"upper_bound":0.3216435799799028},"point_estimate":0.268214673182979,"standard_error":0.033078035297549345},"slope":{"confidence_interval":{"confidence_level":0.95,"lower_bound":160.0268747820383,"upper_bound":161.15679745531042},"point_estimate":160.5211883678537,"standard_error":0.29099340819969943},"std_dev":{"confidence_interval":{"confidence_level":0.95,"lower_bound":0.8553214936309588,"upper_bound":3.07908899231269},"point_estimate":2.041794815902222,"standard_error":0.5922426771504881}}