{"mean":{"confidence_interval":{"confidence_level":0.95,"lower_bound":166.95533527420716,"upper_bound":167.50794914662868},"point_estimate":167.16557425675433,"standard_error":0.1490458550543798},"median":{"confidence_interval":{"confidence_level":0.95,"lower_bound":166.91450075579442,"upper_bound":166.9779113755584},"point_estimate":166.9381959882008,"standard_error":0.016147332634871607},"median_abs_dev":{"confidence_interval":{"confidence_level":0.95,"lower_bound":0.11902566276960973,"upper_bound":0.2376662496212325},"point_estimate":0.161178396229652,"standard_error":0.02942399066074817},"slope":{"confidence_interval":{"confidence_level":0.95,"lower_bound":166.9651870869281,"upper_bound":167.2018380054412},"point_estimate":167.06295641492414,"standard_error":0.062035582615701315},"std_dev":{"confidence_interval":{"confidence_level":0.95,"lower_bound":0.2862167865855788,"upper_bound":2.4994585641316527},"point_estimate":1.498318630369877,"standard_error":0.7112788422601164}}