{"mean":{"confidence_interval":{"confidence_level":0.95,"lower_bound":167.67418009510317,"upper_bound":168.14237661862998},"point_estimate":167.8875317746085,"standard_error":0.12005073515237673},"median":{"confidence_interval":{"confidence_level":0.95,"lower_bound":167.5107186501568,"upper_bound":167.69424617032587},"point_estimate":167.5906196668859,"standard_error":0.043093966493055504},"median_abs_dev":{"confidence_interval":{"confidence_level":0.95,"lower_bound":0.31573207617587795,"upper_bound":0.6233540838718107},"point_estimate":0.5198527782201562,"standard_error":0.08244875210141411},"slope":{"confidence_interval":{"confidence_level":0.95,"lower_bound":167.64319894059085,"upper_bound":167.8992713568585},"point_estimate":167.76402049427034,"standard_error":0.0651272283620391},"std_dev":{"confidence_interval":{"confidence_level":0.95,"lower_bound":0.6452400121495765,"upper_bound":1.6656653063676217},"point_estimate":1.205386020868928,"standard_error":0.2606906196374869}}