{"mean":{"confidence_interval":{"confidence_level":0.95,"lower_bound":1594.3068610796245,"upper_bound":1595.0321866099987},"point_estimate":1594.6084898626348,"standard_error":0.18825384873906745},"median":{"confidence_interval":{"confidence_level":0.95,"lower_bound":1594.2307497038416,"upper_bound":1594.5800643086816},"point_estimate":1594.3888959478616,"standard_error":0.08083013341459991},"median_abs_dev":{"confidence_interval":{"confidence_level":0.95,"lower_bound":0.5127678359646014,"upper_bound":0.8647571170649575},"point_estimate":0.6545246480437898,"standard_error":0.09027723398001751},"slope":{"confidence_interval":{"confidence_level":0.95,"lower_bound":1594.3432399453518,"upper_bound":1594.685728284796},"point_estimate":1594.5049421559231,"standard_error":0.08747888634845956},"std_dev":{"confidence_interval":{"confidence_level":0.95,"lower_bound":0.7456198525591755,"upper_bound":3.0156796878193184},"point_estimate":1.8954821508835857,"standard_error":0.7111526934000466}}