{"mean":{"confidence_interval":{"confidence_level":0.95,"lower_bound":1419.8325106607124,"upper_bound":1420.9501865686323},"point_estimate":1420.3238603740176,"standard_error":0.28791452797161565},"median":{"confidence_interval":{"confidence_level":0.95,"lower_bound":1419.3569696778866,"upper_bound":1419.778740123296},"point_estimate":1419.4872507455705,"standard_error":0.09264052712274672},"median_abs_dev":{"confidence_interval":{"confidence_level":0.95,"lower_bound":0.4442762419372383,"upper_bound":0.8748317369265892},"point_estimate":0.6305010557645795,"standard_error":0.10313290961512717},"slope":{"confidence_interval":{"confidence_level":0.95,"lower_bound":1419.7588121267358,"upper_bound":1421.2689443410723},"point_estimate":1420.4030103786156,"standard_error":0.3940439618247075},"std_dev":{"confidence_interval":{"confidence_level":0.95,"lower_bound":1.3400419384237947,"upper_bound":4.331122899707137},"point_estimate":2.902881166198766,"standard_error":0.8155340736378978}}