{"mean":{"confidence_interval":{"confidence_level":0.95,"lower_bound":30.17421356378116,"upper_bound":30.25753645779944},"point_estimate":30.214509108923636,"standard_error":0.021247858856716585},"median":{"confidence_interval":{"confidence_level":0.95,"lower_bound":30.162693900846655,"upper_bound":30.232812984373933},"point_estimate":30.205249245956484,"standard_error":0.018241603032452473},"median_abs_dev":{"confidence_interval":{"confidence_level":0.95,"lower_bound":0.11361730404175883,"upper_bound":0.18789382452899825},"point_estimate":0.14272903886075633,"standard_error":0.01922649866849666},"slope":{"confidence_interval":{"confidence_level":0.95,"lower_bound":30.17784684633663,"upper_bound":30.256880300575723},"point_estimate":30.21677871210792,"standard_error":0.020178795743977837},"std_dev":{"confidence_interval":{"confidence_level":0.95,"lower_bound":0.1584807083015477,"upper_bound":0.2743507766169464},"point_estimate":0.21367728700666117,"standard_error":0.03059708168812249}}