{"mean":{"confidence_interval":{"confidence_level":0.95,"lower_bound":38.534183924166044,"upper_bound":38.756380690557485},"point_estimate":38.6466662257833,"standard_error":0.05664204379320247},"median":{"confidence_interval":{"confidence_level":0.95,"lower_bound":38.474447298770045,"upper_bound":38.81497400440651},"point_estimate":38.6826334786984,"standard_error":0.08107776369311757},"median_abs_dev":{"confidence_interval":{"confidence_level":0.95,"lower_bound":0.4733358093809306,"upper_bound":0.7063965581711201},"point_estimate":0.5498991181111234,"standard_error":0.058744907470629035},"slope":{"confidence_interval":{"confidence_level":0.95,"lower_bound":38.45991342976486,"upper_bound":38.70695059895385},"point_estimate":38.585151311735494,"standard_error":0.0629150047708256},"std_dev":{"confidence_interval":{"confidence_level":0.95,"lower_bound":0.4838753499692462,"upper_bound":0.6479243606244312},"point_estimate":0.5698643864219859,"standard_error":0.04183134778941829}}