{"mean":{"confidence_interval":{"confidence_level":0.95,"lower_bound":2686.1757024058024,"upper_bound":2686.7846090839066},"point_estimate":2686.481586438703,"standard_error":0.15467840186931983},"median":{"confidence_interval":{"confidence_level":0.95,"lower_bound":2686.1785816933457,"upper_bound":2686.7184273809144},"point_estimate":2686.464580375962,"standard_error":0.1386743533506452},"median_abs_dev":{"confidence_interval":{"confidence_level":0.95,"lower_bound":0.7495238875004588,"upper_bound":1.2791177065737276},"point_estimate":0.9115043860944101,"standard_error":0.13997362774203473},"slope":{"confidence_interval":{"confidence_level":0.95,"lower_bound":2686.4316958873833,"upper_bound":2686.800416088894},"point_estimate":2686.6138843334643,"standard_error":0.09365234994539838},"std_dev":{"confidence_interval":{"confidence_level":0.95,"lower_bound":1.0995838193972565,"upper_bound":1.9805018752817687},"point_estimate":1.5513164148491838,"standard_error":0.22600769714194355}}