{"mean":{"confidence_interval":{"confidence_level":0.95,"lower_bound":2679.092145323802,"upper_bound":2679.367499720479},"point_estimate":2679.226491554705,"standard_error":0.07028438877163622},"median":{"confidence_interval":{"confidence_level":0.95,"lower_bound":2679.034324324324,"upper_bound":2679.360660660661},"point_estimate":2679.1624990606915,"standard_error":0.08488694324821808},"median_abs_dev":{"confidence_interval":{"confidence_level":0.95,"lower_bound":0.3972250277976064,"upper_bound":0.7205776085986724},"point_estimate":0.541684038854286,"standard_error":0.08132644730369526},"slope":{"confidence_interval":{"confidence_level":0.95,"lower_bound":2679.0002106285433,"upper_bound":2679.2397217745133},"point_estimate":2679.118610810012,"standard_error":0.06122802180110647},"std_dev":{"confidence_interval":{"confidence_level":0.95,"lower_bound":0.5646041764598402,"upper_bound":0.8362204686013831},"point_estimate":0.7080274609816856,"standard_error":0.06938724274556839}}