{"mean":{"confidence_interval":{"confidence_level":0.95,"lower_bound":95.76097400937059,"upper_bound":95.82157076139515},"point_estimate":95.79088515704167,"standard_error":0.015465462407495762},"median":{"confidence_interval":{"confidence_level":0.95,"lower_bound":95.75038919097724,"upper_bound":95.80830390600534},"point_estimate":95.77501592855369,"standard_error":0.014964821387070249},"median_abs_dev":{"confidence_interval":{"confidence_level":0.95,"lower_bound":0.08850268161883629,"upper_bound":0.15351749051444963},"point_estimate":0.11773246311787551,"standard_error":0.01670973900773162},"slope":{"confidence_interval":{"confidence_level":0.95,"lower_bound":95.7779198600319,"upper_bound":95.82966516366272},"point_estimate":95.80367086055611,"standard_error":0.013194890625201213},"std_dev":{"confidence_interval":{"confidence_level":0.95,"lower_bound":0.12347036413722846,"upper_bound":0.18575464590306334},"point_estimate":0.15500717125170033,"standard_error":0.01598275492740597}}