{"mean":{"confidence_interval":{"confidence_level":0.95,"lower_bound":235.24529131333315,"upper_bound":235.27702144752232},"point_estimate":235.26092274110704,"standard_error":0.008102312473811882},"median":{"confidence_interval":{"confidence_level":0.95,"lower_bound":235.2420556500567,"upper_bound":235.2622216186855},"point_estimate":235.25250665936284,"standard_error":0.005760428439042036},"median_abs_dev":{"confidence_interval":{"confidence_level":0.95,"lower_bound":0.03968800905648782,"upper_bound":0.06573146514004084},"point_estimate":0.05167284671028105,"standard_error":0.00651936056837665},"slope":{"confidence_interval":{"confidence_level":0.95,"lower_bound":235.25082140917218,"upper_bound":235.27369453856576},"point_estimate":235.26165529526818,"standard_error":0.0058405868986306595},"std_dev":{"confidence_interval":{"confidence_level":0.95,"lower_bound":0.06442211137138554,"upper_bound":0.0962830879870015},"point_estimate":0.08131749689726263,"standard_error":0.0081325496328807}}