{"mean":{"confidence_interval":{"confidence_level":0.95,"lower_bound":28.27426124207244,"upper_bound":28.42070486957284},"point_estimate":28.333638104645512,"standard_error":0.03832290275844028},"median":{"confidence_interval":{"confidence_level":0.95,"lower_bound":28.208623164970412,"upper_bound":28.297560589509853},"point_estimate":28.247700571468158,"standard_error":0.026893702083270205},"median_abs_dev":{"confidence_interval":{"confidence_level":0.95,"lower_bound":0.08995390353082064,"upper_bound":0.16931526728616797},"point_estimate":0.1253411041380746,"standard_error":0.022679119208483194},"slope":{"confidence_interval":{"confidence_level":0.95,"lower_bound":28.2813262708409,"upper_bound":28.35714290226548},"point_estimate":28.317161984243263,"standard_error":0.019357827792804205},"std_dev":{"confidence_interval":{"confidence_level":0.95,"lower_bound":0.1435280382516339,"upper_bound":0.6172761082304548},"point_estimate":0.38407499349540997,"standard_error":0.1545443976135827}}