{"mean":{"confidence_interval":{"confidence_level":0.95,"lower_bound":89.42160540838097,"upper_bound":89.45839225733985},"point_estimate":89.43902837520099,"standard_error":0.009416334827196443},"median":{"confidence_interval":{"confidence_level":0.95,"lower_bound":89.40469590273452,"upper_bound":89.43090805060268},"point_estimate":89.41866380478565,"standard_error":0.006807890403405018},"median_abs_dev":{"confidence_interval":{"confidence_level":0.95,"lower_bound":0.03828347168548395,"upper_bound":0.06422102831146015},"point_estimate":0.049798801047052164,"standard_error":0.006643445014207097},"slope":{"confidence_interval":{"confidence_level":0.95,"lower_bound":89.41575988378807,"upper_bound":89.45890309397156},"point_estimate":89.43590535224703,"standard_error":0.011099788929078657},"std_dev":{"confidence_interval":{"confidence_level":0.95,"lower_bound":0.06674467863923375,"upper_bound":0.11974680250427999},"point_estimate":0.094574514973,"standard_error":0.013551806629672432}}