{"mean":{"confidence_interval":{"confidence_level":0.95,"lower_bound":935.1930248530093,"upper_bound":935.844529550955},"point_estimate":935.4895786856436,"standard_error":0.16669275130990585},"median":{"confidence_interval":{"confidence_level":0.95,"lower_bound":934.9148406507096,"upper_bound":935.1625397287023},"point_estimate":935.0023583027123,"standard_error":0.07454217894607135},"median_abs_dev":{"confidence_interval":{"confidence_level":0.95,"lower_bound":0.4049355768005788,"upper_bound":0.7659717684943327},"point_estimate":0.5671524042539888,"standard_error":0.0957196000016157},"slope":{"confidence_interval":{"confidence_level":0.95,"lower_bound":935.2040241580982,"upper_bound":935.819164140616},"point_estimate":935.4807965264546,"standard_error":0.15806801510197183},"std_dev":{"confidence_interval":{"confidence_level":0.95,"lower_bound":0.9475004759927358,"upper_bound":2.3068601697179676},"point_estimate":1.6758160778692481,"standard_error":0.3499733869532584}}