{"mean":{"confidence_interval":{"confidence_level":0.95,"lower_bound":934.3648517434102,"upper_bound":934.7150941014605},"point_estimate":934.5198809048748,"standard_error":0.08988629998287612},"median":{"confidence_interval":{"confidence_level":0.95,"lower_bound":934.2703021718603,"upper_bound":934.4740818050793},"point_estimate":934.3796742209631,"standard_error":0.05073378804683797},"median_abs_dev":{"confidence_interval":{"confidence_level":0.95,"lower_bound":0.2785674950545182,"upper_bound":0.4551169875621973},"point_estimate":0.41904987428087054,"standard_error":0.045716135289780725},"slope":{"confidence_interval":{"confidence_level":0.95,"lower_bound":934.3803847742525,"upper_bound":934.7008107764527},"point_estimate":934.5281024490763,"standard_error":0.08216337747603886},"std_dev":{"confidence_interval":{"confidence_level":0.95,"lower_bound":0.3976887485601919,"upper_bound":1.3092813030170052},"point_estimate":0.9003711360114797,"standard_error":0.2394892193139512}}