{"mean":{"confidence_interval":{"confidence_level":0.95,"lower_bound":934.6906309330266,"upper_bound":935.2020066805883},"point_estimate":934.9040676093758,"standard_error":0.13300034889044451},"median":{"confidence_interval":{"confidence_level":0.95,"lower_bound":934.5839067702552,"upper_bound":934.6849912770621},"point_estimate":934.6213345864662,"standard_error":0.02346373454544199},"median_abs_dev":{"confidence_interval":{"confidence_level":0.95,"lower_bound":0.2092928924456591,"upper_bound":0.3431802095850817},"point_estimate":0.2555061661526812,"standard_error":0.034652197646270116},"slope":{"confidence_interval":{"confidence_level":0.95,"lower_bound":934.658421560789,"upper_bound":934.8338388456004},"point_estimate":934.7404433502207,"standard_error":0.04474420618233439},"std_dev":{"confidence_interval":{"confidence_level":0.95,"lower_bound":0.3909597169624815,"upper_bound":2.106592775239692},"point_estimate":1.3332758007125223,"standard_error":0.47595069967150266}}