{"mean":{"confidence_interval":{"confidence_level":0.95,"lower_bound":1343.3858442618432,"upper_bound":1349.32749926935},"point_estimate":1346.4050173738224,"standard_error":1.5189455041434958},"median":{"confidence_interval":{"confidence_level":0.95,"lower_bound":1343.2924676401765,"upper_bound":1349.4427059364934},"point_estimate":1346.0231036612759,"standard_error":1.7561717761370588},"median_abs_dev":{"confidence_interval":{"confidence_level":0.95,"lower_bound":9.610990708680461,"upper_bound":17.250960792194377},"point_estimate":13.739664457330084,"standard_error":1.9402416230353006},"slope":{"confidence_interval":{"confidence_level":0.95,"lower_bound":1345.7932668133592,"upper_bound":1352.0584094359072},"point_estimate":1348.9324086129095,"standard_error":1.6029103622015293},"std_dev":{"confidence_interval":{"confidence_level":0.95,"lower_bound":12.580121457618805,"upper_bound":18.003131695435112},"point_estimate":15.272247019498602,"standard_error":1.3998267654812384}}