{"mean":{"confidence_interval":{"confidence_level":0.95,"lower_bound":1095.770583267003,"upper_bound":1098.5799047549483},"point_estimate":1096.7811531649118,"standard_error":0.8236440304484964},"median":{"confidence_interval":{"confidence_level":0.95,"lower_bound":1095.4987322893362,"upper_bound":1095.9495217550107},"point_estimate":1095.6805688002937,"standard_error":0.10334890137635669},"median_abs_dev":{"confidence_interval":{"confidence_level":0.95,"lower_bound":0.7726828109581867,"upper_bound":1.1843731978896288},"point_estimate":1.006281611516953,"standard_error":0.1007881154002415},"slope":{"confidence_interval":{"confidence_level":0.95,"lower_bound":1095.801621517134,"upper_bound":1096.3992519211386},"point_estimate":1096.0693646360528,"standard_error":0.15261320869821343},"std_dev":{"confidence_interval":{"confidence_level":0.95,"lower_bound":1.07433109067181,"upper_bound":14.019968353629691},"point_estimate":8.241096641997961,"standard_error":4.559115127304752}}