{"mean":{"confidence_interval":{"confidence_level":0.95,"lower_bound":1105.8870813923218,"upper_bound":1116.804739087961},"point_estimate":1110.365812269986,"standard_error":2.8781780041291496},"median":{"confidence_interval":{"confidence_level":0.95,"lower_bound":1106.0932912391477,"upper_bound":1107.086891009543},"point_estimate":1106.5913812154695,"standard_error":0.27751517274452797},"median_abs_dev":{"confidence_interval":{"confidence_level":0.95,"lower_bound":1.3244244180253941,"upper_bound":3.5797409980520736},"point_estimate":2.2696475895401256,"standard_error":0.636285905304389},"slope":{"confidence_interval":{"confidence_level":0.95,"lower_bound":1104.0092815139128,"upper_bound":1118.227106719226},"point_estimate":1109.6019971604153,"standard_error":3.7632314978943633},"std_dev":{"confidence_interval":{"confidence_level":0.95,"lower_bound":3.9308574696594785,"upper_bound":45.63929995143013},"point_estimate":28.96792731917454,"standard_error":11.263028005800768}}