{"mean":{"confidence_interval":{"confidence_level":0.95,"lower_bound":924.5316762322765,"upper_bound":924.8655148874287},"point_estimate":924.6882734683466,"standard_error":0.08466632877087842},"median":{"confidence_interval":{"confidence_level":0.95,"lower_bound":924.5874646154758,"upper_bound":924.7982758995071},"point_estimate":924.6907451869637,"standard_error":0.050669852811917826},"median_abs_dev":{"confidence_interval":{"confidence_level":0.95,"lower_bound":0.5051941311116116,"upper_bound":0.8079712574081468},"point_estimate":0.61699392953736,"standard_error":0.08003198583290297},"slope":{"confidence_interval":{"confidence_level":0.95,"lower_bound":924.3946917932375,"upper_bound":924.7108548727323},"point_estimate":924.5538150581646,"standard_error":0.08062256738358414},"std_dev":{"confidence_interval":{"confidence_level":0.95,"lower_bound":0.5798602584873253,"upper_bound":1.1681304884951031},"point_estimate":0.8490603000879863,"standard_error":0.16653901617339079}}