{"mean":{"confidence_interval":{"confidence_level":0.95,"lower_bound":999.7923049027755,"upper_bound":1001.5498877197008},"point_estimate":1000.646560977733,"standard_error":0.44697534381422555},"median":{"confidence_interval":{"confidence_level":0.95,"lower_bound":999.4553202106287,"upper_bound":1000.9261176640925},"point_estimate":1000.1806340331887,"standard_error":0.3575070990750704},"median_abs_dev":{"confidence_interval":{"confidence_level":0.95,"lower_bound":2.4372908689837596,"upper_bound":4.196163155310676},"point_estimate":3.249683220577898,"standard_error":0.4336897261645342},"slope":{"confidence_interval":{"confidence_level":0.95,"lower_bound":998.5754013522978,"upper_bound":1000.0561043229384},"point_estimate":999.3202581821046,"standard_error":0.37814850485402884},"std_dev":{"confidence_interval":{"confidence_level":0.95,"lower_bound":3.5683400559710865,"upper_bound":5.285078535736164},"point_estimate":4.483442606830646,"standard_error":0.4377131830325156}}