{"mean":{"confidence_interval":{"confidence_level":0.95,"lower_bound":1690.575015878905,"upper_bound":1694.6642405393718},"point_estimate":1692.3138857583774,"standard_error":1.0575736890366205},"median":{"confidence_interval":{"confidence_level":0.95,"lower_bound":1689.5798556751467,"upper_bound":1690.9365708293512},"point_estimate":1690.2226491757606,"standard_error":0.3539191068507828},"median_abs_dev":{"confidence_interval":{"confidence_level":0.95,"lower_bound":1.9205232915407024,"upper_bound":3.3916704228131147},"point_estimate":2.4059445950215497,"standard_error":0.3492893902383424},"slope":{"confidence_interval":{"confidence_level":0.95,"lower_bound":1690.8549861003164,"upper_bound":1693.6696473534353},"point_estimate":1692.1170204264854,"standard_error":0.718386713496884},"std_dev":{"confidence_interval":{"confidence_level":0.95,"lower_bound":3.7758086856292516,"upper_bound":16.60972179179463},"point_estimate":10.679741800647868,"standard_error":3.5733531321306415}}