{"mean":{"confidence_interval":{"confidence_level":0.95,"lower_bound":1696.1037887496132,"upper_bound":1701.4061085729775},"point_estimate":1698.1623174505526,"standard_error":1.4154722958214734},"median":{"confidence_interval":{"confidence_level":0.95,"lower_bound":1694.9800170648464,"upper_bound":1696.306329793958},"point_estimate":1695.6221304593819,"standard_error":0.30410079125376244},"median_abs_dev":{"confidence_interval":{"confidence_level":0.95,"lower_bound":1.742585817565042,"upper_bound":3.0967763866300193},"point_estimate":2.203376975697574,"standard_error":0.3525669383761543},"slope":{"confidence_interval":{"confidence_level":0.95,"lower_bound":1696.4703043379936,"upper_bound":1699.411649406581},"point_estimate":1697.6922648306804,"standard_error":0.7643388845167047},"std_dev":{"confidence_interval":{"confidence_level":0.95,"lower_bound":3.191742502804705,"upper_bound":23.569741438544053},"point_estimate":14.250845423079634,"standard_error":6.459254140146302}}