{"mean":{"confidence_interval":{"confidence_level":0.95,"lower_bound":260.7498749697404,"upper_bound":261.6759615588191},"point_estimate":261.1641526097995,"standard_error":0.23803355653020303},"median":{"confidence_interval":{"confidence_level":0.95,"lower_bound":260.25025100836115,"upper_bound":261.07223468848997},"point_estimate":260.81013793558606,"standard_error":0.23520311560971485},"median_abs_dev":{"confidence_interval":{"confidence_level":0.95,"lower_bound":1.1742757910323285,"upper_bound":1.8696274502109294},"point_estimate":1.55428405324396,"standard_error":0.175943005688931},"slope":{"confidence_interval":{"confidence_level":0.95,"lower_bound":260.9225956350556,"upper_bound":261.69279598053396},"point_estimate":261.2935441086308,"standard_error":0.1974126829782546},"std_dev":{"confidence_interval":{"confidence_level":0.95,"lower_bound":1.363311694650442,"upper_bound":3.524296195889669},"point_estimate":2.389278506404704,"standard_error":0.6643205081788076}}