{"mean":{"confidence_interval":{"confidence_level":0.95,"lower_bound":76.87994160876143,"upper_bound":76.97297038446132},"point_estimate":76.91887655744243,"standard_error":0.02426519373791421},"median":{"confidence_interval":{"confidence_level":0.95,"lower_bound":76.86845585180077,"upper_bound":76.91551179663848},"point_estimate":76.89001265649131,"standard_error":0.012117819456270905},"median_abs_dev":{"confidence_interval":{"confidence_level":0.95,"lower_bound":0.07746182379062434,"upper_bound":0.14497523463824885},"point_estimate":0.11547745632545191,"standard_error":0.01754679258586291},"slope":{"confidence_interval":{"confidence_level":0.95,"lower_bound":76.90517361874262,"upper_bound":76.95497443714567},"point_estimate":76.93027126424727,"standard_error":0.012699701615074764},"std_dev":{"confidence_interval":{"confidence_level":0.95,"lower_bound":0.10391174502944228,"upper_bound":0.3898602693812057},"point_estimate":0.24475944649087267,"standard_error":0.09365769336945994}}