{"mean":{"confidence_interval":{"confidence_level":0.95,"lower_bound":93.89283767181091,"upper_bound":94.02883305537651},"point_estimate":93.95392070445351,"standard_error":0.03500399745131746},"median":{"confidence_interval":{"confidence_level":0.95,"lower_bound":93.87178165674321,"upper_bound":93.9388450334038},"point_estimate":93.91094828776401,"standard_error":0.017654275447199528},"median_abs_dev":{"confidence_interval":{"confidence_level":0.95,"lower_bound":0.13254616896554908,"upper_bound":0.20739931430034694},"point_estimate":0.1787510069759493,"standard_error":0.01984201532517012},"slope":{"confidence_interval":{"confidence_level":0.95,"lower_bound":93.90583401340665,"upper_bound":93.97214183832095},"point_estimate":93.93809162056928,"standard_error":0.016920016372524625},"std_dev":{"confidence_interval":{"confidence_level":0.95,"lower_bound":0.18242463867456424,"upper_bound":0.5096444299712227},"point_estimate":0.3513223861110626,"standard_error":0.08697067376775265}}