{"mean":{"confidence_interval":{"confidence_level":0.95,"lower_bound":89.81760985672449,"upper_bound":89.93021680853178},"point_estimate":89.86629136781163,"standard_error":0.02911363539440954},"median":{"confidence_interval":{"confidence_level":0.95,"lower_bound":89.79056004503053,"upper_bound":89.81702100666601},"point_estimate":89.80106471938475,"standard_error":0.007313160465351911},"median_abs_dev":{"confidence_interval":{"confidence_level":0.95,"lower_bound":0.06455883871592885,"upper_bound":0.11712541198895818},"point_estimate":0.08607292697286033,"standard_error":0.013322281965709162},"slope":{"confidence_interval":{"confidence_level":0.95,"lower_bound":89.81540642687924,"upper_bound":89.8969157266907},"point_estimate":89.8487204555452,"standard_error":0.021103223265996},"std_dev":{"confidence_interval":{"confidence_level":0.95,"lower_bound":0.10682204314828944,"upper_bound":0.4529414973594407},"point_estimate":0.2945844601821399,"standard_error":0.09320311850666792}}