{"mean":{"confidence_interval":{"confidence_level":0.95,"lower_bound":94.12432740098646,"upper_bound":94.28424039265334},"point_estimate":94.19436547729394,"standard_error":0.041115483913669926},"median":{"confidence_interval":{"confidence_level":0.95,"lower_bound":94.07801346265029,"upper_bound":94.17485572044647},"point_estimate":94.11688085189797,"standard_error":0.022895211111463906},"median_abs_dev":{"confidence_interval":{"confidence_level":0.95,"lower_bound":0.13447157001009122,"upper_bound":0.21275074306042815},"point_estimate":0.17998907417932655,"standard_error":0.01975286279058711},"slope":{"confidence_interval":{"confidence_level":0.95,"lower_bound":94.08264379607841,"upper_bound":94.26950485362784},"point_estimate":94.15880114156376,"standard_error":0.04854731838446677},"std_dev":{"confidence_interval":{"confidence_level":0.95,"lower_bound":0.18084935389060464,"upper_bound":0.6195653057128682},"point_estimate":0.4135502246369105,"standard_error":0.1172811145352585}}