{"mean":{"confidence_interval":{"confidence_level":0.95,"lower_bound":102.22137572672972,"upper_bound":102.50443602151677},"point_estimate":102.3291602389252,"standard_error":0.0762902088694194},"median":{"confidence_interval":{"confidence_level":0.95,"lower_bound":102.180535469387,"upper_bound":102.34371986291933},"point_estimate":102.27750808165796,"standard_error":0.045571257710753314},"median_abs_dev":{"confidence_interval":{"confidence_level":0.95,"lower_bound":0.20581015473072933,"upper_bound":0.308298923756123},"point_estimate":0.2627309662923718,"standard_error":0.027403217636245144},"slope":{"confidence_interval":{"confidence_level":0.95,"lower_bound":102.19809284061134,"upper_bound":102.29706647855403},"point_estimate":102.24738860588319,"standard_error":0.025201153181804332},"std_dev":{"confidence_interval":{"confidence_level":0.95,"lower_bound":0.21414331573116901,"upper_bound":1.2750825596649245},"point_estimate":0.7650883414971273,"standard_error":0.364896889149509}}