{"mean":{"confidence_interval":{"confidence_level":0.95,"lower_bound":45.64243145898033,"upper_bound":45.69335969964809},"point_estimate":45.662557639130284,"standard_error":0.013528433864609305},"median":{"confidence_interval":{"confidence_level":0.95,"lower_bound":45.63351000419061,"upper_bound":45.656729108158366},"point_estimate":45.64871617466174,"standard_error":0.005707676255490319},"median_abs_dev":{"confidence_interval":{"confidence_level":0.95,"lower_bound":0.03371068528712628,"upper_bound":0.05991923291715891},"point_estimate":0.04542967604526099,"standard_error":0.006746181958358274},"slope":{"confidence_interval":{"confidence_level":0.95,"lower_bound":45.648300285808766,"upper_bound":45.685115866572},"point_estimate":45.663030118760624,"standard_error":0.009627214522790632},"std_dev":{"confidence_interval":{"confidence_level":0.95,"lower_bound":0.04403965019318417,"upper_bound":0.22386292699140348},"point_estimate":0.1362722894631111,"standard_error":0.060446238964657444}}