{"mean":{"confidence_interval":{"confidence_level":0.95,"lower_bound":317.26603034154766,"upper_bound":317.78879942555255},"point_estimate":317.49914353673273,"standard_error":0.13485023205582358},"median":{"confidence_interval":{"confidence_level":0.95,"lower_bound":317.1455832096767,"upper_bound":317.4123421432203},"point_estimate":317.3090836227116,"standard_error":0.07994206874953563},"median_abs_dev":{"confidence_interval":{"confidence_level":0.95,"lower_bound":0.2679338390807136,"upper_bound":0.5813814711598746},"point_estimate":0.3884733295822512,"standard_error":0.0823955009561998},"slope":{"confidence_interval":{"confidence_level":0.95,"lower_bound":317.218301902719,"upper_bound":318.2118998718461},"point_estimate":317.61992285899856,"standard_error":0.26640516209708764},"std_dev":{"confidence_interval":{"confidence_level":0.95,"lower_bound":0.39731006620290266,"upper_bound":1.400984488791603},"point_estimate":0.968465248350756,"standard_error":0.2634939371523739}}