{"mean":{"confidence_interval":{"confidence_level":0.95,"lower_bound":40337.937880825084,"upper_bound":40426.668309295805},"point_estimate":40381.26245469016,"standard_error":22.44472284387494},"median":{"confidence_interval":{"confidence_level":0.95,"lower_bound":40374.94208333333,"upper_bound":40416.86631578948},"point_estimate":40396.90346575342,"standard_error":9.920195875837939},"median_abs_dev":{"confidence_interval":{"confidence_level":0.95,"lower_bound":80.40968169008835,"upper_bound":121.03402565121993},"point_estimate":98.60027251909231,"standard_error":10.11915273023276},"slope":{"confidence_interval":{"confidence_level":0.95,"lower_bound":40400.23559997888,"upper_bound":40436.469735227554},"point_estimate":40418.75752741244,"standard_error":9.251060329146153},"std_dev":{"confidence_interval":{"confidence_level":0.95,"lower_bound":134.20581026747172,"upper_bound":313.23828748787304},"point_estimate":225.483225354798,"standard_error":46.55798096243144}}