{"mean":{"confidence_interval":{"confidence_level":0.95,"lower_bound":33040.475150974,"upper_bound":33116.164405017196},"point_estimate":33075.431506697525,"standard_error":19.363350116477378},"median":{"confidence_interval":{"confidence_level":0.95,"lower_bound":33011.2387254902,"upper_bound":33056.09643102265},"point_estimate":33030.28223104056,"standard_error":10.590767902046014},"median_abs_dev":{"confidence_interval":{"confidence_level":0.95,"lower_bound":60.983002234009156,"upper_bound":130.3984393541929},"point_estimate":90.1940376160973,"standard_error":18.764995155666963},"slope":{"confidence_interval":{"confidence_level":0.95,"lower_bound":33064.17718660011,"upper_bound":33119.95891720149},"point_estimate":33092.97379922171,"standard_error":14.194500248883232},"std_dev":{"confidence_interval":{"confidence_level":0.95,"lower_bound":117.9682708930831,"upper_bound":268.5547893032304},"point_estimate":195.1157733505205,"standard_error":39.42484594613824}}