{"mean":{"confidence_interval":{"confidence_level":0.95,"lower_bound":33364.59201668745,"upper_bound":33440.810633526155},"point_estimate":33397.713549349544,"standard_error":19.666666482868433},"median":{"confidence_interval":{"confidence_level":0.95,"lower_bound":33346.290990990994,"upper_bound":33370.30902777778},"point_estimate":33355.27759281926,"standard_error":6.706912318846681},"median_abs_dev":{"confidence_interval":{"confidence_level":0.95,"lower_bound":38.65514848800205,"upper_bound":70.57284849845307},"point_estimate":54.85985976678708,"standard_error":8.3887428316825},"slope":{"confidence_interval":{"confidence_level":0.95,"lower_bound":33362.49850047344,"upper_bound":33438.43837970845},"point_estimate":33392.987139845325,"standard_error":19.895063457560294},"std_dev":{"confidence_interval":{"confidence_level":0.95,"lower_bound":72.4641211464383,"upper_bound":292.68692660104034},"point_estimate":197.9176917594557,"standard_error":58.325655754338555}}