{"mean":{"confidence_interval":{"confidence_level":0.95,"lower_bound":963310.0885109971,"upper_bound":963451.6448772048},"point_estimate":963373.8747468713,"standard_error":36.1636435946698},"median":{"confidence_interval":{"confidence_level":0.95,"lower_bound":963273.0424836602,"upper_bound":963363.2083333334},"point_estimate":963327.0617816092,"standard_error":21.350870408744527},"median_abs_dev":{"confidence_interval":{"confidence_level":0.95,"lower_bound":153.13464676996534,"upper_bound":281.40468124278107},"point_estimate":209.04471957984092,"standard_error":31.751303480191634},"slope":{"confidence_interval":{"confidence_level":0.95,"lower_bound":963221.8476922663,"upper_bound":963347.376898521},"point_estimate":963277.6214999261,"standard_error":32.04058959736212},"std_dev":{"confidence_interval":{"confidence_level":0.95,"lower_bound":198.59672412532115,"upper_bound":527.9798145063913},"point_estimate":363.96274817280124,"standard_error":88.25356387809941}}