{"mean":{"confidence_interval":{"confidence_level":0.95,"lower_bound":962800.379805635,"upper_bound":962944.7960194174},"point_estimate":962866.6269848404,"standard_error":36.9434248237586},"median":{"confidence_interval":{"confidence_level":0.95,"lower_bound":962751.4857142858,"upper_bound":962851.6467391305},"point_estimate":962786.0247504499,"standard_error":23.347640170057957},"median_abs_dev":{"confidence_interval":{"confidence_level":0.95,"lower_bound":133.42165961422754,"upper_bound":223.5458650198031},"point_estimate":161.4342825949372,"standard_error":24.408060447858407},"slope":{"confidence_interval":{"confidence_level":0.95,"lower_bound":962781.5061683803,"upper_bound":962855.4828634221},"point_estimate":962818.1783404759,"standard_error":18.908791532489715},"std_dev":{"confidence_interval":{"confidence_level":0.95,"lower_bound":222.05046745251525,"upper_bound":496.4826391142722},"point_estimate":371.61578200859077,"standard_error":71.57932449219551}}