{"mean":{"confidence_interval":{"confidence_level":0.95,"lower_bound":961462.673046144,"upper_bound":961560.0710841538},"point_estimate":961507.1659681356,"standard_error":24.822389171734834},"median":{"confidence_interval":{"confidence_level":0.95,"lower_bound":961442.0,"upper_bound":961511.2},"point_estimate":961484.6736842105,"standard_error":18.47814064613848},"median_abs_dev":{"confidence_interval":{"confidence_level":0.95,"lower_bound":118.58873247089896,"upper_bound":190.8069003655358},"point_estimate":161.51764115427014,"standard_error":17.963388027692098},"slope":{"confidence_interval":{"confidence_level":0.95,"lower_bound":961455.354584884,"upper_bound":961540.9343758688},"point_estimate":961494.5847051869,"standard_error":21.962172963056954},"std_dev":{"confidence_interval":{"confidence_level":0.95,"lower_bound":152.02957551561389,"upper_bound":360.6823081571012},"point_estimate":250.91192923028814,"standard_error":59.68168395083972}}