{"mean":{"confidence_interval":{"confidence_level":0.95,"lower_bound":923.5819696266419,"upper_bound":923.7520039976482},"point_estimate":923.6657278832939,"standard_error":0.043304819455635454},"median":{"confidence_interval":{"confidence_level":0.95,"lower_bound":923.6128152704523,"upper_bound":923.7094705248612},"point_estimate":923.6561310524064,"standard_error":0.02408915950738655},"median_abs_dev":{"confidence_interval":{"confidence_level":0.95,"lower_bound":0.19836201634226686,"upper_bound":0.35631361409140905},"point_estimate":0.2746179572272165,"standard_error":0.03912133640523123},"slope":{"confidence_interval":{"confidence_level":0.95,"lower_bound":923.6331641032274,"upper_bound":923.766387243052},"point_estimate":923.6980344334556,"standard_error":0.03387651527401136},"std_dev":{"confidence_interval":{"confidence_level":0.95,"lower_bound":0.31287176935314365,"upper_bound":0.5468496225800015},"point_estimate":0.4356510877055798,"standard_error":0.060092874930796576}}