{"mean":{"confidence_interval":{"confidence_level":0.95,"lower_bound":922.5085978000453,"upper_bound":922.7076210964926},"point_estimate":922.6048567994003,"standard_error":0.050853106975570106},"median":{"confidence_interval":{"confidence_level":0.95,"lower_bound":922.4418980503436,"upper_bound":922.6198538891276},"point_estimate":922.4961980136561,"standard_error":0.043432740015908564},"median_abs_dev":{"confidence_interval":{"confidence_level":0.95,"lower_bound":0.2859964746668028,"upper_bound":0.5209225881283654},"point_estimate":0.39564785361418947,"standard_error":0.061348230605978514},"slope":{"confidence_interval":{"confidence_level":0.95,"lower_bound":922.4512834663798,"upper_bound":922.6963073215126},"point_estimate":922.56906185649,"standard_error":0.06254302812306356},"std_dev":{"confidence_interval":{"confidence_level":0.95,"lower_bound":0.39624420352683093,"upper_bound":0.6180511498214742},"point_estimate":0.5091417576418774,"standard_error":0.056974579274173674}}