{"mean":{"confidence_interval":{"confidence_level":0.95,"lower_bound":924.0559037194298,"upper_bound":924.2032122855707},"point_estimate":924.1232584086423,"standard_error":0.03768908665593326},"median":{"confidence_interval":{"confidence_level":0.95,"lower_bound":924.0187925913361,"upper_bound":924.1226773257162},"point_estimate":924.0807837404658,"standard_error":0.02692611726919198},"median_abs_dev":{"confidence_interval":{"confidence_level":0.95,"lower_bound":0.17830153190788403,"upper_bound":0.3100892418002133},"point_estimate":0.2381709929322883,"standard_error":0.03374317116507118},"slope":{"confidence_interval":{"confidence_level":0.95,"lower_bound":924.019323041503,"upper_bound":924.1652941107959},"point_estimate":924.0835647451747,"standard_error":0.03735029078038285},"std_dev":{"confidence_interval":{"confidence_level":0.95,"lower_bound":0.22179629651911714,"upper_bound":0.5386483010695522},"point_estimate":0.37907213118704747,"standard_error":0.08552422974083106}}