{"mean":{"confidence_interval":{"confidence_level":0.95,"lower_bound":922.9575266129425,"upper_bound":923.3291339387678},"point_estimate":923.110311013183,"standard_error":0.0969686192504281},"median":{"confidence_interval":{"confidence_level":0.95,"lower_bound":922.9034377419288,"upper_bound":923.0287885651014},"point_estimate":922.9596002538315,"standard_error":0.025212032417411767},"median_abs_dev":{"confidence_interval":{"confidence_level":0.95,"lower_bound":0.21551329603577032,"upper_bound":0.34536444583813086},"point_estimate":0.3016129152980422,"standard_error":0.03232952831364472},"slope":{"confidence_interval":{"confidence_level":0.95,"lower_bound":922.8797570611083,"upper_bound":922.9805068335744},"point_estimate":922.9302497716627,"standard_error":0.025645119123191375},"std_dev":{"confidence_interval":{"confidence_level":0.95,"lower_bound":0.3139837071209018,"upper_bound":1.5635699701830459},"point_estimate":0.9757308789663423,"standard_error":0.37552345929902436}}