{"mean":{"confidence_interval":{"confidence_level":0.95,"lower_bound":1321.6423709329108,"upper_bound":1321.887769223354},"point_estimate":1321.7713151244343,"standard_error":0.06198852699474523},"median":{"confidence_interval":{"confidence_level":0.95,"lower_bound":1321.6126814814816,"upper_bound":1321.7916436296618},"point_estimate":1321.692319109462,"standard_error":0.043114782886959024},"median_abs_dev":{"confidence_interval":{"confidence_level":0.95,"lower_bound":0.22634359598169543,"upper_bound":0.43913997851538544},"point_estimate":0.3172615633808184,"standard_error":0.04941443133197777},"slope":{"confidence_interval":{"confidence_level":0.95,"lower_bound":1321.651504825686,"upper_bound":1321.7983938022448},"point_estimate":1321.7212652539283,"standard_error":0.037614020763124804},"std_dev":{"confidence_interval":{"confidence_level":0.95,"lower_bound":0.35619540906190517,"upper_bound":0.8943235336940233},"point_estimate":0.6257098856570233,"standard_error":0.14335854758330605}}