{"mean":{"confidence_interval":{"confidence_level":0.95,"lower_bound":106260.96355871053,"upper_bound":106336.12044164438},"point_estimate":106296.8179586499,"standard_error":19.193955871963713},"median":{"confidence_interval":{"confidence_level":0.95,"lower_bound":106212.32857142857,"upper_bound":106290.23448275862},"point_estimate":106259.1920274914,"standard_error":24.84715437286591},"median_abs_dev":{"confidence_interval":{"confidence_level":0.95,"lower_bound":91.97435466385366,"upper_bound":165.90883557067707},"point_estimate":124.20373173244053,"standard_error":20.21930970467585},"slope":{"confidence_interval":{"confidence_level":0.95,"lower_bound":106249.82046405124,"upper_bound":106322.93216978916},"point_estimate":106283.9108222255,"standard_error":18.6518306931931},"std_dev":{"confidence_interval":{"confidence_level":0.95,"lower_bound":141.7929541457157,"upper_bound":249.26804249486034},"point_estimate":194.2193960158805,"standard_error":28.166400842206105}}