{"mean":{"confidence_interval":{"confidence_level":0.95,"lower_bound":105234.51798138123,"upper_bound":105807.05634690223},"point_estimate":105498.46917890118,"standard_error":147.4418158544448},"median":{"confidence_interval":{"confidence_level":0.95,"lower_bound":104936.1014084507,"upper_bound":105084.81636828644},"point_estimate":104987.0961904762,"standard_error":39.82943241943932},"median_abs_dev":{"confidence_interval":{"confidence_level":0.95,"lower_bound":198.58074865095207,"upper_bound":407.3859768329185},"point_estimate":281.54471239697364,"standard_error":55.71629816165894},"slope":{"confidence_interval":{"confidence_level":0.95,"lower_bound":104974.52184556868,"upper_bound":105369.76482809127},"point_estimate":105142.43663927885,"standard_error":101.62419820285477},"std_dev":{"confidence_interval":{"confidence_level":0.95,"lower_bound":873.709648629507,"upper_bound":1968.6095894304035},"point_estimate":1486.3300736605966,"standard_error":281.48641327619504}}