{"mean":{"confidence_interval":{"confidence_level":0.95,"lower_bound":107418.7813475418,"upper_bound":107510.36584928655},"point_estimate":107463.01009436678,"standard_error":23.420739731841817},"median":{"confidence_interval":{"confidence_level":0.95,"lower_bound":107362.99940765985,"upper_bound":107464.90714285715},"point_estimate":107394.67844611529,"standard_error":21.075788965227417},"median_abs_dev":{"confidence_interval":{"confidence_level":0.95,"lower_bound":123.03181848778374,"upper_bound":214.57981901534876},"point_estimate":159.4899508684802,"standard_error":23.853016432240985},"slope":{"confidence_interval":{"confidence_level":0.95,"lower_bound":107344.67055346972,"upper_bound":107414.8428365127},"point_estimate":107378.65296675041,"standard_error":17.90296136350107},"std_dev":{"confidence_interval":{"confidence_level":0.95,"lower_bound":187.38203141569883,"upper_bound":279.1071183239228},"point_estimate":236.05068411824814,"standard_error":23.47243722276149}}