{"mean":{"confidence_interval":{"confidence_level":0.95,"lower_bound":2707.2551898529596,"upper_bound":2707.7814088668147},"point_estimate":2707.471788609985,"standard_error":0.13722419587198675},"median":{"confidence_interval":{"confidence_level":0.95,"lower_bound":2707.1448087431695,"upper_bound":2707.3168686418103},"point_estimate":2707.211090570864,"standard_error":0.03682116754613164},"median_abs_dev":{"confidence_interval":{"confidence_level":0.95,"lower_bound":0.2869467773031328,"upper_bound":0.47879660292731446},"point_estimate":0.3779862582269525,"standard_error":0.049743893136761405},"slope":{"confidence_interval":{"confidence_level":0.95,"lower_bound":2707.1817642896485,"upper_bound":2707.446915347906},"point_estimate":2707.2924990774095,"standard_error":0.0682517449082639},"std_dev":{"confidence_interval":{"confidence_level":0.95,"lower_bound":0.4434913091275591,"upper_bound":2.214498951778981},"point_estimate":1.3823739764407792,"standard_error":0.5347820965234915}}