{"mean":{"confidence_interval":{"confidence_level":0.95,"lower_bound":2707.7775306000635,"upper_bound":2708.005619556108},"point_estimate":2707.886201655305,"standard_error":0.058195458849591396},"median":{"confidence_interval":{"confidence_level":0.95,"lower_bound":2707.65666075912,"upper_bound":2707.878520386717},"point_estimate":2707.7768460598218,"standard_error":0.05469821974580194},"median_abs_dev":{"confidence_interval":{"confidence_level":0.95,"lower_bound":0.25943811697885627,"upper_bound":0.42945280695467414},"point_estimate":0.32769958538378285,"standard_error":0.04246359377661894},"slope":{"confidence_interval":{"confidence_level":0.95,"lower_bound":2707.781630080096,"upper_bound":2708.075842744307},"point_estimate":2707.9071551994934,"standard_error":0.0761348915543237},"std_dev":{"confidence_interval":{"confidence_level":0.95,"lower_bound":0.43272887042299035,"upper_bound":0.7231644243057979},"point_estimate":0.5842229421443379,"standard_error":0.07448028385386923}}