{"mean":{"confidence_interval":{"confidence_level":0.95,"lower_bound":20015.63957756054,"upper_bound":20050.805771856896},"point_estimate":20032.859504774824,"standard_error":8.999149032222574},"median":{"confidence_interval":{"confidence_level":0.95,"lower_bound":19991.498538722444,"upper_bound":20026.359375},"point_estimate":20007.985555555555,"standard_error":9.08952094001977},"median_abs_dev":{"confidence_interval":{"confidence_level":0.95,"lower_bound":49.81250560059833,"upper_bound":104.36023607943835},"point_estimate":68.61565028687711,"standard_error":14.622356792060192},"slope":{"confidence_interval":{"confidence_level":0.95,"lower_bound":20073.413891942007,"upper_bound":20118.93216235516},"point_estimate":20097.851013684056,"standard_error":11.588722418170606},"std_dev":{"confidence_interval":{"confidence_level":0.95,"lower_bound":78.16588834236292,"upper_bound":100.31060132919927},"point_estimate":90.39550826523791,"standard_error":5.65592956468807}}