{"mean":{"confidence_interval":{"confidence_level":0.95,"lower_bound":21564.533912597533,"upper_bound":21603.227323354065},"point_estimate":21583.8677336617,"standard_error":9.83526946029674},"median":{"confidence_interval":{"confidence_level":0.95,"lower_bound":21564.602836879432,"upper_bound":21591.404601092647},"point_estimate":21577.196517003445,"standard_error":7.025204361692568},"median_abs_dev":{"confidence_interval":{"confidence_level":0.95,"lower_bound":57.00512416791993,"upper_bound":106.22148967708105},"point_estimate":78.74550042569656,"standard_error":13.172397761441271},"slope":{"confidence_interval":{"confidence_level":0.95,"lower_bound":21589.88182704358,"upper_bound":21627.541703762},"point_estimate":21608.274199950323,"standard_error":9.627919709636123},"std_dev":{"confidence_interval":{"confidence_level":0.95,"lower_bound":77.2326782517664,"upper_bound":120.74402254985866},"point_estimate":99.28967561736792,"standard_error":11.165550175516127}}