{"mean":{"confidence_interval":{"confidence_level":0.95,"lower_bound":12.409416171878545,"upper_bound":12.413151906387332},"point_estimate":12.41124571868417,"standard_error":0.0009554997661741298},"median":{"confidence_interval":{"confidence_level":0.95,"lower_bound":12.4062057663471,"upper_bound":12.412412352041407},"point_estimate":12.408668082870543,"standard_error":0.0015108328778536348},"median_abs_dev":{"confidence_interval":{"confidence_level":0.95,"lower_bound":0.0066192984516307354,"upper_bound":0.01171933696155409},"point_estimate":0.00985288529691007,"standard_error":0.0012130986623449282},"slope":{"confidence_interval":{"confidence_level":0.95,"lower_bound":12.407023981024164,"upper_bound":12.410777277624321},"point_estimate":12.408794562567362,"standard_error":0.0009597393068834977},"std_dev":{"confidence_interval":{"confidence_level":0.95,"lower_bound":0.008098679437959553,"upper_bound":0.011011527269630311},"point_estimate":0.009611465803699778,"standard_error":0.0007488235598980072}}