{"mean":{"confidence_interval":{"confidence_level":0.95,"lower_bound":12.397073872990164,"upper_bound":12.400652123903965},"point_estimate":12.398657879625882,"standard_error":0.000915940900625046},"median":{"confidence_interval":{"confidence_level":0.95,"lower_bound":12.395611888038928,"upper_bound":12.398266674204251},"point_estimate":12.396803200641243,"standard_error":0.0007643480785094891},"median_abs_dev":{"confidence_interval":{"confidence_level":0.95,"lower_bound":0.0032638042360275026,"upper_bound":0.0052715997500306375},"point_estimate":0.004233222508271387,"standard_error":0.0004990562345571428},"slope":{"confidence_interval":{"confidence_level":0.95,"lower_bound":12.396056830719369,"upper_bound":12.39793902187573},"point_estimate":12.396955148565231,"standard_error":0.0004804085071138597},"std_dev":{"confidence_interval":{"confidence_level":0.95,"lower_bound":0.005107771049244887,"upper_bound":0.013595767986971393},"point_estimate":0.009191546068958193,"standard_error":0.0025378185552021623}}