{"mean":{"confidence_interval":{"confidence_level":0.95,"lower_bound":12.401698306327958,"upper_bound":12.405560941883476},"point_estimate":12.403561059129668,"standard_error":0.0009852290087296947},"median":{"confidence_interval":{"confidence_level":0.95,"lower_bound":12.399631009982407,"upper_bound":12.404106896732866},"point_estimate":12.402093305179765,"standard_error":0.0013144411892279226},"median_abs_dev":{"confidence_interval":{"confidence_level":0.95,"lower_bound":0.006409236437178779,"upper_bound":0.010539326912404943},"point_estimate":0.008574194708226648,"standard_error":0.0010739762408077708},"slope":{"confidence_interval":{"confidence_level":0.95,"lower_bound":12.400083125171218,"upper_bound":12.403306388445387},"point_estimate":12.401636803335125,"standard_error":0.0008229649204288888},"std_dev":{"confidence_interval":{"confidence_level":0.95,"lower_bound":0.007670493858432707,"upper_bound":0.012162664981678492},"point_estimate":0.009880409802854625,"standard_error":0.0011617955439906912}}