{"mean":{"confidence_interval":{"confidence_level":0.95,"lower_bound":262.08449624971,"upper_bound":262.43247627313326},"point_estimate":262.2455545769242,"standard_error":0.08892299738277028},"median":{"confidence_interval":{"confidence_level":0.95,"lower_bound":262.0145351047766,"upper_bound":262.25939111703536},"point_estimate":262.1767280812943,"standard_error":0.063695574957753},"median_abs_dev":{"confidence_interval":{"confidence_level":0.95,"lower_bound":0.33095173917963266,"upper_bound":0.6312996532021411},"point_estimate":0.4510358082060322,"standard_error":0.0801335234969766},"slope":{"confidence_interval":{"confidence_level":0.95,"lower_bound":262.0728129242007,"upper_bound":262.28680793622937},"point_estimate":262.1728643073215,"standard_error":0.05441133703222303},"std_dev":{"confidence_interval":{"confidence_level":0.95,"lower_bound":0.5351421939329155,"upper_bound":1.2504866902276777},"point_estimate":0.8930650898034409,"standard_error":0.19043905380151985}}