{"mean":{"confidence_interval":{"confidence_level":0.95,"lower_bound":333.2842622074838,"upper_bound":334.27709386321067},"point_estimate":333.6555340411931,"standard_error":0.27483615187697275},"median":{"confidence_interval":{"confidence_level":0.95,"lower_bound":333.15651079446377,"upper_bound":333.3962180476469},"point_estimate":333.26803040516387,"standard_error":0.06093201156239431},"median_abs_dev":{"confidence_interval":{"confidence_level":0.95,"lower_bound":0.31989389227067394,"upper_bound":0.5694920984128976},"point_estimate":0.4763824545559786,"standard_error":0.06377708456117318},"slope":{"confidence_interval":{"confidence_level":0.95,"lower_bound":333.2611576076345,"upper_bound":333.66541210340205},"point_estimate":333.4292744339251,"standard_error":0.10482151379145564},"std_dev":{"confidence_interval":{"confidence_level":0.95,"lower_bound":0.4686966187995479,"upper_bound":4.656001998265197},"point_estimate":2.7693491566189095,"standard_error":1.3917289511578765}}