{"mean":{"confidence_interval":{"confidence_level":0.95,"lower_bound":229.92602074600896,"upper_bound":231.55077058081096},"point_estimate":230.70631971633335,"standard_error":0.41487468121460086},"median":{"confidence_interval":{"confidence_level":0.95,"lower_bound":229.38760689117674,"upper_bound":230.71090053607043},"point_estimate":230.06453077869102,"standard_error":0.38595154601753795},"median_abs_dev":{"confidence_interval":{"confidence_level":0.95,"lower_bound":2.4948596955323943,"upper_bound":4.2942315834035805},"point_estimate":3.335816207184707,"standard_error":0.4437773769719482},"slope":{"confidence_interval":{"confidence_level":0.95,"lower_bound":228.76759117018463,"upper_bound":230.19307233104155},"point_estimate":229.45972256905497,"standard_error":0.36393147255889274},"std_dev":{"confidence_interval":{"confidence_level":0.95,"lower_bound":3.215426221756794,"upper_bound":5.039865408585806},"point_estimate":4.174711598105186,"standard_error":0.46609322632812267}}