{"mean":{"confidence_interval":{"confidence_level":0.95,"lower_bound":341.36611440289573,"upper_bound":341.81530262847167},"point_estimate":341.56019920602324,"standard_error":0.11595094607301795},"median":{"confidence_interval":{"confidence_level":0.95,"lower_bound":341.3435583035641,"upper_bound":341.5088156790971},"point_estimate":341.4474098396456,"standard_error":0.046067317679254045},"median_abs_dev":{"confidence_interval":{"confidence_level":0.95,"lower_bound":0.3011905598158302,"upper_bound":0.5707591588046451},"point_estimate":0.4146941673965653,"standard_error":0.0678963726236303},"slope":{"confidence_interval":{"confidence_level":0.95,"lower_bound":341.393984042109,"upper_bound":341.6303242512296},"point_estimate":341.5099210296161,"standard_error":0.060500681971036314},"std_dev":{"confidence_interval":{"confidence_level":0.95,"lower_bound":0.5352548297964231,"upper_bound":1.810320723396097},"point_estimate":1.1635901658665706,"standard_error":0.394864106221426}}