{"mean":{"confidence_interval":{"confidence_level":0.95,"lower_bound":744.5222793603058,"upper_bound":748.4267609368311},"point_estimate":746.2140988519526,"standard_error":1.0050700497110276},"median":{"confidence_interval":{"confidence_level":0.95,"lower_bound":743.9340340883905,"upper_bound":744.348920766498},"point_estimate":744.1223847117483,"standard_error":0.09170179915019476},"median_abs_dev":{"confidence_interval":{"confidence_level":0.95,"lower_bound":0.6775569309501146,"upper_bound":1.3209211543668777},"point_estimate":0.9898685706011155,"standard_error":0.16893495741571748},"slope":{"confidence_interval":{"confidence_level":0.95,"lower_bound":744.4574414025823,"upper_bound":745.8392259367179},"point_estimate":745.0378730594381,"standard_error":0.35548620510107243},"std_dev":{"confidence_interval":{"confidence_level":0.95,"lower_bound":2.3290699216840007,"upper_bound":15.129915089986895},"point_estimate":10.107683796606237,"standard_error":3.1757545593436523}}