{"mean":{"confidence_interval":{"confidence_level":0.95,"lower_bound":788.8719997851007,"upper_bound":790.483245224722},"point_estimate":789.4991666401949,"standard_error":0.4297594048783263},"median":{"confidence_interval":{"confidence_level":0.95,"lower_bound":788.5902970108507,"upper_bound":789.1362595096989},"point_estimate":788.9231972778864,"standard_error":0.1321481360715252},"median_abs_dev":{"confidence_interval":{"confidence_level":0.95,"lower_bound":0.8140433091196366,"upper_bound":1.3893750178990687},"point_estimate":1.1855043107892527,"standard_error":0.1535788826376597},"slope":{"confidence_interval":{"confidence_level":0.95,"lower_bound":788.9778396768586,"upper_bound":789.6596864541435},"point_estimate":789.300860381923,"standard_error":0.17477220254766024},"std_dev":{"confidence_interval":{"confidence_level":0.95,"lower_bound":1.189809111312268,"upper_bound":7.137395647019924},"point_estimate":4.327477215537197,"standard_error":1.9594449354961485}}