{"mean":{"confidence_interval":{"confidence_level":0.95,"lower_bound":748.8199839120198,"upper_bound":750.8158507057174},"point_estimate":749.5590624749343,"standard_error":0.5619415472000518},"median":{"confidence_interval":{"confidence_level":0.95,"lower_bound":748.5135295601965,"upper_bound":748.8400201867272},"point_estimate":748.707294153111,"standard_error":0.07290867625693467},"median_abs_dev":{"confidence_interval":{"confidence_level":0.95,"lower_bound":0.5196314896391888,"upper_bound":0.8757961529385715},"point_estimate":0.6851767600314581,"standard_error":0.08678470523356471},"slope":{"confidence_interval":{"confidence_level":0.95,"lower_bound":748.7424812216093,"upper_bound":749.1263484757689},"point_estimate":748.9247754168798,"standard_error":0.09813540447989812},"std_dev":{"confidence_interval":{"confidence_level":0.95,"lower_bound":0.9491800839591541,"upper_bound":9.551340127296795},"point_estimate":5.663293566619654,"standard_error":2.928707026864554}}