{"mean":{"confidence_interval":{"confidence_level":0.95,"lower_bound":734.9340125719094,"upper_bound":741.7784149557232},"point_estimate":738.296853842775,"standard_error":1.7486817558024352},"median":{"confidence_interval":{"confidence_level":0.95,"lower_bound":747.1420014375849,"upper_bound":747.6692716236722},"point_estimate":747.3501538703493,"standard_error":1.1553896058657007},"median_abs_dev":{"confidence_interval":{"confidence_level":0.95,"lower_bound":0.8720709295022699,"upper_bound":7.036347179656214},"point_estimate":2.1042710342374877,"standard_error":2.6479681095499856},"slope":{"confidence_interval":{"confidence_level":0.95,"lower_bound":745.837689031736,"upper_bound":747.8976862276157},"point_estimate":746.9144424641319,"standard_error":0.520601258145391},"std_dev":{"confidence_interval":{"confidence_level":0.95,"lower_bound":14.25557757714597,"upper_bound":21.621244403454348},"point_estimate":17.57981174195946,"standard_error":1.9664281122633371}}