{"mean":{"confidence_interval":{"confidence_level":0.95,"lower_bound":56.070502146787085,"upper_bound":56.202905130489704},"point_estimate":56.12694438053605,"standard_error":0.03413368682003976},"median":{"confidence_interval":{"confidence_level":0.95,"lower_bound":56.045589734874234,"upper_bound":56.086634890715445},"point_estimate":56.06877825796079,"standard_error":0.011030443963096727},"median_abs_dev":{"confidence_interval":{"confidence_level":0.95,"lower_bound":0.0689923080966633,"upper_bound":0.11848336675812368},"point_estimate":0.08995847523497462,"standard_error":0.012358966596666047},"slope":{"confidence_interval":{"confidence_level":0.95,"lower_bound":56.060643967626284,"upper_bound":56.184814274393645},"point_estimate":56.10876870736477,"standard_error":0.03327982517106145},"std_dev":{"confidence_interval":{"confidence_level":0.95,"lower_bound":0.11687892614609638,"upper_bound":0.5312525722567069},"point_estimate":0.3421529609446807,"standard_error":0.11134161175019579}}