{"mean":{"confidence_interval":{"confidence_level":0.95,"lower_bound":79.67384399539559,"upper_bound":79.9219750973955},"point_estimate":79.77013312941206,"standard_error":0.06591680300606964},"median":{"confidence_interval":{"confidence_level":0.95,"lower_bound":79.63294458561745,"upper_bound":79.7466736631009},"point_estimate":79.69488802533073,"standard_error":0.028172580195256078},"median_abs_dev":{"confidence_interval":{"confidence_level":0.95,"lower_bound":0.16620144703302991,"upper_bound":0.2657493224842265},"point_estimate":0.21002560785082658,"standard_error":0.025155882676436644},"slope":{"confidence_interval":{"confidence_level":0.95,"lower_bound":79.67052549458303,"upper_bound":79.7724768555348},"point_estimate":79.72102917146232,"standard_error":0.026029002465441355},"std_dev":{"confidence_interval":{"confidence_level":0.95,"lower_bound":0.2018194708671989,"upper_bound":1.093390884528555},"point_estimate":0.6612033062929652,"standard_error":0.30251480607178705}}