{"mean":{"confidence_interval":{"confidence_level":0.95,"lower_bound":58063.536969301065,"upper_bound":58087.09866581256},"point_estimate":58074.44150086944,"standard_error":6.015327782432169},"median":{"confidence_interval":{"confidence_level":0.95,"lower_bound":58055.90888888889,"upper_bound":58084.86237373737},"point_estimate":58072.208136924804,"standard_error":7.364166256933931},"median_abs_dev":{"confidence_interval":{"confidence_level":0.95,"lower_bound":37.67322998961766,"upper_bound":58.22089164930133},"point_estimate":48.9062519699026,"standard_error":5.26565075847121},"slope":{"confidence_interval":{"confidence_level":0.95,"lower_bound":58074.98752776839,"upper_bound":58093.07750074683},"point_estimate":58083.932937457925,"standard_error":4.626327479907639},"std_dev":{"confidence_interval":{"confidence_level":0.95,"lower_bound":40.41484941727488,"upper_bound":84.24361007637363},"point_estimate":60.19588741203753,"standard_error":12.960927386586395}}