{"mean":{"confidence_interval":{"confidence_level":0.95,"lower_bound":58235.40379518251,"upper_bound":58253.10902519303},"point_estimate":58243.91791680032,"standard_error":4.530447248316359},"median":{"confidence_interval":{"confidence_level":0.95,"lower_bound":58227.08061002179,"upper_bound":58247.60260695187},"point_estimate":58232.55986820958,"standard_error":5.116045816744652},"median_abs_dev":{"confidence_interval":{"confidence_level":0.95,"lower_bound":22.697951508791135,"upper_bound":42.85576839560748},"point_estimate":30.11492513897741,"standard_error":5.165711129277251},"slope":{"confidence_interval":{"confidence_level":0.95,"lower_bound":58234.97431143706,"upper_bound":58259.29842800803},"point_estimate":58247.29095106877,"standard_error":6.206127632647554},"std_dev":{"confidence_interval":{"confidence_level":0.95,"lower_bound":34.3429275558954,"upper_bound":56.84335536111666},"point_estimate":45.59689550467034,"standard_error":5.80150979185531}}