{"mean":{"confidence_interval":{"confidence_level":0.95,"lower_bound":37714.58433299123,"upper_bound":37915.580092962344},"point_estimate":37818.004582887006,"standard_error":51.38913340472058},"median":{"confidence_interval":{"confidence_level":0.95,"lower_bound":37824.47670250896,"upper_bound":37980.90428630878},"point_estimate":37918.64394732252,"standard_error":45.323786741192194},"median_abs_dev":{"confidence_interval":{"confidence_level":0.95,"lower_bound":329.64538192119255,"upper_bound":526.915317078714},"point_estimate":440.2968033913282,"standard_error":50.392248786414065},"slope":{"confidence_interval":{"confidence_level":0.95,"lower_bound":37741.3370437017,"upper_bound":37909.5034511679},"point_estimate":37829.23243989076,"standard_error":42.75462941875638},"std_dev":{"confidence_interval":{"confidence_level":0.95,"lower_bound":403.48890627012463,"upper_bound":634.9518347569551},"point_estimate":516.747649977411,"standard_error":60.06351727950698}}