{"mean":{"confidence_interval":{"confidence_level":0.95,"lower_bound":35865.07754923358,"upper_bound":35946.007918587144},"point_estimate":35905.80861737672,"standard_error":20.656811040750192},"median":{"confidence_interval":{"confidence_level":0.95,"lower_bound":35865.655433225926,"upper_bound":35960.35857142857},"point_estimate":35914.778687384045,"standard_error":26.752559996219226},"median_abs_dev":{"confidence_interval":{"confidence_level":0.95,"lower_bound":150.1314422518061,"upper_bound":249.38160190376004},"point_estimate":191.4069137235595,"standard_error":25.70971753205696},"slope":{"confidence_interval":{"confidence_level":0.95,"lower_bound":35928.002204615164,"upper_bound":36009.35739221771},"point_estimate":35969.20430840845,"standard_error":20.743119996523756},"std_dev":{"confidence_interval":{"confidence_level":0.95,"lower_bound":171.64342270477027,"upper_bound":245.57218231344459},"point_estimate":208.2110962116529,"standard_error":19.074696289143766}}