{"mean":{"confidence_interval":{"confidence_level":0.95,"lower_bound":36735.56227920339,"upper_bound":36834.42792613988},"point_estimate":36785.64733153352,"standard_error":25.221529581004383},"median":{"confidence_interval":{"confidence_level":0.95,"lower_bound":36787.83714285714,"upper_bound":36850.7645802005},"point_estimate":36806.67587446878,"standard_error":17.30129488363971},"median_abs_dev":{"confidence_interval":{"confidence_level":0.95,"lower_bound":140.15932310975847,"upper_bound":296.7305388021911},"point_estimate":201.89225921399168,"standard_error":41.263710279025794},"slope":{"confidence_interval":{"confidence_level":0.95,"lower_bound":36841.48382815615,"upper_bound":36916.75603348993},"point_estimate":36878.35524752475,"standard_error":19.171314199758726},"std_dev":{"confidence_interval":{"confidence_level":0.95,"lower_bound":217.83615201857262,"upper_bound":283.2179649967647},"point_estimate":253.23446090915738,"standard_error":16.676863060280205}}