{"mean":{"confidence_interval":{"confidence_level":0.95,"lower_bound":38139.614831941435,"upper_bound":38318.26550905242},"point_estimate":38230.254272068894,"standard_error":45.62845300510917},"median":{"confidence_interval":{"confidence_level":0.95,"lower_bound":38200.53425925926,"upper_bound":38361.148148148146},"point_estimate":38274.617119341565,"standard_error":31.813309522222312},"median_abs_dev":{"confidence_interval":{"confidence_level":0.95,"lower_bound":279.0496951903546,"upper_bound":531.521897447116},"point_estimate":363.09093726167174,"standard_error":62.44594254856906},"slope":{"confidence_interval":{"confidence_level":0.95,"lower_bound":38157.83691415585,"upper_bound":38366.78865447956},"point_estimate":38263.191326973494,"standard_error":53.224753676296814},"std_dev":{"confidence_interval":{"confidence_level":0.95,"lower_bound":393.9722170195755,"upper_bound":514.1420298738967},"point_estimate":458.50656481872795,"standard_error":30.745883061129977}}