{"mean":{"confidence_interval":{"confidence_level":0.95,"lower_bound":36216.12763991457,"upper_bound":36340.371685296486},"point_estimate":36279.252537371955,"standard_error":31.745095198985883},"median":{"confidence_interval":{"confidence_level":0.95,"lower_bound":36246.27103630905,"upper_bound":36443.48394297235},"point_estimate":36346.831786593946,"standard_error":53.85261784158112},"median_abs_dev":{"confidence_interval":{"confidence_level":0.95,"lower_bound":230.9372697676409,"upper_bound":420.1122690617875},"point_estimate":294.8047136448869,"standard_error":48.266443434843914},"slope":{"confidence_interval":{"confidence_level":0.95,"lower_bound":36377.76136571666,"upper_bound":36478.09923933602},"point_estimate":36429.065883805866,"standard_error":25.528154807519204},"std_dev":{"confidence_interval":{"confidence_level":0.95,"lower_bound":278.3754102557402,"upper_bound":352.830548219729},"point_estimate":319.2003831109571,"standard_error":18.992587311930162}}