{"mean":{"confidence_interval":{"confidence_level":0.95,"lower_bound":35774.40943310122,"upper_bound":35984.406327432436},"point_estimate":35879.65215457364,"standard_error":53.63041932439308},"median":{"confidence_interval":{"confidence_level":0.95,"lower_bound":35713.67857142857,"upper_bound":36144.642857142855},"point_estimate":35889.90238095238,"standard_error":118.96606055007537},"median_abs_dev":{"confidence_interval":{"confidence_level":0.95,"lower_bound":459.1515851634444,"upper_bound":741.6519318307415},"point_estimate":556.7551869245982,"standard_error":70.17988178398979},"slope":{"confidence_interval":{"confidence_level":0.95,"lower_bound":35806.39983485113,"upper_bound":36137.895594555914},"point_estimate":35975.39795034727,"standard_error":84.71667552098874},"std_dev":{"confidence_interval":{"confidence_level":0.95,"lower_bound":475.64972912621886,"upper_bound":593.7219667613363},"point_estimate":539.1259934447878,"standard_error":30.087624352717278}}