{"mean":{"confidence_interval":{"confidence_level":0.95,"lower_bound":60775.42281012629,"upper_bound":60796.55709813385},"point_estimate":60784.29280532235,"standard_error":5.468700385539458},"median":{"confidence_interval":{"confidence_level":0.95,"lower_bound":60772.76482514881,"upper_bound":60783.71270604395},"point_estimate":60777.44257305194,"standard_error":2.5008946542737007},"median_abs_dev":{"confidence_interval":{"confidence_level":0.95,"lower_bound":12.935513701118875,"upper_bound":25.755541417748816},"point_estimate":19.71414308181811,"standard_error":3.201432869631228},"slope":{"confidence_interval":{"confidence_level":0.95,"lower_bound":60770.05766171653,"upper_bound":60779.714769909704},"point_estimate":60774.702426324984,"standard_error":2.4587909663731464},"std_dev":{"confidence_interval":{"confidence_level":0.95,"lower_bound":15.654262032344446,"upper_bound":60.694858606734996},"point_estimate":38.87834592470539,"standard_error":13.97220991829366}}