{"mean":{"confidence_interval":{"confidence_level":0.95,"lower_bound":60275.75113662731,"upper_bound":60315.9012024892},"point_estimate":60292.795212423756,"standard_error":10.42515840163688},"median":{"confidence_interval":{"confidence_level":0.95,"lower_bound":60268.94583333333,"upper_bound":60275.645161290326},"point_estimate":60273.79233351235,"standard_error":1.6883296213020567},"median_abs_dev":{"confidence_interval":{"confidence_level":0.95,"lower_bound":6.074973126624828,"upper_bound":17.236153478967584},"point_estimate":9.121885562285561,"standard_error":2.9157800252432997},"slope":{"confidence_interval":{"confidence_level":0.95,"lower_bound":60267.76777736303,"upper_bound":60277.16535353882},"point_estimate":60271.80004135119,"standard_error":2.3943240551989065},"std_dev":{"confidence_interval":{"confidence_level":0.95,"lower_bound":18.13273360597139,"upper_bound":114.40043808831336},"point_estimate":74.38445669794099,"standard_error":24.969612729982522}}