{"mean":{"confidence_interval":{"confidence_level":0.95,"lower_bound":14595.216351000543,"upper_bound":14598.180208930668},"point_estimate":14596.557539338357,"standard_error":0.7578773274304544},"median":{"confidence_interval":{"confidence_level":0.95,"lower_bound":14594.737079831932,"upper_bound":14595.732519509682},"point_estimate":14595.351550914484,"standard_error":0.23825105943862332},"median_abs_dev":{"confidence_interval":{"confidence_level":0.95,"lower_bound":1.769638655559609,"upper_bound":3.4793529328807393},"point_estimate":2.5815724756638434,"standard_error":0.42008146130313134},"slope":{"confidence_interval":{"confidence_level":0.95,"lower_bound":14594.818422190714,"upper_bound":14596.604572428365},"point_estimate":14595.602036570206,"standard_error":0.45810592855098825},"std_dev":{"confidence_interval":{"confidence_level":0.95,"lower_bound":4.012854973570445,"upper_bound":10.93622796969292},"point_estimate":7.604008068832635,"standard_error":1.8167096072923234}}