{"mean":{"confidence_interval":{"confidence_level":0.95,"lower_bound":16965.00795855083,"upper_bound":17012.02796592355},"point_estimate":16984.001693461618,"standard_error":12.266994679360842},"median":{"confidence_interval":{"confidence_level":0.95,"lower_bound":16950.903174307532,"upper_bound":16967.82559322034},"point_estimate":16960.357046129655,"standard_error":4.083110242643345},"median_abs_dev":{"confidence_interval":{"confidence_level":0.95,"lower_bound":23.414405221098516,"upper_bound":42.677496590601926},"point_estimate":30.983712346692673,"standard_error":4.958391337673082},"slope":{"confidence_interval":{"confidence_level":0.95,"lower_bound":16958.838802993003,"upper_bound":16972.697428185813},"point_estimate":16965.268271246554,"standard_error":3.546209974318392},"std_dev":{"confidence_interval":{"confidence_level":0.95,"lower_bound":37.79947219496237,"upper_bound":197.94804981960516},"point_estimate":122.85718739477022,"standard_error":48.61814649445756}}