{"mean":{"confidence_interval":{"confidence_level":0.95,"lower_bound":17208.680780817598,"upper_bound":17279.071792471823},"point_estimate":17240.5709019664,"standard_error":18.024264236031748},"median":{"confidence_interval":{"confidence_level":0.95,"lower_bound":17200.33977407848,"upper_bound":17248.71592775041},"point_estimate":17215.161728575447,"standard_error":13.73309134392175},"median_abs_dev":{"confidence_interval":{"confidence_level":0.95,"lower_bound":71.45520388354737,"upper_bound":108.78606431347968},"point_estimate":92.02703145714412,"standard_error":9.215051789442882},"slope":{"confidence_interval":{"confidence_level":0.95,"lower_bound":17204.73087192666,"upper_bound":17290.906413296037},"point_estimate":17239.75652425819,"standard_error":22.545295775929333},"std_dev":{"confidence_interval":{"confidence_level":0.95,"lower_bound":95.49963815914062,"upper_bound":258.4604467898819},"point_estimate":180.72359492852158,"standard_error":43.429381956592955}}