{"mean":{"confidence_interval":{"confidence_level":0.95,"lower_bound":17511.434974229574,"upper_bound":17537.372028736514},"point_estimate":17522.009295541564,"standard_error":6.7544797537814745},"median":{"confidence_interval":{"confidence_level":0.95,"lower_bound":17509.554049264574,"upper_bound":17519.197086616063},"point_estimate":17514.61226784911,"standard_error":2.429809465530615},"median_abs_dev":{"confidence_interval":{"confidence_level":0.95,"lower_bound":19.014804333049245,"upper_bound":34.526009342574916},"point_estimate":27.580632668241105,"standard_error":3.896670995163802},"slope":{"confidence_interval":{"confidence_level":0.95,"lower_bound":17513.465869279506,"upper_bound":17523.796737123408},"point_estimate":17518.55862967601,"standard_error":2.6315880949476873},"std_dev":{"confidence_interval":{"confidence_level":0.95,"lower_bound":25.592607583162692,"upper_bound":109.62429408024212},"point_estimate":67.99964971838097,"standard_error":27.426394410412627}}