{"mean":{"confidence_interval":{"confidence_level":0.95,"lower_bound":376.07191345734856,"upper_bound":377.9068705886414},"point_estimate":376.77804198834053,"standard_error":0.4893020930445661},"median":{"confidence_interval":{"confidence_level":0.95,"lower_bound":375.78328571428574,"upper_bound":376.03737462678737},"point_estimate":375.9129574081832,"standard_error":0.057854291603550614},"median_abs_dev":{"confidence_interval":{"confidence_level":0.95,"lower_bound":0.3294594073089471,"upper_bound":0.5538163600373236},"point_estimate":0.43598857404275565,"standard_error":0.05670224892767041},"slope":{"confidence_interval":{"confidence_level":0.95,"lower_bound":376.0237949025717,"upper_bound":376.3810099027937},"point_estimate":376.19067620764633,"standard_error":0.09156816973003835},"std_dev":{"confidence_interval":{"confidence_level":0.95,"lower_bound":0.8926624932570965,"upper_bound":8.125276593266602},"point_estimate":4.907861955369834,"standard_error":2.2276143291121855}}