{"mean":{"confidence_interval":{"confidence_level":0.95,"lower_bound":441.8155942839968,"upper_bound":443.2314182807741},"point_estimate":442.3577384388958,"standard_error":0.3769495852088933},"median":{"confidence_interval":{"confidence_level":0.95,"lower_bound":441.60603525211957,"upper_bound":441.73205066967444},"point_estimate":441.6594697879839,"standard_error":0.03779112192940166},"median_abs_dev":{"confidence_interval":{"confidence_level":0.95,"lower_bound":0.14780335469282427,"upper_bound":0.31249139545203286},"point_estimate":0.2051095720017711,"standard_error":0.04368257191911367},"slope":{"confidence_interval":{"confidence_level":0.95,"lower_bound":441.819370548432,"upper_bound":442.4083076918411},"point_estimate":442.0417814937401,"standard_error":0.15848806809112573},"std_dev":{"confidence_interval":{"confidence_level":0.95,"lower_bound":0.45657349078159376,"upper_bound":6.2737591900592244},"point_estimate":3.7778275853256846,"standard_error":1.7352476885361767}}