{"mean":{"confidence_interval":{"confidence_level":0.95,"lower_bound":5373.746105590405,"upper_bound":5430.77477332154},"point_estimate":5396.166571504238,"standard_error":15.198268065134329},"median":{"confidence_interval":{"confidence_level":0.95,"lower_bound":5368.887547953964,"upper_bound":5374.0359001837105},"point_estimate":5371.356950967344,"standard_error":1.2285401541485694},"median_abs_dev":{"confidence_interval":{"confidence_level":0.95,"lower_bound":7.77979287418886,"upper_bound":12.776180870298955},"point_estimate":10.302296167345876,"standard_error":1.3262460819585562},"slope":{"confidence_interval":{"confidence_level":0.95,"lower_bound":5373.186313957812,"upper_bound":5381.0614834526405},"point_estimate":5376.563893190098,"standard_error":2.023839237759379},"std_dev":{"confidence_interval":{"confidence_level":0.95,"lower_bound":12.02054340257686,"upper_bound":250.26304743983943},"point_estimate":152.68142080249015,"standard_error":66.75593762505665}}