{"mean":{"confidence_interval":{"confidence_level":0.95,"lower_bound":484.3638123589252,"upper_bound":487.4168134890598},"point_estimate":485.6131525364548,"standard_error":0.7973810430062745},"median":{"confidence_interval":{"confidence_level":0.95,"lower_bound":484.1638928787546,"upper_bound":484.3657926513714},"point_estimate":484.25703129105835,"standard_error":0.050568602305795914},"median_abs_dev":{"confidence_interval":{"confidence_level":0.95,"lower_bound":0.37733598939345303,"upper_bound":0.725331586818121},"point_estimate":0.5855153301808522,"standard_error":0.08747757546118502},"slope":{"confidence_interval":{"confidence_level":0.95,"lower_bound":484.2010276451013,"upper_bound":486.7496369855188},"point_estimate":485.1570476571008,"standard_error":0.6789472442908326},"std_dev":{"confidence_interval":{"confidence_level":0.95,"lower_bound":0.9469746283787178,"upper_bound":12.9850235354062},"point_estimate":8.017942889856904,"standard_error":3.208165063058311}}