{"mean":{"confidence_interval":{"confidence_level":0.95,"lower_bound":442.3553555134058,"upper_bound":443.2293856859518},"point_estimate":442.7150150561896,"standard_error":0.2284103597417223},"median":{"confidence_interval":{"confidence_level":0.95,"lower_bound":442.23321157404456,"upper_bound":442.4454375513262},"point_estimate":442.33291440815026,"standard_error":0.050853177646906625},"median_abs_dev":{"confidence_interval":{"confidence_level":0.95,"lower_bound":0.37066765130232665,"upper_bound":0.6095564056961325},"point_estimate":0.4781348671305809,"standard_error":0.06093482738231513},"slope":{"confidence_interval":{"confidence_level":0.95,"lower_bound":442.331726739199,"upper_bound":442.66151223892524},"point_estimate":442.48728174647306,"standard_error":0.08407193107229533},"std_dev":{"confidence_interval":{"confidence_level":0.95,"lower_bound":0.606206087105168,"upper_bound":3.6884806986843848},"point_estimate":2.296718213920861,"standard_error":0.8820749962753545}}