{"mean":{"confidence_interval":{"confidence_level":0.95,"lower_bound":442.04644357106724,"upper_bound":442.7892257399984},"point_estimate":442.33294167397906,"standard_error":0.2010939972567354},"median":{"confidence_interval":{"confidence_level":0.95,"lower_bound":441.93394747503123,"upper_bound":442.2216529570688},"point_estimate":442.05270316866967,"standard_error":0.0879547188255426},"median_abs_dev":{"confidence_interval":{"confidence_level":0.95,"lower_bound":0.396474731062233,"upper_bound":0.6370146806240315},"point_estimate":0.5072090242256212,"standard_error":0.06047154756557788},"slope":{"confidence_interval":{"confidence_level":0.95,"lower_bound":441.96553841280934,"upper_bound":442.2373962338099},"point_estimate":442.0965029609388,"standard_error":0.06929649483421874},"std_dev":{"confidence_interval":{"confidence_level":0.95,"lower_bound":0.5455116819853183,"upper_bound":3.3582960568085185},"point_estimate":2.021262225841752,"standard_error":0.9564510037615275}}