{"mean":{"confidence_interval":{"confidence_level":0.95,"lower_bound":5679.664556514277,"upper_bound":5705.9320280357515},"point_estimate":5689.310697305453,"standard_error":7.316029668320547},"median":{"confidence_interval":{"confidence_level":0.95,"lower_bound":5675.738550724638,"upper_bound":5679.183163265307},"point_estimate":5677.491647058823,"standard_error":0.8145205843312938},"median_abs_dev":{"confidence_interval":{"confidence_level":0.95,"lower_bound":4.748034089619108,"upper_bound":8.662870596665098},"point_estimate":6.579228937606795,"standard_error":1.0408262213757808},"slope":{"confidence_interval":{"confidence_level":0.95,"lower_bound":5679.177788973098,"upper_bound":5686.392706628298},"point_estimate":5682.353860575482,"standard_error":1.8531160863703882},"std_dev":{"confidence_interval":{"confidence_level":0.95,"lower_bound":10.28189124893494,"upper_bound":124.16031874503769},"point_estimate":73.58169560529858,"standard_error":37.843300740587495}}