{"mean":{"confidence_interval":{"confidence_level":0.95,"lower_bound":5.463191172711187,"upper_bound":5.464534414653966},"point_estimate":5.46382821499696,"standard_error":0.000343823144350377},"median":{"confidence_interval":{"confidence_level":0.95,"lower_bound":5.462834022988506,"upper_bound":5.46388608185703},"point_estimate":5.463531392357876,"standard_error":0.0003084359305657599},"median_abs_dev":{"confidence_interval":{"confidence_level":0.95,"lower_bound":0.0020500264634667922,"upper_bound":0.0033882069607698915},"point_estimate":0.0026998236100983166,"standard_error":0.00035046423770857167},"slope":{"confidence_interval":{"confidence_level":0.95,"lower_bound":5.462312729559173,"upper_bound":5.463571550250771},"point_estimate":5.462932038682655,"standard_error":0.00032232184409860626},"std_dev":{"confidence_interval":{"confidence_level":0.95,"lower_bound":0.002438305657514894,"upper_bound":0.004621813824477906},"point_estimate":0.0034512172758071327,"standard_error":0.0006095846922326705}}