{"mean":{"confidence_interval":{"confidence_level":0.95,"lower_bound":44368.38489989334,"upper_bound":45366.37557290557},"point_estimate":44803.09050850443,"standard_error":257.1516740097723},"median":{"confidence_interval":{"confidence_level":0.95,"lower_bound":44218.822924901186,"upper_bound":44295.6342447333},"point_estimate":44243.741015023625,"standard_error":17.581665670883194},"median_abs_dev":{"confidence_interval":{"confidence_level":0.95,"lower_bound":145.62444434616464,"upper_bound":275.4859687235646},"point_estimate":203.0884424089494,"standard_error":31.464798689437668},"slope":{"confidence_interval":{"confidence_level":0.95,"lower_bound":44305.0785714373,"upper_bound":44661.06824728815},"point_estimate":44458.289793434895,"standard_error":91.18810704914007},"std_dev":{"confidence_interval":{"confidence_level":0.95,"lower_bound":726.3401373383218,"upper_bound":3812.143474447254},"point_estimate":2586.13129880102,"standard_error":760.6702751767957}}