{"mean":{"confidence_interval":{"confidence_level":0.95,"lower_bound":42662.97453138136,"upper_bound":42806.81111679388},"point_estimate":42722.3727108264,"standard_error":37.42990244203636},"median":{"confidence_interval":{"confidence_level":0.95,"lower_bound":42646.53822676567,"upper_bound":42687.44007279116},"point_estimate":42664.33752417795,"standard_error":10.870311099400702},"median_abs_dev":{"confidence_interval":{"confidence_level":0.95,"lower_bound":86.26181312904122,"upper_bound":146.0482127627274},"point_estimate":120.2273978121439,"standard_error":15.85684365944358},"slope":{"confidence_interval":{"confidence_level":0.95,"lower_bound":42643.72355701836,"upper_bound":42707.94377594046},"point_estimate":42671.784721688586,"standard_error":16.40580114673558},"std_dev":{"confidence_interval":{"confidence_level":0.95,"lower_bound":123.75515735933293,"upper_bound":602.3174002817985},"point_estimate":376.54689601751556,"standard_error":142.63694644486438}}