{"mean":{"confidence_interval":{"confidence_level":0.95,"lower_bound":40278.35830267017,"upper_bound":40336.384498887666},"point_estimate":40302.751557833406,"standard_error":15.034052900024479},"median":{"confidence_interval":{"confidence_level":0.95,"lower_bound":40261.43443745082,"upper_bound":40282.85495238095},"point_estimate":40267.64678733032,"standard_error":6.5821294539591495},"median_abs_dev":{"confidence_interval":{"confidence_level":0.95,"lower_bound":35.916196162361025,"upper_bound":62.67897059954539},"point_estimate":46.12604625884955,"standard_error":7.0541418062085794},"slope":{"confidence_interval":{"confidence_level":0.95,"lower_bound":40268.43639224645,"upper_bound":40312.49002623272},"point_estimate":40286.67222639279,"standard_error":11.507012383464414},"std_dev":{"confidence_interval":{"confidence_level":0.95,"lower_bound":61.26931490884951,"upper_bound":237.84895177868503},"point_estimate":151.52752336351952,"standard_error":53.81923935183733}}