{"mean":{"confidence_interval":{"confidence_level":0.95,"lower_bound":87.06856289700963,"upper_bound":87.18629490279993},"point_estimate":87.12502407461308,"standard_error":0.030003168628829676},"median":{"confidence_interval":{"confidence_level":0.95,"lower_bound":87.06102316036353,"upper_bound":87.11676585260915},"point_estimate":87.08802231861269,"standard_error":0.013685244042766536},"median_abs_dev":{"confidence_interval":{"confidence_level":0.95,"lower_bound":0.14327817124083508,"upper_bound":0.24282271841438502},"point_estimate":0.19026933452614836,"standard_error":0.025202843739794867},"slope":{"confidence_interval":{"confidence_level":0.95,"lower_bound":87.08782689087356,"upper_bound":87.17091476420374},"point_estimate":87.12811021903987,"standard_error":0.021058513598788606},"std_dev":{"confidence_interval":{"confidence_level":0.95,"lower_bound":0.2156365437626735,"upper_bound":0.384510515832671},"point_estimate":0.30123189738600076,"standard_error":0.0436004768469523}}