{"mean":{"confidence_interval":{"confidence_level":0.95,"lower_bound":83.15743693275758,"upper_bound":83.33832926760016},"point_estimate":83.22833429995836,"standard_error":0.04804274460964614},"median":{"confidence_interval":{"confidence_level":0.95,"lower_bound":83.1611111694825,"upper_bound":83.2185469926392},"point_estimate":83.19248905366513,"standard_error":0.01580490934554327},"median_abs_dev":{"confidence_interval":{"confidence_level":0.95,"lower_bound":0.099387887347527,"upper_bound":0.18273990073724788},"point_estimate":0.13922386904478767,"standard_error":0.021440724189165202},"slope":{"confidence_interval":{"confidence_level":0.95,"lower_bound":83.17262544444341,"upper_bound":83.22025944192436},"point_estimate":83.19592467457394,"standard_error":0.012144099247568152},"std_dev":{"confidence_interval":{"confidence_level":0.95,"lower_bound":0.14474983309414513,"upper_bound":0.7987083986272663},"point_estimate":0.48293273025110345,"standard_error":0.219470609967919}}