{"mean":{"confidence_interval":{"confidence_level":0.95,"lower_bound":86.90181814270387,"upper_bound":87.06211231113843},"point_estimate":86.97359707630147,"standard_error":0.04096723560099043},"median":{"confidence_interval":{"confidence_level":0.95,"lower_bound":86.86249288863604,"upper_bound":87.01989299970431},"point_estimate":86.97151210428845,"standard_error":0.04345215204934724},"median_abs_dev":{"confidence_interval":{"confidence_level":0.95,"lower_bound":0.21070760361645696,"upper_bound":0.3222916092497529},"point_estimate":0.2795245977388411,"standard_error":0.02808787718193415},"slope":{"confidence_interval":{"confidence_level":0.95,"lower_bound":86.90441182410956,"upper_bound":87.00969025863704},"point_estimate":86.95591001097112,"standard_error":0.026865763724544207},"std_dev":{"confidence_interval":{"confidence_level":0.95,"lower_bound":0.23536811018164644,"upper_bound":0.6121755677217051},"point_estimate":0.4121908102295112,"standard_error":0.11466036896184635}}