{"mean":{"confidence_interval":{"confidence_level":0.95,"lower_bound":87.4027021383849,"upper_bound":88.04711939490863},"point_estimate":87.66676607950946,"standard_error":0.168416846930803},"median":{"confidence_interval":{"confidence_level":0.95,"lower_bound":87.3337084217976,"upper_bound":87.41285218749567},"point_estimate":87.36092154731479,"standard_error":0.020966235428538264},"median_abs_dev":{"confidence_interval":{"confidence_level":0.95,"lower_bound":0.15332239569814346,"upper_bound":0.2673578584436077},"point_estimate":0.20390223076168829,"standard_error":0.02787259894758002},"slope":{"confidence_interval":{"confidence_level":0.95,"lower_bound":87.33483114996653,"upper_bound":87.94915645780888},"point_estimate":87.56153009233331,"standard_error":0.16450517645114168},"std_dev":{"confidence_interval":{"confidence_level":0.95,"lower_bound":0.2520969999426418,"upper_bound":2.7263533438070975},"point_estimate":1.688159682754687,"standard_error":0.6619356945977752}}