{"mean":{"confidence_interval":{"confidence_level":0.95,"lower_bound":86.60880717467809,"upper_bound":87.07220078114511},"point_estimate":86.79932647441267,"standard_error":0.12184784672462608},"median":{"confidence_interval":{"confidence_level":0.95,"lower_bound":86.55962195645705,"upper_bound":86.6234059778946},"point_estimate":86.60260397225747,"standard_error":0.01840756279250072},"median_abs_dev":{"confidence_interval":{"confidence_level":0.95,"lower_bound":0.08595912103960689,"upper_bound":0.168664417591004},"point_estimate":0.12260659839762722,"standard_error":0.022249149963314712},"slope":{"confidence_interval":{"confidence_level":0.95,"lower_bound":86.61279202308461,"upper_bound":87.52856366961595},"point_estimate":86.98042337279561,"standard_error":0.24406458007657478},"std_dev":{"confidence_interval":{"confidence_level":0.95,"lower_bound":0.17188920724380596,"upper_bound":1.9229571860646637},"point_estimate":1.2240624137770855,"standard_error":0.4700955116447531}}