{"mean":{"confidence_interval":{"confidence_level":0.95,"lower_bound":21274.63193377545,"upper_bound":21354.89635833486},"point_estimate":21307.281347118016,"standard_error":21.091432985812354},"median":{"confidence_interval":{"confidence_level":0.95,"lower_bound":21263.525930851065,"upper_bound":21297.099574468084},"point_estimate":21282.91690307329,"standard_error":7.418178757947818},"median_abs_dev":{"confidence_interval":{"confidence_level":0.95,"lower_bound":43.511912575171436,"upper_bound":89.74524124252135},"point_estimate":62.711570712217956,"standard_error":12.591812090258207},"slope":{"confidence_interval":{"confidence_level":0.95,"lower_bound":21260.36663088407,"upper_bound":21298.921857848305},"point_estimate":21278.102504016675,"standard_error":9.869837909214093},"std_dev":{"confidence_interval":{"confidence_level":0.95,"lower_bound":67.62746658963007,"upper_bound":341.4278777943343},"point_estimate":210.922140025047,"standard_error":85.04408712655052}}