{"mean":{"confidence_interval":{"confidence_level":0.95,"lower_bound":10856.681266447276,"upper_bound":10869.298928139573},"point_estimate":10862.385198631731,"standard_error":3.225356703110152},"median":{"confidence_interval":{"confidence_level":0.95,"lower_bound":10852.007792480572,"upper_bound":10861.6370819398},"point_estimate":10855.740562940498,"standard_error":2.574419888150457},"median_abs_dev":{"confidence_interval":{"confidence_level":0.95,"lower_bound":15.68789851399793,"upper_bound":24.927214677617627},"point_estimate":20.779711126588204,"standard_error":2.2551381328586078},"slope":{"confidence_interval":{"confidence_level":0.95,"lower_bound":10854.846241578241,"upper_bound":10864.980165908977},"point_estimate":10859.810408054433,"standard_error":2.5886455561347517},"std_dev":{"confidence_interval":{"confidence_level":0.95,"lower_bound":19.025033527707908,"upper_bound":47.26946945236423},"point_estimate":32.35737388261549,"standard_error":8.515275550729607}}