{"mean":{"confidence_interval":{"confidence_level":0.95,"lower_bound":10981.338896560055,"upper_bound":11019.596486727765},"point_estimate":10996.344290347437,"standard_error":10.149521203550067},"median":{"confidence_interval":{"confidence_level":0.95,"lower_bound":10978.97749055667,"upper_bound":10988.10576923077},"point_estimate":10983.744899665551,"standard_error":2.2787615132686367},"median_abs_dev":{"confidence_interval":{"confidence_level":0.95,"lower_bound":13.951988420721426,"upper_bound":24.024870969122354},"point_estimate":18.365955609239684,"standard_error":2.5987147127294037},"slope":{"confidence_interval":{"confidence_level":0.95,"lower_bound":10982.14709629574,"upper_bound":11001.018221123237},"point_estimate":10990.321747482989,"standard_error":4.875230296828864},"std_dev":{"confidence_interval":{"confidence_level":0.95,"lower_bound":21.90198222339082,"upper_bound":167.95329306697468},"point_estimate":102.00083905367354,"standard_error":44.566510997724}}