{"mean":{"confidence_interval":{"confidence_level":0.95,"lower_bound":39.75384341969541,"upper_bound":41.49368481668035},"point_estimate":40.51270202840113,"standard_error":0.44793236769877076},"median":{"confidence_interval":{"confidence_level":0.95,"lower_bound":39.37225079811577,"upper_bound":39.459451811667},"point_estimate":39.42688755020899,"standard_error":0.021715195882247053},"median_abs_dev":{"confidence_interval":{"confidence_level":0.95,"lower_bound":0.13892382333907619,"upper_bound":0.2698282990007252},"point_estimate":0.1997938450056201,"standard_error":0.03284660866791785},"slope":{"confidence_interval":{"confidence_level":0.95,"lower_bound":39.503609719561304,"upper_bound":40.302310710716206},"point_estimate":39.85661275429856,"standard_error":0.2057565972617562},"std_dev":{"confidence_interval":{"confidence_level":0.95,"lower_bound":1.1105455293398143,"upper_bound":6.69488071352988},"point_estimate":4.504927857594247,"standard_error":1.3662288594668504}}