{"mean":{"confidence_interval":{"confidence_level":0.95,"lower_bound":34.89891061571032,"upper_bound":34.95270013919288},"point_estimate":34.92469407397662,"standard_error":0.013714420065132946},"median":{"confidence_interval":{"confidence_level":0.95,"lower_bound":34.87789183836139,"upper_bound":34.925818183549026},"point_estimate":34.901363936986,"standard_error":0.01086205261993851},"median_abs_dev":{"confidence_interval":{"confidence_level":0.95,"lower_bound":0.06376577405873299,"upper_bound":0.11752730438916896},"point_estimate":0.08462915331423257,"standard_error":0.01307371438395832},"slope":{"confidence_interval":{"confidence_level":0.95,"lower_bound":34.90108969686092,"upper_bound":34.9498504008252},"point_estimate":34.9244919334858,"standard_error":0.012439218351225478},"std_dev":{"confidence_interval":{"confidence_level":0.95,"lower_bound":0.09974040681965471,"upper_bound":0.17933935607760895},"point_estimate":0.13796673324759867,"standard_error":0.021156722010113604}}