{"mean":{"confidence_interval":{"confidence_level":0.95,"lower_bound":34.178044422703074,"upper_bound":34.365994215934606},"point_estimate":34.25779121523507,"standard_error":0.04891559690945951},"median":{"confidence_interval":{"confidence_level":0.95,"lower_bound":34.15021286531421,"upper_bound":34.22448321435622},"point_estimate":34.18332929176057,"standard_error":0.018559576414344702},"median_abs_dev":{"confidence_interval":{"confidence_level":0.95,"lower_bound":0.14107953639271342,"upper_bound":0.22305261103231375},"point_estimate":0.1876032272662285,"standard_error":0.021204037220027463},"slope":{"confidence_interval":{"confidence_level":0.95,"lower_bound":34.163755089349465,"upper_bound":34.24689656879869},"point_estimate":34.20400259376001,"standard_error":0.021184401635684892},"std_dev":{"confidence_interval":{"confidence_level":0.95,"lower_bound":0.17796797355037505,"upper_bound":0.7667344690455026},"point_estimate":0.4886811471401932,"standard_error":0.1690872483632013}}