{"mean":{"confidence_interval":{"confidence_level":0.95,"lower_bound":218637.77727399886,"upper_bound":218815.24855287347},"point_estimate":218724.30639200847,"standard_error":45.394095201936246},"median":{"confidence_interval":{"confidence_level":0.95,"lower_bound":218514.7676136364,"upper_bound":218752.40503978782},"point_estimate":218635.41594068584,"standard_error":56.38023987127186},"median_abs_dev":{"confidence_interval":{"confidence_level":0.95,"lower_bound":328.1289219394327,"upper_bound":586.9960972685388},"point_estimate":463.4617193139488,"standard_error":66.70345562418309},"slope":{"confidence_interval":{"confidence_level":0.95,"lower_bound":218480.55373630236,"upper_bound":218619.10515063428},"point_estimate":218547.1355590365,"standard_error":35.30680911296457},"std_dev":{"confidence_interval":{"confidence_level":0.95,"lower_bound":379.274249199487,"upper_bound":530.8923844971537},"point_estimate":454.5804304015652,"standard_error":39.03071832011715}}