{"mean":{"confidence_interval":{"confidence_level":0.95,"lower_bound":219002.16445659095,"upper_bound":219157.62077862734},"point_estimate":219078.29941207104,"standard_error":39.53463099367916},"median":{"confidence_interval":{"confidence_level":0.95,"lower_bound":218951.88533692723,"upper_bound":219061.99012998457},"point_estimate":218993.0003137255,"standard_error":36.78956420552246},"median_abs_dev":{"confidence_interval":{"confidence_level":0.95,"lower_bound":264.83088614575934,"upper_bound":490.5163005223782},"point_estimate":369.06728626824935,"standard_error":55.44873493784551},"slope":{"confidence_interval":{"confidence_level":0.95,"lower_bound":218907.25164057856,"upper_bound":219095.96007541823},"point_estimate":218994.61404876606,"standard_error":48.34631746195022},"std_dev":{"confidence_interval":{"confidence_level":0.95,"lower_bound":333.91005702536523,"upper_bound":455.12322570822533},"point_estimate":397.83568596754566,"standard_error":31.043312812050132}}