{"mean":{"confidence_interval":{"confidence_level":0.95,"lower_bound":9.008111189626415,"upper_bound":9.009658079829881},"point_estimate":9.008868004385542,"standard_error":0.0003960244073099423},"median":{"confidence_interval":{"confidence_level":0.95,"lower_bound":9.007846267026803,"upper_bound":9.00902576869243},"point_estimate":9.008385881537576,"standard_error":0.00036623629703119205},"median_abs_dev":{"confidence_interval":{"confidence_level":0.95,"lower_bound":0.00229509998234532,"upper_bound":0.004245173179888204},"point_estimate":0.003198475179695719,"standard_error":0.0005208891802655585},"slope":{"confidence_interval":{"confidence_level":0.95,"lower_bound":9.007610104377935,"upper_bound":9.009159552048471},"point_estimate":9.00837737017662,"standard_error":0.00039534721675715297},"std_dev":{"confidence_interval":{"confidence_level":0.95,"lower_bound":0.0031110270821088875,"upper_bound":0.004928182186123377},"point_estimate":0.003982651267401288,"standard_error":0.0004736129225711365}}