{"mean":{"confidence_interval":{"confidence_level":0.95,"lower_bound":1355.0858617541187,"upper_bound":1355.4637306292211},"point_estimate":1355.2377341267056,"standard_error":0.0989724276164104},"median":{"confidence_interval":{"confidence_level":0.95,"lower_bound":1355.0292065663475,"upper_bound":1355.127932309875},"point_estimate":1355.0701675095568,"standard_error":0.024512982526581746},"median_abs_dev":{"confidence_interval":{"confidence_level":0.95,"lower_bound":0.14438184686618452,"upper_bound":0.27009559084916057},"point_estimate":0.20740331546038182,"standard_error":0.031097753451114363},"slope":{"confidence_interval":{"confidence_level":0.95,"lower_bound":1355.0838616978722,"upper_bound":1355.2007651652145},"point_estimate":1355.1372601202788,"standard_error":0.02976485710190415},"std_dev":{"confidence_interval":{"confidence_level":0.95,"lower_bound":0.26876417245893836,"upper_bound":1.6267710692661947},"point_estimate":0.9992420070025115,"standard_error":0.4108976151263749}}