{"mean":{"confidence_interval":{"confidence_level":0.95,"lower_bound":85.29028058670757,"upper_bound":85.58555553303532},"point_estimate":85.41324956827663,"standard_error":0.07650220041818136},"median":{"confidence_interval":{"confidence_level":0.95,"lower_bound":85.25012706990182,"upper_bound":85.35068685301424},"point_estimate":85.28574853460908,"standard_error":0.02565694527977599},"median_abs_dev":{"confidence_interval":{"confidence_level":0.95,"lower_bound":0.16072516490029853,"upper_bound":0.2939344546342131},"point_estimate":0.2089021725225603,"standard_error":0.0352025787192027},"slope":{"confidence_interval":{"confidence_level":0.95,"lower_bound":85.27472212781464,"upper_bound":85.36841861718807},"point_estimate":85.32032717735143,"standard_error":0.02380358792089983},"std_dev":{"confidence_interval":{"confidence_level":0.95,"lower_bound":0.2349679889996587,"upper_bound":1.224944422265495},"point_estimate":0.7696192159431731,"standard_error":0.28130849926406815}}