{"mean":{"confidence_interval":{"confidence_level":0.95,"lower_bound":61.70862306705344,"upper_bound":62.42883129024062},"point_estimate":62.057254599038,"standard_error":0.18346365216012492},"median":{"confidence_interval":{"confidence_level":0.95,"lower_bound":61.519926261622935,"upper_bound":62.36880145555959},"point_estimate":61.99145229794722,"standard_error":0.19758238749574586},"median_abs_dev":{"confidence_interval":{"confidence_level":0.95,"lower_bound":1.2169050445308152,"upper_bound":1.812693005514424},"point_estimate":1.6236061801608037,"standard_error":0.1513749437688081},"slope":{"confidence_interval":{"confidence_level":0.95,"lower_bound":61.26763134280691,"upper_bound":62.27329995112489},"point_estimate":61.735212491168575,"standard_error":0.2565505465267538},"std_dev":{"confidence_interval":{"confidence_level":0.95,"lower_bound":1.3809936972380086,"upper_bound":2.301817597408928},"point_estimate":1.8494418323678132,"standard_error":0.23704302537173577}}