{"mean":{"confidence_interval":{"confidence_level":0.95,"lower_bound":3157.616119611519,"upper_bound":3169.7182436796224},"point_estimate":3161.987310461027,"standard_error":3.531385865502955},"median":{"confidence_interval":{"confidence_level":0.95,"lower_bound":3156.2330913134483,"upper_bound":3158.1548161268556},"point_estimate":3157.0868733889565,"standard_error":0.5422575433006488},"median_abs_dev":{"confidence_interval":{"confidence_level":0.95,"lower_bound":2.532617740908287,"upper_bound":4.297234095974898},"point_estimate":3.380760784400897,"standard_error":0.4918292537671384},"slope":{"confidence_interval":{"confidence_level":0.95,"lower_bound":3158.1153428525154,"upper_bound":3161.052706673235},"point_estimate":3159.383842023697,"standard_error":0.7554398584787433},"std_dev":{"confidence_interval":{"confidence_level":0.95,"lower_bound":4.124675180065747,"upper_bound":60.44221083534131},"point_estimate":35.54842395092255,"standard_error":19.514874806722315}}