{"mean":{"confidence_interval":{"confidence_level":0.95,"lower_bound":3085.6111013797386,"upper_bound":3098.2286339410516},"point_estimate":3090.264372345792,"standard_error":3.5454654499484946},"median":{"confidence_interval":{"confidence_level":0.95,"lower_bound":3084.7199540908346,"upper_bound":3086.553703703704},"point_estimate":3085.6454127657,"standard_error":0.5284864077949786},"median_abs_dev":{"confidence_interval":{"confidence_level":0.95,"lower_bound":2.7160375703496373,"upper_bound":5.187920326800626},"point_estimate":4.1032933764669615,"standard_error":0.6216180487085651},"slope":{"confidence_interval":{"confidence_level":0.95,"lower_bound":3086.4707563670668,"upper_bound":3091.595059279229},"point_estimate":3088.4819909612665,"standard_error":1.3627978606260422},"std_dev":{"confidence_interval":{"confidence_level":0.95,"lower_bound":5.516907822300828,"upper_bound":60.32770599665378},"point_estimate":35.72125424650472,"standard_error":18.56006555445241}}