{"mean":{"confidence_interval":{"confidence_level":0.95,"lower_bound":74.08026149924838,"upper_bound":74.22501973471604},"point_estimate":74.14175034925397,"standard_error":0.03756754019986222},"median":{"confidence_interval":{"confidence_level":0.95,"lower_bound":74.05398084405867,"upper_bound":74.09987111062182},"point_estimate":74.08137731318061,"standard_error":0.012210985850942878},"median_abs_dev":{"confidence_interval":{"confidence_level":0.95,"lower_bound":0.0773364333992045,"upper_bound":0.13304395000015246},"point_estimate":0.10863610729616915,"standard_error":0.01353253069458544},"slope":{"confidence_interval":{"confidence_level":0.95,"lower_bound":74.06226215766596,"upper_bound":74.143677846082},"point_estimate":74.09832549278819,"standard_error":0.020737051037610043},"std_dev":{"confidence_interval":{"confidence_level":0.95,"lower_bound":0.12461954232900897,"upper_bound":0.5860744129616555},"point_estimate":0.3776572036090215,"standard_error":0.12554336423076864}}