{"mean":{"confidence_interval":{"confidence_level":0.95,"lower_bound":71.18447211953902,"upper_bound":71.51092609686101},"point_estimate":71.31376332012793,"standard_error":0.08605558223403112},"median":{"confidence_interval":{"confidence_level":0.95,"lower_bound":71.1616238155095,"upper_bound":71.28723321629533},"point_estimate":71.20377101777149,"standard_error":0.026406977081624497},"median_abs_dev":{"confidence_interval":{"confidence_level":0.95,"lower_bound":0.21537914367566177,"upper_bound":0.36424391997855277},"point_estimate":0.2944255383166701,"standard_error":0.03841214940522674},"slope":{"confidence_interval":{"confidence_level":0.95,"lower_bound":71.2146953220638,"upper_bound":71.33489994018355},"point_estimate":71.27358413901015,"standard_error":0.030632388765029838},"std_dev":{"confidence_interval":{"confidence_level":0.95,"lower_bound":0.28131693777619876,"upper_bound":1.4299862758949176},"point_estimate":0.8689266867394975,"standard_error":0.3833717641846162}}