{"mean":{"confidence_interval":{"confidence_level":0.95,"lower_bound":74.1989336042005,"upper_bound":74.45857003598142},"point_estimate":74.3168756825904,"standard_error":0.06637610572258333},"median":{"confidence_interval":{"confidence_level":0.95,"lower_bound":74.1475942095767,"upper_bound":74.25177828744272},"point_estimate":74.18296607769587,"standard_error":0.027290620983982716},"median_abs_dev":{"confidence_interval":{"confidence_level":0.95,"lower_bound":0.15974315321818636,"upper_bound":0.2985087184673668},"point_estimate":0.23073988977893098,"standard_error":0.03834814530729026},"slope":{"confidence_interval":{"confidence_level":0.95,"lower_bound":74.19283255153289,"upper_bound":74.45290551176419},"point_estimate":74.30081581188554,"standard_error":0.06782230266004843},"std_dev":{"confidence_interval":{"confidence_level":0.95,"lower_bound":0.3606965319371533,"upper_bound":0.9110419508124201},"point_estimate":0.6637556815426585,"standard_error":0.1391420317773278}}