{"mean":{"confidence_interval":{"confidence_level":0.95,"lower_bound":73.11452590004667,"upper_bound":73.22684945397623},"point_estimate":73.16468583405454,"standard_error":0.0289253905356349},"median":{"confidence_interval":{"confidence_level":0.95,"lower_bound":73.05949420132282,"upper_bound":73.16338922016098},"point_estimate":73.10222430592987,"standard_error":0.02437667663747481},"median_abs_dev":{"confidence_interval":{"confidence_level":0.95,"lower_bound":0.12417960827053381,"upper_bound":0.2255643469763183},"point_estimate":0.1759070247657723,"standard_error":0.025822246251201015},"slope":{"confidence_interval":{"confidence_level":0.95,"lower_bound":73.07290268395977,"upper_bound":73.1388686264085},"point_estimate":73.10540407220275,"standard_error":0.01679898224664839},"std_dev":{"confidence_interval":{"confidence_level":0.95,"lower_bound":0.1670063488960349,"upper_bound":0.427332162251884},"point_estimate":0.2906898966423143,"standard_error":0.07887999049483767}}