{"mean":{"confidence_interval":{"confidence_level":0.95,"lower_bound":73168.94867127926,"upper_bound":73221.06109664962},"point_estimate":73194.56887021931,"standard_error":13.327158555562157},"median":{"confidence_interval":{"confidence_level":0.95,"lower_bound":73152.11038961039,"upper_bound":73206.72252747254},"point_estimate":73186.53205128206,"standard_error":13.216863080975857},"median_abs_dev":{"confidence_interval":{"confidence_level":0.95,"lower_bound":100.29622386860609,"upper_bound":161.03568910741828},"point_estimate":125.73299181245508,"standard_error":15.193974907863335},"slope":{"confidence_interval":{"confidence_level":0.95,"lower_bound":73154.21380457701,"upper_bound":73208.55217570919},"point_estimate":73180.62599463784,"standard_error":13.888700209401597},"std_dev":{"confidence_interval":{"confidence_level":0.95,"lower_bound":112.82658253170734,"upper_bound":152.70173819839667},"point_estimate":133.7700840698077,"standard_error":10.156266650122909}}