{"mean":{"confidence_interval":{"confidence_level":0.95,"lower_bound":48.81051326451638,"upper_bound":48.83632855953425},"point_estimate":48.82262496653845,"standard_error":0.00660138358317281},"median":{"confidence_interval":{"confidence_level":0.95,"lower_bound":48.801620564403464,"upper_bound":48.82294137735191},"point_estimate":48.81423425293235,"standard_error":0.004698270881255967},"median_abs_dev":{"confidence_interval":{"confidence_level":0.95,"lower_bound":0.03318552495488574,"upper_bound":0.05316901798636512},"point_estimate":0.044717367378678104,"standard_error":0.004711899477010181},"slope":{"confidence_interval":{"confidence_level":0.95,"lower_bound":48.79810459265859,"upper_bound":48.81575288787677},"point_estimate":48.80694846684415,"standard_error":0.00449734235686784},"std_dev":{"confidence_interval":{"confidence_level":0.95,"lower_bound":0.04302947835931553,"upper_bound":0.08784783160896369},"point_estimate":0.06623589232760915,"standard_error":0.011601897876898101}}