{"mean":{"confidence_interval":{"confidence_level":0.95,"lower_bound":48.87979677548761,"upper_bound":48.901853367080264},"point_estimate":48.89089091971186,"standard_error":0.005616453691777681},"median":{"confidence_interval":{"confidence_level":0.95,"lower_bound":48.878569127703145,"upper_bound":48.90523099806634},"point_estimate":48.8890681433067,"standard_error":0.005681200801746775},"median_abs_dev":{"confidence_interval":{"confidence_level":0.95,"lower_bound":0.039845382423634126,"upper_bound":0.06304517220643503},"point_estimate":0.05103467287753865,"standard_error":0.005500116872835835},"slope":{"confidence_interval":{"confidence_level":0.95,"lower_bound":48.88382255984461,"upper_bound":48.90370124378804},"point_estimate":48.89360395879057,"standard_error":0.005070280626588349},"std_dev":{"confidence_interval":{"confidence_level":0.95,"lower_bound":0.046373775391656304,"upper_bound":0.06599774816653017},"point_estimate":0.056374619870434205,"standard_error":0.005030738447091134}}