{"mean":{"confidence_interval":{"confidence_level":0.95,"lower_bound":573.131031585971,"upper_bound":573.1904049791586},"point_estimate":573.1592230392791,"standard_error":0.015138030403947192},"median":{"confidence_interval":{"confidence_level":0.95,"lower_bound":573.110884951043,"upper_bound":573.1533392137096},"point_estimate":573.1284158536425,"standard_error":0.011470743775229055},"median_abs_dev":{"confidence_interval":{"confidence_level":0.95,"lower_bound":0.06528894518380482,"upper_bound":0.11142060160263556},"point_estimate":0.08130312065845256,"standard_error":0.011476345859963252},"slope":{"confidence_interval":{"confidence_level":0.95,"lower_bound":573.1252392983984,"upper_bound":573.1573765159679},"point_estimate":573.1406683065694,"standard_error":0.00819247457052469},"std_dev":{"confidence_interval":{"confidence_level":0.95,"lower_bound":0.1089941121566459,"upper_bound":0.1978179627086346},"point_estimate":0.1519162233119444,"standard_error":0.023500871202064334}}