{"mean":{"confidence_interval":{"confidence_level":0.95,"lower_bound":572.9113363854086,"upper_bound":573.0126180263572},"point_estimate":572.9583467932907,"standard_error":0.025890649120278157},"median":{"confidence_interval":{"confidence_level":0.95,"lower_bound":572.8751197318007,"upper_bound":572.9565736016629},"point_estimate":572.9157847743137,"standard_error":0.021085492701323955},"median_abs_dev":{"confidence_interval":{"confidence_level":0.95,"lower_bound":0.1087515240240539,"upper_bound":0.1775666633092519},"point_estimate":0.14041478700363577,"standard_error":0.017867842597108108},"slope":{"confidence_interval":{"confidence_level":0.95,"lower_bound":572.8918857552277,"upper_bound":572.9917498872196},"point_estimate":572.9348897888856,"standard_error":0.02569679389253905},"std_dev":{"confidence_interval":{"confidence_level":0.95,"lower_bound":0.16311758851754996,"upper_bound":0.35025402006886086},"point_estimate":0.260044487275266,"standard_error":0.04837341401870769}}