{"mean":{"confidence_interval":{"confidence_level":0.95,"lower_bound":28474.025873726776,"upper_bound":28535.524551832637},"point_estimate":28504.682373099997,"standard_error":15.696636121434043},"median":{"confidence_interval":{"confidence_level":0.95,"lower_bound":28486.571236171236,"upper_bound":28541.996598639456},"point_estimate":28510.071175373134,"standard_error":14.99003139648937},"median_abs_dev":{"confidence_interval":{"confidence_level":0.95,"lower_bound":91.01039722674926,"upper_bound":191.6855638750669},"point_estimate":144.83245120158082,"standard_error":27.34580852317934},"slope":{"confidence_interval":{"confidence_level":0.95,"lower_bound":28537.385746838103,"upper_bound":28626.330565644916},"point_estimate":28581.76753378792,"standard_error":22.65543268010191},"std_dev":{"confidence_interval":{"confidence_level":0.95,"lower_bound":133.9105451280968,"upper_bound":179.77033283027725},"point_estimate":157.91231608960695,"standard_error":11.709937420343069}}