{"mean":{"confidence_interval":{"confidence_level":0.95,"lower_bound":29297.454291020764,"upper_bound":29343.493266601065},"point_estimate":29320.469566175943,"standard_error":11.789794379451811},"median":{"confidence_interval":{"confidence_level":0.95,"lower_bound":29300.4048741581,"upper_bound":29355.485714285714},"point_estimate":29323.524404761905,"standard_error":14.351667165287255},"median_abs_dev":{"confidence_interval":{"confidence_level":0.95,"lower_bound":89.86523227123915,"upper_bound":147.6168793207603},"point_estimate":115.56095173043411,"standard_error":14.519375165231853},"slope":{"confidence_interval":{"confidence_level":0.95,"lower_bound":29275.35176798407,"upper_bound":29356.00396391215},"point_estimate":29315.700095167726,"standard_error":20.620594471659494},"std_dev":{"confidence_interval":{"confidence_level":0.95,"lower_bound":99.73757758081311,"upper_bound":136.67875347102435},"point_estimate":118.26275015625478,"standard_error":9.512015186968384}}