{"mean":{"confidence_interval":{"confidence_level":0.95,"lower_bound":38291.027306194104,"upper_bound":38320.92016395811},"point_estimate":38305.32287628131,"standard_error":7.627752611570502},"median":{"confidence_interval":{"confidence_level":0.95,"lower_bound":38279.42482517483,"upper_bound":38301.71533228676},"point_estimate":38291.80189842209,"standard_error":5.5904895227374425},"median_abs_dev":{"confidence_interval":{"confidence_level":0.95,"lower_bound":40.3509795900478,"upper_bound":64.3396245853936},"point_estimate":48.57857108067267,"standard_error":6.28772432319772},"slope":{"confidence_interval":{"confidence_level":0.95,"lower_bound":38285.4025672022,"upper_bound":38321.72721649661},"point_estimate":38302.97224096577,"standard_error":9.243389702767285},"std_dev":{"confidence_interval":{"confidence_level":0.95,"lower_bound":57.93288238713384,"upper_bound":94.54930755808334},"point_estimate":76.77361381675018,"standard_error":9.40090762145425}}