{"mean":{"confidence_interval":{"confidence_level":0.95,"lower_bound":38327.599802410805,"upper_bound":38358.967935714405},"point_estimate":38343.1067707546,"standard_error":8.01325080166601},"median":{"confidence_interval":{"confidence_level":0.95,"lower_bound":38324.11538461538,"upper_bound":38354.883629191325},"point_estimate":38342.33550211742,"standard_error":7.880522729932986},"median_abs_dev":{"confidence_interval":{"confidence_level":0.95,"lower_bound":49.24063507279005,"upper_bound":81.7992257947167},"point_estimate":67.36509494570784,"standard_error":8.059820804721452},"slope":{"confidence_interval":{"confidence_level":0.95,"lower_bound":38320.28165311449,"upper_bound":38348.41197826272},"point_estimate":38334.421621329755,"standard_error":7.1896553821803435},"std_dev":{"confidence_interval":{"confidence_level":0.95,"lower_bound":65.65835690567684,"upper_bound":93.72739358250985},"point_estimate":80.47563904307306,"standard_error":7.158401985360706}}