{"mean":{"confidence_interval":{"confidence_level":0.95,"lower_bound":38214.57580125468,"upper_bound":38236.90765423626},"point_estimate":38225.71498071386,"standard_error":5.70340282453549},"median":{"confidence_interval":{"confidence_level":0.95,"lower_bound":38209.99230769231,"upper_bound":38243.01520772674},"point_estimate":38221.63752508361,"standard_error":7.2223906091978245},"median_abs_dev":{"confidence_interval":{"confidence_level":0.95,"lower_bound":48.14648376061422,"upper_bound":69.92427118176404},"point_estimate":59.84488503893863,"standard_error":5.336634492305099},"slope":{"confidence_interval":{"confidence_level":0.95,"lower_bound":38218.59295345175,"upper_bound":38248.62455665212},"point_estimate":38233.50002932785,"standard_error":7.646362282102506},"std_dev":{"confidence_interval":{"confidence_level":0.95,"lower_bound":49.67049754602696,"upper_bound":64.19694137896522},"point_estimate":57.33132644560904,"standard_error":3.7132039611277774}}