{"mean":{"confidence_interval":{"confidence_level":0.95,"lower_bound":38430.8675051838,"upper_bound":38459.982397970925},"point_estimate":38445.096818476195,"standard_error":7.4472633555140195},"median":{"confidence_interval":{"confidence_level":0.95,"lower_bound":38428.77283653846,"upper_bound":38459.242603550294},"point_estimate":38444.546201110716,"standard_error":7.333451538565266},"median_abs_dev":{"confidence_interval":{"confidence_level":0.95,"lower_bound":54.32479384470383,"upper_bound":85.96239789314448},"point_estimate":72.41946306341222,"standard_error":8.040909089040133},"slope":{"confidence_interval":{"confidence_level":0.95,"lower_bound":38431.405788840304,"upper_bound":38460.09221669013},"point_estimate":38445.76751622694,"standard_error":7.336209716846072},"std_dev":{"confidence_interval":{"confidence_level":0.95,"lower_bound":60.09274185909165,"upper_bound":91.60977062280338},"point_estimate":74.94629841429297,"standard_error":8.237189538289167}}