{"mean":{"confidence_interval":{"confidence_level":0.95,"lower_bound":38426.456265934394,"upper_bound":38494.03803980759},"point_estimate":38458.985207053986,"standard_error":17.248296663253484},"median":{"confidence_interval":{"confidence_level":0.95,"lower_bound":38417.386432926825,"upper_bound":38466.20022624434},"point_estimate":38436.23035714286,"standard_error":12.209825854220414},"median_abs_dev":{"confidence_interval":{"confidence_level":0.95,"lower_bound":103.96820043230156,"upper_bound":171.44014517115258},"point_estimate":135.80820979306472,"standard_error":17.571807022377612},"slope":{"confidence_interval":{"confidence_level":0.95,"lower_bound":38446.01591336382,"upper_bound":38513.37072545449},"point_estimate":38478.79893942322,"standard_error":17.163631894304242},"std_dev":{"confidence_interval":{"confidence_level":0.95,"lower_bound":129.27615457445754,"upper_bound":224.33974163057024},"point_estimate":173.7233557291708,"standard_error":25.6756193425388}}