{"mean":{"confidence_interval":{"confidence_level":0.95,"lower_bound":318.29967363208,"upper_bound":319.35635775479795},"point_estimate":318.69462081083685,"standard_error":0.29234541449294915},"median":{"confidence_interval":{"confidence_level":0.95,"lower_bound":318.16756263678246,"upper_bound":318.37876000367953},"point_estimate":318.26134005866777,"standard_error":0.05170411482270055},"median_abs_dev":{"confidence_interval":{"confidence_level":0.95,"lower_bound":0.31587232958318734,"upper_bound":0.5300181992638646},"point_estimate":0.4331043679562898,"standard_error":0.054532377446291525},"slope":{"confidence_interval":{"confidence_level":0.95,"lower_bound":318.3869055688459,"upper_bound":318.77954721815985},"point_estimate":318.5567299860855,"standard_error":0.10125651168745041},"std_dev":{"confidence_interval":{"confidence_level":0.95,"lower_bound":0.5432069689843249,"upper_bound":4.948185085615658},"point_estimate":2.9432039516654793,"standard_error":1.4804734881439257}}