{"mean":{"confidence_interval":{"confidence_level":0.95,"lower_bound":326.03973968883037,"upper_bound":327.13703857988907},"point_estimate":326.4532290533341,"standard_error":0.3002211790255977},"median":{"confidence_interval":{"confidence_level":0.95,"lower_bound":325.99851897709414,"upper_bound":326.2172404514537},"point_estimate":326.1180227000307,"standard_error":0.051679370493585626},"median_abs_dev":{"confidence_interval":{"confidence_level":0.95,"lower_bound":0.3423573271095043,"upper_bound":0.5825916022714313},"point_estimate":0.42873424206485006,"standard_error":0.06412426081597039},"slope":{"confidence_interval":{"confidence_level":0.95,"lower_bound":326.13989385560774,"upper_bound":326.49789817085775},"point_estimate":326.2963869242213,"standard_error":0.09255076365724896},"std_dev":{"confidence_interval":{"confidence_level":0.95,"lower_bound":0.6669327022078886,"upper_bound":5.044701378867329},"point_estimate":3.007507532207291,"standard_error":1.4820574422737771}}