{"mean":{"confidence_interval":{"confidence_level":0.95,"lower_bound":334.2369444206643,"upper_bound":335.6267683678059},"point_estimate":334.82478261196445,"standard_error":0.3596515859979904},"median":{"confidence_interval":{"confidence_level":0.95,"lower_bound":334.0688838598292,"upper_bound":334.27010184459795},"point_estimate":334.15284408105913,"standard_error":0.05597185226684954},"median_abs_dev":{"confidence_interval":{"confidence_level":0.95,"lower_bound":0.3070286548214669,"upper_bound":0.5303103349563226},"point_estimate":0.41101493718288623,"standard_error":0.055026475322203464},"slope":{"confidence_interval":{"confidence_level":0.95,"lower_bound":334.22857888397414,"upper_bound":335.1691029255306},"point_estimate":334.63823630277716,"standard_error":0.2418881963832133},"std_dev":{"confidence_interval":{"confidence_level":0.95,"lower_bound":0.7572071444376657,"upper_bound":5.542290886245788},"point_estimate":3.619173482186612,"standard_error":1.2399923923369738}}