{"mean":{"confidence_interval":{"confidence_level":0.95,"lower_bound":6047.785699572553,"upper_bound":6048.911591584645},"point_estimate":6048.309774637622,"standard_error":0.2867718128115697},"median":{"confidence_interval":{"confidence_level":0.95,"lower_bound":6047.86106271777,"upper_bound":6048.4159314997405},"point_estimate":6048.159424988122,"standard_error":0.15788102065264564},"median_abs_dev":{"confidence_interval":{"confidence_level":0.95,"lower_bound":0.9909635474324837,"upper_bound":2.252577363535349},"point_estimate":1.4438112184309069,"standard_error":0.3166561032166802},"slope":{"confidence_interval":{"confidence_level":0.95,"lower_bound":6048.255161598708,"upper_bound":6048.955924056229},"point_estimate":6048.570387137002,"standard_error":0.17853024382958332},"std_dev":{"confidence_interval":{"confidence_level":0.95,"lower_bound":1.7663296941554683,"upper_bound":4.103401145075305},"point_estimate":2.880330368783327,"standard_error":0.6491213646419056}}