{"mean":{"confidence_interval":{"confidence_level":0.95,"lower_bound":6055.79377399372,"upper_bound":6056.948858746682},"point_estimate":6056.328037494714,"standard_error":0.29509243575954686},"median":{"confidence_interval":{"confidence_level":0.95,"lower_bound":6055.164141414141,"upper_bound":6056.283215661104},"point_estimate":6055.65795145718,"standard_error":0.31745451900509136},"median_abs_dev":{"confidence_interval":{"confidence_level":0.95,"lower_bound":1.305776403700523,"upper_bound":2.2046062390183576},"point_estimate":1.7373985323537817,"standard_error":0.22940460458050266},"slope":{"confidence_interval":{"confidence_level":0.95,"lower_bound":6055.211568371141,"upper_bound":6056.296470500691},"point_estimate":6055.70677048229,"standard_error":0.2775333482201411},"std_dev":{"confidence_interval":{"confidence_level":0.95,"lower_bound":1.8082331026897436,"upper_bound":4.018248443531383},"point_estimate":2.9606446049172663,"standard_error":0.571340565470957}}