{"mean":{"confidence_interval":{"confidence_level":0.95,"lower_bound":6274.006005863969,"upper_bound":6289.789225967956},"point_estimate":6282.189803963029,"standard_error":4.036836739418509},"median":{"confidence_interval":{"confidence_level":0.95,"lower_bound":6278.229676968601,"upper_bound":6293.353734872722},"point_estimate":6282.719761441091,"standard_error":4.313868443785488},"median_abs_dev":{"confidence_interval":{"confidence_level":0.95,"lower_bound":24.639842064464784,"upper_bound":40.154370864634714},"point_estimate":31.6613952241681,"standard_error":3.9778144988591366},"slope":{"confidence_interval":{"confidence_level":0.95,"lower_bound":6271.190383494157,"upper_bound":6285.134532190022},"point_estimate":6278.35681449252,"standard_error":3.5636408140496303},"std_dev":{"confidence_interval":{"confidence_level":0.95,"lower_bound":30.379460346107045,"upper_bound":51.741671006195375},"point_estimate":40.695369604694534,"standard_error":5.599091458946893}}