{"mean":{"confidence_interval":{"confidence_level":0.95,"lower_bound":1078.4934126146231,"upper_bound":1099.4038553866465},"point_estimate":1087.4131703236378,"standard_error":5.415171322432913},"median":{"confidence_interval":{"confidence_level":0.95,"lower_bound":1076.4733133433283,"upper_bound":1076.9074090505767},"point_estimate":1076.6267233342828,"standard_error":0.10450999440315385},"median_abs_dev":{"confidence_interval":{"confidence_level":0.95,"lower_bound":0.7401345640218069,"upper_bound":1.2489432671366618},"point_estimate":0.971233564498834,"standard_error":0.13668348536562366},"slope":{"confidence_interval":{"confidence_level":0.95,"lower_bound":1077.14525637382,"upper_bound":1083.6132857946668},"point_estimate":1079.7753367011262,"standard_error":1.6813543411185192},"std_dev":{"confidence_interval":{"confidence_level":0.95,"lower_bound":16.743988578162167,"upper_bound":80.10378140386592},"point_estimate":54.26645432423036,"standard_error":16.29035350774069}}