{"mean":{"confidence_interval":{"confidence_level":0.95,"lower_bound":1041.2328987589628,"upper_bound":1043.0907743158107},"point_estimate":1042.0584896060982,"standard_error":0.47874052345750384},"median":{"confidence_interval":{"confidence_level":0.95,"lower_bound":1040.6268094055529,"upper_bound":1041.3802346736102},"point_estimate":1040.9996689984414,"standard_error":0.1731970015837012},"median_abs_dev":{"confidence_interval":{"confidence_level":0.95,"lower_bound":1.2048756990060996,"upper_bound":2.0587721807646067},"point_estimate":1.640718941801693,"standard_error":0.20971777567379687},"slope":{"confidence_interval":{"confidence_level":0.95,"lower_bound":1041.2466405563637,"upper_bound":1042.9821878317641},"point_estimate":1042.01412756314,"standard_error":0.4471060345558903},"std_dev":{"confidence_interval":{"confidence_level":0.95,"lower_bound":1.921324279705006,"upper_bound":6.8441853878926056},"point_estimate":4.8030447225366295,"standard_error":1.2050107878074134}}