{"mean":{"confidence_interval":{"confidence_level":0.95,"lower_bound":27.175684464459604,"upper_bound":27.19159898247865},"point_estimate":27.183511319775416,"standard_error":0.004063324636023347},"median":{"confidence_interval":{"confidence_level":0.95,"lower_bound":27.170739321278134,"upper_bound":27.189556541171953},"point_estimate":27.183686844526832,"standard_error":0.0047168285038955505},"median_abs_dev":{"confidence_interval":{"confidence_level":0.95,"lower_bound":0.023436330019081176,"upper_bound":0.03871492440900173},"point_estimate":0.030046070873544422,"standard_error":0.003935944051252267},"slope":{"confidence_interval":{"confidence_level":0.95,"lower_bound":27.164444998880487,"upper_bound":27.1818506989302},"point_estimate":27.173341643916736,"standard_error":0.0044645915559276194},"std_dev":{"confidence_interval":{"confidence_level":0.95,"lower_bound":0.03295161076100515,"upper_bound":0.047714987664313854},"point_estimate":0.04074148528048616,"standard_error":0.003781407918098678}}