{"mean":{"confidence_interval":{"confidence_level":0.95,"lower_bound":2347144.659772727,"upper_bound":2359668.6244090903},"point_estimate":2351633.389090908,"standard_error":3645.6465160396856},"median":{"confidence_interval":{"confidence_level":0.95,"lower_bound":2345588.909090909,"upper_bound":2347339.4318181816},"point_estimate":2346606.7727272725,"standard_error":424.76540251638727},"median_abs_dev":{"confidence_interval":{"confidence_level":0.95,"lower_bound":2530.865545976838,"upper_bound":4430.716325884547},"point_estimate":3625.2264992754767,"standard_error":465.68636603204175},"slope":null,"std_dev":{"confidence_interval":{"confidence_level":0.95,"lower_bound":3802.2242892815048,"upper_bound":62334.99457041551},"point_estimate":36650.95690300846,"standard_error":20146.77616114424}}