{"mean":{"confidence_interval":{"confidence_level":0.95,"lower_bound":2191043.5948437494,"upper_bound":2196149.3805833342},"point_estimate":2193154.341666667,"standard_error":1330.9338949807586},"median":{"confidence_interval":{"confidence_level":0.95,"lower_bound":2189785.5833333335,"upper_bound":2190743.2083333335},"point_estimate":2190327.729166667,"standard_error":245.32425525009657},"median_abs_dev":{"confidence_interval":{"confidence_level":0.95,"lower_bound":1133.7565548713374,"upper_bound":2155.6694742289865},"point_estimate":1706.7505571994657,"standard_error":259.48029274909663},"slope":null,"std_dev":{"confidence_interval":{"confidence_level":0.95,"lower_bound":2951.581447100999,"upper_bound":21129.03575893977},"point_estimate":13336.769058731055,"standard_error":4971.610925635814}}