{"mean":{"confidence_interval":{"confidence_level":0.95,"lower_bound":2165746.047770833,"upper_bound":2184388.1695729177},"point_estimate":2175948.335,"standard_error":4799.447377958706},"median":{"confidence_interval":{"confidence_level":0.95,"lower_bound":2188821.0416666665,"upper_bound":2190021.833333333},"point_estimate":2189430.5,"standard_error":268.87848203663555},"median_abs_dev":{"confidence_interval":{"confidence_level":0.95,"lower_bound":1752.186068892709,"upper_bound":3146.231581643339},"point_estimate":2727.335314080119,"standard_error":370.3702626256071},"slope":null,"std_dev":{"confidence_interval":{"confidence_level":0.95,"lower_bound":28393.312554648197,"upper_bound":61415.46706907029},"point_estimate":48162.36067229867,"standard_error":8282.08694648342}}