{"mean":{"confidence_interval":{"confidence_level":0.95,"lower_bound":21627.336539626744,"upper_bound":21685.61023661637},"point_estimate":21656.09452367478,"standard_error":14.915998319131822},"median":{"confidence_interval":{"confidence_level":0.95,"lower_bound":21594.349308300396,"upper_bound":21688.891304347828},"point_estimate":21629.2702294686,"standard_error":28.868351158740737},"median_abs_dev":{"confidence_interval":{"confidence_level":0.95,"lower_bound":120.52951635502707,"upper_bound":180.90029587880406},"point_estimate":156.10806149538092,"standard_error":15.4508829244006},"slope":{"confidence_interval":{"confidence_level":0.95,"lower_bound":21614.279647776304,"upper_bound":21671.597019963257},"point_estimate":21641.87760166023,"standard_error":14.658207712741673},"std_dev":{"confidence_interval":{"confidence_level":0.95,"lower_bound":126.0341203114401,"upper_bound":173.0570469975425},"point_estimate":149.93147645175182,"standard_error":12.082184637764653}}