{"mean":{"confidence_interval":{"confidence_level":0.95,"lower_bound":21199.965725403847,"upper_bound":21309.19941450571},"point_estimate":21242.85103297799,"standard_error":28.9990126864946},"median":{"confidence_interval":{"confidence_level":0.95,"lower_bound":21183.464277715564,"upper_bound":21223.787234042553},"point_estimate":21201.347275170436,"standard_error":9.247976935259619},"median_abs_dev":{"confidence_interval":{"confidence_level":0.95,"lower_bound":52.12591913871836,"upper_bound":82.27136522024306},"point_estimate":72.28685257351773,"standard_error":7.585857209703189},"slope":{"confidence_interval":{"confidence_level":0.95,"lower_bound":21192.51153254289,"upper_bound":21275.616760036053},"point_estimate":21225.174908520385,"standard_error":21.93461181578495},"std_dev":{"confidence_interval":{"confidence_level":0.95,"lower_bound":68.173282930609,"upper_bound":480.6657501510185},"point_estimate":291.43543018840427,"standard_error":128.87014868929737}}