{"mean":{"confidence_interval":{"confidence_level":0.95,"lower_bound":48.146015557757444,"upper_bound":48.2617306539096},"point_estimate":48.191468261097086,"standard_error":0.030716291010609537},"median":{"confidence_interval":{"confidence_level":0.95,"lower_bound":48.12059239051006,"upper_bound":48.19080560562511},"point_estimate":48.166093722616836,"standard_error":0.019112501737783227},"median_abs_dev":{"confidence_interval":{"confidence_level":0.95,"lower_bound":0.10381981217354386,"upper_bound":0.1607815300851766},"point_estimate":0.14319645767546152,"standard_error":0.014557203942712165},"slope":{"confidence_interval":{"confidence_level":0.95,"lower_bound":48.15751229569346,"upper_bound":48.21113953528282},"point_estimate":48.184823221257155,"standard_error":0.013677924374974908},"std_dev":{"confidence_interval":{"confidence_level":0.95,"lower_bound":0.10433739720071455,"upper_bound":0.50636675745004},"point_estimate":0.30796738626931985,"standard_error":0.13763826975569737}}