{"mean":{"confidence_interval":{"confidence_level":0.95,"lower_bound":105445.83022876238,"upper_bound":105496.26005433497},"point_estimate":105470.33399440207,"standard_error":12.834069093564482},"median":{"confidence_interval":{"confidence_level":0.95,"lower_bound":105412.94545454545,"upper_bound":105479.54583333334},"point_estimate":105446.78404565323,"standard_error":20.087653636211535},"median_abs_dev":{"confidence_interval":{"confidence_level":0.95,"lower_bound":90.62650054686283,"upper_bound":147.02427513045018},"point_estimate":122.95244680552864,"standard_error":15.166124168789967},"slope":{"confidence_interval":{"confidence_level":0.95,"lower_bound":105380.51490637941,"upper_bound":105421.48349424747},"point_estimate":105399.13639751736,"standard_error":10.461563387493257},"std_dev":{"confidence_interval":{"confidence_level":0.95,"lower_bound":102.08120653193767,"upper_bound":156.3853574458288},"point_estimate":128.67024625756903,"standard_error":14.07308750592265}}