{"mean":{"confidence_interval":{"confidence_level":0.95,"lower_bound":105826.75446780259,"upper_bound":105943.71566652229},"point_estimate":105882.99243255492,"standard_error":29.825530448794662},"median":{"confidence_interval":{"confidence_level":0.95,"lower_bound":105724.127,"upper_bound":105833.79090909091},"point_estimate":105762.37119763205,"standard_error":26.98032461609389},"median_abs_dev":{"confidence_interval":{"confidence_level":0.95,"lower_bound":129.9908453303023,"upper_bound":289.4961093096221},"point_estimate":197.66873513937708,"standard_error":37.957652867591115},"slope":{"confidence_interval":{"confidence_level":0.95,"lower_bound":105678.34060782136,"upper_bound":105734.75640437275},"point_estimate":105704.01638658195,"standard_error":14.38565980961297},"std_dev":{"confidence_interval":{"confidence_level":0.95,"lower_bound":237.70157017951158,"upper_bound":356.5513215300658},"point_estimate":299.7445770983085,"standard_error":30.381477774660464}}