{"mean":{"confidence_interval":{"confidence_level":0.95,"lower_bound":18245.36676047137,"upper_bound":18346.20978403108},"point_estimate":18283.28679170014,"standard_error":27.603840439501422},"median":{"confidence_interval":{"confidence_level":0.95,"lower_bound":18231.173405698777,"upper_bound":18259.327977448906},"point_estimate":18245.42266233766,"standard_error":6.491268844284106},"median_abs_dev":{"confidence_interval":{"confidence_level":0.95,"lower_bound":36.551999569835836,"upper_bound":60.95464430904148},"point_estimate":47.44828356103217,"standard_error":6.236012315657939},"slope":{"confidence_interval":{"confidence_level":0.95,"lower_bound":18241.796074899765,"upper_bound":18262.439532647863},"point_estimate":18251.876373738865,"standard_error":5.2734024077411155},"std_dev":{"confidence_interval":{"confidence_level":0.95,"lower_bound":53.64173976200116,"upper_bound":463.6629860298196},"point_estimate":276.77134029608914,"standard_error":136.28126792738314}}