{"mean":{"confidence_interval":{"confidence_level":0.95,"lower_bound":8245.172865658333,"upper_bound":8246.488962077508},"point_estimate":8245.803518831908,"standard_error":0.33655690186180415},"median":{"confidence_interval":{"confidence_level":0.95,"lower_bound":8244.482932087674,"upper_bound":8245.439528320903},"point_estimate":8244.982043198443,"standard_error":0.23595459884884418},"median_abs_dev":{"confidence_interval":{"confidence_level":0.95,"lower_bound":1.4966651690553847,"upper_bound":2.577131232475327},"point_estimate":2.002938548685829,"standard_error":0.2568111365008378},"slope":{"confidence_interval":{"confidence_level":0.95,"lower_bound":8245.451312853407,"upper_bound":8246.80635815326},"point_estimate":8246.073360217975,"standard_error":0.34701361592841207},"std_dev":{"confidence_interval":{"confidence_level":0.95,"lower_bound":2.4938184744243137,"upper_bound":4.16386252726399},"point_estimate":3.376360586901761,"standard_error":0.4282546545023023}}