{"mean":{"confidence_interval":{"confidence_level":0.95,"lower_bound":2449.3828219649636,"upper_bound":2453.094332318309},"point_estimate":2451.2263002256295,"standard_error":0.9489277974285404},"median":{"confidence_interval":{"confidence_level":0.95,"lower_bound":2449.211729260278,"upper_bound":2454.0425628315843},"point_estimate":2451.4173176485006,"standard_error":1.343744842027553},"median_abs_dev":{"confidence_interval":{"confidence_level":0.95,"lower_bound":6.298786942457515,"upper_bound":10.569800223231008},"point_estimate":8.570145675122248,"standard_error":1.087482151797105},"slope":{"confidence_interval":{"confidence_level":0.95,"lower_bound":2450.123961464673,"upper_bound":2453.847895310483},"point_estimate":2452.031799760992,"standard_error":0.9499943064776801},"std_dev":{"confidence_interval":{"confidence_level":0.95,"lower_bound":7.99166269006095,"upper_bound":10.966983736722748},"point_estimate":9.546191989099292,"standard_error":0.7622129672221309}}