{"mean":{"confidence_interval":{"confidence_level":0.95,"lower_bound":2458.486040560953,"upper_bound":2459.0937121885245},"point_estimate":2458.7758292477142,"standard_error":0.15516613676010096},"median":{"confidence_interval":{"confidence_level":0.95,"lower_bound":2458.259807833296,"upper_bound":2458.727749435566},"point_estimate":2458.487561239422,"standard_error":0.1200521645688868},"median_abs_dev":{"confidence_interval":{"confidence_level":0.95,"lower_bound":0.6733360897191696,"upper_bound":1.3126920174501653},"point_estimate":0.9784953030510882,"standard_error":0.1609130530845712},"slope":{"confidence_interval":{"confidence_level":0.95,"lower_bound":2458.2841464734174,"upper_bound":2458.869826879853},"point_estimate":2458.560081427127,"standard_error":0.14978757062500442},"std_dev":{"confidence_interval":{"confidence_level":0.95,"lower_bound":1.1645425364284299,"upper_bound":1.9226194230227225},"point_estimate":1.5600391762188441,"standard_error":0.19397970576245177}}