{"mean":{"confidence_interval":{"confidence_level":0.95,"lower_bound":358.9286554617689,"upper_bound":375.0914755392012},"point_estimate":367.16366937361266,"standard_error":4.121439562746638},"median":{"confidence_interval":{"confidence_level":0.95,"lower_bound":352.91834577114423,"upper_bound":373.06710867619904},"point_estimate":361.7968090365781,"standard_error":5.3276946016521105},"median_abs_dev":{"confidence_interval":{"confidence_level":0.95,"lower_bound":14.127835991562337,"upper_bound":35.70704607038595},"point_estimate":21.752870108510326,"standard_error":5.649928702383049},"slope":{"confidence_interval":{"confidence_level":0.95,"lower_bound":388.5406582098864,"upper_bound":402.6555699998982},"point_estimate":395.77583529375437,"standard_error":3.5939179227555704},"std_dev":{"confidence_interval":{"confidence_level":0.95,"lower_bound":32.78870802745228,"upper_bound":49.18180307422908},"point_estimate":41.47917955437955,"standard_error":4.190263751668398}}