{"mean":{"confidence_interval":{"confidence_level":0.95,"lower_bound":223.22909265704305,"upper_bound":239.41468578190782},"point_estimate":231.17569988026386,"standard_error":4.138228763015161},"median":{"confidence_interval":{"confidence_level":0.95,"lower_bound":199.710638832998,"upper_bound":232.02464788732394},"point_estimate":201.24867244339893,"standard_error":8.62125719244461},"median_abs_dev":{"confidence_interval":{"confidence_level":0.95,"lower_bound":4.278961609390653,"upper_bound":50.729579381060056},"point_estimate":8.256911793123491,"standard_error":12.287298380575043},"slope":{"confidence_interval":{"confidence_level":0.95,"lower_bound":255.18541566758535,"upper_bound":274.0620994828451},"point_estimate":265.3239563478105,"standard_error":4.824028150047028},"std_dev":{"confidence_interval":{"confidence_level":0.95,"lower_bound":36.79127192805764,"upper_bound":45.57425785971529},"point_estimate":41.68160711701366,"standard_error":2.2418177882275567}}