{"mean":{"confidence_interval":{"confidence_level":0.95,"lower_bound":144997.33586030267,"upper_bound":145106.38364954136},"point_estimate":145046.2190423561,"standard_error":28.246196079445845},"median":{"confidence_interval":{"confidence_level":0.95,"lower_bound":144971.15147115756,"upper_bound":145032.28084415584},"point_estimate":145003.23904761905,"standard_error":14.291651903462204},"median_abs_dev":{"confidence_interval":{"confidence_level":0.95,"lower_bound":92.80161987753756,"upper_bound":154.37308057800354},"point_estimate":119.17654904082029,"standard_error":15.765685428913585},"slope":{"confidence_interval":{"confidence_level":0.95,"lower_bound":144978.47006593898,"upper_bound":145082.70292514534},"point_estimate":145023.45503388293,"standard_error":26.79547198409928},"std_dev":{"confidence_interval":{"confidence_level":0.95,"lower_bound":132.0044680846831,"upper_bound":415.4947361731112},"point_estimate":284.00824698663615,"standard_error":75.61870116467313}}