{"mean":{"confidence_interval":{"confidence_level":0.95,"lower_bound":144538.7721059514,"upper_bound":144682.1636673325},"point_estimate":144607.03390306584,"standard_error":36.74219244012136},"median":{"confidence_interval":{"confidence_level":0.95,"lower_bound":144465.74149659864,"upper_bound":144630.0099206349},"point_estimate":144548.87901572112,"standard_error":51.7364749310072},"median_abs_dev":{"confidence_interval":{"confidence_level":0.95,"lower_bound":241.1124927782231,"upper_bound":388.37074901229846},"point_estimate":308.97005875519415,"standard_error":37.211967955728596},"slope":{"confidence_interval":{"confidence_level":0.95,"lower_bound":144374.7916888575,"upper_bound":144487.70338713125},"point_estimate":144428.10390635225,"standard_error":28.8014225669105},"std_dev":{"confidence_interval":{"confidence_level":0.95,"lower_bound":277.5561824320322,"upper_bound":466.5724346582011},"point_estimate":369.910904212525,"standard_error":49.28325865231364}}