{"mean":{"confidence_interval":{"confidence_level":0.95,"lower_bound":144835.97131645516,"upper_bound":144936.10294993565},"point_estimate":144881.93474337782,"standard_error":25.53751536219282},"median":{"confidence_interval":{"confidence_level":0.95,"lower_bound":144781.62622309197,"upper_bound":144847.49081632652},"point_estimate":144814.53433620872,"standard_error":14.83288423659176},"median_abs_dev":{"confidence_interval":{"confidence_level":0.95,"lower_bound":96.40444072583826,"upper_bound":176.22148806343614},"point_estimate":139.21432549546665,"standard_error":20.117037973070683},"slope":{"confidence_interval":{"confidence_level":0.95,"lower_bound":144777.17595367954,"upper_bound":144830.68832850122},"point_estimate":144803.19624142372,"standard_error":13.682831088308255},"std_dev":{"confidence_interval":{"confidence_level":0.95,"lower_bound":159.18224488965177,"upper_bound":357.8312784294988},"point_estimate":256.51804179951307,"standard_error":53.99340709091472}}