{"mean":{"confidence_interval":{"confidence_level":0.95,"lower_bound":143390.40778854096,"upper_bound":143475.39491879605},"point_estimate":143431.76349209776,"standard_error":21.684797104459857},"median":{"confidence_interval":{"confidence_level":0.95,"lower_bound":143333.66836734695,"upper_bound":143471.26113671274},"point_estimate":143395.32465986395,"standard_error":34.15493703769922},"median_abs_dev":{"confidence_interval":{"confidence_level":0.95,"lower_bound":171.10387741574834,"upper_bound":271.9484210551747},"point_estimate":223.35597633226985,"standard_error":24.138998311303393},"slope":{"confidence_interval":{"confidence_level":0.95,"lower_bound":143397.68792411924,"upper_bound":143519.59408335897},"point_estimate":143457.88955857206,"standard_error":31.145984847018106},"std_dev":{"confidence_interval":{"confidence_level":0.95,"lower_bound":181.4075395792969,"upper_bound":255.85498812587082},"point_estimate":218.42458489980072,"standard_error":19.24501087675758}}