{"mean":{"confidence_interval":{"confidence_level":0.95,"lower_bound":4775.452620468977,"upper_bound":4810.957076169687},"point_estimate":4790.29208310541,"standard_error":9.211904413849544},"median":{"confidence_interval":{"confidence_level":0.95,"lower_bound":4765.009615384615,"upper_bound":4772.905015592515},"point_estimate":4767.8869527540355,"standard_error":2.17392069835409},"median_abs_dev":{"confidence_interval":{"confidence_level":0.95,"lower_bound":11.575466046687579,"upper_bound":21.32862870571442},"point_estimate":16.740193116263825,"standard_error":2.590079851519303},"slope":{"confidence_interval":{"confidence_level":0.95,"lower_bound":4778.6210475430835,"upper_bound":4867.197659155825},"point_estimate":4814.704335221266,"standard_error":23.520387053903683},"std_dev":{"confidence_interval":{"confidence_level":0.95,"lower_bound":25.508726000250675,"upper_bound":146.08884177193352},"point_estimate":92.28063024651371,"standard_error":32.406785071280744}}