{"mean":{"confidence_interval":{"confidence_level":0.95,"lower_bound":4500.762606383974,"upper_bound":4519.90986713304},"point_estimate":4507.850861508869,"standard_error":5.356224852755437},"median":{"confidence_interval":{"confidence_level":0.95,"lower_bound":4498.105923488277,"upper_bound":4502.529411764706},"point_estimate":4500.160027998966,"standard_error":1.2057706184152042},"median_abs_dev":{"confidence_interval":{"confidence_level":0.95,"lower_bound":6.563801805950116,"upper_bound":12.081240565303489},"point_estimate":8.225219983056046,"standard_error":1.435228549247155},"slope":{"confidence_interval":{"confidence_level":0.95,"lower_bound":4499.2096305239265,"upper_bound":4504.350041070236},"point_estimate":4501.690342753327,"standard_error":1.3116262927851132},"std_dev":{"confidence_interval":{"confidence_level":0.95,"lower_bound":10.248817325005845,"upper_bound":90.6341258363035},"point_estimate":53.75287527034297,"standard_error":27.730643196454878}}