{"mean":{"confidence_interval":{"confidence_level":0.95,"lower_bound":405.9583087200984,"upper_bound":406.0123133713551},"point_estimate":405.9845715386922,"standard_error":0.013750736400195649},"median":{"confidence_interval":{"confidence_level":0.95,"lower_bound":405.94965206713056,"upper_bound":405.9849093116712},"point_estimate":405.9679670715477,"standard_error":0.009832258113510671},"median_abs_dev":{"confidence_interval":{"confidence_level":0.95,"lower_bound":0.05116520368824545,"upper_bound":0.08698069563488517},"point_estimate":0.06902069291184477,"standard_error":0.008866011897015965},"slope":{"confidence_interval":{"confidence_level":0.95,"lower_bound":405.9616640582515,"upper_bound":406.0096423426887},"point_estimate":405.98336069900756,"standard_error":0.012293780826787688},"std_dev":{"confidence_interval":{"confidence_level":0.95,"lower_bound":0.09623870364095816,"upper_bound":0.17467646117544147},"point_estimate":0.13776074153105528,"standard_error":0.019977786597629246}}