{"mean":{"confidence_interval":{"confidence_level":0.95,"lower_bound":405.4709895384321,"upper_bound":405.5770606480602},"point_estimate":405.5244930510114,"standard_error":0.02701616142213516},"median":{"confidence_interval":{"confidence_level":0.95,"lower_bound":405.39416905639763,"upper_bound":405.6891611733889},"point_estimate":405.63769629933086,"standard_error":0.07993916815023035},"median_abs_dev":{"confidence_interval":{"confidence_level":0.95,"lower_bound":0.17539336048089485,"upper_bound":0.3781000586767214},"point_estimate":0.28740359997743553,"standard_error":0.058590176828181434},"slope":{"confidence_interval":{"confidence_level":0.95,"lower_bound":405.31490334129603,"upper_bound":405.40354516280877},"point_estimate":405.35522632637714,"standard_error":0.02259984941145403},"std_dev":{"confidence_interval":{"confidence_level":0.95,"lower_bound":0.24229034467276253,"upper_bound":0.2986442527094294},"point_estimate":0.27165138076566164,"standard_error":0.014416896082602642}}