{"mean":{"confidence_interval":{"confidence_level":0.95,"lower_bound":405.3239749254244,"upper_bound":405.43181790158195},"point_estimate":405.37695670442963,"standard_error":0.02743301352096665},"median":{"confidence_interval":{"confidence_level":0.95,"lower_bound":405.25481401062797,"upper_bound":405.3555761970396},"point_estimate":405.27341590987146,"standard_error":0.0298495759851865},"median_abs_dev":{"confidence_interval":{"confidence_level":0.95,"lower_bound":0.09437941297972706,"upper_bound":0.322920698074178},"point_estimate":0.15027415614227638,"standard_error":0.062111483979672207},"slope":{"confidence_interval":{"confidence_level":0.95,"lower_bound":405.18597861801135,"upper_bound":405.2659075152653},"point_estimate":405.2257475509552,"standard_error":0.020295028919388246},"std_dev":{"confidence_interval":{"confidence_level":0.95,"lower_bound":0.23517128682969293,"upper_bound":0.31305346328954264},"point_estimate":0.2761208030918416,"standard_error":0.019890050269537718}}