{"mean":{"confidence_interval":{"confidence_level":0.95,"lower_bound":405.8408985857065,"upper_bound":405.89589798753406},"point_estimate":405.8672740132398,"standard_error":0.014023667147635352},"median":{"confidence_interval":{"confidence_level":0.95,"lower_bound":405.8146271317494,"upper_bound":405.84269841955177},"point_estimate":405.8217916494,"standard_error":0.008090317108035646},"median_abs_dev":{"confidence_interval":{"confidence_level":0.95,"lower_bound":0.052755513575229236,"upper_bound":0.09991614315017096},"point_estimate":0.0714272369052705,"standard_error":0.012617171164395091},"slope":{"confidence_interval":{"confidence_level":0.95,"lower_bound":405.8238623136945,"upper_bound":405.87803722044424},"point_estimate":405.84957072353126,"standard_error":0.01380782898250241},"std_dev":{"confidence_interval":{"confidence_level":0.95,"lower_bound":0.10654660413089925,"upper_bound":0.17284689324944333},"point_estimate":0.14094043297157005,"standard_error":0.016984767953726155}}