{"mean":{"confidence_interval":{"confidence_level":0.95,"lower_bound":28.59847688807389,"upper_bound":28.64092806703035},"point_estimate":28.618926060254363,"standard_error":0.010830455769643447},"median":{"confidence_interval":{"confidence_level":0.95,"lower_bound":28.582659539681114,"upper_bound":28.621648731944134},"point_estimate":28.612103169085174,"standard_error":0.009987517400984991},"median_abs_dev":{"confidence_interval":{"confidence_level":0.95,"lower_bound":0.06696978033517223,"upper_bound":0.1055642081641324},"point_estimate":0.08961499249458253,"standard_error":0.00957516517608065},"slope":{"confidence_interval":{"confidence_level":0.95,"lower_bound":28.590327385681434,"upper_bound":28.638164167627203},"point_estimate":28.612308718088862,"standard_error":0.012189013266557832},"std_dev":{"confidence_interval":{"confidence_level":0.95,"lower_bound":0.08230643323791649,"upper_bound":0.136674073511635},"point_estimate":0.10893378185015659,"standard_error":0.014143930221584859}}