{"mean":{"confidence_interval":{"confidence_level":0.95,"lower_bound":66.69960172559126,"upper_bound":66.99228453347446},"point_estimate":66.82854142758652,"standard_error":0.07532813462690555},"median":{"confidence_interval":{"confidence_level":0.95,"lower_bound":66.62697949766394,"upper_bound":66.67329541484503},"point_estimate":66.6478985866641,"standard_error":0.012383637254289375},"median_abs_dev":{"confidence_interval":{"confidence_level":0.95,"lower_bound":0.1043302212811296,"upper_bound":0.190978726353787},"point_estimate":0.1480003466399916,"standard_error":0.023159831110986046},"slope":{"confidence_interval":{"confidence_level":0.95,"lower_bound":66.67474054994392,"upper_bound":67.13833633270603},"point_estimate":66.86367014188392,"standard_error":0.12293436135874274},"std_dev":{"confidence_interval":{"confidence_level":0.95,"lower_bound":0.31074687087348674,"upper_bound":1.0849100226429467},"point_estimate":0.7559714230174425,"standard_error":0.19619622243084198}}