{"mean":{"confidence_interval":{"confidence_level":0.95,"lower_bound":66.84414148079138,"upper_bound":66.92193770553342},"point_estimate":66.88096008964972,"standard_error":0.019874277603540887},"median":{"confidence_interval":{"confidence_level":0.95,"lower_bound":66.81005490446802,"upper_bound":66.88776751779503},"point_estimate":66.84739930710592,"standard_error":0.019912165993009597},"median_abs_dev":{"confidence_interval":{"confidence_level":0.95,"lower_bound":0.10985242523003827,"upper_bound":0.18469089353361304},"point_estimate":0.14809165195983745,"standard_error":0.018965380875228463},"slope":{"confidence_interval":{"confidence_level":0.95,"lower_bound":66.85245798014526,"upper_bound":66.91608780099146},"point_estimate":66.88390646918656,"standard_error":0.016250654174241867},"std_dev":{"confidence_interval":{"confidence_level":0.95,"lower_bound":0.14431039367546178,"upper_bound":0.26109036967835453},"point_estimate":0.199314186370235,"standard_error":0.03152441230316464}}