{"mean":{"confidence_interval":{"confidence_level":0.95,"lower_bound":62.22803102221512,"upper_bound":62.38899828611641},"point_estimate":62.296739638801725,"standard_error":0.04146256295864068},"median":{"confidence_interval":{"confidence_level":0.95,"lower_bound":62.22487190563943,"upper_bound":62.29508866809206},"point_estimate":62.263157365954115,"standard_error":0.016859937287967308},"median_abs_dev":{"confidence_interval":{"confidence_level":0.95,"lower_bound":0.10684714901244774,"upper_bound":0.17750398102168377},"point_estimate":0.1363797117656675,"standard_error":0.01762198014558564},"slope":{"confidence_interval":{"confidence_level":0.95,"lower_bound":62.23865788759084,"upper_bound":62.31150134776745},"point_estimate":62.27419040856813,"standard_error":0.01857897338840187},"std_dev":{"confidence_interval":{"confidence_level":0.95,"lower_bound":0.14932020487978478,"upper_bound":0.6440033203543765},"point_estimate":0.4159102832359298,"standard_error":0.135070569323486}}