{"mean":{"confidence_interval":{"confidence_level":0.95,"lower_bound":65.73674444290295,"upper_bound":65.95052172096317},"point_estimate":65.8265739826488,"standard_error":0.05556273959681176},"median":{"confidence_interval":{"confidence_level":0.95,"lower_bound":65.67857779704693,"upper_bound":65.81372483890254},"point_estimate":65.72596444079404,"standard_error":0.04036865951046744},"median_abs_dev":{"confidence_interval":{"confidence_level":0.95,"lower_bound":0.19156674307752483,"upper_bound":0.3015361791583753},"point_estimate":0.25601335187026586,"standard_error":0.029424299379566147},"slope":{"confidence_interval":{"confidence_level":0.95,"lower_bound":65.71589430782002,"upper_bound":65.80983894719971},"point_estimate":65.76119045782092,"standard_error":0.024026042796140467},"std_dev":{"confidence_interval":{"confidence_level":0.95,"lower_bound":0.24329009495874576,"upper_bound":0.8812754507375056},"point_estimate":0.5584420472795577,"standard_error":0.20587721576648124}}