{"mean":{"confidence_interval":{"confidence_level":0.95,"lower_bound":211.18635633286277,"upper_bound":212.000952538986},"point_estimate":211.4887456874849,"standard_error":0.2263414309721959},"median":{"confidence_interval":{"confidence_level":0.95,"lower_bound":211.0771596237061,"upper_bound":211.2683587935011},"point_estimate":211.17937696922516,"standard_error":0.03748904957312526},"median_abs_dev":{"confidence_interval":{"confidence_level":0.95,"lower_bound":0.2854591381893678,"upper_bound":0.4420500659450012},"point_estimate":0.3644821882097599,"standard_error":0.0401418696919293},"slope":{"confidence_interval":{"confidence_level":0.95,"lower_bound":211.1664346111257,"upper_bound":211.34727930835177},"point_estimate":211.25204012315476,"standard_error":0.04608356950519814},"std_dev":{"confidence_interval":{"confidence_level":0.95,"lower_bound":0.35186990659217143,"upper_bound":3.832841872652773},"point_estimate":2.2754240956729648,"standard_error":1.155552040804623}}