{"mean":{"confidence_interval":{"confidence_level":0.95,"lower_bound":252.56101184136537,"upper_bound":252.87127133375017},"point_estimate":252.6841111720292,"standard_error":0.08184321500558904},"median":{"confidence_interval":{"confidence_level":0.95,"lower_bound":252.54982482306426,"upper_bound":252.68415007954061},"point_estimate":252.60899300982055,"standard_error":0.03519740689798323},"median_abs_dev":{"confidence_interval":{"confidence_level":0.95,"lower_bound":0.1825626091426628,"upper_bound":0.29725282941814385},"point_estimate":0.23659233676521643,"standard_error":0.029741332535936426},"slope":{"confidence_interval":{"confidence_level":0.95,"lower_bound":252.58942875454173,"upper_bound":252.69964731747487},"point_estimate":252.6450176606477,"standard_error":0.028134380275334166},"std_dev":{"confidence_interval":{"confidence_level":0.95,"lower_bound":0.2542958028890747,"upper_bound":1.3522703833526308},"point_estimate":0.8214815564436063,"standard_error":0.36179068053770846}}