{"mean":{"confidence_interval":{"confidence_level":0.95,"lower_bound":240.75048750657822,"upper_bound":243.4365684371658},"point_estimate":241.86628177696142,"standard_error":0.7038985139159736},"median":{"confidence_interval":{"confidence_level":0.95,"lower_bound":240.4493846663367,"upper_bound":240.57543207031637},"point_estimate":240.4924532053991,"standard_error":0.029231816780273718},"median_abs_dev":{"confidence_interval":{"confidence_level":0.95,"lower_bound":0.23143365881485578,"upper_bound":0.4501908134143289},"point_estimate":0.334022151334325,"standard_error":0.06121791569391603},"slope":{"confidence_interval":{"confidence_level":0.95,"lower_bound":240.62346537236147,"upper_bound":242.30385108322915},"point_estimate":241.29878201568226,"standard_error":0.4387854502251506},"std_dev":{"confidence_interval":{"confidence_level":0.95,"lower_bound":1.1580332045601949,"upper_bound":10.977689673453423},"point_estimate":7.056460075571525,"standard_error":2.6188623302596086}}