{"mean":{"confidence_interval":{"confidence_level":0.95,"lower_bound":217.41376621536278,"upper_bound":218.36498565623273},"point_estimate":217.80185903898047,"standard_error":0.24808549645868205},"median":{"confidence_interval":{"confidence_level":0.95,"lower_bound":217.30527576356846,"upper_bound":217.7872133252334},"point_estimate":217.58403641674803,"standard_error":0.13464988692308436},"median_abs_dev":{"confidence_interval":{"confidence_level":0.95,"lower_bound":0.861352050591435,"upper_bound":1.4071772269265324},"point_estimate":1.129490552595459,"standard_error":0.13416160386718837},"slope":{"confidence_interval":{"confidence_level":0.95,"lower_bound":217.56018611569965,"upper_bound":217.94347948945997},"point_estimate":217.74884166465426,"standard_error":0.09790738843218245},"std_dev":{"confidence_interval":{"confidence_level":0.95,"lower_bound":0.9894907088969876,"upper_bound":3.988918783872542},"point_estimate":2.4800567540003673,"standard_error":0.9979618811107162}}