{"mean":{"confidence_interval":{"confidence_level":0.95,"lower_bound":96.52857160169755,"upper_bound":96.841326597007},"point_estimate":96.65877217027938,"standard_error":0.0814683544219005},"median":{"confidence_interval":{"confidence_level":0.95,"lower_bound":96.4873286545027,"upper_bound":96.56117121387445},"point_estimate":96.53245085362144,"standard_error":0.019688114567162702},"median_abs_dev":{"confidence_interval":{"confidence_level":0.95,"lower_bound":0.11770268552353146,"upper_bound":0.24230136725518245},"point_estimate":0.16390798423995362,"standard_error":0.03306911328186693},"slope":{"confidence_interval":{"confidence_level":0.95,"lower_bound":96.49688503881013,"upper_bound":96.6268698640969},"point_estimate":96.55550537457042,"standard_error":0.0331774826804966},"std_dev":{"confidence_interval":{"confidence_level":0.95,"lower_bound":0.19593277629920744,"upper_bound":1.2834049918820216},"point_estimate":0.8185774358242226,"standard_error":0.29512327341590905}}