{"mean":{"confidence_interval":{"confidence_level":0.95,"lower_bound":111.11245347769346,"upper_bound":112.1926100297285},"point_estimate":111.51541701994374,"standard_error":0.29488413273142355},"median":{"confidence_interval":{"confidence_level":0.95,"lower_bound":111.0841270849334,"upper_bound":111.13562605277934},"point_estimate":111.1054621813528,"standard_error":0.011092815838325274},"median_abs_dev":{"confidence_interval":{"confidence_level":0.95,"lower_bound":0.1085731207682738,"upper_bound":0.18827258801547225},"point_estimate":0.14383558059887336,"standard_error":0.02161713774611004},"slope":{"confidence_interval":{"confidence_level":0.95,"lower_bound":111.0667238525996,"upper_bound":111.14580882424366},"point_estimate":111.1046579504012,"standard_error":0.02010171701175974},"std_dev":{"confidence_interval":{"confidence_level":0.95,"lower_bound":0.22900085945915305,"upper_bound":4.95504829330528},"point_estimate":2.952280168533572,"standard_error":1.4627678271850957}}