{"mean":{"confidence_interval":{"confidence_level":0.95,"lower_bound":110.25247115626487,"upper_bound":110.56226624433017},"point_estimate":110.3736319408015,"standard_error":0.0818353271982167},"median":{"confidence_interval":{"confidence_level":0.95,"lower_bound":110.1804415381968,"upper_bound":110.2369230103057},"point_estimate":110.20820979210077,"standard_error":0.0143010220102458},"median_abs_dev":{"confidence_interval":{"confidence_level":0.95,"lower_bound":0.06971057928727915,"upper_bound":0.13062734641437163},"point_estimate":0.09956147060876175,"standard_error":0.015611606584718923},"slope":{"confidence_interval":{"confidence_level":0.95,"lower_bound":110.24651526216488,"upper_bound":110.41685797851072},"point_estimate":110.32246978124533,"standard_error":0.04373580605085966},"std_dev":{"confidence_interval":{"confidence_level":0.95,"lower_bound":0.18751379133865165,"upper_bound":1.3538139194749845},"point_estimate":0.8228181268236633,"standard_error":0.3620432052386859}}