{"mean":{"confidence_interval":{"confidence_level":0.95,"lower_bound":111.55078526391299,"upper_bound":111.88707659148002},"point_estimate":111.68515381854645,"standard_error":0.08877853806202514},"median":{"confidence_interval":{"confidence_level":0.95,"lower_bound":111.51463701700348,"upper_bound":111.55996992077114},"point_estimate":111.54122235100937,"standard_error":0.011893250696062617},"median_abs_dev":{"confidence_interval":{"confidence_level":0.95,"lower_bound":0.0706780270387676,"upper_bound":0.1372690144587984},"point_estimate":0.0971587872167175,"standard_error":0.017085260328498816},"slope":{"confidence_interval":{"confidence_level":0.95,"lower_bound":111.53978883250349,"upper_bound":111.61613273758493},"point_estimate":111.57432630693059,"standard_error":0.01950527280333779},"std_dev":{"confidence_interval":{"confidence_level":0.95,"lower_bound":0.14515716718418828,"upper_bound":1.4440668441346987},"point_estimate":0.8904913486946705,"standard_error":0.36738633516530367}}