{"mean":{"confidence_interval":{"confidence_level":0.95,"lower_bound":50005.378675809814,"upper_bound":50038.088899667724},"point_estimate":50022.49272593098,"standard_error":8.382969502121984},"median":{"confidence_interval":{"confidence_level":0.95,"lower_bound":50035.35,"upper_bound":50048.38085470085},"point_estimate":50040.64309590753,"standard_error":3.761058028450464},"median_abs_dev":{"confidence_interval":{"confidence_level":0.95,"lower_bound":22.86305669200169,"upper_bound":40.81984492747117},"point_estimate":31.82579886294144,"standard_error":4.772921976158757},"slope":{"confidence_interval":{"confidence_level":0.95,"lower_bound":49987.72443177968,"upper_bound":50033.099189811706},"point_estimate":50011.58865538643,"standard_error":11.57471683761245},"std_dev":{"confidence_interval":{"confidence_level":0.95,"lower_bound":62.35054007490914,"upper_bound":102.39352312281943},"point_estimate":84.51881452123963,"standard_error":10.251836281471892}}