{"mean":{"confidence_interval":{"confidence_level":0.95,"lower_bound":50194.152643691246,"upper_bound":50224.846956948284},"point_estimate":50209.682716256895,"standard_error":7.827567982028773},"median":{"confidence_interval":{"confidence_level":0.95,"lower_bound":50231.06792676501,"upper_bound":50248.7193877551},"point_estimate":50242.92302631579,"standard_error":4.311442216584949},"median_abs_dev":{"confidence_interval":{"confidence_level":0.95,"lower_bound":23.76694326852582,"upper_bound":69.71723920344684},"point_estimate":33.165646364637524,"standard_error":10.971490790005731},"slope":{"confidence_interval":{"confidence_level":0.95,"lower_bound":50134.941278289254,"upper_bound":50174.57897173071},"point_estimate":50153.24692714644,"standard_error":10.127186442621968},"std_dev":{"confidence_interval":{"confidence_level":0.95,"lower_bound":67.81987207968785,"upper_bound":87.40690023056209},"point_estimate":78.34055140449877,"standard_error":4.9843444169504965}}