{"mean":{"confidence_interval":{"confidence_level":0.95,"lower_bound":948.1061812586554,"upper_bound":948.3058407501313},"point_estimate":948.1976031498546,"standard_error":0.051145568659672264},"median":{"confidence_interval":{"confidence_level":0.95,"lower_bound":948.0182265010781,"upper_bound":948.1631748589847},"point_estimate":948.0729063314824,"standard_error":0.03558977125765074},"median_abs_dev":{"confidence_interval":{"confidence_level":0.95,"lower_bound":0.10448094145778652,"upper_bound":0.2616935282374699},"point_estimate":0.1699185807867475,"standard_error":0.03827208706440055},"slope":{"confidence_interval":{"confidence_level":0.95,"lower_bound":948.0555332254719,"upper_bound":948.3267464212947},"point_estimate":948.1651645651838,"standard_error":0.07162295150935233},"std_dev":{"confidence_interval":{"confidence_level":0.95,"lower_bound":0.2077819797566757,"upper_bound":0.48680066612661854},"point_estimate":0.3646710419795116,"standard_error":0.07114448378860913}}