{"mean":{"confidence_interval":{"confidence_level":0.95,"lower_bound":3610.3731679435773,"upper_bound":3638.6574013570553},"point_estimate":3622.7731967081872,"standard_error":7.276843029746054},"median":{"confidence_interval":{"confidence_level":0.95,"lower_bound":3604.809696969697,"upper_bound":3606.178867768595},"point_estimate":3605.3541154337163,"standard_error":0.35587679439784997},"median_abs_dev":{"confidence_interval":{"confidence_level":0.95,"lower_bound":2.7586717288750573,"upper_bound":4.855957205955411},"point_estimate":3.6998483445582027,"standard_error":0.5205386046102671},"slope":{"confidence_interval":{"confidence_level":0.95,"lower_bound":3609.738068014538,"upper_bound":3650.529507759853},"point_estimate":3627.450446772438,"standard_error":10.509894688940289},"std_dev":{"confidence_interval":{"confidence_level":0.95,"lower_bound":29.228068430522054,"upper_bound":105.88365632691415},"point_estimate":72.85469665794561,"standard_error":19.600581106804103}}