{"mean":{"confidence_interval":{"confidence_level":0.95,"lower_bound":3329.2064989831697,"upper_bound":3344.249745267836},"point_estimate":3334.9835347956164,"standard_error":4.103250464674794},"median":{"confidence_interval":{"confidence_level":0.95,"lower_bound":3328.851316468766,"upper_bound":3331.0082774049215},"point_estimate":3329.926510067114,"standard_error":0.5662172075955468},"median_abs_dev":{"confidence_interval":{"confidence_level":0.95,"lower_bound":3.6760689002539735,"upper_bound":6.166343133175006},"point_estimate":5.027623844568528,"standard_error":0.6380437672764954},"slope":{"confidence_interval":{"confidence_level":0.95,"lower_bound":3328.4481332006285,"upper_bound":3332.932560470473},"point_estimate":3330.869328442511,"standard_error":1.1347841595205181},"std_dev":{"confidence_interval":{"confidence_level":0.95,"lower_bound":8.227632252176868,"upper_bound":69.15009806200791},"point_estimate":41.269251309119056,"standard_error":20.013166216778032}}