{"mean":{"confidence_interval":{"confidence_level":0.95,"lower_bound":3676.8615982094493,"upper_bound":3685.9308826064707},"point_estimate":3680.8826224659983,"standard_error":2.3260456064664714},"median":{"confidence_interval":{"confidence_level":0.95,"lower_bound":3674.2986756505575,"upper_bound":3677.0993897734447},"point_estimate":3675.563775488503,"standard_error":0.7280747605207265},"median_abs_dev":{"confidence_interval":{"confidence_level":0.95,"lower_bound":4.918913453712654,"upper_bound":8.684739927215109},"point_estimate":7.246018466373802,"standard_error":0.9882529455310798},"slope":{"confidence_interval":{"confidence_level":0.95,"lower_bound":3676.9639735360324,"upper_bound":3681.659108818703},"point_estimate":3679.1036888178637,"standard_error":1.1986464097324216},"std_dev":{"confidence_interval":{"confidence_level":0.95,"lower_bound":10.614387626637056,"upper_bound":33.48215531720922},"point_estimate":23.416949124855066,"standard_error":5.858219930427415}}