{"mean":{"confidence_interval":{"confidence_level":0.95,"lower_bound":3716.3805287314744,"upper_bound":3717.126615712357},"point_estimate":3716.7420090019436,"standard_error":0.1908800553384287},"median":{"confidence_interval":{"confidence_level":0.95,"lower_bound":3716.146185940637,"upper_bound":3716.8526310179554},"point_estimate":3716.595334435272,"standard_error":0.17518077302407103},"median_abs_dev":{"confidence_interval":{"confidence_level":0.95,"lower_bound":1.3443233365255194,"upper_bound":2.2190321228494883},"point_estimate":1.8233644472085144,"standard_error":0.23101872797840728},"slope":{"confidence_interval":{"confidence_level":0.95,"lower_bound":3715.6712094382997,"upper_bound":3716.4960342287054},"point_estimate":3716.058525682855,"standard_error":0.21036919684619826},"std_dev":{"confidence_interval":{"confidence_level":0.95,"lower_bound":1.4818838154062994,"upper_bound":2.4142421148840407},"point_estimate":1.9270017448389631,"standard_error":0.24435614872948827}}