{"mean":{"confidence_interval":{"confidence_level":0.95,"lower_bound":3727.130432523784,"upper_bound":3727.791507311372},"point_estimate":3727.4175964308406,"standard_error":0.17070955367662163},"median":{"confidence_interval":{"confidence_level":0.95,"lower_bound":3726.893468611287,"upper_bound":3727.2557018987563},"point_estimate":3727.024667492595,"standard_error":0.09965823699867275},"median_abs_dev":{"confidence_interval":{"confidence_level":0.95,"lower_bound":0.4886097019449693,"upper_bound":0.894266694696868},"point_estimate":0.6257888775478435,"standard_error":0.11286254282928859},"slope":{"confidence_interval":{"confidence_level":0.95,"lower_bound":3726.863319911317,"upper_bound":3727.2997524429047},"point_estimate":3727.0626406010592,"standard_error":0.1117638484472937},"std_dev":{"confidence_interval":{"confidence_level":0.95,"lower_bound":0.7634550051109086,"upper_bound":2.634022278989634},"point_estimate":1.7211777233942944,"standard_error":0.5333002579407468}}