{"mean":{"confidence_interval":{"confidence_level":0.95,"lower_bound":3727.951758794984,"upper_bound":3728.658039300016},"point_estimate":3728.2871963232947,"standard_error":0.17974049304799392},"median":{"confidence_interval":{"confidence_level":0.95,"lower_bound":3727.787474273847,"upper_bound":3728.3059855521155},"point_estimate":3728.089000634579,"standard_error":0.13286476941508132},"median_abs_dev":{"confidence_interval":{"confidence_level":0.95,"lower_bound":0.8672285907853138,"upper_bound":1.5306094352118695},"point_estimate":1.2121789510519465,"standard_error":0.1695590384762423},"slope":{"confidence_interval":{"confidence_level":0.95,"lower_bound":3727.716065452193,"upper_bound":3728.3559627879513},"point_estimate":3728.0215582253995,"standard_error":0.16297182829975415},"std_dev":{"confidence_interval":{"confidence_level":0.95,"lower_bound":1.274857118303518,"upper_bound":2.4009901923021046},"point_estimate":1.8071421582266651,"standard_error":0.30598879005526647}}