{"mean":{"confidence_interval":{"confidence_level":0.95,"lower_bound":41075.26457735373,"upper_bound":41219.68869885243},"point_estimate":41129.17024790761,"standard_error":39.86540614457533},"median":{"confidence_interval":{"confidence_level":0.95,"lower_bound":41056.324137592135,"upper_bound":41081.00047619048},"point_estimate":41068.88871232877,"standard_error":6.448621259347597},"median_abs_dev":{"confidence_interval":{"confidence_level":0.95,"lower_bound":42.07214580747275,"upper_bound":77.88815415780041},"point_estimate":63.31012667525672,"standard_error":8.913441693027353},"slope":{"confidence_interval":{"confidence_level":0.95,"lower_bound":41065.76878602784,"upper_bound":41127.21979806788},"point_estimate":41091.0548443919,"standard_error":16.125414959090925},"std_dev":{"confidence_interval":{"confidence_level":0.95,"lower_bound":85.02797703251758,"upper_bound":670.5984629683012},"point_estimate":399.5886895548095,"standard_error":200.1456902785764}}