{"mean":{"confidence_interval":{"confidence_level":0.95,"lower_bound":44057.726456606375,"upper_bound":44134.38735021346},"point_estimate":44092.61454547013,"standard_error":19.54355517431181},"median":{"confidence_interval":{"confidence_level":0.95,"lower_bound":44025.230179028134,"upper_bound":44091.776871095244},"point_estimate":44044.309529481834,"standard_error":17.851244159905534},"median_abs_dev":{"confidence_interval":{"confidence_level":0.95,"lower_bound":101.52865525978545,"upper_bound":181.25767479488846},"point_estimate":139.19418963865965,"standard_error":18.775940960706187},"slope":{"confidence_interval":{"confidence_level":0.95,"lower_bound":44047.750416227536,"upper_bound":44101.26650345557},"point_estimate":44073.600359416865,"standard_error":13.653023649596193},"std_dev":{"confidence_interval":{"confidence_level":0.95,"lower_bound":124.16654558664145,"upper_bound":283.3169753340718},"point_estimate":197.31475742996034,"standard_error":48.44676627128223}}