{"mean":{"confidence_interval":{"confidence_level":0.95,"lower_bound":43332.7072468319,"upper_bound":43570.45267639257},"point_estimate":43434.833376504845,"standard_error":61.27619560888363},"median":{"confidence_interval":{"confidence_level":0.95,"lower_bound":43273.887931034486,"upper_bound":43377.8731884058},"point_estimate":43313.57471861472,"standard_error":24.907447927688292},"median_abs_dev":{"confidence_interval":{"confidence_level":0.95,"lower_bound":130.63091551941014,"upper_bound":220.4705076589958},"point_estimate":193.48484158599504,"standard_error":22.701011598126833},"slope":{"confidence_interval":{"confidence_level":0.95,"lower_bound":43291.44266606355,"upper_bound":43738.14975981113},"point_estimate":43469.06478100244,"standard_error":118.75599644123159},"std_dev":{"confidence_interval":{"confidence_level":0.95,"lower_bound":197.15022551396342,"upper_bound":936.1960664789287},"point_estimate":616.408967189315,"standard_error":192.99716238895806}}