{"mean":{"confidence_interval":{"confidence_level":0.95,"lower_bound":96190.74197447946,"upper_bound":96261.64113702922},"point_estimate":96224.39414918136,"standard_error":18.101935175680293},"median":{"confidence_interval":{"confidence_level":0.95,"lower_bound":96149.35064935064,"upper_bound":96244.93416583416},"point_estimate":96204.58929002949,"standard_error":23.79007783462627},"median_abs_dev":{"confidence_interval":{"confidence_level":0.95,"lower_bound":108.88744038661052,"upper_bound":166.0274988912113},"point_estimate":133.73523138471472,"standard_error":14.556539749208234},"slope":{"confidence_interval":{"confidence_level":0.95,"lower_bound":96162.55624492264,"upper_bound":96216.23953984892},"point_estimate":96188.59601757191,"standard_error":13.657968027712215},"std_dev":{"confidence_interval":{"confidence_level":0.95,"lower_bound":127.0713245511419,"upper_bound":231.88434494662548},"point_estimate":181.1669453571933,"standard_error":26.867203525257267}}