{"mean":{"confidence_interval":{"confidence_level":0.95,"lower_bound":96304.82746467226,"upper_bound":96382.66957831253},"point_estimate":96343.29865233036,"standard_error":19.8488240936382},"median":{"confidence_interval":{"confidence_level":0.95,"lower_bound":96281.76623376623,"upper_bound":96394.79189642772},"point_estimate":96341.05812985572,"standard_error":32.24719195675312},"median_abs_dev":{"confidence_interval":{"confidence_level":0.95,"lower_bound":170.36646148334893,"upper_bound":266.2993650669636},"point_estimate":214.5243265240272,"standard_error":24.14900819747725},"slope":{"confidence_interval":{"confidence_level":0.95,"lower_bound":96268.52813244659,"upper_bound":96343.56521314924},"point_estimate":96306.17420261429,"standard_error":19.10757407802529},"std_dev":{"confidence_interval":{"confidence_level":0.95,"lower_bound":170.08097956383025,"upper_bound":226.83031130588168},"point_estimate":199.32970384966555,"standard_error":14.560524471263715}}