{"mean":{"confidence_interval":{"confidence_level":0.95,"lower_bound":96408.02574747894,"upper_bound":96516.13878987334},"point_estimate":96459.38956709225,"standard_error":27.60688614449887},"median":{"confidence_interval":{"confidence_level":0.95,"lower_bound":96363.43636363637,"upper_bound":96470.97604895104},"point_estimate":96428.28466628309,"standard_error":28.374389787880528},"median_abs_dev":{"confidence_interval":{"confidence_level":0.95,"lower_bound":180.26936580784076,"upper_bound":289.0050453707018},"point_estimate":243.78697000895218,"standard_error":28.377927428021344},"slope":{"confidence_interval":{"confidence_level":0.95,"lower_bound":96486.02044593074,"upper_bound":96629.61640302041},"point_estimate":96556.93785617368,"standard_error":36.81283491843368},"std_dev":{"confidence_interval":{"confidence_level":0.95,"lower_bound":205.71956570414665,"upper_bound":354.5647747894453},"point_estimate":276.6631198824162,"standard_error":39.2647519600032}}