{"mean":{"confidence_interval":{"confidence_level":0.95,"lower_bound":1055.1131383194481,"upper_bound":1055.7734788436064},"point_estimate":1055.3955654730846,"standard_error":0.17085809783722675},"median":{"confidence_interval":{"confidence_level":0.95,"lower_bound":1054.919204827831,"upper_bound":1055.2061894997855},"point_estimate":1055.0405188176906,"standard_error":0.07827755567026727},"median_abs_dev":{"confidence_interval":{"confidence_level":0.95,"lower_bound":0.3992902385695328,"upper_bound":0.6893344537532672},"point_estimate":0.5199920110652163,"standard_error":0.07486065342091261},"slope":{"confidence_interval":{"confidence_level":0.95,"lower_bound":1055.0549425552629,"upper_bound":1055.3131188875846},"point_estimate":1055.17849931691,"standard_error":0.06590760625752226},"std_dev":{"confidence_interval":{"confidence_level":0.95,"lower_bound":0.6617550198125794,"upper_bound":2.653448370931333},"point_estimate":1.7162939805565476,"standard_error":0.5530607868578064}}