{"mean":{"confidence_interval":{"confidence_level":0.95,"lower_bound":942.5355794483311,"upper_bound":949.1014501950851},"point_estimate":945.4001809945288,"standard_error":1.6922669261575598},"median":{"confidence_interval":{"confidence_level":0.95,"lower_bound":941.2293282222602,"upper_bound":941.5109941183275},"point_estimate":941.294473696312,"standard_error":0.07808414030189686},"median_abs_dev":{"confidence_interval":{"confidence_level":0.95,"lower_bound":0.39614040859179955,"upper_bound":0.7914443550045988},"point_estimate":0.515672862180702,"standard_error":0.1011187323354496},"slope":{"confidence_interval":{"confidence_level":0.95,"lower_bound":942.1330197748662,"upper_bound":947.5181336693216},"point_estimate":944.3699446657951,"standard_error":1.3911836143495033},"std_dev":{"confidence_interval":{"confidence_level":0.95,"lower_bound":4.33354240349593,"upper_bound":25.360335801048635},"point_estimate":17.111766532894435,"standard_error":5.122174686034014}}