{"mean":{"confidence_interval":{"confidence_level":0.95,"lower_bound":7.02248386849779,"upper_bound":7.1822719920003255},"point_estimate":7.101947430664743,"standard_error":0.04074196305388784},"median":{"confidence_interval":{"confidence_level":0.95,"lower_bound":7.007683149032012,"upper_bound":7.199859064890413},"point_estimate":7.134010571313869,"standard_error":0.05838491814734411},"median_abs_dev":{"confidence_interval":{"confidence_level":0.95,"lower_bound":0.2671183593089458,"upper_bound":0.4884616663704204},"point_estimate":0.3726873857420286,"standard_error":0.0577591409248966},"slope":{"confidence_interval":{"confidence_level":0.95,"lower_bound":7.084276813684559,"upper_bound":7.216721430786518},"point_estimate":7.150061130167468,"standard_error":0.03374912053543592},"std_dev":{"confidence_interval":{"confidence_level":0.95,"lower_bound":0.3480482635364102,"upper_bound":0.4650711909182731},"point_estimate":0.4093655501259014,"standard_error":0.029845613275748303}}