{"mean":{"confidence_interval":{"confidence_level":0.95,"lower_bound":22281.567637884862,"upper_bound":22361.2099753803},"point_estimate":22312.38528935104,"standard_error":21.38273205404709},"median":{"confidence_interval":{"confidence_level":0.95,"lower_bound":22271.77390967637,"upper_bound":22301.618162759674},"point_estimate":22285.171356637537,"standard_error":8.812103697777136},"median_abs_dev":{"confidence_interval":{"confidence_level":0.95,"lower_bound":46.18393764471844,"upper_bound":76.68861657359474},"point_estimate":59.45423879039444,"standard_error":7.6400480880207775},"slope":{"confidence_interval":{"confidence_level":0.95,"lower_bound":22283.905527458217,"upper_bound":22308.23429572674},"point_estimate":22295.69993845952,"standard_error":6.181251768812862},"std_dev":{"confidence_interval":{"confidence_level":0.95,"lower_bound":61.00008341358306,"upper_bound":355.8407808461669},"point_estimate":214.938700867796,"standard_error":99.1842305438555}}