{"mean":{"confidence_interval":{"confidence_level":0.95,"lower_bound":18283.500792133753,"upper_bound":18350.219533038326},"point_estimate":18311.88278469002,"standard_error":17.220469341771707},"median":{"confidence_interval":{"confidence_level":0.95,"lower_bound":18272.760037878787,"upper_bound":18283.277272727275},"point_estimate":18278.770173251505,"standard_error":3.030778964596355},"median_abs_dev":{"confidence_interval":{"confidence_level":0.95,"lower_bound":18.147611555958022,"upper_bound":33.80327658424743},"point_estimate":25.48669823083161,"standard_error":4.141841044477882},"slope":{"confidence_interval":{"confidence_level":0.95,"lower_bound":18275.72973479402,"upper_bound":18378.711896373043},"point_estimate":18312.962626973145,"standard_error":28.536330587827788},"std_dev":{"confidence_interval":{"confidence_level":0.95,"lower_bound":39.712914253299104,"upper_bound":263.94029068021774},"point_estimate":173.07993628599453,"standard_error":57.44432559440433}}