{"mean":{"confidence_interval":{"confidence_level":0.95,"lower_bound":21765.063184898343,"upper_bound":21854.02207223657},"point_estimate":21804.01066266447,"standard_error":22.73957898181475},"median":{"confidence_interval":{"confidence_level":0.95,"lower_bound":21752.076437587657,"upper_bound":21846.759316770185},"point_estimate":21803.78649068323,"standard_error":29.019035262332416},"median_abs_dev":{"confidence_interval":{"confidence_level":0.95,"lower_bound":117.58949424777147,"upper_bound":189.67512359661214},"point_estimate":157.12081245899574,"standard_error":18.610895085844138},"slope":{"confidence_interval":{"confidence_level":0.95,"lower_bound":21766.962459578113,"upper_bound":21823.698800782833},"point_estimate":21796.240371817195,"standard_error":14.412550588966681},"std_dev":{"confidence_interval":{"confidence_level":0.95,"lower_bound":125.34336928614537,"upper_bound":344.9551258866193},"point_estimate":227.67642368043786,"standard_error":70.00940829327686}}