{"mean":{"confidence_interval":{"confidence_level":0.95,"lower_bound":10.83480336159912,"upper_bound":10.836627551848009},"point_estimate":10.83561913894059,"standard_error":0.0004668146364592097},"median":{"confidence_interval":{"confidence_level":0.95,"lower_bound":10.833933033808323,"upper_bound":10.835736844874855},"point_estimate":10.834513839872606,"standard_error":0.0004892861781705108},"median_abs_dev":{"confidence_interval":{"confidence_level":0.95,"lower_bound":0.0019455149552070387,"upper_bound":0.0031188660088661514},"point_estimate":0.00228460082743765,"standard_error":0.0002921905926263843},"slope":{"confidence_interval":{"confidence_level":0.95,"lower_bound":10.83491173771424,"upper_bound":10.837185707323181},"point_estimate":10.835872506149535,"standard_error":0.0005919777638358525},"std_dev":{"confidence_interval":{"confidence_level":0.95,"lower_bound":0.002586582712114774,"upper_bound":0.006862052692028106},"point_estimate":0.004686942678339293,"standard_error":0.0012302050186482531}}