{"mean":{"confidence_interval":{"confidence_level":0.95,"lower_bound":14653.229440911755,"upper_bound":14657.365691846338},"point_estimate":14655.067032345689,"standard_error":1.057557226187975},"median":{"confidence_interval":{"confidence_level":0.95,"lower_bound":14651.823529411764,"upper_bound":14654.074324324325},"point_estimate":14653.143414634147,"standard_error":0.5299239377789111},"median_abs_dev":{"confidence_interval":{"confidence_level":0.95,"lower_bound":3.509224577656437,"upper_bound":6.093137991434454},"point_estimate":5.325038847769399,"standard_error":0.6834194099878503},"slope":{"confidence_interval":{"confidence_level":0.95,"lower_bound":14652.44659033088,"upper_bound":14655.295791739389},"point_estimate":14653.747787098288,"standard_error":0.7270116015145626},"std_dev":{"confidence_interval":{"confidence_level":0.95,"lower_bound":5.431894998343697,"upper_bound":15.444726933586601},"point_estimate":10.589088365736744,"standard_error":2.640760702495151}}