{"mean":{"confidence_interval":{"confidence_level":0.95,"lower_bound":14648.885245030155,"upper_bound":14652.737403486053},"point_estimate":14650.61891554421,"standard_error":0.986134705630974},"median":{"confidence_interval":{"confidence_level":0.95,"lower_bound":14647.275401069519,"upper_bound":14650.565945347436},"point_estimate":14648.739729225024,"standard_error":1.009748039857438},"median_abs_dev":{"confidence_interval":{"confidence_level":0.95,"lower_bound":4.310266135048957,"upper_bound":6.4826759536803635},"point_estimate":5.266736642847689,"standard_error":0.5605385715253804},"slope":{"confidence_interval":{"confidence_level":0.95,"lower_bound":14648.418488429239,"upper_bound":14651.683576126952},"point_estimate":14649.895988230079,"standard_error":0.8382032201801066},"std_dev":{"confidence_interval":{"confidence_level":0.95,"lower_bound":5.162332718990535,"upper_bound":14.30163564297087},"point_estimate":9.909575143410773,"standard_error":2.4063348345603894}}