{"mean":{"confidence_interval":{"confidence_level":0.95,"lower_bound":14619.234342012956,"upper_bound":14623.895366303313},"point_estimate":14621.238000443343,"standard_error":1.2026821003264851},"median":{"confidence_interval":{"confidence_level":0.95,"lower_bound":14618.335409259857,"upper_bound":14619.599892395983},"point_estimate":14618.936157238015,"standard_error":0.3565995910184847},"median_abs_dev":{"confidence_interval":{"confidence_level":0.95,"lower_bound":2.178465213837866,"upper_bound":4.436620067841556},"point_estimate":3.477177792722429,"standard_error":0.5821560124068034},"slope":{"confidence_interval":{"confidence_level":0.95,"lower_bound":14618.408848571213,"upper_bound":14619.929391940497},"point_estimate":14619.131848460087,"standard_error":0.38637838064250163},"std_dev":{"confidence_interval":{"confidence_level":0.95,"lower_bound":4.234979341699795,"upper_bound":18.633126739593475},"point_estimate":12.113983406480235,"standard_error":3.8850898189128906}}