{"mean":{"confidence_interval":{"confidence_level":0.95,"lower_bound":14594.493748330031,"upper_bound":14599.100818904975},"point_estimate":14596.57343514182,"standard_error":1.1777943586163004},"median":{"confidence_interval":{"confidence_level":0.95,"lower_bound":14592.558676470588,"upper_bound":14596.167457305502},"point_estimate":14594.96768207283,"standard_error":0.974234046197689},"median_abs_dev":{"confidence_interval":{"confidence_level":0.95,"lower_bound":5.317102991163765,"upper_bound":8.92275077602556},"point_estimate":6.99995883853234,"standard_error":0.9053846208480674},"slope":{"confidence_interval":{"confidence_level":0.95,"lower_bound":14591.15559672626,"upper_bound":14594.326712555954},"point_estimate":14592.582942306522,"standard_error":0.8083871541466048},"std_dev":{"confidence_interval":{"confidence_level":0.95,"lower_bound":6.358151074471002,"upper_bound":17.08922190084401},"point_estimate":11.825382125888229,"standard_error":2.8678461238517263}}