{"mean":{"confidence_interval":{"confidence_level":0.95,"lower_bound":14637.299497477925,"upper_bound":14642.625154325508},"point_estimate":14639.420191930702,"standard_error":1.401671959182742},"median":{"confidence_interval":{"confidence_level":0.95,"lower_bound":14636.415966386554,"upper_bound":14637.961888980944},"point_estimate":14637.133836837904,"standard_error":0.44674404485404273},"median_abs_dev":{"confidence_interval":{"confidence_level":0.95,"lower_bound":2.1330420349358463,"upper_bound":3.8109583346219833},"point_estimate":3.0899070310559913,"standard_error":0.4303068129029939},"slope":{"confidence_interval":{"confidence_level":0.95,"lower_bound":14636.972089577646,"upper_bound":14638.228802901072},"point_estimate":14637.575442589035,"standard_error":0.3196113943007983},"std_dev":{"confidence_interval":{"confidence_level":0.95,"lower_bound":4.087370494445913,"upper_bound":23.022253878331572},"point_estimate":14.08965161161725,"standard_error":6.006405303089389}}