{"mean":{"confidence_interval":{"confidence_level":0.95,"lower_bound":14696.256550481914,"upper_bound":14701.76554869949},"point_estimate":14698.935392179586,"standard_error":1.4066055345733088},"median":{"confidence_interval":{"confidence_level":0.95,"lower_bound":14694.830970942594,"upper_bound":14699.947647058823},"point_estimate":14697.286616161615,"standard_error":1.3268560799626044},"median_abs_dev":{"confidence_interval":{"confidence_level":0.95,"lower_bound":6.7070007182123765,"upper_bound":13.068740085320739},"point_estimate":9.87297680017558,"standard_error":1.6323199477651809},"slope":{"confidence_interval":{"confidence_level":0.95,"lower_bound":14696.350981135489,"upper_bound":14703.533903888181},"point_estimate":14699.750277036483,"standard_error":1.842053264413546},"std_dev":{"confidence_interval":{"confidence_level":0.95,"lower_bound":11.104521160504447,"upper_bound":16.87439474617912},"point_estimate":14.11872074135172,"standard_error":1.4743336966586436}}