{"mean":{"confidence_interval":{"confidence_level":0.95,"lower_bound":1368.5285048146418,"upper_bound":1368.923772190193},"point_estimate":1368.6871776472544,"standard_error":0.10378899350508174},"median":{"confidence_interval":{"confidence_level":0.95,"lower_bound":1368.4466218996122,"upper_bound":1368.5405814259404},"point_estimate":1368.4779334200466,"standard_error":0.025870703191333406},"median_abs_dev":{"confidence_interval":{"confidence_level":0.95,"lower_bound":0.132891153645237,"upper_bound":0.23654517578351947},"point_estimate":0.1878066405461622,"standard_error":0.027009464742677403},"slope":{"confidence_interval":{"confidence_level":0.95,"lower_bound":1368.4958975329853,"upper_bound":1368.6213610549162},"point_estimate":1368.5515890611491,"standard_error":0.03199650884759372},"std_dev":{"confidence_interval":{"confidence_level":0.95,"lower_bound":0.23095977510639298,"upper_bound":1.6973076292281193},"point_estimate":1.0455265505600746,"standard_error":0.4254298467587868}}