{"mean":{"confidence_interval":{"confidence_level":0.95,"lower_bound":4484.325171723867,"upper_bound":4502.7521092277},"point_estimate":4491.586454683928,"standard_error":4.862205088580883},"median":{"confidence_interval":{"confidence_level":0.95,"lower_bound":4482.938823529412,"upper_bound":4486.692444101473},"point_estimate":4485.113568102826,"standard_error":0.9913586503199081},"median_abs_dev":{"confidence_interval":{"confidence_level":0.95,"lower_bound":6.039991861812016,"upper_bound":10.154824626341764},"point_estimate":8.444984741301651,"standard_error":1.092610831198378},"slope":{"confidence_interval":{"confidence_level":0.95,"lower_bound":4485.16795005112,"upper_bound":4494.2382777281},"point_estimate":4489.215819009874,"standard_error":2.3286018724225803},"std_dev":{"confidence_interval":{"confidence_level":0.95,"lower_bound":9.056496667366371,"upper_bound":80.16215896082868},"point_estimate":48.8170772894182,"standard_error":20.97377689287952}}