{"mean":{"confidence_interval":{"confidence_level":0.95,"lower_bound":3653.288402122903,"upper_bound":3677.5723414343524},"point_estimate":3665.2070182379325,"standard_error":6.215352069323815},"median":{"confidence_interval":{"confidence_level":0.95,"lower_bound":3642.7517801857584,"upper_bound":3665.9130154639174},"point_estimate":3649.9900767500394,"standard_error":5.9002843621976115},"median_abs_dev":{"confidence_interval":{"confidence_level":0.95,"lower_bound":42.45988020622533,"upper_bound":69.46184609081733},"point_estimate":54.171750746910604,"standard_error":6.824431152401149},"slope":{"confidence_interval":{"confidence_level":0.95,"lower_bound":3644.9252783681436,"upper_bound":3664.593929709907},"point_estimate":3654.707346541173,"standard_error":4.998596110394429},"std_dev":{"confidence_interval":{"confidence_level":0.95,"lower_bound":51.68195228827005,"upper_bound":72.81112815472632},"point_estimate":62.66557504915841,"standard_error":5.415726465346477}}