{"mean":{"confidence_interval":{"confidence_level":0.95,"lower_bound":4273.822506469984,"upper_bound":4280.380694391048},"point_estimate":4276.726310013468,"standard_error":1.6850443955422658},"median":{"confidence_interval":{"confidence_level":0.95,"lower_bound":4272.795443349753,"upper_bound":4275.713995943205},"point_estimate":4274.177979348238,"standard_error":0.7522295998423285},"median_abs_dev":{"confidence_interval":{"confidence_level":0.95,"lower_bound":4.74866835411877,"upper_bound":7.919086393430468},"point_estimate":6.147528015788861,"standard_error":0.8167174543991462},"slope":{"confidence_interval":{"confidence_level":0.95,"lower_bound":4274.47142308404,"upper_bound":4281.230157311596},"point_estimate":4277.500684304663,"standard_error":1.7446040454382612},"std_dev":{"confidence_interval":{"confidence_level":0.95,"lower_bound":8.25906157442132,"upper_bound":25.38516078024228},"point_estimate":16.94881410598201,"standard_error":4.785349058429029}}