{"mean":{"confidence_interval":{"confidence_level":0.95,"lower_bound":4512.803794024463,"upper_bound":4531.794307122748},"point_estimate":4520.595392784871,"standard_error":4.9499369888493305},"median":{"confidence_interval":{"confidence_level":0.95,"lower_bound":4509.548881118881,"upper_bound":4514.788144401331},"point_estimate":4513.039141006842,"standard_error":1.351759092716978},"median_abs_dev":{"confidence_interval":{"confidence_level":0.95,"lower_bound":10.749540882234797,"upper_bound":17.480349438878147},"point_estimate":13.974862533788633,"standard_error":1.7013293203120237},"slope":{"confidence_interval":{"confidence_level":0.95,"lower_bound":4510.505691112854,"upper_bound":4520.485101159657},"point_estimate":4514.820503459301,"standard_error":2.561092108204224},"std_dev":{"confidence_interval":{"confidence_level":0.95,"lower_bound":17.221418787983097,"upper_bound":79.4807710564705},"point_estimate":49.627674574972986,"standard_error":18.978192571398424}}