{"mean":{"confidence_interval":{"confidence_level":0.95,"lower_bound":40.524013566455054,"upper_bound":40.84437481483569},"point_estimate":40.68627532162237,"standard_error":0.08194812815706945},"median":{"confidence_interval":{"confidence_level":0.95,"lower_bound":40.53531834895358,"upper_bound":40.84609243911931},"point_estimate":40.67094099737918,"standard_error":0.08172078362131036},"median_abs_dev":{"confidence_interval":{"confidence_level":0.95,"lower_bound":0.440597567520715,"upper_bound":0.6982831097953546},"point_estimate":0.5699984777086753,"standard_error":0.06461358407668306},"slope":{"confidence_interval":{"confidence_level":0.95,"lower_bound":40.7244480516928,"upper_bound":40.930040364612815},"point_estimate":40.829372070272726,"standard_error":0.05255156501758256},"std_dev":{"confidence_interval":{"confidence_level":0.95,"lower_bound":0.596689342370828,"upper_bound":1.0353609304527096},"point_estimate":0.8271681002769674,"standard_error":0.11211042616343758}}