{"mean":{"confidence_interval":{"confidence_level":0.95,"lower_bound":44.308140897940994,"upper_bound":44.36049564637482},"point_estimate":44.33281678899587,"standard_error":0.013238156719371185},"median":{"confidence_interval":{"confidence_level":0.95,"lower_bound":44.318001459162645,"upper_bound":44.35214755484716},"point_estimate":44.33851890768645,"standard_error":0.008231740063233019},"median_abs_dev":{"confidence_interval":{"confidence_level":0.95,"lower_bound":0.05591227897408634,"upper_bound":0.10018525582288099},"point_estimate":0.08005441061064973,"standard_error":0.011507543551697488},"slope":{"confidence_interval":{"confidence_level":0.95,"lower_bound":44.31766248216517,"upper_bound":44.34877785101561},"point_estimate":44.33356849816145,"standard_error":0.007941235209015995},"std_dev":{"confidence_interval":{"confidence_level":0.95,"lower_bound":0.07280050774485815,"upper_bound":0.1939378369927839},"point_estimate":0.1329484437655444,"standard_error":0.03278970965027389}}