{"mean":{"confidence_interval":{"confidence_level":0.95,"lower_bound":52067.208703997945,"upper_bound":52286.629606124574},"point_estimate":52144.88823294992,"standard_error":66.13635120223104},"median":{"confidence_interval":{"confidence_level":0.95,"lower_bound":52048.72475218081,"upper_bound":52074.741005204945},"point_estimate":52061.75318386131,"standard_error":6.480320839522059},"median_abs_dev":{"confidence_interval":{"confidence_level":0.95,"lower_bound":44.6326686690752,"upper_bound":73.22322378115429},"point_estimate":59.968700964480846,"standard_error":7.243935249268929},"slope":{"confidence_interval":{"confidence_level":0.95,"lower_bound":52070.321395802064,"upper_bound":52100.756198828916},"point_estimate":52085.107437416875,"standard_error":7.774320888876797},"std_dev":{"confidence_interval":{"confidence_level":0.95,"lower_bound":63.888064505865586,"upper_bound":1133.6486714957502},"point_estimate":663.8997679116411,"standard_error":379.5801217477248}}