{"mean":{"confidence_interval":{"confidence_level":0.95,"lower_bound":48323.31825731222,"upper_bound":48416.21999941324},"point_estimate":48359.698493013915,"standard_error":24.597149827508442},"median":{"confidence_interval":{"confidence_level":0.95,"lower_bound":48305.13978494624,"upper_bound":48327.00198412698},"point_estimate":48317.184471208064,"standard_error":5.3453317813443055},"median_abs_dev":{"confidence_interval":{"confidence_level":0.95,"lower_bound":36.14778122638148,"upper_bound":57.87843914372953},"point_estimate":48.855330434261155,"standard_error":5.689163618249982},"slope":{"confidence_interval":{"confidence_level":0.95,"lower_bound":48326.2654829809,"upper_bound":48353.94126705779},"point_estimate":48339.63790707003,"standard_error":7.078573909608112},"std_dev":{"confidence_interval":{"confidence_level":0.95,"lower_bound":54.05421861643095,"upper_bound":404.5749933205712},"point_estimate":246.19579412188804,"standard_error":106.9349518767504}}