{"mean":{"confidence_interval":{"confidence_level":0.95,"lower_bound":52102.47809946492,"upper_bound":52264.21909536832},"point_estimate":52164.23539667188,"standard_error":43.17461229406643},"median":{"confidence_interval":{"confidence_level":0.95,"lower_bound":52078.35581395349,"upper_bound":52105.9301369863},"point_estimate":52090.339038461534,"standard_error":7.584817960595415},"median_abs_dev":{"confidence_interval":{"confidence_level":0.95,"lower_bound":37.4465880595095,"upper_bound":64.66123433586438},"point_estimate":51.97250134652865,"standard_error":7.494407313293308},"slope":{"confidence_interval":{"confidence_level":0.95,"lower_bound":52104.86673494291,"upper_bound":52202.96367729609},"point_estimate":52145.76764858874,"standard_error":25.460275821055863},"std_dev":{"confidence_interval":{"confidence_level":0.95,"lower_bound":78.5429615275847,"upper_bound":722.1578185604266},"point_estimate":434.88961076555194,"standard_error":201.53887497948867}}