{"mean":{"confidence_interval":{"confidence_level":0.95,"lower_bound":48105.49527579339,"upper_bound":48284.99386435876},"point_estimate":48179.62574648135,"standard_error":46.691281996239184},"median":{"confidence_interval":{"confidence_level":0.95,"lower_bound":48064.5851122058,"upper_bound":48180.05055555556},"point_estimate":48126.81068233354,"standard_error":27.366938696440066},"median_abs_dev":{"confidence_interval":{"confidence_level":0.95,"lower_bound":136.33434779964819,"upper_bound":245.6240213840805},"point_estimate":177.57376521478625,"standard_error":27.890131162647258},"slope":{"confidence_interval":{"confidence_level":0.95,"lower_bound":48072.29570387486,"upper_bound":48137.700979718145},"point_estimate":48104.33765078427,"standard_error":16.669360254089288},"std_dev":{"confidence_interval":{"confidence_level":0.95,"lower_bound":186.19947087123373,"upper_bound":751.8660453311165},"point_estimate":469.3638354359676,"standard_error":182.53297847293368}}