{"mean":{"confidence_interval":{"confidence_level":0.95,"lower_bound":48590.90901796546,"upper_bound":48852.9853881729},"point_estimate":48689.34396571693,"standard_error":70.48234358519974},"median":{"confidence_interval":{"confidence_level":0.95,"lower_bound":48555.6018735363,"upper_bound":48585.64880952381},"point_estimate":48574.807422969185,"standard_error":8.029151970557258},"median_abs_dev":{"confidence_interval":{"confidence_level":0.95,"lower_bound":36.93123984871334,"upper_bound":69.92194459196853},"point_estimate":53.29658137402252,"standard_error":8.773814224819796},"slope":{"confidence_interval":{"confidence_level":0.95,"lower_bound":48579.985785194025,"upper_bound":48622.556434062964},"point_estimate":48599.48207125616,"standard_error":10.861023927817753},"std_dev":{"confidence_interval":{"confidence_level":0.95,"lower_bound":81.47663231938887,"upper_bound":1182.881370928935},"point_estimate":708.7543637545124,"standard_error":338.3837014266122}}