{"mean":{"confidence_interval":{"confidence_level":0.95,"lower_bound":52728.705383421555,"upper_bound":52980.74393016018},"point_estimate":52822.2296058388,"standard_error":70.66902128924427},"median":{"confidence_interval":{"confidence_level":0.95,"lower_bound":52697.65653980489,"upper_bound":52727.667464114835},"point_estimate":52712.319413648685,"standard_error":7.431983132420081},"median_abs_dev":{"confidence_interval":{"confidence_level":0.95,"lower_bound":55.39099362168927,"upper_bound":88.31233894922589},"point_estimate":72.36308019338205,"standard_error":8.23967399994941},"slope":{"confidence_interval":{"confidence_level":0.95,"lower_bound":52717.360102632534,"upper_bound":52813.77124931863},"point_estimate":52754.03420204864,"standard_error":26.002519077902488},"std_dev":{"confidence_interval":{"confidence_level":0.95,"lower_bound":99.31353476603896,"upper_bound":1198.2529331102494},"point_estimate":710.8387054601075,"standard_error":365.7064567209428}}