{"mean":{"confidence_interval":{"confidence_level":0.95,"lower_bound":135.5089811228432,"upper_bound":135.93263567277657},"point_estimate":135.6741550612659,"standard_error":0.11241961121792537},"median":{"confidence_interval":{"confidence_level":0.95,"lower_bound":135.42532702751322,"upper_bound":135.56765158290654},"point_estimate":135.49557332943357,"standard_error":0.03601635822937454},"median_abs_dev":{"confidence_interval":{"confidence_level":0.95,"lower_bound":0.20825600102204955,"upper_bound":0.39411190023945847},"point_estimate":0.2898708764868,"standard_error":0.04894789236658136},"slope":{"confidence_interval":{"confidence_level":0.95,"lower_bound":135.49155433729814,"upper_bound":135.6630739625094},"point_estimate":135.57346422917922,"standard_error":0.0437721930800466},"std_dev":{"confidence_interval":{"confidence_level":0.95,"lower_bound":0.336441072789833,"upper_bound":1.8522261060734015},"point_estimate":1.12761733135843,"standard_error":0.5006857890863031}}