{"mean":{"confidence_interval":{"confidence_level":0.95,"lower_bound":237.53998261084413,"upper_bound":237.59543458525394},"point_estimate":237.56872461193927,"standard_error":0.014156418268199656},"median":{"confidence_interval":{"confidence_level":0.95,"lower_bound":237.56934678843095,"upper_bound":237.61000741047494},"point_estimate":237.5892938011135,"standard_error":0.01060864601714394},"median_abs_dev":{"confidence_interval":{"confidence_level":0.95,"lower_bound":0.05711475705698044,"upper_bound":0.08393973009801174},"point_estimate":0.06983486053470267,"standard_error":0.00693976765308012},"slope":{"confidence_interval":{"confidence_level":0.95,"lower_bound":237.45967935590969,"upper_bound":237.58253141943078},"point_estimate":237.52249535830748,"standard_error":0.0314876386210957},"std_dev":{"confidence_interval":{"confidence_level":0.95,"lower_bound":0.09592108061303145,"upper_bound":0.17976988595661078},"point_estimate":0.14208644897201003,"standard_error":0.0212985585355511}}