{"mean":{"confidence_interval":{"confidence_level":0.95,"lower_bound":237.57573859466876,"upper_bound":237.65626451990263},"point_estimate":237.61450471138286,"standard_error":0.020582481757365465},"median":{"confidence_interval":{"confidence_level":0.95,"lower_bound":237.5089065619871,"upper_bound":237.5234291143551},"point_estimate":237.51668026948647,"standard_error":0.0035840724684131904},"median_abs_dev":{"confidence_interval":{"confidence_level":0.95,"lower_bound":0.022502946308135492,"upper_bound":0.044540927817874},"point_estimate":0.03519357293590161,"standard_error":0.00568268466368837},"slope":{"confidence_interval":{"confidence_level":0.95,"lower_bound":237.51065380486634,"upper_bound":237.52653761172698},"point_estimate":237.51772988392923,"standard_error":0.00407144834165233},"std_dev":{"confidence_interval":{"confidence_level":0.95,"lower_bound":0.16752336351450758,"upper_bound":0.2374790297917695},"point_estimate":0.20686875202758662,"standard_error":0.01787273917994622}}