{"mean":{"confidence_interval":{"confidence_level":0.95,"lower_bound":81.08405967920639,"upper_bound":81.2909340203006},"point_estimate":81.16926871426475,"standard_error":0.053901716330359034},"median":{"confidence_interval":{"confidence_level":0.95,"lower_bound":81.04703597319109,"upper_bound":81.12555281995166},"point_estimate":81.08936443752944,"standard_error":0.01786603176807659},"median_abs_dev":{"confidence_interval":{"confidence_level":0.95,"lower_bound":0.12768197666948594,"upper_bound":0.2527894356585113},"point_estimate":0.19113667736167775,"standard_error":0.033378800125242365},"slope":{"confidence_interval":{"confidence_level":0.95,"lower_bound":81.06839985941433,"upper_bound":81.15182143550012},"point_estimate":81.10957083153363,"standard_error":0.021251823755860367},"std_dev":{"confidence_interval":{"confidence_level":0.95,"lower_bound":0.2068638802303917,"upper_bound":0.8643368450024504},"point_estimate":0.5412618706823741,"standard_error":0.20889728764439808}}