{"mean":{"confidence_interval":{"confidence_level":0.95,"lower_bound":81.77915460676041,"upper_bound":81.91382530462992},"point_estimate":81.83377969682724,"standard_error":0.03535375601909343},"median":{"confidence_interval":{"confidence_level":0.95,"lower_bound":81.77062778787378,"upper_bound":81.83342970427887},"point_estimate":81.80053542977687,"standard_error":0.01690859097641919},"median_abs_dev":{"confidence_interval":{"confidence_level":0.95,"lower_bound":0.10560013230036805,"upper_bound":0.17639908468369875},"point_estimate":0.1359614559643633,"standard_error":0.017891586806318284},"slope":{"confidence_interval":{"confidence_level":0.95,"lower_bound":81.77656328232877,"upper_bound":81.83257802494487},"point_estimate":81.80528559299509,"standard_error":0.014290334198132665},"std_dev":{"confidence_interval":{"confidence_level":0.95,"lower_bound":0.13480885093468412,"upper_bound":0.5738255330989889},"point_estimate":0.35429372001135123,"standard_error":0.1465881360684225}}