{"mean":{"confidence_interval":{"confidence_level":0.95,"lower_bound":81.49956178851969,"upper_bound":81.66976511610244},"point_estimate":81.56278646024792,"standard_error":0.04729173835520988},"median":{"confidence_interval":{"confidence_level":0.95,"lower_bound":81.48121638125035,"upper_bound":81.50745112333988},"point_estimate":81.49787121081769,"standard_error":0.00728728646837921},"median_abs_dev":{"confidence_interval":{"confidence_level":0.95,"lower_bound":0.04092455963026854,"upper_bound":0.08208774532904373},"point_estimate":0.05364862395977,"standard_error":0.01042564348875466},"slope":{"confidence_interval":{"confidence_level":0.95,"lower_bound":81.49719187187023,"upper_bound":81.54297839292863},"point_estimate":81.51734351776551,"standard_error":0.011839863419243056},"std_dev":{"confidence_interval":{"confidence_level":0.95,"lower_bound":0.08599113146864609,"upper_bound":0.8016551235369923},"point_estimate":0.4764593452425475,"standard_error":0.2412055496974294}}