{"mean":{"confidence_interval":{"confidence_level":0.95,"lower_bound":86.40243566472479,"upper_bound":86.85988609996487},"point_estimate":86.59476829133395,"standard_error":0.11958681125772518},"median":{"confidence_interval":{"confidence_level":0.95,"lower_bound":86.33819739871612,"upper_bound":86.43922325164138},"point_estimate":86.36595243238654,"standard_error":0.025736691237459794},"median_abs_dev":{"confidence_interval":{"confidence_level":0.95,"lower_bound":0.13853146717846412,"upper_bound":0.26131477126579605},"point_estimate":0.17861226300662383,"standard_error":0.03269166367885449},"slope":{"confidence_interval":{"confidence_level":0.95,"lower_bound":86.40029469938764,"upper_bound":87.24422583363948},"point_estimate":86.71913269816379,"standard_error":0.23072955512155352},"std_dev":{"confidence_interval":{"confidence_level":0.95,"lower_bound":0.24224103335738403,"upper_bound":1.8500616026288814},"point_estimate":1.2022783351962831,"standard_error":0.4259428228721854}}