{"mean":{"confidence_interval":{"confidence_level":0.95,"lower_bound":81.6782556953631,"upper_bound":81.86431612948245},"point_estimate":81.75256552243431,"standard_error":0.049154560265057504},"median":{"confidence_interval":{"confidence_level":0.95,"lower_bound":81.65066766550642,"upper_bound":81.74873703339797},"point_estimate":81.71187570651333,"standard_error":0.029809360119527763},"median_abs_dev":{"confidence_interval":{"confidence_level":0.95,"lower_bound":0.12967640133393854,"upper_bound":0.21573874267799076},"point_estimate":0.1824020586478914,"standard_error":0.022085677587594794},"slope":{"confidence_interval":{"confidence_level":0.95,"lower_bound":81.68250768246583,"upper_bound":81.75748509542298},"point_estimate":81.71929048368885,"standard_error":0.019119883954850782},"std_dev":{"confidence_interval":{"confidence_level":0.95,"lower_bound":0.167544156790334,"upper_bound":0.8094460359048592},"point_estimate":0.49390849801023384,"standard_error":0.21495808810447953}}