{"mean":{"confidence_interval":{"confidence_level":0.95,"lower_bound":10594.785352564228,"upper_bound":10623.27102950624},"point_estimate":10607.69550270228,"standard_error":7.282662171350756},"median":{"confidence_interval":{"confidence_level":0.95,"lower_bound":10584.634546343848,"upper_bound":10613.139884937758},"point_estimate":10600.839254908404,"standard_error":7.814694912931403},"median_abs_dev":{"confidence_interval":{"confidence_level":0.95,"lower_bound":40.84390610640322,"upper_bound":66.083570982952},"point_estimate":56.11178854736305,"standard_error":6.373351214356306},"slope":{"confidence_interval":{"confidence_level":0.95,"lower_bound":10591.184953768261,"upper_bound":10611.247655168867},"point_estimate":10601.01127297995,"standard_error":5.124597454993092},"std_dev":{"confidence_interval":{"confidence_level":0.95,"lower_bound":45.3088580198055,"upper_bound":105.89275366663978},"point_estimate":73.0950838050297,"standard_error":18.49775620555912}}