{"mean":{"confidence_interval":{"confidence_level":0.95,"lower_bound":57992.835750292856,"upper_bound":58025.085464899086},"point_estimate":58008.46863458186,"standard_error":8.239572413280566},"median":{"confidence_interval":{"confidence_level":0.95,"lower_bound":57990.207738774734,"upper_bound":58013.19113756614},"point_estimate":57997.848061296594,"standard_error":6.885541309572802},"median_abs_dev":{"confidence_interval":{"confidence_level":0.95,"lower_bound":46.21542105451226,"upper_bound":77.60331004923796},"point_estimate":56.776018291041204,"standard_error":8.129037987158478},"slope":{"confidence_interval":{"confidence_level":0.95,"lower_bound":58013.54431449989,"upper_bound":58059.033300183255},"point_estimate":58035.53498678226,"standard_error":11.606497212290078},"std_dev":{"confidence_interval":{"confidence_level":0.95,"lower_bound":63.36664411157154,"upper_bound":100.99308341799832},"point_estimate":82.67669708345272,"standard_error":9.670245760673996}}