{"mean":{"confidence_interval":{"confidence_level":0.95,"lower_bound":58347.26552430672,"upper_bound":58365.71577492676},"point_estimate":58356.49794235546,"standard_error":4.702034778616037},"median":{"confidence_interval":{"confidence_level":0.95,"lower_bound":58345.08823529412,"upper_bound":58372.73815094956},"point_estimate":58362.59691267811,"standard_error":7.131693680831733},"median_abs_dev":{"confidence_interval":{"confidence_level":0.95,"lower_bound":35.93671938908445,"upper_bound":59.887104293458655},"point_estimate":46.494252523983434,"standard_error":6.100441677397881},"slope":{"confidence_interval":{"confidence_level":0.95,"lower_bound":58371.553048176276,"upper_bound":58390.16332702336},"point_estimate":58381.07687931919,"standard_error":4.739600195007368},"std_dev":{"confidence_interval":{"confidence_level":0.95,"lower_bound":41.251043094673314,"upper_bound":52.91691715273358},"point_estimate":47.40000369953601,"standard_error":2.9687625570584832}}