{"mean":{"confidence_interval":{"confidence_level":0.95,"lower_bound":58484.21917688408,"upper_bound":58514.48341888338},"point_estimate":58498.884927788946,"standard_error":7.716146143311493},"median":{"confidence_interval":{"confidence_level":0.95,"lower_bound":58463.88617265088,"upper_bound":58501.04921968788},"point_estimate":58481.04112262755,"standard_error":9.739629878661017},"median_abs_dev":{"confidence_interval":{"confidence_level":0.95,"lower_bound":51.65021567072024,"upper_bound":89.23425548691777},"point_estimate":71.89532550561415,"standard_error":9.691973729304967},"slope":{"confidence_interval":{"confidence_level":0.95,"lower_bound":58454.90131301613,"upper_bound":58477.04743347029},"point_estimate":58465.706941124314,"standard_error":5.6388789662695915},"std_dev":{"confidence_interval":{"confidence_level":0.95,"lower_bound":62.49644084800409,"upper_bound":91.28717080728744},"point_estimate":77.46819276094813,"standard_error":7.380173942336812}}