{"mean":{"confidence_interval":{"confidence_level":0.95,"lower_bound":6017.18651390283,"upper_bound":6018.0978224714945},"point_estimate":6017.628215847312,"standard_error":0.23237816619844154},"median":{"confidence_interval":{"confidence_level":0.95,"lower_bound":6016.567272727273,"upper_bound":6017.70297024297},"point_estimate":6017.171217542148,"standard_error":0.24825876613414233},"median_abs_dev":{"confidence_interval":{"confidence_level":0.95,"lower_bound":1.5043805752082438,"upper_bound":2.4362645577344493},"point_estimate":1.8977299196686466,"standard_error":0.2418487294652044},"slope":{"confidence_interval":{"confidence_level":0.95,"lower_bound":6016.805209341803,"upper_bound":6017.955431368107},"point_estimate":6017.344408990153,"standard_error":0.2941669121296599},"std_dev":{"confidence_interval":{"confidence_level":0.95,"lower_bound":1.889671783061275,"upper_bound":2.735352680442799},"point_estimate":2.3420478193176226,"standard_error":0.21631502940254071}}