{"mean":{"confidence_interval":{"confidence_level":0.95,"lower_bound":6068.936628414825,"upper_bound":6070.088052876963},"point_estimate":6069.480176678433,"standard_error":0.2941298931516915},"median":{"confidence_interval":{"confidence_level":0.95,"lower_bound":6068.531528851874,"upper_bound":6069.24177631579},"point_estimate":6068.972144048364,"standard_error":0.182871278376452},"median_abs_dev":{"confidence_interval":{"confidence_level":0.95,"lower_bound":1.1673781719102272,"upper_bound":2.183728485262712},"point_estimate":1.7168519642466287,"standard_error":0.2597850481677717},"slope":{"confidence_interval":{"confidence_level":0.95,"lower_bound":6068.940606144516,"upper_bound":6069.822459029609},"point_estimate":6069.369258723288,"standard_error":0.22566319840497964},"std_dev":{"confidence_interval":{"confidence_level":0.95,"lower_bound":1.984960847995019,"upper_bound":3.9017103254502095},"point_estimate":2.9550723912762487,"standard_error":0.49926804934999025}}