{"mean":{"confidence_interval":{"confidence_level":0.95,"lower_bound":136.70900820119095,"upper_bound":136.78049084681498},"point_estimate":136.74304963123342,"standard_error":0.018325999754670464},"median":{"confidence_interval":{"confidence_level":0.95,"lower_bound":136.69863125445735,"upper_bound":136.75780623802055},"point_estimate":136.74062985667797,"standard_error":0.016542440536329337},"median_abs_dev":{"confidence_interval":{"confidence_level":0.95,"lower_bound":0.05497187751130854,"upper_bound":0.10255325764270683},"point_estimate":0.07835691105230028,"standard_error":0.01167525415905663},"slope":{"confidence_interval":{"confidence_level":0.95,"lower_bound":136.73787079631896,"upper_bound":136.81399360466318},"point_estimate":136.77209947814376,"standard_error":0.019590871703723024},"std_dev":{"confidence_interval":{"confidence_level":0.95,"lower_bound":0.08044044056734223,"upper_bound":0.17419534842582124},"point_estimate":0.13152472998488182,"standard_error":0.024084128764332646}}