{"mean":{"confidence_interval":{"confidence_level":0.95,"lower_bound":127362.26564392517,"upper_bound":127762.18938669018},"point_estimate":127571.7605361769,"standard_error":102.02029486341496},"median":{"confidence_interval":{"confidence_level":0.95,"lower_bound":127437.39772727274,"upper_bound":127873.17684210527},"point_estimate":127683.19258099483,"standard_error":109.50708348301107},"median_abs_dev":{"confidence_interval":{"confidence_level":0.95,"lower_bound":405.08866858574714,"upper_bound":787.7464432411583},"point_estimate":668.2784150088962,"standard_error":98.41814652978054},"slope":{"confidence_interval":{"confidence_level":0.95,"lower_bound":127918.95291746195,"upper_bound":128183.79486323555},"point_estimate":128062.53567115226,"standard_error":67.5463730188935},"std_dev":{"confidence_interval":{"confidence_level":0.95,"lower_bound":495.4693968856615,"upper_bound":944.8825783762727},"point_estimate":727.7228225194019,"standard_error":117.47760763434911}}