{"mean":{"confidence_interval":{"confidence_level":0.95,"lower_bound":127661.82087631771,"upper_bound":127975.21214394091},"point_estimate":127833.50905334803,"standard_error":80.3595470951449},"median":{"confidence_interval":{"confidence_level":0.95,"lower_bound":127871.63333333333,"upper_bound":128084.432748538},"point_estimate":128036.07308352402,"standard_error":59.46597796943918},"median_abs_dev":{"confidence_interval":{"confidence_level":0.95,"lower_bound":191.73903593113602,"upper_bound":560.4877026932824},"point_estimate":291.36622108008197,"standard_error":104.40310098790246},"slope":{"confidence_interval":{"confidence_level":0.95,"lower_bound":128068.61971512744,"upper_bound":128189.44450491715},"point_estimate":128133.67774882751,"standard_error":30.78119672493928},"std_dev":{"confidence_interval":{"confidence_level":0.95,"lower_bound":333.6957491891499,"upper_bound":829.8129629687885},"point_estimate":573.0264622722588,"standard_error":150.95476495980128}}