{"mean":{"confidence_interval":{"confidence_level":0.95,"lower_bound":127804.67183847021,"upper_bound":127956.2618173359},"point_estimate":127887.43431481795,"standard_error":38.933370527517425},"median":{"confidence_interval":{"confidence_level":0.95,"lower_bound":127866.96129296819,"upper_bound":128005.41885964913},"point_estimate":127940.47333795014,"standard_error":41.75599447062725},"median_abs_dev":{"confidence_interval":{"confidence_level":0.95,"lower_bound":108.90086964556069,"upper_bound":247.5567615366837},"point_estimate":173.69751577092129,"standard_error":33.37499431020817},"slope":{"confidence_interval":{"confidence_level":0.95,"lower_bound":127901.8729185073,"upper_bound":128020.72965490805},"point_estimate":127962.83500965577,"standard_error":30.28574012309322},"std_dev":{"confidence_interval":{"confidence_level":0.95,"lower_bound":155.37792570014247,"upper_bound":403.62863041432433},"point_estimate":279.4078093626953,"standard_error":70.64832324873178}}