{"mean":{"confidence_interval":{"confidence_level":0.95,"lower_bound":127680.92412001574,"upper_bound":127836.20147609757},"point_estimate":127761.54272007517,"standard_error":39.55992849005443},"median":{"confidence_interval":{"confidence_level":0.95,"lower_bound":127709.55417487095,"upper_bound":127857.20931064073},"point_estimate":127805.92381154498,"standard_error":33.846494573512174},"median_abs_dev":{"confidence_interval":{"confidence_level":0.95,"lower_bound":141.92021441404944,"upper_bound":312.31675095140434},"point_estimate":228.91658872698198,"standard_error":43.35081505213007},"slope":{"confidence_interval":{"confidence_level":0.95,"lower_bound":127800.39993028925,"upper_bound":127933.55461454543},"point_estimate":127866.13521503234,"standard_error":33.89097839010749},"std_dev":{"confidence_interval":{"confidence_level":0.95,"lower_bound":200.7087133000921,"upper_bound":356.25497004173025},"point_estimate":282.46005813568104,"standard_error":40.16066259490326}}