{"mean":{"confidence_interval":{"confidence_level":0.95,"lower_bound":9864.806222899484,"upper_bound":9876.112546803164},"point_estimate":9869.3600250202,"standard_error":2.9595988372871425},"median":{"confidence_interval":{"confidence_level":0.95,"lower_bound":9862.055845251192,"upper_bound":9864.323157315732},"point_estimate":9863.189184108283,"standard_error":0.5782146966033648},"median_abs_dev":{"confidence_interval":{"confidence_level":0.95,"lower_bound":3.58844075352591,"upper_bound":6.444546437035794},"point_estimate":5.205791476397496,"standard_error":0.7314230884393971},"slope":{"confidence_interval":{"confidence_level":0.95,"lower_bound":9865.269979935432,"upper_bound":9872.179150470076},"point_estimate":9868.287573767278,"standard_error":1.7793807306734168},"std_dev":{"confidence_interval":{"confidence_level":0.95,"lower_bound":7.745026648851246,"upper_bound":48.221996682337085},"point_estimate":29.764035778034106,"standard_error":11.974037866823137}}