{"mean":{"confidence_interval":{"confidence_level":0.95,"lower_bound":11546.589910555971,"upper_bound":11567.331521023645},"point_estimate":11554.230761790226,"standard_error":5.81410854516522},"median":{"confidence_interval":{"confidence_level":0.95,"lower_bound":11544.604356252106,"upper_bound":11548.576488592975},"point_estimate":11546.449729350441,"standard_error":1.0188262946594526},"median_abs_dev":{"confidence_interval":{"confidence_level":0.95,"lower_bound":7.57619285124201,"upper_bound":12.750034382983818},"point_estimate":10.69395550169948,"standard_error":1.2647478604988327},"slope":{"confidence_interval":{"confidence_level":0.95,"lower_bound":11545.389098711647,"upper_bound":11549.847619511645},"point_estimate":11547.597959076365,"standard_error":1.1409770357416915},"std_dev":{"confidence_interval":{"confidence_level":0.95,"lower_bound":10.543584267711484,"upper_bound":98.57347869288023},"point_estimate":58.41466341258579,"standard_error":30.313689831366347}}