{"mean":{"confidence_interval":{"confidence_level":0.95,"lower_bound":8289.487798835802,"upper_bound":8291.24495223001},"point_estimate":8290.286708976962,"standard_error":0.4494730517114351},"median":{"confidence_interval":{"confidence_level":0.95,"lower_bound":8288.879591836734,"upper_bound":8289.5},"point_estimate":8289.245553816338,"standard_error":0.18365695914908314},"median_abs_dev":{"confidence_interval":{"confidence_level":0.95,"lower_bound":1.1890596515863794,"upper_bound":2.2409645867628436},"point_estimate":1.6807947618267445,"standard_error":0.2698734413652551},"slope":{"confidence_interval":{"confidence_level":0.95,"lower_bound":8289.033501017311,"upper_bound":8290.346396505858},"point_estimate":8289.617986823308,"standard_error":0.3367211105343818},"std_dev":{"confidence_interval":{"confidence_level":0.95,"lower_bound":2.3299051451567,"upper_bound":6.245612409854468},"point_estimate":4.496187340003351,"standard_error":0.986284504235752}}