{"mean":{"confidence_interval":{"confidence_level":0.95,"lower_bound":8278.403521414364,"upper_bound":8281.847795494536},"point_estimate":8279.722145718282,"standard_error":0.9283513773367496},"median":{"confidence_interval":{"confidence_level":0.95,"lower_bound":8277.55303496026,"upper_bound":8278.698333333334},"point_estimate":8278.13087984496,"standard_error":0.2508636590846727},"median_abs_dev":{"confidence_interval":{"confidence_level":0.95,"lower_bound":1.3546357853368944,"upper_bound":2.448750477997191},"point_estimate":1.8807201261848985,"standard_error":0.2708863543107181},"slope":{"confidence_interval":{"confidence_level":0.95,"lower_bound":8277.716286504094,"upper_bound":8278.844199935953},"point_estimate":8278.254602162455,"standard_error":0.2881189442866208},"std_dev":{"confidence_interval":{"confidence_level":0.95,"lower_bound":2.350799747402459,"upper_bound":15.476872773138515},"point_estimate":9.316818952022519,"standard_error":4.376388038257674}}