{"mean":{"confidence_interval":{"confidence_level":0.95,"lower_bound":25.032053243913015,"upper_bound":25.103492895738},"point_estimate":25.063847959069527,"standard_error":0.018378358609927127},"median":{"confidence_interval":{"confidence_level":0.95,"lower_bound":25.01331592284686,"upper_bound":25.041327875996295},"point_estimate":25.025264976916915,"standard_error":0.007032051507479114},"median_abs_dev":{"confidence_interval":{"confidence_level":0.95,"lower_bound":0.04989042358331938,"upper_bound":0.08076248292138201},"point_estimate":0.0629025553213918,"standard_error":0.007646210347435756},"slope":{"confidence_interval":{"confidence_level":0.95,"lower_bound":25.016144830392204,"upper_bound":25.042081694573433},"point_estimate":25.028651880697616,"standard_error":0.006597077210662123},"std_dev":{"confidence_interval":{"confidence_level":0.95,"lower_bound":0.08663709834832996,"upper_bound":0.26493743275105086},"point_estimate":0.1840097327569016,"standard_error":0.046102704270052586}}