{"mean":{"confidence_interval":{"confidence_level":0.95,"lower_bound":24.973751908893544,"upper_bound":25.043711283181697},"point_estimate":25.004436183025422,"standard_error":0.018023392378431924},"median":{"confidence_interval":{"confidence_level":0.95,"lower_bound":24.959876784918947,"upper_bound":24.986554956690192},"point_estimate":24.97569242125237,"standard_error":0.0064784072727040246},"median_abs_dev":{"confidence_interval":{"confidence_level":0.95,"lower_bound":0.05226719012005545,"upper_bound":0.08548287030665531},"point_estimate":0.06773444843160725,"standard_error":0.008532812835114093},"slope":{"confidence_interval":{"confidence_level":0.95,"lower_bound":24.972298566781344,"upper_bound":25.009057342333733},"point_estimate":24.990250155051662,"standard_error":0.009366494277793177},"std_dev":{"confidence_interval":{"confidence_level":0.95,"lower_bound":0.07495997616101782,"upper_bound":0.2710726934770665},"point_estimate":0.18092268014028143,"standard_error":0.05272610746877903}}