{"mean":{"confidence_interval":{"confidence_level":0.95,"lower_bound":1359.1955010151344,"upper_bound":1363.7921537867455},"point_estimate":1361.141464007583,"standard_error":1.1867085834399662},"median":{"confidence_interval":{"confidence_level":0.95,"lower_bound":1358.8124018894973,"upper_bound":1359.3537705643603},"point_estimate":1359.0465625225615,"standard_error":0.13778271068734188},"median_abs_dev":{"confidence_interval":{"confidence_level":0.95,"lower_bound":0.9611433806818446,"upper_bound":1.6830937801744095},"point_estimate":1.381733285836793,"standard_error":0.1853150675391559},"slope":{"confidence_interval":{"confidence_level":0.95,"lower_bound":1358.879588455135,"upper_bound":1363.7162207642637},"point_estimate":1360.8290003148095,"standard_error":1.28387740537312},"std_dev":{"confidence_interval":{"confidence_level":0.95,"lower_bound":1.6884707810070618,"upper_bound":18.88058922781533},"point_estimate":11.956142413648047,"standard_error":4.302647431032065}}