{"mean":{"confidence_interval":{"confidence_level":0.95,"lower_bound":4220.000971214929,"upper_bound":4231.71638912499},"point_estimate":4224.566287074546,"standard_error":3.1155992376302435},"median":{"confidence_interval":{"confidence_level":0.95,"lower_bound":4218.999419729207,"upper_bound":4223.936312056738},"point_estimate":4221.669625825385,"standard_error":1.306044140104073},"median_abs_dev":{"confidence_interval":{"confidence_level":0.95,"lower_bound":7.710019902114468,"upper_bound":13.5358859243714},"point_estimate":10.936727386905943,"standard_error":1.4639638050958412},"slope":{"confidence_interval":{"confidence_level":0.95,"lower_bound":4220.834211765251,"upper_bound":4224.86882613684},"point_estimate":4222.882873129612,"standard_error":1.031111926561929},"std_dev":{"confidence_interval":{"confidence_level":0.95,"lower_bound":9.708520429144775,"upper_bound":51.68561181376124},"point_estimate":31.352426519427738,"standard_error":14.173812712281894}}