{"mean":{"confidence_interval":{"confidence_level":0.95,"lower_bound":1800.3138884532034,"upper_bound":1812.7692849828952},"point_estimate":1806.4857547839354,"standard_error":3.170659636620524},"median":{"confidence_interval":{"confidence_level":0.95,"lower_bound":1801.629393409501,"upper_bound":1814.4605738172145},"point_estimate":1808.4043592736352,"standard_error":3.3560910858171775},"median_abs_dev":{"confidence_interval":{"confidence_level":0.95,"lower_bound":19.352978415586517,"upper_bound":31.704863106046936},"point_estimate":25.27061062801874,"standard_error":3.1508625177157668},"slope":{"confidence_interval":{"confidence_level":0.95,"lower_bound":1792.165557287235,"upper_bound":1806.3415116194649},"point_estimate":1799.3921758704778,"standard_error":3.6276826398529582},"std_dev":{"confidence_interval":{"confidence_level":0.95,"lower_bound":26.018391365125698,"upper_bound":37.764976260377594},"point_estimate":31.921694551253776,"standard_error":3.006842833429679}}