{"mean":{"confidence_interval":{"confidence_level":0.95,"lower_bound":6918.9817362829535,"upper_bound":6920.48816845592},"point_estimate":6919.674027388852,"standard_error":0.38552303654750736},"median":{"confidence_interval":{"confidence_level":0.95,"lower_bound":6918.585547504026,"upper_bound":6919.302546296296},"point_estimate":6918.989689414639,"standard_error":0.17529935954202638},"median_abs_dev":{"confidence_interval":{"confidence_level":0.95,"lower_bound":1.1662096427987103,"upper_bound":2.1033826767235873},"point_estimate":1.667935163198587,"standard_error":0.2357312105918938},"slope":{"confidence_interval":{"confidence_level":0.95,"lower_bound":6918.64847767249,"upper_bound":6919.614419088989},"point_estimate":6919.103464669228,"standard_error":0.24511301902469673},"std_dev":{"confidence_interval":{"confidence_level":0.95,"lower_bound":2.165701633970013,"upper_bound":5.307343351496945},"point_estimate":3.8768472252488553,"standard_error":0.7988284442060387}}