{"mean":{"confidence_interval":{"confidence_level":0.95,"lower_bound":174.1601761336881,"upper_bound":174.25748328349735},"point_estimate":174.20744764189342,"standard_error":0.02485517570050773},"median":{"confidence_interval":{"confidence_level":0.95,"lower_bound":174.1299321614141,"upper_bound":174.2179768411968},"point_estimate":174.17972563369665,"standard_error":0.02202999989161977},"median_abs_dev":{"confidence_interval":{"confidence_level":0.95,"lower_bound":0.12754440504613046,"upper_bound":0.23556881290753556},"point_estimate":0.17570249350078465,"standard_error":0.027812482679372374},"slope":{"confidence_interval":{"confidence_level":0.95,"lower_bound":174.12479233670973,"upper_bound":174.1875216782621},"point_estimate":174.15585692137134,"standard_error":0.015981169902439626},"std_dev":{"confidence_interval":{"confidence_level":0.95,"lower_bound":0.19858540771110203,"upper_bound":0.29546339914512504},"point_estimate":0.2498941079038959,"standard_error":0.024751866362703195}}