{"mean":{"confidence_interval":{"confidence_level":0.95,"lower_bound":173.21749946643087,"upper_bound":173.31141570063363},"point_estimate":173.26310693736795,"standard_error":0.023963559247540712},"median":{"confidence_interval":{"confidence_level":0.95,"lower_bound":173.21083440151375,"upper_bound":173.30993729950424},"point_estimate":173.25333284388404,"standard_error":0.024311564309442257},"median_abs_dev":{"confidence_interval":{"confidence_level":0.95,"lower_bound":0.1711276162872408,"upper_bound":0.2739136696998458},"point_estimate":0.23015437242064415,"standard_error":0.02625509728710802},"slope":{"confidence_interval":{"confidence_level":0.95,"lower_bound":173.20058029796118,"upper_bound":173.28462860288764},"point_estimate":173.2427283054078,"standard_error":0.021363601129397197},"std_dev":{"confidence_interval":{"confidence_level":0.95,"lower_bound":0.19465210603603827,"upper_bound":0.28543416357619816},"point_estimate":0.23986563729990604,"standard_error":0.02329909140325757}}