{"mean":{"confidence_interval":{"confidence_level":0.95,"lower_bound":59.781514193389974,"upper_bound":59.800937032151445},"point_estimate":59.79100780366531,"standard_error":0.004954842873554508},"median":{"confidence_interval":{"confidence_level":0.95,"lower_bound":59.782227269983096,"upper_bound":59.800473315624245},"point_estimate":59.78839376821165,"standard_error":0.004648781402272137},"median_abs_dev":{"confidence_interval":{"confidence_level":0.95,"lower_bound":0.02510312994340731,"upper_bound":0.04485542103966482},"point_estimate":0.03720778489847627,"standard_error":0.005025019555379716},"slope":{"confidence_interval":{"confidence_level":0.95,"lower_bound":59.78369920668193,"upper_bound":59.79776018995333},"point_estimate":59.79084076355748,"standard_error":0.0035953307340537417},"std_dev":{"confidence_interval":{"confidence_level":0.95,"lower_bound":0.03618911570708721,"upper_bound":0.06362425479040129},"point_estimate":0.04997617216657255,"standard_error":0.007094366625123497}}