{"mean":{"confidence_interval":{"confidence_level":0.95,"lower_bound":59.703894059492185,"upper_bound":59.72590502574322},"point_estimate":59.71514801846839,"standard_error":0.0056026830536250495},"median":{"confidence_interval":{"confidence_level":0.95,"lower_bound":59.70146189269837,"upper_bound":59.72661074744349},"point_estimate":59.71552653829242,"standard_error":0.006800324876915684},"median_abs_dev":{"confidence_interval":{"confidence_level":0.95,"lower_bound":0.03533688854200347,"upper_bound":0.06024601061158511},"point_estimate":0.04946309290732437,"standard_error":0.006638632034292549},"slope":{"confidence_interval":{"confidence_level":0.95,"lower_bound":59.70925225162478,"upper_bound":59.73141261434457},"point_estimate":59.72013372890212,"standard_error":0.005655215309623954},"std_dev":{"confidence_interval":{"confidence_level":0.95,"lower_bound":0.0448067518301781,"upper_bound":0.06728657767936969},"point_estimate":0.056415069939445305,"standard_error":0.005776553710073713}}