{"mean":{"confidence_interval":{"confidence_level":0.95,"lower_bound":59.32823261703446,"upper_bound":59.52069214023284},"point_estimate":59.42494215246982,"standard_error":0.04911753580831409},"median":{"confidence_interval":{"confidence_level":0.95,"lower_bound":59.508649376931025,"upper_bound":59.72507155959332},"point_estimate":59.63901105441788,"standard_error":0.05604880214137298},"median_abs_dev":{"confidence_interval":{"confidence_level":0.95,"lower_bound":0.26463548278363164,"upper_bound":0.6938697636246755},"point_estimate":0.44776132306115757,"standard_error":0.1115075796478068},"slope":{"confidence_interval":{"confidence_level":0.95,"lower_bound":59.09931053946197,"upper_bound":59.32967411048735},"point_estimate":59.209874649016676,"standard_error":0.058823484098997174},"std_dev":{"confidence_interval":{"confidence_level":0.95,"lower_bound":0.4504313838534785,"upper_bound":0.5266129185293931},"point_estimate":0.4937945741438239,"standard_error":0.019339622257793246}}