{"mean":{"confidence_interval":{"confidence_level":0.95,"lower_bound":38.68930757777083,"upper_bound":38.7741939552092},"point_estimate":38.729427968877964,"standard_error":0.02171748337000834},"median":{"confidence_interval":{"confidence_level":0.95,"lower_bound":38.66406527838148,"upper_bound":38.71809811873826},"point_estimate":38.69114305548642,"standard_error":0.013528098600570294},"median_abs_dev":{"confidence_interval":{"confidence_level":0.95,"lower_bound":0.10706812809462057,"upper_bound":0.18253945353127188},"point_estimate":0.1463716734924188,"standard_error":0.01916975997124686},"slope":{"confidence_interval":{"confidence_level":0.95,"lower_bound":38.67749595444672,"upper_bound":38.76776725859138},"point_estimate":38.718774773985885,"standard_error":0.023053060870604394},"std_dev":{"confidence_interval":{"confidence_level":0.95,"lower_bound":0.15219173693379298,"upper_bound":0.2845264167703545},"point_estimate":0.21744694777454343,"standard_error":0.034682348457079265}}