{"mean":{"confidence_interval":{"confidence_level":0.95,"lower_bound":37.71846065408908,"upper_bound":37.87565104371007},"point_estimate":37.78385152923705,"standard_error":0.04090210268669082},"median":{"confidence_interval":{"confidence_level":0.95,"lower_bound":37.68830140425382,"upper_bound":37.75412476020003},"point_estimate":37.72181665643424,"standard_error":0.015758902239848296},"median_abs_dev":{"confidence_interval":{"confidence_level":0.95,"lower_bound":0.12517741052921852,"upper_bound":0.19657065530434112},"point_estimate":0.1583696940251306,"standard_error":0.017991557023551846},"slope":{"confidence_interval":{"confidence_level":0.95,"lower_bound":37.705328949229276,"upper_bound":37.80555794400241},"point_estimate":37.7524005812191,"standard_error":0.02554614570329977},"std_dev":{"confidence_interval":{"confidence_level":0.95,"lower_bound":0.1684968135007111,"upper_bound":0.6490773148981398},"point_estimate":0.41012343704669774,"standard_error":0.15308246692369812}}