{"mean":{"confidence_interval":{"confidence_level":0.95,"lower_bound":31.33860009342585,"upper_bound":31.437658963237613},"point_estimate":31.381538198274907,"standard_error":0.02535589402503908},"median":{"confidence_interval":{"confidence_level":0.95,"lower_bound":31.313462777902338,"upper_bound":31.37878473285308},"point_estimate":31.342976545936352,"standard_error":0.015569819940349748},"median_abs_dev":{"confidence_interval":{"confidence_level":0.95,"lower_bound":0.09657931868840613,"upper_bound":0.16742755912737844},"point_estimate":0.12650981762442387,"standard_error":0.01856263804377831},"slope":{"confidence_interval":{"confidence_level":0.95,"lower_bound":31.34002728679947,"upper_bound":31.407345661814},"point_estimate":31.37186406486537,"standard_error":0.017203480100469386},"std_dev":{"confidence_interval":{"confidence_level":0.95,"lower_bound":0.12745567890334264,"upper_bound":0.38810945516878886},"point_estimate":0.2541829972076609,"standard_error":0.0802523680757265}}