{"mean":{"confidence_interval":{"confidence_level":0.95,"lower_bound":38.16969837113026,"upper_bound":38.32013078864617},"point_estimate":38.226142836290734,"standard_error":0.041335144460975574},"median":{"confidence_interval":{"confidence_level":0.95,"lower_bound":38.150699235088005,"upper_bound":38.18568797152005},"point_estimate":38.162781464400936,"standard_error":0.008359736119272487},"median_abs_dev":{"confidence_interval":{"confidence_level":0.95,"lower_bound":0.06423298563134537,"upper_bound":0.09569112188179853},"point_estimate":0.08110008547765574,"standard_error":0.008308833083950421},"slope":{"confidence_interval":{"confidence_level":0.95,"lower_bound":38.16494670734256,"upper_bound":38.22457699294356},"point_estimate":38.19077977024419,"standard_error":0.015372552643018438},"std_dev":{"confidence_interval":{"confidence_level":0.95,"lower_bound":0.08847033182765646,"upper_bound":0.6964672661086313},"point_estimate":0.41552239043650063,"standard_error":0.20662068556725577}}