{"mean":{"confidence_interval":{"confidence_level":0.95,"lower_bound":594.9843459118033,"upper_bound":595.213415709748},"point_estimate":595.0926036417379,"standard_error":0.05863358323677472},"median":{"confidence_interval":{"confidence_level":0.95,"lower_bound":595.0152100503662,"upper_bound":595.1345504158004},"point_estimate":595.0649906229278,"standard_error":0.027947258300660884},"median_abs_dev":{"confidence_interval":{"confidence_level":0.95,"lower_bound":0.26583104242199496,"upper_bound":0.4536199514336025},"point_estimate":0.3884612368344037,"standard_error":0.05135683051708381},"slope":{"confidence_interval":{"confidence_level":0.95,"lower_bound":595.0193322175529,"upper_bound":595.1561685974375},"point_estimate":595.0888052685686,"standard_error":0.03483529322738461},"std_dev":{"confidence_interval":{"confidence_level":0.95,"lower_bound":0.3933983249414462,"upper_bound":0.807735330483571},"point_estimate":0.5907877534844524,"standard_error":0.11207934424264225}}