{"mean":{"confidence_interval":{"confidence_level":0.95,"lower_bound":595.5272054778741,"upper_bound":595.7062995160587},"point_estimate":595.6177770751267,"standard_error":0.04555381071968643},"median":{"confidence_interval":{"confidence_level":0.95,"lower_bound":595.4860504430502,"upper_bound":595.687905391862},"point_estimate":595.5546314171879,"standard_error":0.05615340959183355},"median_abs_dev":{"confidence_interval":{"confidence_level":0.95,"lower_bound":0.3478713604159666,"upper_bound":0.5394222379726394},"point_estimate":0.4568321976466093,"standard_error":0.04943425552661165},"slope":{"confidence_interval":{"confidence_level":0.95,"lower_bound":595.5710795510407,"upper_bound":595.7711852531545},"point_estimate":595.6675247631385,"standard_error":0.051188571377683637},"std_dev":{"confidence_interval":{"confidence_level":0.95,"lower_bound":0.38135989158288647,"upper_bound":0.5424761633374513},"point_estimate":0.4604436328339561,"standard_error":0.04140626974236592}}