{"mean":{"confidence_interval":{"confidence_level":0.95,"lower_bound":595.1455199284561,"upper_bound":595.2845487378784},"point_estimate":595.211902484462,"standard_error":0.03553606133966213},"median":{"confidence_interval":{"confidence_level":0.95,"lower_bound":595.1110089786952,"upper_bound":595.2173775141675},"point_estimate":595.1642531897189,"standard_error":0.027811101450637775},"median_abs_dev":{"confidence_interval":{"confidence_level":0.95,"lower_bound":0.21170388637176865,"upper_bound":0.3218135705541554},"point_estimate":0.27014859632080096,"standard_error":0.027674198432796573},"slope":{"confidence_interval":{"confidence_level":0.95,"lower_bound":595.1227091481386,"upper_bound":595.231026841616},"point_estimate":595.175880838927,"standard_error":0.02768313114983105},"std_dev":{"confidence_interval":{"confidence_level":0.95,"lower_bound":0.2618339887743115,"upper_bound":0.45834660650147147},"point_estimate":0.3579358970460983,"standard_error":0.05154228068208872}}