{"mean":{"confidence_interval":{"confidence_level":0.95,"lower_bound":226.69933927533856,"upper_bound":227.2825156600358},"point_estimate":226.98328449387662,"standard_error":0.1485370955943536},"median":{"confidence_interval":{"confidence_level":0.95,"lower_bound":226.55838597390397,"upper_bound":227.08502720578977},"point_estimate":226.81058111384846,"standard_error":0.12836350365503676},"median_abs_dev":{"confidence_interval":{"confidence_level":0.95,"lower_bound":0.625850611246227,"upper_bound":1.4884122136626103},"point_estimate":0.9809500200396031,"standard_error":0.2200123572869716},"slope":{"confidence_interval":{"confidence_level":0.95,"lower_bound":226.3823580158421,"upper_bound":226.80339708758635},"point_estimate":226.59192671536772,"standard_error":0.10755716627744936},"std_dev":{"confidence_interval":{"confidence_level":0.95,"lower_bound":0.8458078079614213,"upper_bound":1.2316006384260025},"point_estimate":1.0612187118313765,"standard_error":0.09853514141222991}}