{"mean":{"confidence_interval":{"confidence_level":0.95,"lower_bound":225.09432357190218,"upper_bound":226.2531001011951},"point_estimate":225.61225948651017,"standard_error":0.2988765071276394},"median":{"confidence_interval":{"confidence_level":0.95,"lower_bound":224.8977099236641,"upper_bound":225.40313078302103},"point_estimate":225.14484524164004,"standard_error":0.1277663981488218},"median_abs_dev":{"confidence_interval":{"confidence_level":0.95,"lower_bound":0.43188331319434814,"upper_bound":0.8497498878242481},"point_estimate":0.6253238382938308,"standard_error":0.10555484219333529},"slope":{"confidence_interval":{"confidence_level":0.95,"lower_bound":225.0829049544754,"upper_bound":227.32048512993092},"point_estimate":226.0693345529883,"standard_error":0.5893618262115957},"std_dev":{"confidence_interval":{"confidence_level":0.95,"lower_bound":0.6711090927406741,"upper_bound":3.006786587385993},"point_estimate":2.1422053002770753,"standard_error":0.5524669728815261}}