{"mean":{"confidence_interval":{"confidence_level":0.95,"lower_bound":91981.07438038058,"upper_bound":93270.95913560178},"point_estimate":92585.93342723005,"standard_error":329.80517033345427},"median":{"confidence_interval":{"confidence_level":0.95,"lower_bound":91418.55748019434,"upper_bound":92057.00133524484},"point_estimate":91660.76732954546,"standard_error":169.70248889699678},"median_abs_dev":{"confidence_interval":{"confidence_level":0.95,"lower_bound":1277.6682078180802,"upper_bound":2283.7772963310426},"point_estimate":1727.0215964961394,"standard_error":248.21769006117563},"slope":{"confidence_interval":{"confidence_level":0.95,"lower_bound":91689.33875524369,"upper_bound":93190.5407274939},"point_estimate":92368.570529441,"standard_error":385.18514812031634},"std_dev":{"confidence_interval":{"confidence_level":0.95,"lower_bound":2282.970018313522,"upper_bound":4249.489617769234},"point_estimate":3313.1253618532264,"standard_error":504.4719063353776}}