{"mean":{"confidence_interval":{"confidence_level":0.95,"lower_bound":3052.4399509100394,"upper_bound":3053.2201903376576},"point_estimate":3052.7890502836103,"standard_error":0.2001505626282473},"median":{"confidence_interval":{"confidence_level":0.95,"lower_bound":3052.0151923076924,"upper_bound":3052.630672064777},"point_estimate":3052.3402980769233,"standard_error":0.18119845719121966},"median_abs_dev":{"confidence_interval":{"confidence_level":0.95,"lower_bound":0.7359938117681746,"upper_bound":1.2819969542473642},"point_estimate":1.0347793503686338,"standard_error":0.15157392718245952},"slope":{"confidence_interval":{"confidence_level":0.95,"lower_bound":3052.4501914160824,"upper_bound":3053.010153644358},"point_estimate":3052.718299057644,"standard_error":0.14258489982047096},"std_dev":{"confidence_interval":{"confidence_level":0.95,"lower_bound":1.1166902821795543,"upper_bound":2.95184213955413},"point_estimate":2.0169027526206547,"standard_error":0.5289147481702452}}