{"mean":{"confidence_interval":{"confidence_level":0.95,"lower_bound":3049.951768287291,"upper_bound":3052.6205191997637},"point_estimate":3051.029775917283,"standard_error":0.6990866641982002},"median":{"confidence_interval":{"confidence_level":0.95,"lower_bound":3049.3515555555555,"upper_bound":3050.3828287841193},"point_estimate":3049.7260918678467,"standard_error":0.2488642768721711},"median_abs_dev":{"confidence_interval":{"confidence_level":0.95,"lower_bound":1.8019962330566637,"upper_bound":2.9050845528634577},"point_estimate":2.362151826195108,"standard_error":0.26097027104234494},"slope":{"confidence_interval":{"confidence_level":0.95,"lower_bound":3050.131748715416,"upper_bound":3051.2018232561295},"point_estimate":3050.6391642882313,"standard_error":0.27192133491459636},"std_dev":{"confidence_interval":{"confidence_level":0.95,"lower_bound":2.33767381059825,"upper_bound":11.329425165429338},"point_estimate":7.009951134119396,"standard_error":2.817070449642992}}