{"mean":{"confidence_interval":{"confidence_level":0.95,"lower_bound":3063.3786037787727,"upper_bound":3065.341314139079},"point_estimate":3064.3555511615355,"standard_error":0.5013143909875398},"median":{"confidence_interval":{"confidence_level":0.95,"lower_bound":3063.432098765432,"upper_bound":3064.997262986257},"point_estimate":3064.2063966979026,"standard_error":0.4443784179543304},"median_abs_dev":{"confidence_interval":{"confidence_level":0.95,"lower_bound":2.9913707232458986,"upper_bound":4.68797663545388},"point_estimate":3.8994810053316655,"standard_error":0.4403968591914485},"slope":{"confidence_interval":{"confidence_level":0.95,"lower_bound":3064.5742858408107,"upper_bound":3066.5033166257053},"point_estimate":3065.51937356671,"standard_error":0.4924743449064195},"std_dev":{"confidence_interval":{"confidence_level":0.95,"lower_bound":4.096522022354684,"upper_bound":5.919152914807401},"point_estimate":5.038043856674336,"standard_error":0.4655725016471528}}