{"mean":{"confidence_interval":{"confidence_level":0.95,"lower_bound":1647.4468183762779,"upper_bound":1651.910131475197},"point_estimate":1649.3233186552593,"standard_error":1.1622705775772106},"median":{"confidence_interval":{"confidence_level":0.95,"lower_bound":1646.7185600921541,"upper_bound":1647.6342829977248},"point_estimate":1647.1851892161335,"standard_error":0.2282614632419268},"median_abs_dev":{"confidence_interval":{"confidence_level":0.95,"lower_bound":1.4795909434337735,"upper_bound":2.3883806034084802},"point_estimate":2.0149993591743844,"standard_error":0.2342329846756993},"slope":{"confidence_interval":{"confidence_level":0.95,"lower_bound":1647.6282224207027,"upper_bound":1652.914546464981},"point_estimate":1649.5663459674004,"standard_error":1.4456614075046417},"std_dev":{"confidence_interval":{"confidence_level":0.95,"lower_bound":2.6034907982419893,"upper_bound":17.931432766223107},"point_estimate":11.671513239965991,"standard_error":4.106720914884408}}