{"mean":{"confidence_interval":{"confidence_level":0.95,"lower_bound":1653.3704881704168,"upper_bound":1661.6046309996902},"point_estimate":1656.39928767106,"standard_error":2.2913204482208536},"median":{"confidence_interval":{"confidence_level":0.95,"lower_bound":1652.8058104858105,"upper_bound":1654.2710105083088},"point_estimate":1653.4719214873708,"standard_error":0.4144885356470459},"median_abs_dev":{"confidence_interval":{"confidence_level":0.95,"lower_bound":1.9363198209070738,"upper_bound":3.0126860216320956},"point_estimate":2.3887934693909045,"standard_error":0.2702797782009989},"slope":{"confidence_interval":{"confidence_level":0.95,"lower_bound":1653.5529448481348,"upper_bound":1656.5286575950333},"point_estimate":1654.7079601741268,"standard_error":0.7855464843841117},"std_dev":{"confidence_interval":{"confidence_level":0.95,"lower_bound":2.7552336724032114,"upper_bound":39.037285945286776},"point_estimate":23.125018304948842,"standard_error":11.858629981165922}}