{"mean":{"confidence_interval":{"confidence_level":0.95,"lower_bound":2211882.5158152175,"upper_bound":2215327.4872391312},"point_estimate":2213338.712173913,"standard_error":893.4097808857812},"median":{"confidence_interval":{"confidence_level":0.95,"lower_bound":2210396.9565217393,"upper_bound":2211529.9130434785},"point_estimate":2210740.9130434785,"standard_error":306.48080279663094},"median_abs_dev":{"confidence_interval":{"confidence_level":0.95,"lower_bound":1525.0103905339129,"upper_bound":3148.04320063283},"point_estimate":2258.1286816496627,"standard_error":442.1023719670159},"slope":null,"std_dev":{"confidence_interval":{"confidence_level":0.95,"lower_bound":3839.4217690464493,"upper_bound":14072.181618017497},"point_estimate":9000.098548881931,"standard_error":3183.102108660185}}