{"mean":{"confidence_interval":{"confidence_level":0.95,"lower_bound":3635.3870457142802,"upper_bound":3635.9839699265654},"point_estimate":3635.643671692313,"standard_error":0.15443519520705887},"median":{"confidence_interval":{"confidence_level":0.95,"lower_bound":3635.2291575091576,"upper_bound":3635.4650837738354},"point_estimate":3635.355994352869,"standard_error":0.06270031942208196},"median_abs_dev":{"confidence_interval":{"confidence_level":0.95,"lower_bound":0.2997637758097661,"upper_bound":0.5450380245118341},"point_estimate":0.41396988857130645,"standard_error":0.06500408994826304},"slope":{"confidence_interval":{"confidence_level":0.95,"lower_bound":3635.2929380061837,"upper_bound":3635.5171226746015},"point_estimate":3635.3925253073116,"standard_error":0.057029209857535325},"std_dev":{"confidence_interval":{"confidence_level":0.95,"lower_bound":0.6424211339728186,"upper_bound":2.3951525674674943},"point_estimate":1.5538785372772255,"standard_error":0.500661037161504}}