{"mean":{"confidence_interval":{"confidence_level":0.95,"lower_bound":3635.7042439651837,"upper_bound":3636.3907412249496},"point_estimate":3636.012258466843,"standard_error":0.17635453282203167},"median":{"confidence_interval":{"confidence_level":0.95,"lower_bound":3635.4532322137957,"upper_bound":3635.6200818789052},"point_estimate":3635.545707599279,"standard_error":0.0497000893484468},"median_abs_dev":{"confidence_interval":{"confidence_level":0.95,"lower_bound":0.26130600326187753,"upper_bound":0.5131425370681046},"point_estimate":0.37722957910181637,"standard_error":0.06368508575852434},"slope":{"confidence_interval":{"confidence_level":0.95,"lower_bound":3635.5766744989637,"upper_bound":3636.02097015764},"point_estimate":3635.7650457753666,"standard_error":0.11402447387026039},"std_dev":{"confidence_interval":{"confidence_level":0.95,"lower_bound":0.8547383268641318,"upper_bound":2.5003542154719876},"point_estimate":1.7756910243014532,"standard_error":0.41861516581629177}}