{"mean":{"confidence_interval":{"confidence_level":0.95,"lower_bound":516.576641821724,"upper_bound":516.6151654311402},"point_estimate":516.5948836598343,"standard_error":0.009843760416045252},"median":{"confidence_interval":{"confidence_level":0.95,"lower_bound":516.5638712448986,"upper_bound":516.5813692480359},"point_estimate":516.5754128838375,"standard_error":0.005408262736619595},"median_abs_dev":{"confidence_interval":{"confidence_level":0.95,"lower_bound":0.0303800641441673,"upper_bound":0.06977536975400785},"point_estimate":0.04798589024136332,"standard_error":0.010644172360075246},"slope":{"confidence_interval":{"confidence_level":0.95,"lower_bound":516.5759267859885,"upper_bound":516.6134651571091},"point_estimate":516.592792020005,"standard_error":0.009709888623100092},"std_dev":{"confidence_interval":{"confidence_level":0.95,"lower_bound":0.06799402191491563,"upper_bound":0.12783331287237756},"point_estimate":0.098928272550546,"standard_error":0.015444585691643723}}