{"mean":{"confidence_interval":{"confidence_level":0.95,"lower_bound":516.0102746920852,"upper_bound":516.0725396812526},"point_estimate":516.0390384744628,"standard_error":0.01586595937352938},"median":{"confidence_interval":{"confidence_level":0.95,"lower_bound":515.9881506830194,"upper_bound":516.0172177595118},"point_estimate":516.0030838861533,"standard_error":0.0067914562783763805},"median_abs_dev":{"confidence_interval":{"confidence_level":0.95,"lower_bound":0.0447930688742469,"upper_bound":0.08605251024752678},"point_estimate":0.06514840270755358,"standard_error":0.010477785257577159},"slope":{"confidence_interval":{"confidence_level":0.95,"lower_bound":516.0067906629727,"upper_bound":516.071569063618},"point_estimate":516.0354339735187,"standard_error":0.016664480220298813},"std_dev":{"confidence_interval":{"confidence_level":0.95,"lower_bound":0.10088416207774856,"upper_bound":0.20715879368043807},"point_estimate":0.15929397543769186,"standard_error":0.02705728824817684}}