{"mean":{"confidence_interval":{"confidence_level":0.95,"lower_bound":266.19326089062025,"upper_bound":267.8735327199652},"point_estimate":267.0326687345803,"standard_error":0.4271665157677468},"median":{"confidence_interval":{"confidence_level":0.95,"lower_bound":263.49065383369833,"upper_bound":270.4747745296678},"point_estimate":269.95104258572314,"standard_error":2.1635690988571903},"median_abs_dev":{"confidence_interval":{"confidence_level":0.95,"lower_bound":1.49946127739478,"upper_bound":6.4284313810174725},"point_estimate":2.8129171578741237,"standard_error":1.4271981179817816},"slope":{"confidence_interval":{"confidence_level":0.95,"lower_bound":269.56282062247874,"upper_bound":270.4218870956085},"point_estimate":270.0433276659476,"standard_error":0.21983492181151834},"std_dev":{"confidence_interval":{"confidence_level":0.95,"lower_bound":4.048141716142995,"upper_bound":4.470620292961678},"point_estimate":4.287725417122951,"standard_error":0.10714256466239568}}