{"mean":{"confidence_interval":{"confidence_level":0.95,"lower_bound":265.4619753655861,"upper_bound":267.1318867073034},"point_estimate":266.3038377455151,"standard_error":0.42631589972973427},"median":{"confidence_interval":{"confidence_level":0.95,"lower_bound":263.26474050294274,"upper_bound":269.65167334691284},"point_estimate":269.0902900218771,"standard_error":2.0708695389978864},"median_abs_dev":{"confidence_interval":{"confidence_level":0.95,"lower_bound":1.3795580999851877,"upper_bound":6.336439434178173},"point_estimate":3.071080012629368,"standard_error":1.3649601142181031},"slope":{"confidence_interval":{"confidence_level":0.95,"lower_bound":268.68755662267796,"upper_bound":269.48975207829653},"point_estimate":269.1336534991081,"standard_error":0.20402406041490578},"std_dev":{"confidence_interval":{"confidence_level":0.95,"lower_bound":4.0490681858084105,"upper_bound":4.45247034980115},"point_estimate":4.28461790283055,"standard_error":0.1022070748671385}}