{"mean":{"confidence_interval":{"confidence_level":0.95,"lower_bound":265.624088020583,"upper_bound":267.23145257279424},"point_estimate":266.4283381571697,"standard_error":0.41175400983954535},"median":{"confidence_interval":{"confidence_level":0.95,"lower_bound":263.0120894036739,"upper_bound":269.5794570647157},"point_estimate":268.929267419281,"standard_error":2.3639718970868264},"median_abs_dev":{"confidence_interval":{"confidence_level":0.95,"lower_bound":1.8702619081108127,"upper_bound":6.341912727875477},"point_estimate":4.020283473810065,"standard_error":1.3358148733091513},"slope":{"confidence_interval":{"confidence_level":0.95,"lower_bound":268.82675889621044,"upper_bound":269.8306610039393},"point_estimate":269.3683531397219,"standard_error":0.2555061676248391},"std_dev":{"confidence_interval":{"confidence_level":0.95,"lower_bound":3.911787445045863,"upper_bound":4.316559499510159},"point_estimate":4.137800051792579,"standard_error":0.10291617158227308}}