{"mean":{"confidence_interval":{"confidence_level":0.95,"lower_bound":6387.837447631015,"upper_bound":6388.677497529959},"point_estimate":6388.214703925181,"standard_error":0.2155802661144134},"median":{"confidence_interval":{"confidence_level":0.95,"lower_bound":6387.460860215054,"upper_bound":6388.190667397119},"point_estimate":6387.821597899475,"standard_error":0.17166161803957666},"median_abs_dev":{"confidence_interval":{"confidence_level":0.95,"lower_bound":0.8241184540718022,"upper_bound":1.3131775415872287},"point_estimate":1.1051325912550392,"standard_error":0.1216637931761912},"slope":{"confidence_interval":{"confidence_level":0.95,"lower_bound":6387.8346526190035,"upper_bound":6388.724692607441},"point_estimate":6388.217324206181,"standard_error":0.2278822793782465},"std_dev":{"confidence_interval":{"confidence_level":0.95,"lower_bound":1.1471949421706868,"upper_bound":3.2041537660383446},"point_estimate":2.17366360699651,"standard_error":0.5833920850024724}}