{"mean":{"confidence_interval":{"confidence_level":0.95,"lower_bound":6368.394953947433,"upper_bound":6369.281352813664},"point_estimate":6368.794701767544,"standard_error":0.22659383268716055},"median":{"confidence_interval":{"confidence_level":0.95,"lower_bound":6368.158154686843,"upper_bound":6368.510117392648},"point_estimate":6368.272825777187,"standard_error":0.08463452910280224},"median_abs_dev":{"confidence_interval":{"confidence_level":0.95,"lower_bound":0.7781903626709084,"upper_bound":1.3722616147380715},"point_estimate":1.0309397043466395,"standard_error":0.1513192415750411},"slope":{"confidence_interval":{"confidence_level":0.95,"lower_bound":6368.373484757497,"upper_bound":6369.4538240927695},"point_estimate":6368.808271191643,"standard_error":0.28317792312833545},"std_dev":{"confidence_interval":{"confidence_level":0.95,"lower_bound":1.2422496726022085,"upper_bound":3.287827029553721},"point_estimate":2.283254022988583,"standard_error":0.5451278864588388}}