{"mean":{"confidence_interval":{"confidence_level":0.95,"lower_bound":6388.1351777022355,"upper_bound":6389.223471571104},"point_estimate":6388.652886868312,"standard_error":0.27835129505616635},"median":{"confidence_interval":{"confidence_level":0.95,"lower_bound":6387.562788018433,"upper_bound":6388.655508216677},"point_estimate":6388.151983495874,"standard_error":0.2955083119641569},"median_abs_dev":{"confidence_interval":{"confidence_level":0.95,"lower_bound":1.4663574720911994,"upper_bound":2.410137650271091},"point_estimate":1.9944510068886145,"standard_error":0.22827917155123037},"slope":{"confidence_interval":{"confidence_level":0.95,"lower_bound":6387.634475065035,"upper_bound":6388.8319473889005},"point_estimate":6388.160079474871,"standard_error":0.30787463380592367},"std_dev":{"confidence_interval":{"confidence_level":0.95,"lower_bound":2.0100005672377863,"upper_bound":3.56811759230257},"point_estimate":2.79803833409903,"standard_error":0.40083148695092413}}