{"mean":{"confidence_interval":{"confidence_level":0.95,"lower_bound":6375.821220172784,"upper_bound":6376.927667575777},"point_estimate":6376.322870290914,"standard_error":0.2831996017961625},"median":{"confidence_interval":{"confidence_level":0.95,"lower_bound":6375.252884615385,"upper_bound":6376.599626068376},"point_estimate":6375.624348799349,"standard_error":0.33598855725351057},"median_abs_dev":{"confidence_interval":{"confidence_level":0.95,"lower_bound":1.2507609615226787,"upper_bound":2.140591050724941},"point_estimate":1.7357300357244392,"standard_error":0.214175970498429},"slope":{"confidence_interval":{"confidence_level":0.95,"lower_bound":6375.914521707578,"upper_bound":6377.5801599036595},"point_estimate":6376.627628157764,"standard_error":0.43047246514716886},"std_dev":{"confidence_interval":{"confidence_level":0.95,"lower_bound":1.5532421713167144,"upper_bound":4.030457040861592},"point_estimate":2.8542918978433027,"standard_error":0.6566084650877722}}