{"mean":{"confidence_interval":{"confidence_level":0.95,"lower_bound":144889.19293576237,"upper_bound":144986.296646689},"point_estimate":144935.33316131594,"standard_error":24.887247952933397},"median":{"confidence_interval":{"confidence_level":0.95,"lower_bound":144839.7494145199,"upper_bound":144931.84414965985},"point_estimate":144881.6282051282,"standard_error":24.833452038771444},"median_abs_dev":{"confidence_interval":{"confidence_level":0.95,"lower_bound":131.90925378060442,"upper_bound":215.76911194787283},"point_estimate":171.7613862558335,"standard_error":21.759217573908906},"slope":{"confidence_interval":{"confidence_level":0.95,"lower_bound":144840.8624680827,"upper_bound":144937.9026720957},"point_estimate":144884.95231438283,"standard_error":24.775412212402333},"std_dev":{"confidence_interval":{"confidence_level":0.95,"lower_bound":174.92749176882975,"upper_bound":316.4839565378994},"point_estimate":250.13758449854842,"standard_error":36.09740511383729}}