{"mean":{"confidence_interval":{"confidence_level":0.95,"lower_bound":96543.62073026737,"upper_bound":96645.23145370532},"point_estimate":96593.8840385924,"standard_error":25.91926995852852},"median":{"confidence_interval":{"confidence_level":0.95,"lower_bound":96544.28904428905,"upper_bound":96652.8036338225},"point_estimate":96599.12396694215,"standard_error":28.90744982584784},"median_abs_dev":{"confidence_interval":{"confidence_level":0.95,"lower_bound":181.5936685463993,"upper_bound":340.200511223388},"point_estimate":243.41939762649687,"standard_error":40.68223877728837},"slope":{"confidence_interval":{"confidence_level":0.95,"lower_bound":96595.91886896171,"upper_bound":96734.54981522379},"point_estimate":96663.11619812727,"standard_error":35.53800212434753},"std_dev":{"confidence_interval":{"confidence_level":0.95,"lower_bound":222.00104715520774,"upper_bound":297.4763201470491},"point_estimate":261.0599719487934,"standard_error":19.32269564576965}}