{"mean":{"confidence_interval":{"confidence_level":0.95,"lower_bound":44.662493216956236,"upper_bound":44.798111267815344},"point_estimate":44.72525781616352,"standard_error":0.03460677560088387},"median":{"confidence_interval":{"confidence_level":0.95,"lower_bound":44.678445110414295,"upper_bound":44.77367436806103},"point_estimate":44.73956203153406,"standard_error":0.02544386314384054},"median_abs_dev":{"confidence_interval":{"confidence_level":0.95,"lower_bound":0.12914387968866675,"upper_bound":0.22887315623093987},"point_estimate":0.16730134590233534,"standard_error":0.02561089272303507},"slope":{"confidence_interval":{"confidence_level":0.95,"lower_bound":44.56528112398541,"upper_bound":44.688657503201924},"point_estimate":44.628283908770996,"standard_error":0.0314469335974971},"std_dev":{"confidence_interval":{"confidence_level":0.95,"lower_bound":0.21601054683530996,"upper_bound":0.49505148550074823},"point_estimate":0.3467878836266801,"standard_error":0.0801623190682185}}