{"mean":{"confidence_interval":{"confidence_level":0.95,"lower_bound":10.100247379607943,"upper_bound":10.105874648256773},"point_estimate":10.103007336943492,"standard_error":0.0014331174695754257},"median":{"confidence_interval":{"confidence_level":0.95,"lower_bound":10.097269081595453,"upper_bound":10.104529822564455},"point_estimate":10.10300950707875,"standard_error":0.0018652140614567902},"median_abs_dev":{"confidence_interval":{"confidence_level":0.95,"lower_bound":0.011697133844517024,"upper_bound":0.018843960760823914},"point_estimate":0.01566582903095024,"standard_error":0.001883046473034106},"slope":{"confidence_interval":{"confidence_level":0.95,"lower_bound":10.107379727966196,"upper_bound":10.113033086948025},"point_estimate":10.110147194165659,"standard_error":0.0014447326855052253},"std_dev":{"confidence_interval":{"confidence_level":0.95,"lower_bound":0.012240181160606689,"upper_bound":0.016436192417581392},"point_estimate":0.014416338611363792,"standard_error":0.0010721796440395948}}