{"mean":{"confidence_interval":{"confidence_level":0.95,"lower_bound":702.6841708582389,"upper_bound":703.2783569306702},"point_estimate":702.9255360008755,"standard_error":0.15563910738333467},"median":{"confidence_interval":{"confidence_level":0.95,"lower_bound":702.4839198535083,"upper_bound":702.7600103982702},"point_estimate":702.6068084217571,"standard_error":0.05402339767362614},"median_abs_dev":{"confidence_interval":{"confidence_level":0.95,"lower_bound":0.3757086578672914,"upper_bound":0.6356746632096968},"point_estimate":0.5198035657726148,"standard_error":0.06322763184884045},"slope":{"confidence_interval":{"confidence_level":0.95,"lower_bound":702.7328510133708,"upper_bound":703.0709693487358},"point_estimate":702.8970396393049,"standard_error":0.08644462029001534},"std_dev":{"confidence_interval":{"confidence_level":0.95,"lower_bound":0.5612825729794105,"upper_bound":2.527588090745896},"point_estimate":1.5697037863531282,"standard_error":0.6331945527134172}}