{"mean":{"confidence_interval":{"confidence_level":0.95,"lower_bound":787.311478699658,"upper_bound":795.4928335123066},"point_estimate":790.8305613551427,"standard_error":2.11232738325079},"median":{"confidence_interval":{"confidence_level":0.95,"lower_bound":785.4341025066406,"upper_bound":785.7054754334166},"point_estimate":785.5684602328879,"standard_error":0.07784194899136135},"median_abs_dev":{"confidence_interval":{"confidence_level":0.95,"lower_bound":0.44871388311127863,"upper_bound":0.9349171842926529},"point_estimate":0.6107233861745606,"standard_error":0.12962587509872817},"slope":{"confidence_interval":{"confidence_level":0.95,"lower_bound":786.5464274873217,"upper_bound":790.6657579802198},"point_estimate":788.3674791862595,"standard_error":1.0564775319400146},"std_dev":{"confidence_interval":{"confidence_level":0.95,"lower_bound":7.546804124974717,"upper_bound":32.472740195804384},"point_estimate":21.193333349390265,"standard_error":6.5724084318688325}}