{"mean":{"confidence_interval":{"confidence_level":0.95,"lower_bound":612.750168305016,"upper_bound":615.09632072747},"point_estimate":613.6337416970209,"standard_error":0.6329159742985592},"median":{"confidence_interval":{"confidence_level":0.95,"lower_bound":612.4592494963782,"upper_bound":612.6033471544781},"point_estimate":612.536681140837,"standard_error":0.03828324955814658},"median_abs_dev":{"confidence_interval":{"confidence_level":0.95,"lower_bound":0.23152304467240623,"upper_bound":0.4346501118326304},"point_estimate":0.3181228599186939,"standard_error":0.04854411821495376},"slope":{"confidence_interval":{"confidence_level":0.95,"lower_bound":612.7318900459923,"upper_bound":616.6811949759558},"point_estimate":614.1872812458392,"standard_error":1.0688541868851718},"std_dev":{"confidence_interval":{"confidence_level":0.95,"lower_bound":0.9889556906949392,"upper_bound":10.61407873315814},"point_estimate":6.356325373591313,"standard_error":3.033293851554009}}