{"mean":{"confidence_interval":{"confidence_level":0.95,"lower_bound":702.6497612403559,"upper_bound":702.9889708461693},"point_estimate":702.8040917268461,"standard_error":0.08698407875640587},"median":{"confidence_interval":{"confidence_level":0.95,"lower_bound":702.5392141245188,"upper_bound":702.7001978350131},"point_estimate":702.6189878841608,"standard_error":0.0387258403733455},"median_abs_dev":{"confidence_interval":{"confidence_level":0.95,"lower_bound":0.29203739552465735,"upper_bound":0.5129982685416544},"point_estimate":0.41908841979214967,"standard_error":0.05659377962958908},"slope":{"confidence_interval":{"confidence_level":0.95,"lower_bound":702.6142734257329,"upper_bound":702.8645058102709},"point_estimate":702.731467947811,"standard_error":0.06422061927163021},"std_dev":{"confidence_interval":{"confidence_level":0.95,"lower_bound":0.49672662807501683,"upper_bound":1.268246032807951},"point_estimate":0.8777333065991534,"standard_error":0.21923366138067418}}