{"mean":{"confidence_interval":{"confidence_level":0.95,"lower_bound":118.15362956437885,"upper_bound":118.53080803027567},"point_estimate":118.30570322894,"standard_error":0.09967384554893108},"median":{"confidence_interval":{"confidence_level":0.95,"lower_bound":118.1372311732551,"upper_bound":118.19011746346814},"point_estimate":118.15973445290311,"standard_error":0.013745803023004355},"median_abs_dev":{"confidence_interval":{"confidence_level":0.95,"lower_bound":0.1089716524333618,"upper_bound":0.21147564499754315},"point_estimate":0.15685719368367032,"standard_error":0.02692357959411948},"slope":{"confidence_interval":{"confidence_level":0.95,"lower_bound":118.16357816386575,"upper_bound":118.25294589650771},"point_estimate":118.2051579744859,"standard_error":0.022853883783987696},"std_dev":{"confidence_interval":{"confidence_level":0.95,"lower_bound":0.16707142202999567,"upper_bound":1.6154537743918518},"point_estimate":1.0002021958840013,"standard_error":0.4070186701443462}}