{"mean":{"confidence_interval":{"confidence_level":0.95,"lower_bound":115.86404302350819,"upper_bound":116.57850537082139},"point_estimate":116.15879589270877,"standard_error":0.1855920733673227},"median":{"confidence_interval":{"confidence_level":0.95,"lower_bound":115.67250590664311,"upper_bound":115.86920986440168},"point_estimate":115.74346465088887,"standard_error":0.04565418948776617},"median_abs_dev":{"confidence_interval":{"confidence_level":0.95,"lower_bound":0.29759036986790055,"upper_bound":0.48626870363375024},"point_estimate":0.3784610518419491,"standard_error":0.04822021350233458},"slope":{"confidence_interval":{"confidence_level":0.95,"lower_bound":115.81063229733365,"upper_bound":116.06946094124987},"point_estimate":115.92556559877796,"standard_error":0.06627356778580346},"std_dev":{"confidence_interval":{"confidence_level":0.95,"lower_bound":0.5176651283881599,"upper_bound":2.9830944354330753},"point_estimate":1.8710166794421592,"standard_error":0.6960015683509649}}