{"mean":{"confidence_interval":{"confidence_level":0.95,"lower_bound":51912.57538006707,"upper_bound":51958.07402191579},"point_estimate":51934.648304031856,"standard_error":11.615688996226224},"median":{"confidence_interval":{"confidence_level":0.95,"lower_bound":51856.784405111015,"upper_bound":51918.96052631579},"point_estimate":51875.37117647059,"standard_error":15.466610147067382},"median_abs_dev":{"confidence_interval":{"confidence_level":0.95,"lower_bound":27.339295015464135,"upper_bound":103.36539038672333},"point_estimate":53.46327010871928,"standard_error":20.659413638025367},"slope":{"confidence_interval":{"confidence_level":0.95,"lower_bound":51858.923081034656,"upper_bound":51875.517885998604},"point_estimate":51866.500956258315,"standard_error":4.237026240635261},"std_dev":{"confidence_interval":{"confidence_level":0.95,"lower_bound":97.73487151998287,"upper_bound":132.0626751397821},"point_estimate":116.15300486446256,"standard_error":8.74818574022102}}