{"mean":{"confidence_interval":{"confidence_level":0.95,"lower_bound":51898.19082062605,"upper_bound":51919.27038595932},"point_estimate":51908.3419120947,"standard_error":5.405226090299771},"median":{"confidence_interval":{"confidence_level":0.95,"lower_bound":51880.89918713248,"upper_bound":51898.07922077922},"point_estimate":51887.25492610838,"standard_error":4.341959230794404},"median_abs_dev":{"confidence_interval":{"confidence_level":0.95,"lower_bound":20.34771269618112,"upper_bound":40.614072257424205},"point_estimate":27.558553834139627,"standard_error":5.463487736728605},"slope":{"confidence_interval":{"confidence_level":0.95,"lower_bound":51904.453243659256,"upper_bound":51941.327384428136},"point_estimate":51922.63364060884,"standard_error":9.420794058797348},"std_dev":{"confidence_interval":{"confidence_level":0.95,"lower_bound":42.395963007263816,"upper_bound":64.99922537264649},"point_estimate":54.24355837060889,"standard_error":5.776137570673758}}