{"mean":{"confidence_interval":{"confidence_level":0.95,"lower_bound":22051.093718874614,"upper_bound":22177.376695634004},"point_estimate":22099.439966283986,"standard_error":33.811356336074056},"median":{"confidence_interval":{"confidence_level":0.95,"lower_bound":22032.702160493827,"upper_bound":22086.444444444445},"point_estimate":22063.668781565655,"standard_error":15.526600960842906},"median_abs_dev":{"confidence_interval":{"confidence_level":0.95,"lower_bound":64.6546857757695,"upper_bound":100.06735001541706},"point_estimate":81.84623978332363,"standard_error":9.244976811349188},"slope":{"confidence_interval":{"confidence_level":0.95,"lower_bound":22046.21233232301,"upper_bound":22302.265778355337},"point_estimate":22134.677486560595,"standard_error":72.57287836314225},"std_dev":{"confidence_interval":{"confidence_level":0.95,"lower_bound":75.60796559310458,"upper_bound":562.9351736305756},"point_estimate":338.6768472460275,"standard_error":157.517492949049}}