{"mean":{"confidence_interval":{"confidence_level":0.95,"lower_bound":22548.197088404897,"upper_bound":22618.183556543794},"point_estimate":22576.398722103728,"standard_error":18.365992697735226},"median":{"confidence_interval":{"confidence_level":0.95,"lower_bound":22534.736842105263,"upper_bound":22561.912727272727},"point_estimate":22552.540627664108,"standard_error":6.343492876528019},"median_abs_dev":{"confidence_interval":{"confidence_level":0.95,"lower_bound":41.11885292986462,"upper_bound":74.24318477696309},"point_estimate":57.35611571867081,"standard_error":8.477101630861188},"slope":{"confidence_interval":{"confidence_level":0.95,"lower_bound":22541.404973008972,"upper_bound":22569.801766488814},"point_estimate":22555.257737348362,"standard_error":7.258423577914621},"std_dev":{"confidence_interval":{"confidence_level":0.95,"lower_bound":52.137685091330944,"upper_bound":300.7139206690443},"point_estimate":184.87027473885993,"standard_error":76.25878734704584}}