{"mean":{"confidence_interval":{"confidence_level":0.95,"lower_bound":22313.99611296043,"upper_bound":22372.77399042285},"point_estimate":22339.492621034336,"standard_error":15.064383167023523},"median":{"confidence_interval":{"confidence_level":0.95,"lower_bound":22313.615789473683,"upper_bound":22348.439832285116},"point_estimate":22331.075110404523,"standard_error":9.426298323806735},"median_abs_dev":{"confidence_interval":{"confidence_level":0.95,"lower_bound":68.94706309106967,"upper_bound":107.83754371391466},"point_estimate":81.98508685243934,"standard_error":9.718148443396078},"slope":{"confidence_interval":{"confidence_level":0.95,"lower_bound":22306.407859151732,"upper_bound":22340.594973133007},"point_estimate":22323.23861661987,"standard_error":8.72507635705804},"std_dev":{"confidence_interval":{"confidence_level":0.95,"lower_bound":77.61121793572843,"upper_bound":231.81675015900808},"point_estimate":150.9608448930967,"standard_error":48.759836459466904}}