{"mean":{"confidence_interval":{"confidence_level":0.95,"lower_bound":3676.2472656345753,"upper_bound":3676.8471261265613},"point_estimate":3676.510821972671,"standard_error":0.15433130978404905},"median":{"confidence_interval":{"confidence_level":0.95,"lower_bound":3676.099908550526,"upper_bound":3676.302222222222},"point_estimate":3676.1860428849905,"standard_error":0.04741905561531297},"median_abs_dev":{"confidence_interval":{"confidence_level":0.95,"lower_bound":0.3209327919973983,"upper_bound":0.5573886790996717},"point_estimate":0.45947818149792957,"standard_error":0.06048158885277336},"slope":{"confidence_interval":{"confidence_level":0.95,"lower_bound":3676.211734537049,"upper_bound":3676.445470938452},"point_estimate":3676.3221626301934,"standard_error":0.0596837960122643},"std_dev":{"confidence_interval":{"confidence_level":0.95,"lower_bound":0.6479104587029357,"upper_bound":2.268906654047083},"point_estimate":1.5510883790322367,"standard_error":0.4231005996022006}}