{"mean":{"confidence_interval":{"confidence_level":0.95,"lower_bound":3674.9285984385315,"upper_bound":3675.624033022166},"point_estimate":3675.265557396924,"standard_error":0.17697294087281532},"median":{"confidence_interval":{"confidence_level":0.95,"lower_bound":3674.948559670782,"upper_bound":3675.479012345679},"point_estimate":3675.1992778492777,"standard_error":0.12330426505139262},"median_abs_dev":{"confidence_interval":{"confidence_level":0.95,"lower_bound":0.8538475476849393,"upper_bound":1.4000553255212909},"point_estimate":1.1002566346203024,"standard_error":0.14053153711231017},"slope":{"confidence_interval":{"confidence_level":0.95,"lower_bound":3675.1245198381557,"upper_bound":3675.968792927054},"point_estimate":3675.4954157047546,"standard_error":0.2175333127064926},"std_dev":{"confidence_interval":{"confidence_level":0.95,"lower_bound":1.2537032636495413,"upper_bound":2.284950272084873},"point_estimate":1.7757665813469548,"standard_error":0.2667737368168375}}