{"mean":{"confidence_interval":{"confidence_level":0.95,"lower_bound":1882.2013534909318,"upper_bound":1893.0485627717703},"point_estimate":1887.532127632235,"standard_error":2.7654460923543245},"median":{"confidence_interval":{"confidence_level":0.95,"lower_bound":1878.5375318066158,"upper_bound":1894.3160176734152},"point_estimate":1887.688280398037,"standard_error":4.143118043823204},"median_abs_dev":{"confidence_interval":{"confidence_level":0.95,"lower_bound":18.62460712868999,"upper_bound":30.38605737539401},"point_estimate":23.064550834152104,"standard_error":3.070241935813409},"slope":{"confidence_interval":{"confidence_level":0.95,"lower_bound":1880.9568440471576,"upper_bound":1891.3230731535782},"point_estimate":1886.080694016878,"standard_error":2.6443973437751174},"std_dev":{"confidence_interval":{"confidence_level":0.95,"lower_bound":22.462054183314216,"upper_bound":33.4431704314604},"point_estimate":27.798976643536992,"standard_error":2.832079903348268}}