{"mean":{"confidence_interval":{"confidence_level":0.95,"lower_bound":2794.877394239762,"upper_bound":2797.1072410512897},"point_estimate":2795.8364489897317,"standard_error":0.5763579111476628},"median":{"confidence_interval":{"confidence_level":0.95,"lower_bound":2794.328772635815,"upper_bound":2794.9354334703876},"point_estimate":2794.6664200588143,"standard_error":0.15687672934974864},"median_abs_dev":{"confidence_interval":{"confidence_level":0.95,"lower_bound":1.009977728548163,"upper_bound":1.830210502718685},"point_estimate":1.4228594349898742,"standard_error":0.2129966612596846},"slope":{"confidence_interval":{"confidence_level":0.95,"lower_bound":2794.335101107658,"upper_bound":2795.2112657301886},"point_estimate":2794.7029619466466,"standard_error":0.22481434879417106},"std_dev":{"confidence_interval":{"confidence_level":0.95,"lower_bound":1.8941140310199303,"upper_bound":8.772027873206556},"point_estimate":5.789790201554727,"standard_error":1.8357407340078835}}