{"mean":{"confidence_interval":{"confidence_level":0.95,"lower_bound":69527.012986736,"upper_bound":69733.31941979079},"point_estimate":69614.1861302842,"standard_error":53.251660895010716},"median":{"confidence_interval":{"confidence_level":0.95,"lower_bound":69507.295,"upper_bound":69658.24086936784},"point_estimate":69579.94433316213,"standard_error":35.2391096405931},"median_abs_dev":{"confidence_interval":{"confidence_level":0.95,"lower_bound":197.05023340497138,"upper_bound":316.25109297079075},"point_estimate":257.89387297773413,"standard_error":30.52726218446326},"slope":{"confidence_interval":{"confidence_level":0.95,"lower_bound":69557.0302420661,"upper_bound":69664.5199086142},"point_estimate":69610.62311097975,"standard_error":27.35446286672432},"std_dev":{"confidence_interval":{"confidence_level":0.95,"lower_bound":243.92693449279017,"upper_bound":846.6402003428328},"point_estimate":536.440585509012,"standard_error":195.526735372524}}