{"mean":{"confidence_interval":{"confidence_level":0.95,"lower_bound":72949.5424413369,"upper_bound":73174.79975599992},"point_estimate":73048.27952641291,"standard_error":57.89242594642115},"median":{"confidence_interval":{"confidence_level":0.95,"lower_bound":72904.46845238094,"upper_bound":73066.96862814605},"point_estimate":72986.0216696363,"standard_error":40.620244463762894},"median_abs_dev":{"confidence_interval":{"confidence_level":0.95,"lower_bound":260.05394927922345,"upper_bound":448.54765737439163},"point_estimate":350.89480920515007,"standard_error":49.263403556281254},"slope":{"confidence_interval":{"confidence_level":0.95,"lower_bound":72863.05721686562,"upper_bound":73000.29339836238},"point_estimate":72930.50654373113,"standard_error":34.900249397993285},"std_dev":{"confidence_interval":{"confidence_level":0.95,"lower_bound":319.4414123081843,"upper_bound":878.399272814525},"point_estimate":582.6546341737231,"standard_error":175.93870919077187}}