{"mean":{"confidence_interval":{"confidence_level":0.95,"lower_bound":904.7407733403443,"upper_bound":907.4803345508212},"point_estimate":905.7405362226943,"standard_error":0.7730122326351729},"median":{"confidence_interval":{"confidence_level":0.95,"lower_bound":904.3228962818004,"upper_bound":904.8191494842924},"point_estimate":904.5131811263318,"standard_error":0.13026612576651186},"median_abs_dev":{"confidence_interval":{"confidence_level":0.95,"lower_bound":0.6427155700736301,"upper_bound":1.1039321375896332},"point_estimate":0.8134491961748234,"standard_error":0.11878267410364117},"slope":{"confidence_interval":{"confidence_level":0.95,"lower_bound":904.6524545793728,"upper_bound":905.169555583521},"point_estimate":904.8906239290459,"standard_error":0.13194033908820926},"std_dev":{"confidence_interval":{"confidence_level":0.95,"lower_bound":1.2100821574182123,"upper_bound":13.10841984700527},"point_estimate":7.758452815994364,"standard_error":4.075234230721508}}