{"mean":{"confidence_interval":{"confidence_level":0.95,"lower_bound":742.5348430104846,"upper_bound":743.8160744240463},"point_estimate":743.0182657037625,"standard_error":0.35245642335116734},"median":{"confidence_interval":{"confidence_level":0.95,"lower_bound":742.2369393202727,"upper_bound":742.6136092487836},"point_estimate":742.3298677039143,"standard_error":0.08842641489432183},"median_abs_dev":{"confidence_interval":{"confidence_level":0.95,"lower_bound":0.4682855200642287,"upper_bound":0.8377316573783548},"point_estimate":0.6392394951231335,"standard_error":0.09261486934187885},"slope":{"confidence_interval":{"confidence_level":0.95,"lower_bound":742.4271161995035,"upper_bound":742.8176748045472},"point_estimate":742.6142850172472,"standard_error":0.09964539773859979},"std_dev":{"confidence_interval":{"confidence_level":0.95,"lower_bound":0.7886188154334861,"upper_bound":5.946827676230699},"point_estimate":3.552714363936621,"standard_error":1.754125720902796}}