{"mean":{"confidence_interval":{"confidence_level":0.95,"lower_bound":926.6226355816782,"upper_bound":926.8722883178691},"point_estimate":926.7423102656176,"standard_error":0.06385636719920784},"median":{"confidence_interval":{"confidence_level":0.95,"lower_bound":926.606498804698,"upper_bound":926.7029109117922},"point_estimate":926.6507545090953,"standard_error":0.025067818531460083},"median_abs_dev":{"confidence_interval":{"confidence_level":0.95,"lower_bound":0.2688003931703941,"upper_bound":0.5203641828167058},"point_estimate":0.3698923748005136,"standard_error":0.06468234573633708},"slope":{"confidence_interval":{"confidence_level":0.95,"lower_bound":926.5523358864384,"upper_bound":926.7132165630946},"point_estimate":926.6296015426208,"standard_error":0.041007958305632974},"std_dev":{"confidence_interval":{"confidence_level":0.95,"lower_bound":0.4548058127535419,"upper_bound":0.8054193747543699},"point_estimate":0.6402696910158225,"standard_error":0.08981420884175141}}