{"mean":{"confidence_interval":{"confidence_level":0.95,"lower_bound":928.1517768680167,"upper_bound":928.275977557411},"point_estimate":928.2109742342122,"standard_error":0.031714830119294546},"median":{"confidence_interval":{"confidence_level":0.95,"lower_bound":928.165122503035,"upper_bound":928.2456355137215},"point_estimate":928.1942463436367,"standard_error":0.02309038917804337},"median_abs_dev":{"confidence_interval":{"confidence_level":0.95,"lower_bound":0.13275414133147062,"upper_bound":0.26582633340556466},"point_estimate":0.18935160651548724,"standard_error":0.033895438303498664},"slope":{"confidence_interval":{"confidence_level":0.95,"lower_bound":928.0835936863373,"upper_bound":928.2323125403857},"point_estimate":928.158056485355,"standard_error":0.03791873436350316},"std_dev":{"confidence_interval":{"confidence_level":0.95,"lower_bound":0.20868569436516435,"upper_bound":0.421586277384108},"point_estimate":0.31856967685289234,"standard_error":0.055019122034074885}}