{"mean":{"confidence_interval":{"confidence_level":0.95,"lower_bound":921.2668839995516,"upper_bound":921.4137832443114},"point_estimate":921.338253276683,"standard_error":0.037312446901855256},"median":{"confidence_interval":{"confidence_level":0.95,"lower_bound":921.2353722907351,"upper_bound":921.3586047357362},"point_estimate":921.2937349661054,"standard_error":0.02994461310520605},"median_abs_dev":{"confidence_interval":{"confidence_level":0.95,"lower_bound":0.21463646476340378,"upper_bound":0.3756269255276361},"point_estimate":0.321071341551799,"standard_error":0.041486503626328435},"slope":{"confidence_interval":{"confidence_level":0.95,"lower_bound":921.339721452366,"upper_bound":921.5047735474942},"point_estimate":921.4213258663435,"standard_error":0.042035950104506},"std_dev":{"confidence_interval":{"confidence_level":0.95,"lower_bound":0.29640201326637367,"upper_bound":0.4464076506333912},"point_estimate":0.37546747333084207,"standard_error":0.038279721197180094}}