{"mean":{"confidence_interval":{"confidence_level":0.95,"lower_bound":793.4691745575519,"upper_bound":795.1304918075853},"point_estimate":794.1348692515837,"standard_error":0.4385300337426814},"median":{"confidence_interval":{"confidence_level":0.95,"lower_bound":793.0516478212907,"upper_bound":793.6504594594595},"point_estimate":793.3248757239382,"standard_error":0.13596717214670595},"median_abs_dev":{"confidence_interval":{"confidence_level":0.95,"lower_bound":0.511290860205493,"upper_bound":1.1157511917394731},"point_estimate":0.792600629907101,"standard_error":0.15823629179341164},"slope":{"confidence_interval":{"confidence_level":0.95,"lower_bound":793.3082827612315,"upper_bound":794.1982387136351},"point_estimate":793.7213289836138,"standard_error":0.22804535738046441},"std_dev":{"confidence_interval":{"confidence_level":0.95,"lower_bound":1.0376945268526687,"upper_bound":5.015804083836539},"point_estimate":3.123925039965905,"standard_error":1.303109877244386}}