{"mean":{"confidence_interval":{"confidence_level":0.95,"lower_bound":33603.62836170474,"upper_bound":36760.33853273298},"point_estimate":35310.11519625135,"standard_error":806.3090328548049},"median":{"confidence_interval":{"confidence_level":0.95,"lower_bound":36863.894009725904,"upper_bound":37628.35244133885},"point_estimate":37356.28161431805,"standard_error":215.85383681334002},"median_abs_dev":{"confidence_interval":{"confidence_level":0.95,"lower_bound":667.5252152408185,"upper_bound":1889.0108520883512},"point_estimate":1038.548303404573,"standard_error":326.8441190497651},"slope":{"confidence_interval":{"confidence_level":0.95,"lower_bound":37419.56139697399,"upper_bound":37802.34286389199},"point_estimate":37627.09142923704,"standard_error":97.38832338332926},"std_dev":{"confidence_interval":{"confidence_level":0.95,"lower_bound":3353.309637942736,"upper_bound":7598.850837732276},"point_estimate":5770.998996558212,"standard_error":1080.5175049922125}}