{"mean":{"confidence_interval":{"confidence_level":0.95,"lower_bound":495.0274310246833,"upper_bound":495.9749928493313},"point_estimate":495.4957670643582,"standard_error":0.24143298722313636},"median":{"confidence_interval":{"confidence_level":0.95,"lower_bound":495.20037403073115,"upper_bound":495.95038295038296},"point_estimate":495.5554911606251,"standard_error":0.17752599277968845},"median_abs_dev":{"confidence_interval":{"confidence_level":0.95,"lower_bound":1.3708503113382822,"upper_bound":2.2381544898733536},"point_estimate":1.8401965973363603,"standard_error":0.2161651388831427},"slope":{"confidence_interval":{"confidence_level":0.95,"lower_bound":495.0179943128434,"upper_bound":496.0287571274836},"point_estimate":495.51237377223043,"standard_error":0.25701946461789993},"std_dev":{"confidence_interval":{"confidence_level":0.95,"lower_bound":1.8920012716205195,"upper_bound":2.9193835222649724},"point_estimate":2.4228798342947067,"standard_error":0.26310321474043086}}