{"mean":{"confidence_interval":{"confidence_level":0.95,"lower_bound":402.355893836889,"upper_bound":402.39227821483684},"point_estimate":402.37264369795906,"standard_error":0.009261037513840614},"median":{"confidence_interval":{"confidence_level":0.95,"lower_bound":402.34431351302544,"upper_bound":402.3761466760248},"point_estimate":402.3599823919816,"standard_error":0.007462961547077152},"median_abs_dev":{"confidence_interval":{"confidence_level":0.95,"lower_bound":0.040566854018590975,"upper_bound":0.06716153466176973},"point_estimate":0.05397199213403756,"standard_error":0.006779054490239342},"slope":{"confidence_interval":{"confidence_level":0.95,"lower_bound":402.3401743328334,"upper_bound":402.3644233223776},"point_estimate":402.3520995062505,"standard_error":0.006171180648663855},"std_dev":{"confidence_interval":{"confidence_level":0.95,"lower_bound":0.05907524289274328,"upper_bound":0.12914531063486867},"point_estimate":0.0926887210353648,"standard_error":0.019561435659446045}}