{"mean":{"confidence_interval":{"confidence_level":0.95,"lower_bound":403.2633689523587,"upper_bound":403.3063734019046},"point_estimate":403.28408291181876,"standard_error":0.01093630117518598},"median":{"confidence_interval":{"confidence_level":0.95,"lower_bound":403.2514063677878,"upper_bound":403.28545232273837},"point_estimate":403.26377275196955,"standard_error":0.008556012042156093},"median_abs_dev":{"confidence_interval":{"confidence_level":0.95,"lower_bound":0.05151934010290967,"upper_bound":0.08808505412752474},"point_estimate":0.07274659923412463,"standard_error":0.009473472732247117},"slope":{"confidence_interval":{"confidence_level":0.95,"lower_bound":403.2604060862313,"upper_bound":403.2909365345089},"point_estimate":403.2750582811812,"standard_error":0.007798667617932938},"std_dev":{"confidence_interval":{"confidence_level":0.95,"lower_bound":0.07892459086229499,"upper_bound":0.14004905277774474},"point_estimate":0.11012410246123241,"standard_error":0.015779446421905055}}