{"mean":{"confidence_interval":{"confidence_level":0.95,"lower_bound":403.6295510826822,"upper_bound":403.68332887633164},"point_estimate":403.6543829752265,"standard_error":0.013771326037506568},"median":{"confidence_interval":{"confidence_level":0.95,"lower_bound":403.6331080556203,"upper_bound":403.666466878714},"point_estimate":403.6465275646538,"standard_error":0.008801748038586235},"median_abs_dev":{"confidence_interval":{"confidence_level":0.95,"lower_bound":0.05023555579654155,"upper_bound":0.09632398551122458},"point_estimate":0.0714162373558105,"standard_error":0.011866937422150057},"slope":{"confidence_interval":{"confidence_level":0.95,"lower_bound":403.5793908265772,"upper_bound":403.6519704664073},"point_estimate":403.61112182694495,"standard_error":0.01856094530869962},"std_dev":{"confidence_interval":{"confidence_level":0.95,"lower_bound":0.08308974351293597,"upper_bound":0.19190786642391347},"point_estimate":0.13844908198153763,"standard_error":0.028914835586476496}}