{"mean":{"confidence_interval":{"confidence_level":0.95,"lower_bound":2142.4732866270488,"upper_bound":2142.78616306634},"point_estimate":2142.6207271890285,"standard_error":0.07979841840550402},"median":{"confidence_interval":{"confidence_level":0.95,"lower_bound":2142.3560231310526,"upper_bound":2142.4729950551327},"point_estimate":2142.4278080122012,"standard_error":0.03173005401883675},"median_abs_dev":{"confidence_interval":{"confidence_level":0.95,"lower_bound":0.22738002836069054,"upper_bound":0.47162479017452313},"point_estimate":0.3765135973851529,"standard_error":0.06716266275740218},"slope":{"confidence_interval":{"confidence_level":0.95,"lower_bound":2142.349951148906,"upper_bound":2142.5797655432643},"point_estimate":2142.4496704851167,"standard_error":0.05893386815902557},"std_dev":{"confidence_interval":{"confidence_level":0.95,"lower_bound":0.5432417974683018,"upper_bound":1.023017556230593},"point_estimate":0.8016902854289167,"standard_error":0.12280169252132145}}