{"mean":{"confidence_interval":{"confidence_level":0.95,"lower_bound":2145.2252339287047,"upper_bound":2145.604436804239},"point_estimate":2145.3923078621724,"standard_error":0.09786594962568779},"median":{"confidence_interval":{"confidence_level":0.95,"lower_bound":2145.159711080335,"upper_bound":2145.3265997159065},"point_estimate":2145.214822008349,"standard_error":0.04601709095668971},"median_abs_dev":{"confidence_interval":{"confidence_level":0.95,"lower_bound":0.2574876551579268,"upper_bound":0.5013463075837817},"point_estimate":0.3582932881275295,"standard_error":0.06353831717537003},"slope":{"confidence_interval":{"confidence_level":0.95,"lower_bound":2145.2170665601375,"upper_bound":2145.377985746223},"point_estimate":2145.2934287351977,"standard_error":0.04092889442577951},"std_dev":{"confidence_interval":{"confidence_level":0.95,"lower_bound":0.4081464203933325,"upper_bound":1.4440598938716902},"point_estimate":0.984328707244275,"standard_error":0.27630234003938703}}