{"mean":{"confidence_interval":{"confidence_level":0.95,"lower_bound":405.11512104979136,"upper_bound":405.17993744015337},"point_estimate":405.1439634266168,"standard_error":0.01661329577533629},"median":{"confidence_interval":{"confidence_level":0.95,"lower_bound":405.0878458619755,"upper_bound":405.1319253075866},"point_estimate":405.107621201793,"standard_error":0.013425562152523598},"median_abs_dev":{"confidence_interval":{"confidence_level":0.95,"lower_bound":0.05876007396316791,"upper_bound":0.09798605315315345},"point_estimate":0.07859910066816449,"standard_error":0.010406428615112786},"slope":{"confidence_interval":{"confidence_level":0.95,"lower_bound":405.1154029750181,"upper_bound":405.1604434444015},"point_estimate":405.13679904553044,"standard_error":0.011502809205914708},"std_dev":{"confidence_interval":{"confidence_level":0.95,"lower_bound":0.08501027971252233,"upper_bound":0.2475784297037823},"point_estimate":0.16723791533002685,"standard_error":0.04431650210528098}}