{"mean":{"confidence_interval":{"confidence_level":0.95,"lower_bound":404.87389747412124,"upper_bound":404.92096756901327},"point_estimate":404.8954811836435,"standard_error":0.012111540348250816},"median":{"confidence_interval":{"confidence_level":0.95,"lower_bound":404.8530563195322,"upper_bound":404.8899749629593},"point_estimate":404.86954524548423,"standard_error":0.007887055598171669},"median_abs_dev":{"confidence_interval":{"confidence_level":0.95,"lower_bound":0.04992980754232154,"upper_bound":0.08278472324760537},"point_estimate":0.06640025636176597,"standard_error":0.008105514743991057},"slope":{"confidence_interval":{"confidence_level":0.95,"lower_bound":404.84971823016247,"upper_bound":404.9141232324266},"point_estimate":404.8757474981093,"standard_error":0.01675216021903167},"std_dev":{"confidence_interval":{"confidence_level":0.95,"lower_bound":0.07214504405373585,"upper_bound":0.1714279724198721},"point_estimate":0.12219835061290026,"standard_error":0.026357838839258345}}