{"mean":{"confidence_interval":{"confidence_level":0.95,"lower_bound":405.7055447851741,"upper_bound":405.75124192290366},"point_estimate":405.72598436630665,"standard_error":0.011666022313507914},"median":{"confidence_interval":{"confidence_level":0.95,"lower_bound":405.6936762681444,"upper_bound":405.7180168960991},"point_estimate":405.702985688426,"standard_error":0.005932822393714883},"median_abs_dev":{"confidence_interval":{"confidence_level":0.95,"lower_bound":0.03735685119625635,"upper_bound":0.07429637088236986},"point_estimate":0.05755378640049222,"standard_error":0.00998980297352193},"slope":{"confidence_interval":{"confidence_level":0.95,"lower_bound":405.70523235088575,"upper_bound":405.7621449889715},"point_estimate":405.73024406635903,"standard_error":0.01461473802995088},"std_dev":{"confidence_interval":{"confidence_level":0.95,"lower_bound":0.06603413066975873,"upper_bound":0.17265810696946815},"point_estimate":0.11715897524652492,"standard_error":0.03171148389107326}}