{"mean":{"confidence_interval":{"confidence_level":0.95,"lower_bound":404.75219405710556,"upper_bound":404.81962433478543},"point_estimate":404.78375766771455,"standard_error":0.017214539564386195},"median":{"confidence_interval":{"confidence_level":0.95,"lower_bound":404.7183882983556,"upper_bound":404.8100488874712},"point_estimate":404.74872808212956,"standard_error":0.024966765595774938},"median_abs_dev":{"confidence_interval":{"confidence_level":0.95,"lower_bound":0.10929567650199003,"upper_bound":0.1563188650362084},"point_estimate":0.1342646516432901,"standard_error":0.01190789310316052},"slope":{"confidence_interval":{"confidence_level":0.95,"lower_bound":404.71911483771447,"upper_bound":404.77083518394335},"point_estimate":404.7448856065358,"standard_error":0.013194290650821089},"std_dev":{"confidence_interval":{"confidence_level":0.95,"lower_bound":0.11274682303504767,"upper_bound":0.23193893544543784},"point_estimate":0.17339637062233182,"standard_error":0.030937684087981678}}