{"mean":{"confidence_interval":{"confidence_level":0.95,"lower_bound":405.028917419724,"upper_bound":405.1590314500351},"point_estimate":405.0829039081984,"standard_error":0.03390284343666922},"median":{"confidence_interval":{"confidence_level":0.95,"lower_bound":405.0062134309403,"upper_bound":405.03038087934556},"point_estimate":405.01792944615033,"standard_error":0.00654594843170966},"median_abs_dev":{"confidence_interval":{"confidence_level":0.95,"lower_bound":0.0508233365210158,"upper_bound":0.08244362920536688},"point_estimate":0.06799838982403411,"standard_error":0.008057085593534945},"slope":{"confidence_interval":{"confidence_level":0.95,"lower_bound":405.0295661906595,"upper_bound":405.0701911230483},"point_estimate":405.04798953903264,"standard_error":0.010371698048001591},"std_dev":{"confidence_interval":{"confidence_level":0.95,"lower_bound":0.11435639504142922,"upper_bound":0.5413590410808907},"point_estimate":0.3404223766134906,"standard_error":0.12641385632637123}}