{"mean":{"confidence_interval":{"confidence_level":0.95,"lower_bound":14812.807128148092,"upper_bound":14842.298216988398},"point_estimate":14826.16624234265,"standard_error":7.585779349428098},"median":{"confidence_interval":{"confidence_level":0.95,"lower_bound":14802.18754055808,"upper_bound":14823.903907429147},"point_estimate":14815.567984868718,"standard_error":5.386706493355062},"median_abs_dev":{"confidence_interval":{"confidence_level":0.95,"lower_bound":39.77832894883942,"upper_bound":65.99960535812207},"point_estimate":54.74434957828363,"standard_error":6.683218784275733},"slope":{"confidence_interval":{"confidence_level":0.95,"lower_bound":14819.88281369814,"upper_bound":14842.593736797784},"point_estimate":14830.86507312705,"standard_error":5.791073349496642},"std_dev":{"confidence_interval":{"confidence_level":0.95,"lower_bound":42.53041270177285,"upper_bound":109.8478562831482},"point_estimate":76.18607571174947,"standard_error":18.194422432439993}}