{"mean":{"confidence_interval":{"confidence_level":0.95,"lower_bound":14764.544655963851,"upper_bound":14767.149554498012},"point_estimate":14765.749514878788,"standard_error":0.666582903168225},"median":{"confidence_interval":{"confidence_level":0.95,"lower_bound":14763.583639705883,"upper_bound":14765.184423769508},"point_estimate":14764.142041685096,"standard_error":0.38970280119362644},"median_abs_dev":{"confidence_interval":{"confidence_level":0.95,"lower_bound":2.5181226267042582,"upper_bound":3.762369969968414},"point_estimate":3.131075336568812,"standard_error":0.30873806206335547},"slope":{"confidence_interval":{"confidence_level":0.95,"lower_bound":14763.968846495136,"upper_bound":14766.634361708753},"point_estimate":14765.062920140126,"standard_error":0.6965100138039678},"std_dev":{"confidence_interval":{"confidence_level":0.95,"lower_bound":4.076025680654629,"upper_bound":8.914182061297911},"point_estimate":6.673063167837271,"standard_error":1.231627188471361}}