{"mean":{"confidence_interval":{"confidence_level":0.95,"lower_bound":14754.094844315334,"upper_bound":14756.610723513579},"point_estimate":14755.1975656465,"standard_error":0.6444451347267186},"median":{"confidence_interval":{"confidence_level":0.95,"lower_bound":14753.274223397224,"upper_bound":14754.302139037434},"point_estimate":14753.755593688715,"standard_error":0.2573279758986827},"median_abs_dev":{"confidence_interval":{"confidence_level":0.95,"lower_bound":1.8787887313428346,"upper_bound":3.512284278495499},"point_estimate":2.7326698534456937,"standard_error":0.4058954619188539},"slope":{"confidence_interval":{"confidence_level":0.95,"lower_bound":14753.851758357638,"upper_bound":14755.22664280898},"point_estimate":14754.525600361616,"standard_error":0.3506316915026039},"std_dev":{"confidence_interval":{"confidence_level":0.95,"lower_bound":2.991293635606439,"upper_bound":9.754467267485527},"point_estimate":6.480559577643598,"standard_error":1.8635815673112965}}