{"mean":{"confidence_interval":{"confidence_level":0.95,"lower_bound":43.74864748082218,"upper_bound":43.87164477332806},"point_estimate":43.80066011484051,"standard_error":0.031738275821394456},"median":{"confidence_interval":{"confidence_level":0.95,"lower_bound":43.72403016342611,"upper_bound":43.806968664937465},"point_estimate":43.75877514585612,"standard_error":0.02017331339308854},"median_abs_dev":{"confidence_interval":{"confidence_level":0.95,"lower_bound":0.1168254555555278,"upper_bound":0.18316139328079095},"point_estimate":0.1432598475488334,"standard_error":0.016980270618593828},"slope":{"confidence_interval":{"confidence_level":0.95,"lower_bound":43.73187230323769,"upper_bound":43.82932715942187},"point_estimate":43.77730874370398,"standard_error":0.024884426258872213},"std_dev":{"confidence_interval":{"confidence_level":0.95,"lower_bound":0.14572887554970937,"upper_bound":0.5020055775096031},"point_estimate":0.3203614335551536,"standard_error":0.11424972267364507}}