{"mean":{"confidence_interval":{"confidence_level":0.95,"lower_bound":43.685835382429005,"upper_bound":43.82692998431216},"point_estimate":43.75116445335408,"standard_error":0.03598553554738641},"median":{"confidence_interval":{"confidence_level":0.95,"lower_bound":43.6398444856403,"upper_bound":43.757103275873135},"point_estimate":43.692031544256125,"standard_error":0.02817782952903531},"median_abs_dev":{"confidence_interval":{"confidence_level":0.95,"lower_bound":0.1926443300331749,"upper_bound":0.3382143877891708},"point_estimate":0.2688570267582786,"standard_error":0.03749653806578688},"slope":{"confidence_interval":{"confidence_level":0.95,"lower_bound":43.683423924781,"upper_bound":43.7914261893218},"point_estimate":43.73603112497485,"standard_error":0.027740131913274593},"std_dev":{"confidence_interval":{"confidence_level":0.95,"lower_bound":0.23791185409860363,"upper_bound":0.5023409025784852},"point_estimate":0.3610144986034998,"standard_error":0.07625314070263116}}