{"mean":{"confidence_interval":{"confidence_level":0.95,"lower_bound":1789.6295313731332,"upper_bound":2185.887908655882},"point_estimate":1956.3842070987018,"standard_error":102.41688418584732},"median":{"confidence_interval":{"confidence_level":0.95,"lower_bound":1683.3415655484177,"upper_bound":1784.1808733110433},"point_estimate":1723.8342932050105,"standard_error":26.31780104128221},"median_abs_dev":{"confidence_interval":{"confidence_level":0.95,"lower_bound":65.67103539370615,"upper_bound":192.39677926906975},"point_estimate":121.66901133477548,"standard_error":33.12174220386637},"slope":{"confidence_interval":{"confidence_level":0.95,"lower_bound":1661.420790697373,"upper_bound":1691.8972023117428},"point_estimate":1673.9391980185549,"standard_error":7.79511243099062},"std_dev":{"confidence_interval":{"confidence_level":0.95,"lower_bound":238.73074375734845,"upper_bound":1128.9856240593165},"point_estimate":730.1386153624394,"standard_error":251.29449386919458}}