{"mean":{"confidence_interval":{"confidence_level":0.95,"lower_bound":1423.0041330538997,"upper_bound":1448.911553611309},"point_estimate":1434.1877487104675,"standard_error":6.715238349082178},"median":{"confidence_interval":{"confidence_level":0.95,"lower_bound":1415.3071365720373,"upper_bound":1420.3673412680034},"point_estimate":1417.1389397576047,"standard_error":1.1393899514910424},"median_abs_dev":{"confidence_interval":{"confidence_level":0.95,"lower_bound":2.39346277582631,"upper_bound":9.124538158650171},"point_estimate":4.660674899733806,"standard_error":1.5706288729208724},"slope":{"confidence_interval":{"confidence_level":0.95,"lower_bound":1415.6284686134659,"upper_bound":1429.3103634162258},"point_estimate":1420.6454897846622,"standard_error":3.573310949402432},"std_dev":{"confidence_interval":{"confidence_level":0.95,"lower_bound":18.989492736663145,"upper_bound":72.79533230394144},"point_estimate":48.21874102146107,"standard_error":15.264872378749507}}