{"mean":{"confidence_interval":{"confidence_level":0.95,"lower_bound":87495.48736159186,"upper_bound":87853.7392943497},"point_estimate":87650.54181883892,"standard_error":92.35844424974175},"median":{"confidence_interval":{"confidence_level":0.95,"lower_bound":87494.12962962964,"upper_bound":87610.05516541822},"point_estimate":87562.72662337663,"standard_error":28.766681338898987},"median_abs_dev":{"confidence_interval":{"confidence_level":0.95,"lower_bound":191.24193896268292,"upper_bound":322.7980561966034},"point_estimate":243.74076933473157,"standard_error":34.34123596876347},"slope":{"confidence_interval":{"confidence_level":0.95,"lower_bound":87546.54871343855,"upper_bound":87674.82098959114},"point_estimate":87605.6559974878,"standard_error":32.61424887892763},"std_dev":{"confidence_interval":{"confidence_level":0.95,"lower_bound":328.5263426504837,"upper_bound":1396.2797587871833},"point_estimate":929.4034851488826,"standard_error":281.81741201952303}}