{"mean":{"confidence_interval":{"confidence_level":0.95,"lower_bound":87758.97863957092,"upper_bound":88127.7802906934},"point_estimate":87913.2901128184,"standard_error":95.79801707408294},"median":{"confidence_interval":{"confidence_level":0.95,"lower_bound":87708.70512820513,"upper_bound":87839.07398928233},"point_estimate":87792.59795295114,"standard_error":36.919005443402426},"median_abs_dev":{"confidence_interval":{"confidence_level":0.95,"lower_bound":221.53468263799732,"upper_bound":370.36962828513924},"point_estimate":312.0903133810477,"standard_error":38.98884858443071},"slope":{"confidence_interval":{"confidence_level":0.95,"lower_bound":87772.96714598272,"upper_bound":88015.93588267798},"point_estimate":87870.13426678488,"standard_error":63.54271438252942},"std_dev":{"confidence_interval":{"confidence_level":0.95,"lower_bound":322.4007280600784,"upper_bound":1531.510062728753},"point_estimate":963.592810084929,"standard_error":351.788725825836}}