{"mean":{"confidence_interval":{"confidence_level":0.95,"lower_bound":53.31278790601908,"upper_bound":53.473657543168194},"point_estimate":53.38060431629719,"standard_error":0.041764326779070694},"median":{"confidence_interval":{"confidence_level":0.95,"lower_bound":53.23192639524786,"upper_bound":53.331883745189025},"point_estimate":53.27034555383476,"standard_error":0.022286769522956235},"median_abs_dev":{"confidence_interval":{"confidence_level":0.95,"lower_bound":0.10147513895035601,"upper_bound":0.21907428026699657},"point_estimate":0.15116368629729965,"standard_error":0.028316038572630695},"slope":{"confidence_interval":{"confidence_level":0.95,"lower_bound":53.36250103934601,"upper_bound":53.48362948860823},"point_estimate":53.42243008153002,"standard_error":0.0309018429917497},"std_dev":{"confidence_interval":{"confidence_level":0.95,"lower_bound":0.18471233005918192,"upper_bound":0.6589399919697733},"point_estimate":0.4194578404726725,"standard_error":0.15231321999114644}}