{"mean":{"confidence_interval":{"confidence_level":0.95,"lower_bound":1024.7061460489692,"upper_bound":1026.5508535338843},"point_estimate":1025.607394485496,"standard_error":0.47147951759761353},"median":{"confidence_interval":{"confidence_level":0.95,"lower_bound":1023.7042086074345,"upper_bound":1025.392659123559},"point_estimate":1024.6496482996004,"standard_error":0.4112895981645755},"median_abs_dev":{"confidence_interval":{"confidence_level":0.95,"lower_bound":2.713014802219126,"upper_bound":4.847049930239722},"point_estimate":3.805015187651956,"standard_error":0.5390415247343768},"slope":{"confidence_interval":{"confidence_level":0.95,"lower_bound":1024.0336114031577,"upper_bound":1027.3477017098267},"point_estimate":1025.6454176231296,"standard_error":0.8463078529270388},"std_dev":{"confidence_interval":{"confidence_level":0.95,"lower_bound":3.9017077671772262,"upper_bound":5.4403837504748624},"point_estimate":4.7257405119045615,"standard_error":0.39254730904832924}}