{"mean":{"confidence_interval":{"confidence_level":0.95,"lower_bound":1020.1797157810948,"upper_bound":1022.2178766788885},"point_estimate":1021.1140047938071,"standard_error":0.520168445205944},"median":{"confidence_interval":{"confidence_level":0.95,"lower_bound":1019.4116172784903,"upper_bound":1020.730819156931},"point_estimate":1020.1532492997198,"standard_error":0.3409322986571867},"median_abs_dev":{"confidence_interval":{"confidence_level":0.95,"lower_bound":2.2375668828860165,"upper_bound":3.778022636810319},"point_estimate":3.042168791635529,"standard_error":0.37793905887620594},"slope":{"confidence_interval":{"confidence_level":0.95,"lower_bound":1020.1966993093723,"upper_bound":1023.1252768755589},"point_estimate":1021.6484052157881,"standard_error":0.7467208692324467},"std_dev":{"confidence_interval":{"confidence_level":0.95,"lower_bound":3.321922906058299,"upper_bound":7.374341210025648},"point_estimate":5.236860677133212,"standard_error":1.1569124763883987}}