{"mean":{"confidence_interval":{"confidence_level":0.95,"lower_bound":1027.8246558426135,"upper_bound":1044.3315295466068},"point_estimate":1034.7111529782708,"standard_error":4.303955713021385},"median":{"confidence_interval":{"confidence_level":0.95,"lower_bound":1025.4614888401497,"upper_bound":1028.080118694362},"point_estimate":1026.503925510091,"standard_error":0.5655005395262518},"median_abs_dev":{"confidence_interval":{"confidence_level":0.95,"lower_bound":3.8062471929667536,"upper_bound":6.049294286077304},"point_estimate":4.631462555054337,"standard_error":0.6009820871098008},"slope":{"confidence_interval":{"confidence_level":0.95,"lower_bound":1030.4084620485828,"upper_bound":1075.660374446495},"point_estimate":1049.8135949684256,"standard_error":11.815983699027983},"std_dev":{"confidence_interval":{"confidence_level":0.95,"lower_bound":8.93143428385454,"upper_bound":68.19349278863676},"point_estimate":43.29589297852724,"standard_error":15.97488111965444}}