{"mean":{"confidence_interval":{"confidence_level":0.95,"lower_bound":1021.7244513821684,"upper_bound":1023.6407723177523},"point_estimate":1022.6483342775871,"standard_error":0.48983270181765354},"median":{"confidence_interval":{"confidence_level":0.95,"lower_bound":1020.5384100532151,"upper_bound":1021.9868469296662},"point_estimate":1021.1371035214785,"standard_error":0.37780157909494316},"median_abs_dev":{"confidence_interval":{"confidence_level":0.95,"lower_bound":2.1430720132349137,"upper_bound":4.212177417672902},"point_estimate":3.0235367723860644,"standard_error":0.535732116172701},"slope":{"confidence_interval":{"confidence_level":0.95,"lower_bound":1022.2024645074732,"upper_bound":1025.3353118536686},"point_estimate":1023.7842771643902,"standard_error":0.8017248546648422},"std_dev":{"confidence_interval":{"confidence_level":0.95,"lower_bound":3.7871466327478767,"upper_bound":6.0885137109023395},"point_estimate":4.926897634293512,"standard_error":0.5968102659071371}}