{"mean":{"confidence_interval":{"confidence_level":0.95,"lower_bound":72.97505302616032,"upper_bound":79.411042046585},"point_estimate":75.76701966035138,"standard_error":1.6596356992432568},"median":{"confidence_interval":{"confidence_level":0.95,"lower_bound":69.14679256670104,"upper_bound":74.13594270897642},"point_estimate":70.2673703489493,"standard_error":1.067075429576951},"median_abs_dev":{"confidence_interval":{"confidence_level":0.95,"lower_bound":1.124405570196632,"upper_bound":6.852774227229539},"point_estimate":2.6325782895478227,"standard_error":1.276553319986734},"slope":{"confidence_interval":{"confidence_level":0.95,"lower_bound":73.06613705788241,"upper_bound":76.02683198506426},"point_estimate":74.33688709787565,"standard_error":0.7549064264135446},"std_dev":{"confidence_interval":{"confidence_level":0.95,"lower_bound":8.024128408822202,"upper_bound":25.268698630460445},"point_estimate":16.702953614481807,"standard_error":5.083228048631149}}