{"mean":{"confidence_interval":{"confidence_level":0.95,"lower_bound":186.7579354405709,"upper_bound":186.78034655050922},"point_estimate":186.76885958197502,"standard_error":0.0057266131259551874},"median":{"confidence_interval":{"confidence_level":0.95,"lower_bound":186.7522707813164,"upper_bound":186.7694611329365},"point_estimate":186.7589291951325,"standard_error":0.003938057168382293},"median_abs_dev":{"confidence_interval":{"confidence_level":0.95,"lower_bound":0.02377877232869176,"upper_bound":0.040215815033749616},"point_estimate":0.030096317339768815,"standard_error":0.0040638389916710215},"slope":{"confidence_interval":{"confidence_level":0.95,"lower_bound":186.754194647455,"upper_bound":186.76865772468778},"point_estimate":186.76102048422467,"standard_error":0.003686071089137646},"std_dev":{"confidence_interval":{"confidence_level":0.95,"lower_bound":0.042889875405630995,"upper_bound":0.07038430280021561},"point_estimate":0.05762319300858866,"standard_error":0.007052395338745602}}