{"mean":{"confidence_interval":{"confidence_level":0.95,"lower_bound":186.76638263140657,"upper_bound":186.7973091226865},"point_estimate":186.78104315455255,"standard_error":0.007914517876851998},"median":{"confidence_interval":{"confidence_level":0.95,"lower_bound":186.76082303299324,"upper_bound":186.7791428048878},"point_estimate":186.77166848080373,"standard_error":0.004564820397720416},"median_abs_dev":{"confidence_interval":{"confidence_level":0.95,"lower_bound":0.030507963984167316,"upper_bound":0.049714158708606015},"point_estimate":0.0391513169466409,"standard_error":0.004855283531080372},"slope":{"confidence_interval":{"confidence_level":0.95,"lower_bound":186.75952153610174,"upper_bound":186.78255952541042},"point_estimate":186.7699999186145,"standard_error":0.005896961692344925},"std_dev":{"confidence_interval":{"confidence_level":0.95,"lower_bound":0.055181671609713094,"upper_bound":0.10132371644946798},"point_estimate":0.0794775079783478,"standard_error":0.011859874678652115}}