{"mean":{"confidence_interval":{"confidence_level":0.95,"lower_bound":6.489078312254014,"upper_bound":6.491083867449517},"point_estimate":6.4900480479838825,"standard_error":0.0005129189005160836},"median":{"confidence_interval":{"confidence_level":0.95,"lower_bound":6.488312376713083,"upper_bound":6.490891352561608},"point_estimate":6.489931524630524,"standard_error":0.0006793250526763826},"median_abs_dev":{"confidence_interval":{"confidence_level":0.95,"lower_bound":0.0031239965995054526,"upper_bound":0.004996205600175274},"point_estimate":0.0039884079125767444,"standard_error":0.000473460444522616},"slope":{"confidence_interval":{"confidence_level":0.95,"lower_bound":6.4877264439968885,"upper_bound":6.489714331608267},"point_estimate":6.488667229182649,"standard_error":0.0005060871888751787},"std_dev":{"confidence_interval":{"confidence_level":0.95,"lower_bound":0.0038776593300268677,"upper_bound":0.006318400976039595},"point_estimate":0.005151156729429391,"standard_error":0.0006256786943392505}}