{"mean":{"confidence_interval":{"confidence_level":0.95,"lower_bound":186.85344411711313,"upper_bound":186.8877904168525},"point_estimate":186.86904673963943,"standard_error":0.00876445378629574},"median":{"confidence_interval":{"confidence_level":0.95,"lower_bound":186.8398,"upper_bound":186.86037735849055},"point_estimate":186.85188956474943,"standard_error":0.003953752745918151},"median_abs_dev":{"confidence_interval":{"confidence_level":0.95,"lower_bound":0.029272130912552864,"upper_bound":0.048646957180035796},"point_estimate":0.03853453084817461,"standard_error":0.00517758919127607},"slope":{"confidence_interval":{"confidence_level":0.95,"lower_bound":186.84606507151202,"upper_bound":186.86658379061572},"point_estimate":186.85538608675287,"standard_error":0.005228297571405045},"std_dev":{"confidence_interval":{"confidence_level":0.95,"lower_bound":0.04943000926658855,"upper_bound":0.12620160229998378},"point_estimate":0.08848638389042753,"standard_error":0.020684144379810993}}