{"mean":{"confidence_interval":{"confidence_level":0.95,"lower_bound":186.733164947217,"upper_bound":186.77490551040654},"point_estimate":186.75207845005613,"standard_error":0.010716389049541213},"median":{"confidence_interval":{"confidence_level":0.95,"lower_bound":186.72186248817064,"upper_bound":186.74251170698625},"point_estimate":186.72864170753175,"standard_error":0.005481008242788268},"median_abs_dev":{"confidence_interval":{"confidence_level":0.95,"lower_bound":0.03555748490613376,"upper_bound":0.06186590208674889},"point_estimate":0.04893136305781402,"standard_error":0.006566106926735558},"slope":{"confidence_interval":{"confidence_level":0.95,"lower_bound":186.7186213910382,"upper_bound":186.73811945710855},"point_estimate":186.72784923528582,"standard_error":0.004975686332380862},"std_dev":{"confidence_interval":{"confidence_level":0.95,"lower_bound":0.055781658790210936,"upper_bound":0.1530492268600219},"point_estimate":0.10798379828423815,"standard_error":0.025164369704676427}}