{"mean":{"confidence_interval":{"confidence_level":0.95,"lower_bound":186.73018251514137,"upper_bound":186.75818343961038},"point_estimate":186.74398393376654,"standard_error":0.007034581895661013},"median":{"confidence_interval":{"confidence_level":0.95,"lower_bound":186.73460357070314,"upper_bound":186.7512739617983},"point_estimate":186.74012345823638,"standard_error":0.004384008526065092},"median_abs_dev":{"confidence_interval":{"confidence_level":0.95,"lower_bound":0.022593893027051823,"upper_bound":0.03442630592836786},"point_estimate":0.02821749183440271,"standard_error":0.0031608763276932},"slope":{"confidence_interval":{"confidence_level":0.95,"lower_bound":186.73737112507507,"upper_bound":186.76990519043636},"point_estimate":186.74990930479683,"standard_error":0.008707816395506359},"std_dev":{"confidence_interval":{"confidence_level":0.95,"lower_bound":0.028625938173218946,"upper_bound":0.10509898829608795},"point_estimate":0.07058814137264413,"standard_error":0.02059331271631463}}