{"mean":{"confidence_interval":{"confidence_level":0.95,"lower_bound":186.75180686166067,"upper_bound":186.79345753818552},"point_estimate":186.7713513295439,"standard_error":0.010636512969445013},"median":{"confidence_interval":{"confidence_level":0.95,"lower_bound":186.747676067913,"upper_bound":186.76659587512523},"point_estimate":186.75969915707367,"standard_error":0.00464789688231479},"median_abs_dev":{"confidence_interval":{"confidence_level":0.95,"lower_bound":0.031108998787197067,"upper_bound":0.06233657466231445},"point_estimate":0.04696817186203577,"standard_error":0.008460239925133586},"slope":{"confidence_interval":{"confidence_level":0.95,"lower_bound":186.755036660764,"upper_bound":186.80033081231656},"point_estimate":186.77536080051462,"standard_error":0.011591589153022466},"std_dev":{"confidence_interval":{"confidence_level":0.95,"lower_bound":0.07132704687887464,"upper_bound":0.1439336631214223},"point_estimate":0.10714016373117699,"standard_error":0.019134041356630698}}