{"mean":{"confidence_interval":{"confidence_level":0.95,"lower_bound":476.5416455482006,"upper_bound":476.967031691843},"point_estimate":476.7295524988858,"standard_error":0.1091522173541171},"median":{"confidence_interval":{"confidence_level":0.95,"lower_bound":476.40174912720806,"upper_bound":476.59310489286463},"point_estimate":476.5468331399299,"standard_error":0.05685151201001234},"median_abs_dev":{"confidence_interval":{"confidence_level":0.95,"lower_bound":0.33339873521652713,"upper_bound":0.5791687944359993},"point_estimate":0.4039532992532605,"standard_error":0.061139184293057314},"slope":{"confidence_interval":{"confidence_level":0.95,"lower_bound":476.39839286873587,"upper_bound":476.54059172305267},"point_estimate":476.4685133687546,"standard_error":0.03621435186353173},"std_dev":{"confidence_interval":{"confidence_level":0.95,"lower_bound":0.5721433760241675,"upper_bound":1.6400808846135182},"point_estimate":1.0985026679125633,"standard_error":0.31458664481723103}}