{"mean":{"confidence_interval":{"confidence_level":0.95,"lower_bound":422.3071419390481,"upper_bound":422.9575793809397},"point_estimate":422.61006851760766,"standard_error":0.1656651133116369},"median":{"confidence_interval":{"confidence_level":0.95,"lower_bound":422.01544868534984,"upper_bound":422.7446994136385},"point_estimate":422.34959788348453,"standard_error":0.17130708919594437},"median_abs_dev":{"confidence_interval":{"confidence_level":0.95,"lower_bound":1.084723970247484,"upper_bound":1.6474852163893012},"point_estimate":1.4245387928102815,"standard_error":0.14778941887405414},"slope":{"confidence_interval":{"confidence_level":0.95,"lower_bound":422.3745359805418,"upper_bound":422.85655720820597},"point_estimate":422.6034687711342,"standard_error":0.12284557398391345},"std_dev":{"confidence_interval":{"confidence_level":0.95,"lower_bound":1.1227931538658134,"upper_bound":2.282286789017484},"point_estimate":1.6685769133505095,"standard_error":0.32109186720475696}}