{"mean":{"confidence_interval":{"confidence_level":0.95,"lower_bound":2406.3280103340985,"upper_bound":2416.058578952482},"point_estimate":2410.5524087851363,"standard_error":2.507279049308387},"median":{"confidence_interval":{"confidence_level":0.95,"lower_bound":2406.4678787352145,"upper_bound":2408.8916463909163},"point_estimate":2407.444618850262,"standard_error":0.5277716350662041},"median_abs_dev":{"confidence_interval":{"confidence_level":0.95,"lower_bound":3.355704739177604,"upper_bound":5.510661536455758},"point_estimate":4.291536246849628,"standard_error":0.5121721877364324},"slope":{"confidence_interval":{"confidence_level":0.95,"lower_bound":2404.9727732385954,"upper_bound":2420.9667674112197},"point_estimate":2411.598509289212,"standard_error":4.154462941774544},"std_dev":{"confidence_interval":{"confidence_level":0.95,"lower_bound":7.886165144353669,"upper_bound":37.86618611707787},"point_estimate":25.14987539396698,"standard_error":7.467537090873764}}