{"mean":{"confidence_interval":{"confidence_level":0.95,"lower_bound":2084.7649525770576,"upper_bound":2089.9920700651655},"point_estimate":2086.668408597578,"standard_error":1.51489222845041},"median":{"confidence_interval":{"confidence_level":0.95,"lower_bound":2084.491170381196,"upper_bound":2085.5483660130717},"point_estimate":2085.007501869526,"standard_error":0.27153486480597366},"median_abs_dev":{"confidence_interval":{"confidence_level":0.95,"lower_bound":1.645686412826356,"upper_bound":2.558723944289965},"point_estimate":2.093279042708548,"standard_error":0.23027530044998012},"slope":{"confidence_interval":{"confidence_level":0.95,"lower_bound":2084.3281610186727,"upper_bound":2085.254472779922},"point_estimate":2084.7713600915467,"standard_error":0.23610861974057648},"std_dev":{"confidence_interval":{"confidence_level":0.95,"lower_bound":2.231149288704043,"upper_bound":25.900021388279672},"point_estimate":15.242721260498007,"standard_error":8.277017838217477}}