{"mean":{"confidence_interval":{"confidence_level":0.95,"lower_bound":66.74012143745637,"upper_bound":66.90211653352118},"point_estimate":66.80465838080258,"standard_error":0.042515334364205036},"median":{"confidence_interval":{"confidence_level":0.95,"lower_bound":66.68989939693799,"upper_bound":66.7482711600971},"point_estimate":66.7157748725206,"standard_error":0.013431388980478184},"median_abs_dev":{"confidence_interval":{"confidence_level":0.95,"lower_bound":0.062106152588280235,"upper_bound":0.12729556535684777},"point_estimate":0.09406036353787141,"standard_error":0.01617698204870407},"slope":{"confidence_interval":{"confidence_level":0.95,"lower_bound":66.69202625014034,"upper_bound":66.77041513971771},"point_estimate":66.72438207052728,"standard_error":0.02048105160429373},"std_dev":{"confidence_interval":{"confidence_level":0.95,"lower_bound":0.14047775304831303,"upper_bound":0.6955817772679221},"point_estimate":0.42795393936215415,"standard_error":0.18063214447998674}}