{"mean":{"confidence_interval":{"confidence_level":0.95,"lower_bound":117.37123472653947,"upper_bound":117.39587507533335},"point_estimate":117.38343036935608,"standard_error":0.006269275039332989},"median":{"confidence_interval":{"confidence_level":0.95,"lower_bound":117.36742003438016,"upper_bound":117.39814105950981},"point_estimate":117.38150980974783,"standard_error":0.008373641789737022},"median_abs_dev":{"confidence_interval":{"confidence_level":0.95,"lower_bound":0.04661188115157629,"upper_bound":0.07322681420866153},"point_estimate":0.06219138878030059,"standard_error":0.006889170075142805},"slope":{"confidence_interval":{"confidence_level":0.95,"lower_bound":117.37421925837243,"upper_bound":117.40045602342937},"point_estimate":117.38737449458243,"standard_error":0.006716597542703812},"std_dev":{"confidence_interval":{"confidence_level":0.95,"lower_bound":0.05178572699811369,"upper_bound":0.07420528948301217},"point_estimate":0.06321996349062199,"standard_error":0.005743475942826525}}