{"mean":{"confidence_interval":{"confidence_level":0.95,"lower_bound":116.29583245849116,"upper_bound":116.33305074111935},"point_estimate":116.31425284898353,"standard_error":0.009480234227937406},"median":{"confidence_interval":{"confidence_level":0.95,"lower_bound":116.31595346812263,"upper_bound":116.33512620552557},"point_estimate":116.32938544908586,"standard_error":0.004945201617609491},"median_abs_dev":{"confidence_interval":{"confidence_level":0.95,"lower_bound":0.028025320209087868,"upper_bound":0.058980803304650505},"point_estimate":0.044006243631343436,"standard_error":0.008007222155018215},"slope":{"confidence_interval":{"confidence_level":0.95,"lower_bound":116.29628722954769,"upper_bound":116.3261128061884},"point_estimate":116.31190646285783,"standard_error":0.007607321099337311},"std_dev":{"confidence_interval":{"confidence_level":0.95,"lower_bound":0.07032435261286207,"upper_bound":0.11983416975007337},"point_estimate":0.09565913566601064,"standard_error":0.012693435228662595}}