{"mean":{"confidence_interval":{"confidence_level":0.95,"lower_bound":12.23108200240976,"upper_bound":12.233888579096917},"point_estimate":12.23245932036134,"standard_error":0.00071498373416306},"median":{"confidence_interval":{"confidence_level":0.95,"lower_bound":12.230955063184695,"upper_bound":12.23366646429739},"point_estimate":12.232232760201557,"standard_error":0.0006592639804105602},"median_abs_dev":{"confidence_interval":{"confidence_level":0.95,"lower_bound":0.0038199823859791007,"upper_bound":0.0060314606293890485},"point_estimate":0.004815890702847516,"standard_error":0.0005753092499504734},"slope":{"confidence_interval":{"confidence_level":0.95,"lower_bound":12.230405748104738,"upper_bound":12.2328296637559},"point_estimate":12.231608936605827,"standard_error":0.0006157972657763354},"std_dev":{"confidence_interval":{"confidence_level":0.95,"lower_bound":0.0053819722751609214,"upper_bound":0.008772048427187932},"point_estimate":0.007148363900993869,"standard_error":0.0008689864861233874}}