{"mean":{"confidence_interval":{"confidence_level":0.95,"lower_bound":12.284271627032192,"upper_bound":12.287506820677486},"point_estimate":12.285841795603083,"standard_error":0.0008238021552590609},"median":{"confidence_interval":{"confidence_level":0.95,"lower_bound":12.283618727637961,"upper_bound":12.287657168365449},"point_estimate":12.285320057023055,"standard_error":0.0010665834893576252},"median_abs_dev":{"confidence_interval":{"confidence_level":0.95,"lower_bound":0.005019641877007259,"upper_bound":0.007998596459670427},"point_estimate":0.005917473477396475,"standard_error":0.0007599563778639065},"slope":{"confidence_interval":{"confidence_level":0.95,"lower_bound":12.284022041675446,"upper_bound":12.286869878958202},"point_estimate":12.285459317848188,"standard_error":0.0007263720551484638},"std_dev":{"confidence_interval":{"confidence_level":0.95,"lower_bound":0.006215162168814931,"upper_bound":0.010584326702730277},"point_estimate":0.00828622271302132,"standard_error":0.001151379930109047}}