{"mean":{"confidence_interval":{"confidence_level":0.95,"lower_bound":12.495346604075237,"upper_bound":12.502357698398361},"point_estimate":12.498829138792091,"standard_error":0.0017938765341379934},"median":{"confidence_interval":{"confidence_level":0.95,"lower_bound":12.493197768749921,"upper_bound":12.500512955866647},"point_estimate":12.496493670019271,"standard_error":0.0018065199726100243},"median_abs_dev":{"confidence_interval":{"confidence_level":0.95,"lower_bound":0.010636604221066341,"upper_bound":0.018672032331696647},"point_estimate":0.013436855369907057,"standard_error":0.002035431814052631},"slope":{"confidence_interval":{"confidence_level":0.95,"lower_bound":12.494220575175703,"upper_bound":12.500907052051325},"point_estimate":12.497464550257714,"standard_error":0.0017073412134395926},"std_dev":{"confidence_interval":{"confidence_level":0.95,"lower_bound":0.014586505229617436,"upper_bound":0.021281422421133095},"point_estimate":0.01806104332634432,"standard_error":0.0017137967184606873}}