{"mean":{"confidence_interval":{"confidence_level":0.95,"lower_bound":4600.868497921339,"upper_bound":4601.600043238182},"point_estimate":4601.20888380486,"standard_error":0.1865629538609169},"median":{"confidence_interval":{"confidence_level":0.95,"lower_bound":4600.53280141844,"upper_bound":4601.224560901107},"point_estimate":4600.721491228071,"standard_error":0.19750364469044746},"median_abs_dev":{"confidence_interval":{"confidence_level":0.95,"lower_bound":0.9770726290217021,"upper_bound":1.732820276112735},"point_estimate":1.345600813177596,"standard_error":0.21245736667657214},"slope":{"confidence_interval":{"confidence_level":0.95,"lower_bound":4600.680935195859,"upper_bound":4601.573324707682},"point_estimate":4601.063553916337,"standard_error":0.23016882081822684},"std_dev":{"confidence_interval":{"confidence_level":0.95,"lower_bound":1.261780047411696,"upper_bound":2.550721002818166},"point_estimate":1.8761411806394066,"standard_error":0.3489486915918627}}