{"mean":{"confidence_interval":{"confidence_level":0.95,"lower_bound":4601.953375569319,"upper_bound":4603.076440359849},"point_estimate":4602.483797610776,"standard_error":0.2859549501631056},"median":{"confidence_interval":{"confidence_level":0.95,"lower_bound":4601.419412144703,"upper_bound":4602.080287524366},"point_estimate":4601.731800766283,"standard_error":0.16248049445840612},"median_abs_dev":{"confidence_interval":{"confidence_level":0.95,"lower_bound":1.1367725401754611,"upper_bound":1.906094461840686},"point_estimate":1.5703645971203244,"standard_error":0.1987964760143767},"slope":{"confidence_interval":{"confidence_level":0.95,"lower_bound":4601.393630132632,"upper_bound":4602.123639347846},"point_estimate":4601.7470454657405,"standard_error":0.18593238142457033},"std_dev":{"confidence_interval":{"confidence_level":0.95,"lower_bound":2.106462002168402,"upper_bound":3.5806069552890336},"point_estimate":2.8848926871848715,"standard_error":0.3783633624903998}}