{"mean":{"confidence_interval":{"confidence_level":0.95,"lower_bound":45.78283726140235,"upper_bound":45.80276065406083},"point_estimate":45.79296826805382,"standard_error":0.00507050692043173},"median":{"confidence_interval":{"confidence_level":0.95,"lower_bound":45.7846924850984,"upper_bound":45.7993856694877},"point_estimate":45.7952021156252,"standard_error":0.003671474846203559},"median_abs_dev":{"confidence_interval":{"confidence_level":0.95,"lower_bound":0.030962164118149352,"upper_bound":0.051385894591463185},"point_estimate":0.036368657206794754,"standard_error":0.0055768530514840545},"slope":{"confidence_interval":{"confidence_level":0.95,"lower_bound":45.785104711151085,"upper_bound":45.8017785874292},"point_estimate":45.79344010800101,"standard_error":0.004259575573624038},"std_dev":{"confidence_interval":{"confidence_level":0.95,"lower_bound":0.03787908181260263,"upper_bound":0.06467456022294435},"point_estimate":0.050918223702574816,"standard_error":0.006991017768816028}}