{"mean":{"confidence_interval":{"confidence_level":0.95,"lower_bound":45.74420978798727,"upper_bound":45.76593006765304},"point_estimate":45.75499420888221,"standard_error":0.005552024639362915},"median":{"confidence_interval":{"confidence_level":0.95,"lower_bound":45.73982720404849,"upper_bound":45.76400237713605},"point_estimate":45.752433772413454,"standard_error":0.004829475814397193},"median_abs_dev":{"confidence_interval":{"confidence_level":0.95,"lower_bound":0.040414970407442956,"upper_bound":0.06770730603475633},"point_estimate":0.05285013481820376,"standard_error":0.006501773684421554},"slope":{"confidence_interval":{"confidence_level":0.95,"lower_bound":45.751831909450644,"upper_bound":45.772887882064246},"point_estimate":45.76240980346028,"standard_error":0.005368531432826109},"std_dev":{"confidence_interval":{"confidence_level":0.95,"lower_bound":0.04755066203750517,"upper_bound":0.06295793827805171},"point_estimate":0.055649684498185616,"standard_error":0.003935666421776914}}