{"mean":{"confidence_interval":{"confidence_level":0.95,"lower_bound":45.46412649902032,"upper_bound":45.50804913653974},"point_estimate":45.48534602217543,"standard_error":0.011181998287068931},"median":{"confidence_interval":{"confidence_level":0.95,"lower_bound":45.46061833427425,"upper_bound":45.506404145125686},"point_estimate":45.48268948096905,"standard_error":0.013765403201438521},"median_abs_dev":{"confidence_interval":{"confidence_level":0.95,"lower_bound":0.07314327659861018,"upper_bound":0.11890254451885268},"point_estimate":0.10403674076926343,"standard_error":0.01169672086889539},"slope":{"confidence_interval":{"confidence_level":0.95,"lower_bound":45.47025265674337,"upper_bound":45.51009872829785},"point_estimate":45.489870192505464,"standard_error":0.010165035517775063},"std_dev":{"confidence_interval":{"confidence_level":0.95,"lower_bound":0.08453303016286547,"upper_bound":0.14464599934111194},"point_estimate":0.11229990080285374,"standard_error":0.01612846904658271}}