{"mean":{"confidence_interval":{"confidence_level":0.95,"lower_bound":45.50417988667115,"upper_bound":45.54513281566516},"point_estimate":45.52359342048422,"standard_error":0.010432767200246966},"median":{"confidence_interval":{"confidence_level":0.95,"lower_bound":45.485820207631406,"upper_bound":45.53086071879308},"point_estimate":45.502270272296634,"standard_error":0.012729171054899088},"median_abs_dev":{"confidence_interval":{"confidence_level":0.95,"lower_bound":0.06210241857180208,"upper_bound":0.09850323151776512},"point_estimate":0.07917457218606734,"standard_error":0.009677761991534374},"slope":{"confidence_interval":{"confidence_level":0.95,"lower_bound":45.49267643325114,"upper_bound":45.51693498670469},"point_estimate":45.50473083834555,"standard_error":0.006178639632806083},"std_dev":{"confidence_interval":{"confidence_level":0.95,"lower_bound":0.07597871546124566,"upper_bound":0.13526830914689686},"point_estimate":0.1044076017081371,"standard_error":0.015681177651285714}}