{"mean":{"confidence_interval":{"confidence_level":0.95,"lower_bound":6381.969545438394,"upper_bound":6382.572193595875},"point_estimate":6382.235881033307,"standard_error":0.1541622497714392},"median":{"confidence_interval":{"confidence_level":0.95,"lower_bound":6381.850613154961,"upper_bound":6382.135256410256},"point_estimate":6381.965322740322,"standard_error":0.0637453382291156},"median_abs_dev":{"confidence_interval":{"confidence_level":0.95,"lower_bound":0.47767706186293507,"upper_bound":0.9124461788415069},"point_estimate":0.6687684640245128,"standard_error":0.10451040200643211},"slope":{"confidence_interval":{"confidence_level":0.95,"lower_bound":6381.979589373444,"upper_bound":6382.56136604108},"point_estimate":6382.216520804204,"standard_error":0.15148699640154645},"std_dev":{"confidence_interval":{"confidence_level":0.95,"lower_bound":0.8197495792924234,"upper_bound":2.318940909395766},"point_estimate":1.5484369017684037,"standard_error":0.45222785786571673}}