{"mean":{"confidence_interval":{"confidence_level":0.95,"lower_bound":270.0510853793242,"upper_bound":270.7258464970957},"point_estimate":270.31459135020594,"standard_error":0.17915207667588945},"median":{"confidence_interval":{"confidence_level":0.95,"lower_bound":269.8925610754879,"upper_bound":270.27489050315137},"point_estimate":270.0456103078054,"standard_error":0.08676322516470862},"median_abs_dev":{"confidence_interval":{"confidence_level":0.95,"lower_bound":0.4902124435756239,"upper_bound":0.8163731163438323},"point_estimate":0.6589669806950317,"standard_error":0.08265887704809158},"slope":{"confidence_interval":{"confidence_level":0.95,"lower_bound":269.958781559752,"upper_bound":270.20785585418236},"point_estimate":270.07962327333985,"standard_error":0.06359356384288382},"std_dev":{"confidence_interval":{"confidence_level":0.95,"lower_bound":0.5645379200881503,"upper_bound":2.967208543106752},"point_estimate":1.8010513738932055,"standard_error":0.8112696755706267}}