{"mean":{"confidence_interval":{"confidence_level":0.95,"lower_bound":2080.9996946522365,"upper_bound":2081.520856629724},"point_estimate":2081.2645693951317,"standard_error":0.1332408229342224},"median":{"confidence_interval":{"confidence_level":0.95,"lower_bound":2081.1936129167143,"upper_bound":2081.610320373594},"point_estimate":2081.4101211727793,"standard_error":0.10789153638809519},"median_abs_dev":{"confidence_interval":{"confidence_level":0.95,"lower_bound":0.7571110848972482,"upper_bound":1.5478157788167475},"point_estimate":1.1602787602137266,"standard_error":0.20599067594958806},"slope":{"confidence_interval":{"confidence_level":0.95,"lower_bound":2081.372655007768,"upper_bound":2081.8933257604863},"point_estimate":2081.6404495631878,"standard_error":0.13241422666813557},"std_dev":{"confidence_interval":{"confidence_level":0.95,"lower_bound":1.1308520415271088,"upper_bound":1.524304263616062},"point_estimate":1.3385718613615993,"standard_error":0.10060482811824184}}