{"mean":{"confidence_interval":{"confidence_level":0.95,"lower_bound":2083.5044182961615,"upper_bound":2084.2140900581153},"point_estimate":2083.83966213019,"standard_error":0.18111080409032332},"median":{"confidence_interval":{"confidence_level":0.95,"lower_bound":2083.2074392256905,"upper_bound":2083.8847805788982},"point_estimate":2083.6360309474667,"standard_error":0.18905462866598594},"median_abs_dev":{"confidence_interval":{"confidence_level":0.95,"lower_bound":1.0591496816352717,"upper_bound":1.7380614712442417},"point_estimate":1.4187892419978858,"standard_error":0.17737174174999193},"slope":{"confidence_interval":{"confidence_level":0.95,"lower_bound":2083.367419263866,"upper_bound":2084.009750655738},"point_estimate":2083.683367522567,"standard_error":0.1637193980929853},"std_dev":{"confidence_interval":{"confidence_level":0.95,"lower_bound":1.239574702945258,"upper_bound":2.3329934807341366},"point_estimate":1.8200439101030996,"standard_error":0.2784938296730837}}