{"mean":{"confidence_interval":{"confidence_level":0.95,"lower_bound":1076985.4417543213,"upper_bound":1078448.7172714355},"point_estimate":1077550.1777953913,"standard_error":391.5377886047585},"median":{"confidence_interval":{"confidence_level":0.95,"lower_bound":1076739.055175038,"upper_bound":1077180.2435897435},"point_estimate":1076987.4484234233,"standard_error":117.52639669385005},"median_abs_dev":{"confidence_interval":{"confidence_level":0.95,"lower_bound":632.2379799903214,"upper_bound":1101.6873354023453},"point_estimate":868.2821996198052,"standard_error":123.47511244165173},"slope":{"confidence_interval":{"confidence_level":0.95,"lower_bound":1077050.1078134207,"upper_bound":1077855.4670902053},"point_estimate":1077387.4338820747,"standard_error":210.22017609846026},"std_dev":{"confidence_interval":{"confidence_level":0.95,"lower_bound":926.4950718043045,"upper_bound":6537.201014350644},"point_estimate":3943.2806679396845,"standard_error":1823.6197371082505}}