{"mean":{"confidence_interval":{"confidence_level":0.95,"lower_bound":1174313.4939945177,"upper_bound":1178418.8066851564},"point_estimate":1175846.4123661504,"standard_error":1131.9378457423866},"median":{"confidence_interval":{"confidence_level":0.95,"lower_bound":1175441.0326086956,"upper_bound":1176013.5},"point_estimate":1175719.272513607,"standard_error":151.9915665120009},"median_abs_dev":{"confidence_interval":{"confidence_level":0.95,"lower_bound":746.80765193759,"upper_bound":2136.364201164914},"point_estimate":1061.1467043388134,"standard_error":373.660329031576},"slope":{"confidence_interval":{"confidence_level":0.95,"lower_bound":1175817.4464921565,"upper_bound":1177279.3251883516},"point_estimate":1176354.4244687455,"standard_error":396.26005777131866},"std_dev":{"confidence_interval":{"confidence_level":0.95,"lower_bound":2428.887024630881,"upper_bound":19133.844241058974},"point_estimate":11368.106242028438,"standard_error":5738.059697052005}}