{"mean":{"confidence_interval":{"confidence_level":0.95,"lower_bound":1076769.729017132,"upper_bound":1077728.674715541},"point_estimate":1077141.9170766508,"standard_error":257.85325677130857},"median":{"confidence_interval":{"confidence_level":0.95,"lower_bound":1076596.111111111,"upper_bound":1076990.8866666667},"point_estimate":1076791.8666666667,"standard_error":95.2912705432471},"median_abs_dev":{"confidence_interval":{"confidence_level":0.95,"lower_bound":518.8497707658511,"upper_bound":866.2066366048356},"point_estimate":683.5175687810882,"standard_error":92.35580696302048},"slope":{"confidence_interval":{"confidence_level":0.95,"lower_bound":1076791.1755127464,"upper_bound":1077117.0689191213},"point_estimate":1076947.867601596,"standard_error":83.19741954261619},"std_dev":{"confidence_interval":{"confidence_level":0.95,"lower_bound":738.0542973198044,"upper_bound":4295.560860757783},"point_estimate":2594.274596017086,"standard_error":1200.3661854327415}}