{"mean":{"confidence_interval":{"confidence_level":0.95,"lower_bound":989342.4787577201,"upper_bound":990085.1518975612},"point_estimate":989688.8182137948,"standard_error":189.74131815840678},"median":{"confidence_interval":{"confidence_level":0.95,"lower_bound":988973.885,"upper_bound":989521.9503205128},"point_estimate":989248.8101333907,"standard_error":137.35200406254796},"median_abs_dev":{"confidence_interval":{"confidence_level":0.95,"lower_bound":748.1620115296773,"upper_bound":1274.1470509691947},"point_estimate":1000.7735359978515,"standard_error":135.95598185176559},"slope":{"confidence_interval":{"confidence_level":0.95,"lower_bound":989248.9640820631,"upper_bound":989687.4246705269},"point_estimate":989453.248807448,"standard_error":112.07662160996415},"std_dev":{"confidence_interval":{"confidence_level":0.95,"lower_bound":1208.9698389166551,"upper_bound":2487.7402262470437},"point_estimate":1905.5869272755303,"standard_error":326.49482730736554}}