{"mean":{"confidence_interval":{"confidence_level":0.95,"lower_bound":4350.300872548994,"upper_bound":4388.960823990534},"point_estimate":4366.2608058735,"standard_error":10.040439140814886},"median":{"confidence_interval":{"confidence_level":0.95,"lower_bound":4343.675135869566,"upper_bound":4347.325021666908},"point_estimate":4345.7138799444265,"standard_error":1.1440444560895255},"median_abs_dev":{"confidence_interval":{"confidence_level":0.95,"lower_bound":4.277236511337672,"upper_bound":7.492318615082996},"point_estimate":5.69526699345865,"standard_error":0.87026215112398},"slope":{"confidence_interval":{"confidence_level":0.95,"lower_bound":4349.0485758578325,"upper_bound":4374.7976101894465},"point_estimate":4359.647999498847,"standard_error":6.673551383785293},"std_dev":{"confidence_interval":{"confidence_level":0.95,"lower_bound":23.65833102498201,"upper_bound":160.95438324731109},"point_estimate":100.7642843665898,"standard_error":37.2895550483325}}