{"mean":{"confidence_interval":{"confidence_level":0.95,"lower_bound":3909.957165280766,"upper_bound":3936.2927852038893},"point_estimate":3921.5480564723425,"standard_error":6.695669747229335},"median":{"confidence_interval":{"confidence_level":0.95,"lower_bound":3907.392246642247,"upper_bound":3909.6323744006672},"point_estimate":3908.3048828743276,"standard_error":0.486225986681859},"median_abs_dev":{"confidence_interval":{"confidence_level":0.95,"lower_bound":3.3612169193549977,"upper_bound":5.231761616519427},"point_estimate":4.313287153518248,"standard_error":0.4681509181800628},"slope":{"confidence_interval":{"confidence_level":0.95,"lower_bound":3909.2260226820517,"upper_bound":3970.6631961969497},"point_estimate":3934.3671171181413,"standard_error":16.629323374763178},"std_dev":{"confidence_interval":{"confidence_level":0.95,"lower_bound":9.66949438666438,"upper_bound":99.46045962971978},"point_estimate":67.26315942423713,"standard_error":20.97592018488563}}