{"mean":{"confidence_interval":{"confidence_level":0.95,"lower_bound":5414.492960939633,"upper_bound":5446.142051266928},"point_estimate":5427.877375396836,"standard_error":8.206042351177503},"median":{"confidence_interval":{"confidence_level":0.95,"lower_bound":5409.287474558884,"upper_bound":5412.4990100578125},"point_estimate":5410.817692014301,"standard_error":0.881939558463813},"median_abs_dev":{"confidence_interval":{"confidence_level":0.95,"lower_bound":4.464633326929913,"upper_bound":7.771105574088898},"point_estimate":5.9620862806438355,"standard_error":0.844063736947417},"slope":{"confidence_interval":{"confidence_level":0.95,"lower_bound":5410.233908496579,"upper_bound":5413.832574012854},"point_estimate":5411.937942473964,"standard_error":0.9233815121224631},"std_dev":{"confidence_interval":{"confidence_level":0.95,"lower_bound":17.76622968288096,"upper_bound":125.89754137391577},"point_estimate":82.75819839580434,"standard_error":28.590844608600506}}