{"mean":{"confidence_interval":{"confidence_level":0.95,"lower_bound":4099.313263505864,"upper_bound":4133.014332588763},"point_estimate":4117.064039686166,"standard_error":8.590855686678603},"median":{"confidence_interval":{"confidence_level":0.95,"lower_bound":4152.825053584187,"upper_bound":4154.0836457714395},"point_estimate":4153.340629539952,"standard_error":0.36390810880253044},"median_abs_dev":{"confidence_interval":{"confidence_level":0.95,"lower_bound":2.153639793239554,"upper_bound":5.217158072429098},"point_estimate":3.259969196059535,"standard_error":0.7951987979134517},"slope":{"confidence_interval":{"confidence_level":0.95,"lower_bound":4093.134129236595,"upper_bound":4136.880382104077},"point_estimate":4116.319924524147,"standard_error":11.208276152369129},"std_dev":{"confidence_interval":{"confidence_level":0.95,"lower_bound":66.82922233822984,"upper_bound":101.16956737098108},"point_estimate":86.22569990311973,"standard_error":8.775956440254204}}