{"mean":{"confidence_interval":{"confidence_level":0.95,"lower_bound":4127.6468505482335,"upper_bound":4204.040472179343},"point_estimate":4165.7585112532615,"standard_error":19.492861643469215},"median":{"confidence_interval":{"confidence_level":0.95,"lower_bound":3977.354452016887,"upper_bound":4346.3762671322565},"point_estimate":4261.547515839244,"standard_error":162.23982840800545},"median_abs_dev":{"confidence_interval":{"confidence_level":0.95,"lower_bound":14.086675039805709,"upper_bound":353.543745836929},"point_estimate":350.6127804707824,"standard_error":100.77923625994833},"slope":{"confidence_interval":{"confidence_level":0.95,"lower_bound":4204.1256785815185,"upper_bound":4295.623424862186},"point_estimate":4251.764846957292,"standard_error":23.495846236281746},"std_dev":{"confidence_interval":{"confidence_level":0.95,"lower_bound":187.16842865705556,"upper_bound":203.7588062680038},"point_estimate":195.5016907546496,"standard_error":4.288856094557691}}