{"mean":{"confidence_interval":{"confidence_level":0.95,"lower_bound":178.3751850407762,"upper_bound":178.88043534583687},"point_estimate":178.56384557679215,"standard_error":0.14081316423114165},"median":{"confidence_interval":{"confidence_level":0.95,"lower_bound":178.36572654063764,"upper_bound":178.47768627402232},"point_estimate":178.43181668841777,"standard_error":0.02527906901403635},"median_abs_dev":{"confidence_interval":{"confidence_level":0.95,"lower_bound":0.23082715502111495,"upper_bound":0.3856216040560233},"point_estimate":0.31939484824572173,"standard_error":0.03969465460677083},"slope":{"confidence_interval":{"confidence_level":0.95,"lower_bound":178.411857461432,"upper_bound":178.5177050303839},"point_estimate":178.46476659333982,"standard_error":0.02688511466309979},"std_dev":{"confidence_interval":{"confidence_level":0.95,"lower_bound":0.3003476632478929,"upper_bound":2.3749191315568736},"point_estimate":1.4095575342562696,"standard_error":0.7194645543173626}}