{"mean":{"confidence_interval":{"confidence_level":0.95,"lower_bound":69.71884363330247,"upper_bound":69.88686980883982},"point_estimate":69.79505125612772,"standard_error":0.043134354128577246},"median":{"confidence_interval":{"confidence_level":0.95,"lower_bound":69.71077147016011,"upper_bound":69.82052816055285},"point_estimate":69.76886379243555,"standard_error":0.030681424621891336},"median_abs_dev":{"confidence_interval":{"confidence_level":0.95,"lower_bound":0.14693104617835295,"upper_bound":0.22965446103591602},"point_estimate":0.18091827424790924,"standard_error":0.021212840541059978},"slope":{"confidence_interval":{"confidence_level":0.95,"lower_bound":69.73026413034985,"upper_bound":69.80710790044911},"point_estimate":69.7681646370039,"standard_error":0.019594566569538546},"std_dev":{"confidence_interval":{"confidence_level":0.95,"lower_bound":0.21942311466813894,"upper_bound":0.6170980019471728},"point_estimate":0.43337415850256206,"standard_error":0.1038272137431459}}