{"mean":{"confidence_interval":{"confidence_level":0.95,"lower_bound":52.09343660282525,"upper_bound":52.35474322544751},"point_estimate":52.211693024803004,"standard_error":0.06694094085281747},"median":{"confidence_interval":{"confidence_level":0.95,"lower_bound":52.089400503974396,"upper_bound":52.19483957855567},"point_estimate":52.12690973029909,"standard_error":0.02455597602851205},"median_abs_dev":{"confidence_interval":{"confidence_level":0.95,"lower_bound":0.21010821870317092,"upper_bound":0.35939946690991004},"point_estimate":0.28988680774921954,"standard_error":0.03885579836324181},"slope":{"confidence_interval":{"confidence_level":0.95,"lower_bound":52.047451276509065,"upper_bound":52.165001284321136},"point_estimate":52.10670986876761,"standard_error":0.029869318551274664},"std_dev":{"confidence_interval":{"confidence_level":0.95,"lower_bound":0.3539602143533278,"upper_bound":0.9555269703708368},"point_estimate":0.6707951076860134,"standard_error":0.15703038314461293}}