{"mean":{"confidence_interval":{"confidence_level":0.95,"lower_bound":74.34688588234346,"upper_bound":75.37980203192058},"point_estimate":74.72228190696137,"standard_error":0.2962439446823343},"median":{"confidence_interval":{"confidence_level":0.95,"lower_bound":74.26780043735754,"upper_bound":74.37689701415769},"point_estimate":74.32444300288475,"standard_error":0.029343675069188772},"median_abs_dev":{"confidence_interval":{"confidence_level":0.95,"lower_bound":0.19996484541936407,"upper_bound":0.3596421776253577},"point_estimate":0.28478094843761376,"standard_error":0.0404688889952318},"slope":{"confidence_interval":{"confidence_level":0.95,"lower_bound":74.2937763143703,"upper_bound":74.80426459107001},"point_estimate":74.49194455586016,"standard_error":0.13478571786154867},"std_dev":{"confidence_interval":{"confidence_level":0.95,"lower_bound":0.3738964612186181,"upper_bound":5.030965728889899},"point_estimate":2.9688994467999517,"standard_error":1.5903255972566477}}