{"mean":{"confidence_interval":{"confidence_level":0.95,"lower_bound":1368932.8789072083,"upper_bound":1369141.4047940809},"point_estimate":1369032.7900940499,"standard_error":53.21797686858688},"median":{"confidence_interval":{"confidence_level":0.95,"lower_bound":1368823.7076923077,"upper_bound":1369037.0178571427},"point_estimate":1368904.0555555555,"standard_error":51.8424565116521},"median_abs_dev":{"confidence_interval":{"confidence_level":0.95,"lower_bound":295.59247446225527,"upper_bound":496.68789263469887},"point_estimate":370.46114711745696,"standard_error":49.386568124881855},"slope":{"confidence_interval":{"confidence_level":0.95,"lower_bound":1368951.5748174875,"upper_bound":1369231.414271071},"point_estimate":1369080.69300133,"standard_error":71.76392784968169},"std_dev":{"confidence_interval":{"confidence_level":0.95,"lower_bound":409.6737907628303,"upper_bound":643.2071239158795},"point_estimate":533.7649761710902,"standard_error":59.718163391762154}}