{"mean":{"confidence_interval":{"confidence_level":0.95,"lower_bound":893424.9892969467,"upper_bound":893624.8008031263},"point_estimate":893517.4072455746,"standard_error":51.32341908010615},"median":{"confidence_interval":{"confidence_level":0.95,"lower_bound":893317.2777777778,"upper_bound":893406.7},"point_estimate":893355.81375,"standard_error":25.28266420760665},"median_abs_dev":{"confidence_interval":{"confidence_level":0.95,"lower_bound":117.89290711686745,"upper_bound":235.7374731589732},"point_estimate":162.94693482111987,"standard_error":31.97119946493283},"slope":{"confidence_interval":{"confidence_level":0.95,"lower_bound":893366.4878272723,"upper_bound":893502.9636929668},"point_estimate":893428.14036944,"standard_error":34.93014620881112},"std_dev":{"confidence_interval":{"confidence_level":0.95,"lower_bound":309.19386809126206,"upper_bound":690.7411252341624},"point_estimate":517.1897594965176,"standard_error":96.98759332097293}}