{"mean":{"confidence_interval":{"confidence_level":0.95,"lower_bound":1372540.924519799,"upper_bound":1372803.511987966},"point_estimate":1372655.339307393,"standard_error":67.68520855942293},"median":{"confidence_interval":{"confidence_level":0.95,"lower_bound":1372440.9833333334,"upper_bound":1372579.6231884058},"point_estimate":1372517.3959183674,"standard_error":37.34974280232876},"median_abs_dev":{"confidence_interval":{"confidence_level":0.95,"lower_bound":174.92728899988282,"upper_bound":303.58723855061146},"point_estimate":249.29116260325895,"standard_error":33.83161767869017},"slope":{"confidence_interval":{"confidence_level":0.95,"lower_bound":1372481.3115431808,"upper_bound":1372597.2501146279},"point_estimate":1372535.1183035318,"standard_error":29.611184068811646},"std_dev":{"confidence_interval":{"confidence_level":0.95,"lower_bound":244.40945445236045,"upper_bound":1007.9655185229047},"point_estimate":679.317680532324,"standard_error":193.94868248704245}}