{"mean":{"confidence_interval":{"confidence_level":0.95,"lower_bound":1372495.819995661,"upper_bound":1372876.763699649},"point_estimate":1372661.5596613653,"standard_error":98.13461210354342},"median":{"confidence_interval":{"confidence_level":0.95,"lower_bound":1372385.5052264808,"upper_bound":1372488.2754898958},"point_estimate":1372434.2542735043,"standard_error":27.099787267278245},"median_abs_dev":{"confidence_interval":{"confidence_level":0.95,"lower_bound":195.07741076439515,"upper_bound":352.83321402591224},"point_estimate":266.5299270192358,"standard_error":39.98483714178883},"slope":{"confidence_interval":{"confidence_level":0.95,"lower_bound":1372453.3616270532,"upper_bound":1372650.238974038},"point_estimate":1372541.377195212,"standard_error":50.27167864460688},"std_dev":{"confidence_interval":{"confidence_level":0.95,"lower_bound":399.74767143374135,"upper_bound":1496.7667376359955},"point_estimate":986.6654167447223,"standard_error":290.16800274382695}}