{"mean":{"confidence_interval":{"confidence_level":0.95,"lower_bound":66.63075008326412,"upper_bound":66.83032931518242},"point_estimate":66.71257029521774,"standard_error":0.052040860983045764},"median":{"confidence_interval":{"confidence_level":0.95,"lower_bound":66.60463106902694,"upper_bound":66.66121155228335},"point_estimate":66.64586127460555,"standard_error":0.012038294975621717},"median_abs_dev":{"confidence_interval":{"confidence_level":0.95,"lower_bound":0.09918770570268239,"upper_bound":0.1620036293325154},"point_estimate":0.1314724982680228,"standard_error":0.01537156150999825},"slope":{"confidence_interval":{"confidence_level":0.95,"lower_bound":66.6278083884946,"upper_bound":66.68309790786313},"point_estimate":66.65407504297092,"standard_error":0.014150286624241169},"std_dev":{"confidence_interval":{"confidence_level":0.95,"lower_bound":0.1225848549478043,"upper_bound":0.8378104895675439},"point_estimate":0.5236021828107018,"standard_error":0.20030754147720495}}