{"mean":{"confidence_interval":{"confidence_level":0.95,"lower_bound":46.99154651630423,"upper_bound":47.4557496489396},"point_estimate":47.217888982034225,"standard_error":0.11822238896805508},"median":{"confidence_interval":{"confidence_level":0.95,"lower_bound":47.261780598140234,"upper_bound":47.53885884765989},"point_estimate":47.39334262937457,"standard_error":0.08183114937188968},"median_abs_dev":{"confidence_interval":{"confidence_level":0.95,"lower_bound":0.40389374524075006,"upper_bound":0.8354633245679984},"point_estimate":0.6328527456792765,"standard_error":0.10703533342848524},"slope":{"confidence_interval":{"confidence_level":0.95,"lower_bound":47.33700493558839,"upper_bound":47.61639374804536},"point_estimate":47.478351369184466,"standard_error":0.07141718069712102},"std_dev":{"confidence_interval":{"confidence_level":0.95,"lower_bound":0.8521481426103306,"upper_bound":1.5409769567416587},"point_estimate":1.189801912966266,"standard_error":0.17983365972399487}}