{"mean":{"confidence_interval":{"confidence_level":0.95,"lower_bound":72.64626115455088,"upper_bound":72.82125617410648},"point_estimate":72.73086659649704,"standard_error":0.044543813670018376},"median":{"confidence_interval":{"confidence_level":0.95,"lower_bound":72.6244209524389,"upper_bound":72.75518184486485},"point_estimate":72.68790051095283,"standard_error":0.03512884001347352},"median_abs_dev":{"confidence_interval":{"confidence_level":0.95,"lower_bound":0.19946809290233228,"upper_bound":0.41314138161806296},"point_estimate":0.2722042755757679,"standard_error":0.05360803683700767},"slope":{"confidence_interval":{"confidence_level":0.95,"lower_bound":72.56808092939728,"upper_bound":72.71454573015491},"point_estimate":72.64009678350222,"standard_error":0.0374310620331506},"std_dev":{"confidence_interval":{"confidence_level":0.95,"lower_bound":0.3393485371643856,"upper_bound":0.5471877537280736},"point_estimate":0.44584087745386985,"standard_error":0.053428800381827866}}