{"mean":{"confidence_interval":{"confidence_level":0.95,"lower_bound":10738.771141899075,"upper_bound":10757.273873472815},"point_estimate":10746.254571244763,"standard_error":4.861304593547054},"median":{"confidence_interval":{"confidence_level":0.95,"lower_bound":10736.030892643796,"upper_bound":10739.233534946237},"point_estimate":10737.047287058893,"standard_error":0.8125708035929278},"median_abs_dev":{"confidence_interval":{"confidence_level":0.95,"lower_bound":3.65543078747126,"upper_bound":6.674657915035675},"point_estimate":4.854199582301428,"standard_error":0.7597202702236154},"slope":{"confidence_interval":{"confidence_level":0.95,"lower_bound":10738.43059720602,"upper_bound":10762.185970758173},"point_estimate":10746.91251764175,"standard_error":6.575084508998834},"std_dev":{"confidence_interval":{"confidence_level":0.95,"lower_bound":6.428546165334944,"upper_bound":78.3373897536533},"point_estimate":48.95114744986864,"standard_error":19.475687194051062}}