{"mean":{"confidence_interval":{"confidence_level":0.95,"lower_bound":9872.298514512571,"upper_bound":9879.67720017625},"point_estimate":9875.305204565408,"standard_error":1.929265178802139},"median":{"confidence_interval":{"confidence_level":0.95,"lower_bound":9870.797808593601,"upper_bound":9873.43326026151},"point_estimate":9872.277090789248,"standard_error":0.6953110671651018},"median_abs_dev":{"confidence_interval":{"confidence_level":0.95,"lower_bound":4.1606445693741865,"upper_bound":7.238678703427395},"point_estimate":5.837857670793921,"standard_error":0.764027604764419},"slope":{"confidence_interval":{"confidence_level":0.95,"lower_bound":9872.05355310148,"upper_bound":9875.463084380852},"point_estimate":9873.713951807476,"standard_error":0.8714808781224163},"std_dev":{"confidence_interval":{"confidence_level":0.95,"lower_bound":5.813780310368409,"upper_bound":31.198509623393512},"point_estimate":19.305392290170403,"standard_error":7.613877098757504}}