{"mean":{"confidence_interval":{"confidence_level":0.95,"lower_bound":10735.146630069403,"upper_bound":10745.254482909178},"point_estimate":10739.055567558904,"standard_error":2.71517503344178},"median":{"confidence_interval":{"confidence_level":0.95,"lower_bound":10734.385373586985,"upper_bound":10736.74451007118},"point_estimate":10735.311925539725,"standard_error":0.569033804307905},"median_abs_dev":{"confidence_interval":{"confidence_level":0.95,"lower_bound":3.677758902447437,"upper_bound":6.255871909699386},"point_estimate":5.134345952989549,"standard_error":0.6390129077863024},"slope":{"confidence_interval":{"confidence_level":0.95,"lower_bound":10735.647026001223,"upper_bound":10738.107085879163},"point_estimate":10736.845223896487,"standard_error":0.6277880699608733},"std_dev":{"confidence_interval":{"confidence_level":0.95,"lower_bound":6.370753290925289,"upper_bound":45.29174807560215},"point_estimate":27.28283644360369,"standard_error":12.624525317625737}}