{"mean":{"confidence_interval":{"confidence_level":0.95,"lower_bound":10741.565310155043,"upper_bound":10749.959398630845},"point_estimate":10745.339425441103,"standard_error":2.1514444532354986},"median":{"confidence_interval":{"confidence_level":0.95,"lower_bound":10737.977822580644,"upper_bound":10741.130145214287},"point_estimate":10739.3123518059,"standard_error":0.8375363898163233},"median_abs_dev":{"confidence_interval":{"confidence_level":0.95,"lower_bound":4.38789221743603,"upper_bound":7.784272006482296},"point_estimate":5.826702642355212,"standard_error":0.932122009099427},"slope":{"confidence_interval":{"confidence_level":0.95,"lower_bound":10740.080169260145,"upper_bound":10745.74135873994},"point_estimate":10742.54109923077,"standard_error":1.4578619351795732},"std_dev":{"confidence_interval":{"confidence_level":0.95,"lower_bound":11.802795233182401,"upper_bound":30.491740006142276},"point_estimate":21.62676807433168,"standard_error":4.864933646112842}}