{"mean":{"confidence_interval":{"confidence_level":0.95,"lower_bound":9872.467240760177,"upper_bound":9898.107513466473},"point_estimate":9883.257414853833,"standard_error":6.649975329846071},"median":{"confidence_interval":{"confidence_level":0.95,"lower_bound":9867.483724747475,"upper_bound":9869.288473583552},"point_estimate":9868.325522388059,"standard_error":0.5016541894524361},"median_abs_dev":{"confidence_interval":{"confidence_level":0.95,"lower_bound":3.0706757195970025,"upper_bound":7.181152072121283},"point_estimate":4.806528579616847,"standard_error":1.1007438225055504},"slope":{"confidence_interval":{"confidence_level":0.95,"lower_bound":9869.94190836263,"upper_bound":9885.668372518867},"point_estimate":9875.803954662331,"standard_error":4.219450700408324},"std_dev":{"confidence_interval":{"confidence_level":0.95,"lower_bound":14.697878701152575,"upper_bound":105.85465243456657},"point_estimate":66.88044075467143,"standard_error":23.524937587184688}}