{"mean":{"confidence_interval":{"confidence_level":0.95,"lower_bound":14738.699919701954,"upper_bound":14743.926434478612},"point_estimate":14741.009785399823,"standard_error":1.3449288827449053},"median":{"confidence_interval":{"confidence_level":0.95,"lower_bound":14736.110832137732,"upper_bound":14739.365926157698},"point_estimate":14738.079718137255,"standard_error":0.7627276319899041},"median_abs_dev":{"confidence_interval":{"confidence_level":0.95,"lower_bound":4.29565308051218,"upper_bound":6.817146117790247},"point_estimate":5.834906839134671,"standard_error":0.6466172268450857},"slope":{"confidence_interval":{"confidence_level":0.95,"lower_bound":14737.403936356666,"upper_bound":14741.6415158931},"point_estimate":14739.281804475004,"standard_error":1.0882531481650193},"std_dev":{"confidence_interval":{"confidence_level":0.95,"lower_bound":6.417324498037549,"upper_bound":20.212780638254202},"point_estimate":13.570201623043102,"standard_error":3.7557294109246877}}