{"mean":{"confidence_interval":{"confidence_level":0.95,"lower_bound":14702.01590043029,"upper_bound":14705.224391158217},"point_estimate":14703.454061419317,"standard_error":0.8212258443257529},"median":{"confidence_interval":{"confidence_level":0.95,"lower_bound":14700.789641943735,"upper_bound":14703.185294117648},"point_estimate":14701.96362699589,"standard_error":0.5546037957802403},"median_abs_dev":{"confidence_interval":{"confidence_level":0.95,"lower_bound":3.2658180874453997,"upper_bound":5.024166592184279},"point_estimate":4.294141100233328,"standard_error":0.4605300100493552},"slope":{"confidence_interval":{"confidence_level":0.95,"lower_bound":14699.822470149653,"upper_bound":14702.029598067835},"point_estimate":14700.78493619555,"standard_error":0.564862240655953},"std_dev":{"confidence_interval":{"confidence_level":0.95,"lower_bound":4.040746722525286,"upper_bound":11.971132888551551},"point_estimate":8.255008276068605,"standard_error":2.0574375340485958}}