{"mean":{"confidence_interval":{"confidence_level":0.95,"lower_bound":15433.72780729567,"upper_bound":15442.81253663903},"point_estimate":15438.193045266053,"standard_error":2.323549592974016},"median":{"confidence_interval":{"confidence_level":0.95,"lower_bound":15429.940792540792,"upper_bound":15441.498340874812},"point_estimate":15436.398507048507,"standard_error":3.522425844820039},"median_abs_dev":{"confidence_interval":{"confidence_level":0.95,"lower_bound":18.96233236188081,"upper_bound":30.11671283776723},"point_estimate":24.954840233536512,"standard_error":2.8327626751849024},"slope":{"confidence_interval":{"confidence_level":0.95,"lower_bound":15429.781162658108,"upper_bound":15437.47121318092},"point_estimate":15433.73175928431,"standard_error":1.9654713237656507},"std_dev":{"confidence_interval":{"confidence_level":0.95,"lower_bound":19.673063880867243,"upper_bound":26.863253090974215},"point_estimate":23.248020581300413,"standard_error":1.8481164705090125}}