{"mean":{"confidence_interval":{"confidence_level":0.95,"lower_bound":6190.148040073056,"upper_bound":6214.633391656863},"point_estimate":6198.85442824143,"standard_error":7.333716624197749},"median":{"confidence_interval":{"confidence_level":0.95,"lower_bound":6187.855248161764,"upper_bound":6191.253891946382},"point_estimate":6189.730976486944,"standard_error":0.7751406826360314},"median_abs_dev":{"confidence_interval":{"confidence_level":0.95,"lower_bound":5.000398913256734,"upper_bound":9.28307577012932},"point_estimate":6.787468592973038,"standard_error":1.072181118046442},"slope":{"confidence_interval":{"confidence_level":0.95,"lower_bound":6190.002329948291,"upper_bound":6194.609133638024},"point_estimate":6192.165524586228,"standard_error":1.1769822494089526},"std_dev":{"confidence_interval":{"confidence_level":0.95,"lower_bound":7.987669253105271,"upper_bound":125.67254260187548},"point_estimate":73.64167967254171,"standard_error":41.76534005898008}}