{"mean":{"confidence_interval":{"confidence_level":0.95,"lower_bound":13582.28833280027,"upper_bound":13686.541412467417},"point_estimate":13622.878247306257,"standard_error":27.73880956892377},"median":{"confidence_interval":{"confidence_level":0.95,"lower_bound":13569.524200913242,"upper_bound":13577.382293252156},"point_estimate":13572.230628552792,"standard_error":1.5729653145272884},"median_abs_dev":{"confidence_interval":{"confidence_level":0.95,"lower_bound":11.78358863519687,"upper_bound":20.950089410773664},"point_estimate":15.30308319915769,"standard_error":2.4386121939552052},"slope":{"confidence_interval":{"confidence_level":0.95,"lower_bound":13576.670811661541,"upper_bound":13607.820976111825},"point_estimate":13590.14578678559,"standard_error":8.04042189108021},"std_dev":{"confidence_interval":{"confidence_level":0.95,"lower_bound":54.50273678020411,"upper_bound":462.8364894356045},"point_estimate":280.3163638881077,"standard_error":125.58918442349396}}