{"mean":{"confidence_interval":{"confidence_level":0.95,"lower_bound":15139.329141565322,"upper_bound":15188.133735264188},"point_estimate":15161.492837815427,"standard_error":12.49072192510455},"median":{"confidence_interval":{"confidence_level":0.95,"lower_bound":15126.708673403291,"upper_bound":15170.358585858587},"point_estimate":15154.496280991736,"standard_error":11.168975221427786},"median_abs_dev":{"confidence_interval":{"confidence_level":0.95,"lower_bound":54.080366046171086,"upper_bound":89.71954278046645},"point_estimate":64.80476922557877,"standard_error":9.437144867309291},"slope":{"confidence_interval":{"confidence_level":0.95,"lower_bound":15147.69053049248,"upper_bound":15179.914193100962},"point_estimate":15163.971850334287,"standard_error":8.262623727537886},"std_dev":{"confidence_interval":{"confidence_level":0.95,"lower_bound":67.54088488997577,"upper_bound":180.5693535682803},"point_estimate":125.44827511219947,"standard_error":30.113672088436935}}