{"mean":{"confidence_interval":{"confidence_level":0.95,"lower_bound":15249.63609278728,"upper_bound":15311.710502716727},"point_estimate":15273.567356806465,"standard_error":16.58075779139559},"median":{"confidence_interval":{"confidence_level":0.95,"lower_bound":15236.293872229466,"upper_bound":15264.563782051282},"point_estimate":15247.614259410802,"standard_error":7.203214237871021},"median_abs_dev":{"confidence_interval":{"confidence_level":0.95,"lower_bound":42.24547095420131,"upper_bound":69.58363238778982},"point_estimate":57.813669178730244,"standard_error":6.8033788923853535},"slope":{"confidence_interval":{"confidence_level":0.95,"lower_bound":15248.340117059068,"upper_bound":15274.00634068974},"point_estimate":15260.712992372486,"standard_error":6.559031233026677},"std_dev":{"confidence_interval":{"confidence_level":0.95,"lower_bound":50.25672748828881,"upper_bound":275.3886891822209},"point_estimate":166.40446681387988,"standard_error":76.8844111015489}}