{"mean":{"confidence_interval":{"confidence_level":0.95,"lower_bound":885.4275620664295,"upper_bound":888.2475616583013},"point_estimate":886.7295371034145,"standard_error":0.722321110063555},"median":{"confidence_interval":{"confidence_level":0.95,"lower_bound":883.659294512878,"upper_bound":884.2140957446809},"point_estimate":883.9970583494519,"standard_error":0.14147147499521467},"median_abs_dev":{"confidence_interval":{"confidence_level":0.95,"lower_bound":0.9156126402246966,"upper_bound":1.7730197888293842},"point_estimate":1.2743874451377166,"standard_error":0.21130121665432725},"slope":{"confidence_interval":{"confidence_level":0.95,"lower_bound":887.2501880309212,"upper_bound":891.1075085272195},"point_estimate":889.2673474841927,"standard_error":0.9835855203640876},"std_dev":{"confidence_interval":{"confidence_level":0.95,"lower_bound":4.8659935439798065,"upper_bound":9.855424018690998},"point_estimate":7.265457442554417,"standard_error":1.3900798583148}}