{"mean":{"confidence_interval":{"confidence_level":0.95,"lower_bound":787.4029689396131,"upper_bound":790.4524667393451},"point_estimate":788.8279142487729,"standard_error":0.7787961584254894},"median":{"confidence_interval":{"confidence_level":0.95,"lower_bound":784.6288265306123,"upper_bound":786.5168291823309},"point_estimate":785.2412603930461,"standard_error":0.40167877739811236},"median_abs_dev":{"confidence_interval":{"confidence_level":0.95,"lower_bound":1.9276757662707242,"upper_bound":4.672220169216326},"point_estimate":2.6897080536866103,"standard_error":0.7228463253842222},"slope":{"confidence_interval":{"confidence_level":0.95,"lower_bound":790.7720936549881,"upper_bound":793.9304398465571},"point_estimate":792.4802784059723,"standard_error":0.8051197781087748},"std_dev":{"confidence_interval":{"confidence_level":0.95,"lower_bound":5.731702668300316,"upper_bound":10.337576290929759},"point_estimate":7.831680841043245,"standard_error":1.3329712005153094}}