{"mean":{"confidence_interval":{"confidence_level":0.95,"lower_bound":3875.654903832016,"upper_bound":3880.799568763577},"point_estimate":3877.9869732890756,"standard_error":1.3160074272288467},"median":{"confidence_interval":{"confidence_level":0.95,"lower_bound":3875.5485653462774,"upper_bound":3878.707689144737},"point_estimate":3877.4882114955353,"standard_error":0.7665376523494011},"median_abs_dev":{"confidence_interval":{"confidence_level":0.95,"lower_bound":4.653291421293235,"upper_bound":8.377915206472125},"point_estimate":6.2629521061388385,"standard_error":0.9201482079118611},"slope":{"confidence_interval":{"confidence_level":0.95,"lower_bound":3876.294355468362,"upper_bound":3879.0151807612715},"point_estimate":3877.680664576252,"standard_error":0.6934919896714129},"std_dev":{"confidence_interval":{"confidence_level":0.95,"lower_bound":6.6990721634789345,"upper_bound":18.784603789944974},"point_estimate":13.18660364002816,"standard_error":3.227328543003289}}