{"mean":{"confidence_interval":{"confidence_level":0.95,"lower_bound":3917.352483918282,"upper_bound":3919.775057613977},"point_estimate":3918.733990576563,"standard_error":0.6251068783700686},"median":{"confidence_interval":{"confidence_level":0.95,"lower_bound":3918.77912113462,"upper_bound":3919.5969289577697},"point_estimate":3919.0535703427004,"standard_error":0.20247153034319262},"median_abs_dev":{"confidence_interval":{"confidence_level":0.95,"lower_bound":1.3429658349431481,"upper_bound":2.216492044237739},"point_estimate":1.871614526641601,"standard_error":0.22341161240589014},"slope":{"confidence_interval":{"confidence_level":0.95,"lower_bound":3918.728624394868,"upper_bound":3919.398257628727},"point_estimate":3919.062621393872,"standard_error":0.17074450678426029},"std_dev":{"confidence_interval":{"confidence_level":0.95,"lower_bound":1.7930216948653102,"upper_bound":9.994164679029986},"point_estimate":6.285109369871714,"standard_error":2.219544348160207}}