{"mean":{"confidence_interval":{"confidence_level":0.95,"lower_bound":51.0555893599875,"upper_bound":51.213458110115134},"point_estimate":51.12638476951756,"standard_error":0.040368748249429494},"median":{"confidence_interval":{"confidence_level":0.95,"lower_bound":51.03350815650579,"upper_bound":51.08128079579425},"point_estimate":51.059010239494214,"standard_error":0.012000491917559237},"median_abs_dev":{"confidence_interval":{"confidence_level":0.95,"lower_bound":0.09692947838127317,"upper_bound":0.17710634323932503},"point_estimate":0.1341488271949536,"standard_error":0.020622859444967546},"slope":{"confidence_interval":{"confidence_level":0.95,"lower_bound":51.03672371971219,"upper_bound":51.179180598070594},"point_estimate":51.0920438216612,"standard_error":0.03778330494405027},"std_dev":{"confidence_interval":{"confidence_level":0.95,"lower_bound":0.18662668367255061,"upper_bound":0.5633812816756539},"point_estimate":0.40475945146406345,"standard_error":0.09339425267749142}}