{"mean":{"confidence_interval":{"confidence_level":0.95,"lower_bound":14576.074430813835,"upper_bound":14582.722558287185},"point_estimate":14578.928091380245,"standard_error":1.7257141209619382},"median":{"confidence_interval":{"confidence_level":0.95,"lower_bound":14574.188608776843,"upper_bound":14576.914009699623},"point_estimate":14575.38878393665,"standard_error":0.7038015766793336},"median_abs_dev":{"confidence_interval":{"confidence_level":0.95,"lower_bound":3.421310605774,"upper_bound":5.84112885900056},"point_estimate":4.668256304466453,"standard_error":0.649481451483987},"slope":{"confidence_interval":{"confidence_level":0.95,"lower_bound":14574.297670297265,"upper_bound":14576.60373398876},"point_estimate":14575.353255721973,"standard_error":0.5873493117013496},"std_dev":{"confidence_interval":{"confidence_level":0.95,"lower_bound":4.734534098711297,"upper_bound":26.922478753146667},"point_estimate":17.35596181249241,"standard_error":5.637402205982762}}