{"mean":{"confidence_interval":{"confidence_level":0.95,"lower_bound":14530.927955779425,"upper_bound":14533.368337352913},"point_estimate":14531.994506814792,"standard_error":0.6295860866072769},"median":{"confidence_interval":{"confidence_level":0.95,"lower_bound":14529.802330793365,"upper_bound":14531.854930377947},"point_estimate":14530.556948692385,"standard_error":0.5219798340805131},"median_abs_dev":{"confidence_interval":{"confidence_level":0.95,"lower_bound":2.6907061167153765,"upper_bound":4.515987989869138},"point_estimate":3.657603308630154,"standard_error":0.47495237621479397},"slope":{"confidence_interval":{"confidence_level":0.95,"lower_bound":14530.205277067107,"upper_bound":14532.020247271363},"point_estimate":14531.081543466482,"standard_error":0.4650171064373816},"std_dev":{"confidence_interval":{"confidence_level":0.95,"lower_bound":3.2833637914315315,"upper_bound":9.659569613331275},"point_estimate":6.345398100570922,"standard_error":2.0112038819268796}}