{"mean":{"confidence_interval":{"confidence_level":0.95,"lower_bound":120.36871157281564,"upper_bound":120.58368194747747},"point_estimate":120.46350612871667,"standard_error":0.055087637326947825},"median":{"confidence_interval":{"confidence_level":0.95,"lower_bound":120.31550930996714,"upper_bound":120.41594378877443},"point_estimate":120.37199450575088,"standard_error":0.025851359068692008},"median_abs_dev":{"confidence_interval":{"confidence_level":0.95,"lower_bound":0.1701032164979094,"upper_bound":0.31683181911720976},"point_estimate":0.23580903642042056,"standard_error":0.03829836820114003},"slope":{"confidence_interval":{"confidence_level":0.95,"lower_bound":120.3506910218783,"upper_bound":120.52842895847503},"point_estimate":120.42731212484672,"standard_error":0.04577619490172656},"std_dev":{"confidence_interval":{"confidence_level":0.95,"lower_bound":0.28027640604623766,"upper_bound":0.8260845312109731},"point_estimate":0.5517028066937775,"standard_error":0.15538611196045746}}