{"mean":{"confidence_interval":{"confidence_level":0.95,"lower_bound":113.85302699845798,"upper_bound":114.45048421085009},"point_estimate":114.07327029660998,"standard_error":0.16701310831593522},"median":{"confidence_interval":{"confidence_level":0.95,"lower_bound":113.74691092062437,"upper_bound":113.87571000097901},"point_estimate":113.78445590129817,"standard_error":0.033337411417637575},"median_abs_dev":{"confidence_interval":{"confidence_level":0.95,"lower_bound":0.166434784045378,"upper_bound":0.32042351613197995},"point_estimate":0.24196859249177782,"standard_error":0.04052336433915454},"slope":{"confidence_interval":{"confidence_level":0.95,"lower_bound":113.86843123675825,"upper_bound":115.13423707339457},"point_estimate":114.299140327177,"standard_error":0.36273950826561974},"std_dev":{"confidence_interval":{"confidence_level":0.95,"lower_bound":0.2712780414902112,"upper_bound":2.834556830956621},"point_estimate":1.6798440064844546,"standard_error":0.867120021394779}}