{"mean":{"confidence_interval":{"confidence_level":0.95,"lower_bound":113.71530777894375,"upper_bound":113.91834694916112},"point_estimate":113.80598203655018,"standard_error":0.05199342124448163},"median":{"confidence_interval":{"confidence_level":0.95,"lower_bound":113.67911819863892,"upper_bound":113.80827311420893},"point_estimate":113.77091960329068,"standard_error":0.03737462876334802},"median_abs_dev":{"confidence_interval":{"confidence_level":0.95,"lower_bound":0.17588812479637564,"upper_bound":0.2699318667240107},"point_estimate":0.2245192775151119,"standard_error":0.02461764196033436},"slope":{"confidence_interval":{"confidence_level":0.95,"lower_bound":113.7339718609882,"upper_bound":113.84719861131202},"point_estimate":113.78837094696179,"standard_error":0.028950252843156887},"std_dev":{"confidence_interval":{"confidence_level":0.95,"lower_bound":0.25193560182876135,"upper_bound":0.7929758892259474},"point_estimate":0.5237582224024443,"standard_error":0.1548634309124502}}