{"mean":{"confidence_interval":{"confidence_level":0.95,"lower_bound":187467.585753636,"upper_bound":188359.99143281882},"point_estimate":187797.46877882243,"standard_error":244.059441373282},"median":{"confidence_interval":{"confidence_level":0.95,"lower_bound":187361.3777880754,"upper_bound":187488.80516431926},"point_estimate":187423.61761504976,"standard_error":29.99059468869106},"median_abs_dev":{"confidence_interval":{"confidence_level":0.95,"lower_bound":151.71267069546747,"upper_bound":255.99729880993237},"point_estimate":199.00126597416133,"standard_error":26.747593933201504},"slope":{"confidence_interval":{"confidence_level":0.95,"lower_bound":187455.8199406052,"upper_bound":187582.2765748716},"point_estimate":187511.6477109502,"standard_error":32.35644579696903},"std_dev":{"confidence_interval":{"confidence_level":0.95,"lower_bound":308.6316754670025,"upper_bound":4114.641293597386},"point_estimate":2448.939517921198,"standard_error":1224.2751864618403}}