{"mean":{"confidence_interval":{"confidence_level":0.95,"lower_bound":223288.6308798732,"upper_bound":223723.70389406354},"point_estimate":223471.750190342,"standard_error":113.24318648733747},"median":{"confidence_interval":{"confidence_level":0.95,"lower_bound":223162.75507172133,"upper_bound":223301.17386121754},"point_estimate":223222.1132183908,"standard_error":39.482558465274586},"median_abs_dev":{"confidence_interval":{"confidence_level":0.95,"lower_bound":192.2247491576693,"upper_bound":357.0360695286075},"point_estimate":280.1101790655038,"standard_error":40.78254774132125},"slope":{"confidence_interval":{"confidence_level":0.95,"lower_bound":223315.8878116688,"upper_bound":223683.57797285687},"point_estimate":223474.3904217526,"standard_error":95.12747155451224},"std_dev":{"confidence_interval":{"confidence_level":0.95,"lower_bound":371.22220587565994,"upper_bound":1794.450038514663},"point_estimate":1138.9245694896722,"standard_error":402.13937381035714}}