{"mean":{"confidence_interval":{"confidence_level":0.95,"lower_bound":229873.78549808447,"upper_bound":232633.02803897552},"point_estimate":231248.3567793731,"standard_error":702.8055220559849},"median":{"confidence_interval":{"confidence_level":0.95,"lower_bound":224297.81935483872,"upper_bound":236567.29052287582},"point_estimate":236431.80190476193,"standard_error":3931.7496431636455},"median_abs_dev":{"confidence_interval":{"confidence_level":0.95,"lower_bound":1125.254479866662,"upper_bound":14493.561885718136},"point_estimate":4360.538675584913,"standard_error":3626.84217361771},"slope":{"confidence_interval":{"confidence_level":0.95,"lower_bound":225332.95750989427,"upper_bound":227648.84819938813},"point_estimate":226329.22063484558,"standard_error":594.5975344196931},"std_dev":{"confidence_interval":{"confidence_level":0.95,"lower_bound":6528.5341163123085,"upper_bound":7640.616592220023},"point_estimate":7064.965896687978,"standard_error":289.7909052451252}}