{"mean":{"confidence_interval":{"confidence_level":0.95,"lower_bound":7316.399898040887,"upper_bound":7357.576229973287},"point_estimate":7338.434319684707,"standard_error":10.511946573042312},"median":{"confidence_interval":{"confidence_level":0.95,"lower_bound":7352.051011029412,"upper_bound":7364.798972547484},"point_estimate":7355.899607843137,"standard_error":3.619205903405013},"median_abs_dev":{"confidence_interval":{"confidence_level":0.95,"lower_bound":38.27960483510741,"upper_bound":72.8230449690561},"point_estimate":55.92324093815933,"standard_error":8.936226045933168},"slope":{"confidence_interval":{"confidence_level":0.95,"lower_bound":7341.801852871278,"upper_bound":7373.137742208813},"point_estimate":7358.730047679483,"standard_error":7.976480382786007},"std_dev":{"confidence_interval":{"confidence_level":0.95,"lower_bound":66.46797747835332,"upper_bound":140.21887014546795},"point_estimate":105.59531520260198,"standard_error":18.925685999101752}}