{"mean":{"confidence_interval":{"confidence_level":0.95,"lower_bound":125.43946287892207,"upper_bound":125.91680899329798},"point_estimate":125.61547847175262,"standard_error":0.1351582026907073},"median":{"confidence_interval":{"confidence_level":0.95,"lower_bound":125.38632277510749,"upper_bound":125.53553392894142},"point_estimate":125.4610046026435,"standard_error":0.03051789627595786},"median_abs_dev":{"confidence_interval":{"confidence_level":0.95,"lower_bound":0.19202608457223752,"upper_bound":0.2863473042686936},"point_estimate":0.23843724060015944,"standard_error":0.024048834604823037},"slope":{"confidence_interval":{"confidence_level":0.95,"lower_bound":125.41730551002544,"upper_bound":125.51576396727451},"point_estimate":125.46467700551358,"standard_error":0.025054876041811135},"std_dev":{"confidence_interval":{"confidence_level":0.95,"lower_bound":0.23097515019159115,"upper_bound":2.293528529299559},"point_estimate":1.356650661117893,"standard_error":0.7109252107392123}}