{"mean":{"confidence_interval":{"confidence_level":0.95,"lower_bound":9.422908415265757,"upper_bound":9.447915208572297},"point_estimate":9.43371302803455,"standard_error":0.006442434073268182},"median":{"confidence_interval":{"confidence_level":0.95,"lower_bound":9.41793622300766,"upper_bound":9.427505668571438},"point_estimate":9.422951368726554,"standard_error":0.0023465222483816635},"median_abs_dev":{"confidence_interval":{"confidence_level":0.95,"lower_bound":0.01786075771065217,"upper_bound":0.03217353708371087},"point_estimate":0.024388372037176156,"standard_error":0.0036019552657089713},"slope":{"confidence_interval":{"confidence_level":0.95,"lower_bound":9.418386760395165,"upper_bound":9.436283261784657},"point_estimate":9.426050288977036,"standard_error":0.004606468426013213},"std_dev":{"confidence_interval":{"confidence_level":0.95,"lower_bound":0.02989757828198312,"upper_bound":0.09935836956061819},"point_estimate":0.06476755301138364,"standard_error":0.020722843955611303}}