{"mean":{"confidence_interval":{"confidence_level":0.95,"lower_bound":6.9881306571185595,"upper_bound":7.023887171268345},"point_estimate":7.002273983688939,"standard_error":0.009468107490882076},"median":{"confidence_interval":{"confidence_level":0.95,"lower_bound":6.9821028770737055,"upper_bound":6.994236869870628},"point_estimate":6.988689253014778,"standard_error":0.0032837650559372398},"median_abs_dev":{"confidence_interval":{"confidence_level":0.95,"lower_bound":0.019367293493695346,"upper_bound":0.03363250509365596},"point_estimate":0.025116960231303574,"standard_error":0.003591332618067711},"slope":{"confidence_interval":{"confidence_level":0.95,"lower_bound":6.985731355800756,"upper_bound":7.002575388726211},"point_estimate":6.99352907080346,"standard_error":0.00430718235952146},"std_dev":{"confidence_interval":{"confidence_level":0.95,"lower_bound":0.02711479387457159,"upper_bound":0.15607425927707033},"point_estimate":0.09529763673869542,"standard_error":0.041337593547320445}}