{"mean":{"confidence_interval":{"confidence_level":0.95,"lower_bound":919.8553068391681,"upper_bound":920.0196260032967},"point_estimate":919.9320145808317,"standard_error":0.04203547779425342},"median":{"confidence_interval":{"confidence_level":0.95,"lower_bound":919.8347286271633,"upper_bound":919.9333797585887},"point_estimate":919.8829843146971,"standard_error":0.022980645851507452},"median_abs_dev":{"confidence_interval":{"confidence_level":0.95,"lower_bound":0.18596435650684778,"upper_bound":0.3808133636275377},"point_estimate":0.21649169261555654,"standard_error":0.04733595826879205},"slope":{"confidence_interval":{"confidence_level":0.95,"lower_bound":919.8128219534672,"upper_bound":919.9097386093484},"point_estimate":919.8605148586201,"standard_error":0.024749610175430727},"std_dev":{"confidence_interval":{"confidence_level":0.95,"lower_bound":0.277780462268136,"upper_bound":0.581142784116609},"point_estimate":0.42233100490442166,"standard_error":0.08407972784629467}}