{"mean":{"confidence_interval":{"confidence_level":0.95,"lower_bound":934.4689326487329,"upper_bound":934.7660758537284},"point_estimate":934.6185873361308,"standard_error":0.07549667389768673},"median":{"confidence_interval":{"confidence_level":0.95,"lower_bound":934.4638816926822,"upper_bound":934.7933962325898},"point_estimate":934.6141310304014,"standard_error":0.08690294523520621},"median_abs_dev":{"confidence_interval":{"confidence_level":0.95,"lower_bound":0.45373635202920654,"upper_bound":0.769320462064376},"point_estimate":0.6131359064908978,"standard_error":0.07712965724301234},"slope":{"confidence_interval":{"confidence_level":0.95,"lower_bound":934.4970184208146,"upper_bound":934.700290672687},"point_estimate":934.5981827204623,"standard_error":0.051779900769697726},"std_dev":{"confidence_interval":{"confidence_level":0.95,"lower_bound":0.6252446327788168,"upper_bound":0.8862559356180604},"point_estimate":0.7600423183050424,"standard_error":0.06682265841957948}}