{"mean":{"confidence_interval":{"confidence_level":0.95,"lower_bound":921.8511984355615,"upper_bound":922.0440326708083},"point_estimate":921.9462631979814,"standard_error":0.0491564378436467},"median":{"confidence_interval":{"confidence_level":0.95,"lower_bound":921.727186502508,"upper_bound":921.9831053525286},"point_estimate":921.818023255814,"standard_error":0.06434196018771143},"median_abs_dev":{"confidence_interval":{"confidence_level":0.95,"lower_bound":0.34325354841071193,"upper_bound":0.5917144014397213},"point_estimate":0.43324646085581237,"standard_error":0.06288035457487783},"slope":{"confidence_interval":{"confidence_level":0.95,"lower_bound":921.8709603642793,"upper_bound":922.1212194737345},"point_estimate":921.9910799564233,"standard_error":0.06404239377576203},"std_dev":{"confidence_interval":{"confidence_level":0.95,"lower_bound":0.4250184996950117,"upper_bound":0.5511474960943228},"point_estimate":0.4930123112178809,"standard_error":0.03217117422399186}}