{"mean":{"confidence_interval":{"confidence_level":0.95,"lower_bound":280.0043431182826,"upper_bound":281.22160721119667},"point_estimate":280.4925614314938,"standard_error":0.3190993622649105},"median":{"confidence_interval":{"confidence_level":0.95,"lower_bound":279.9136175392614,"upper_bound":280.0238072950794},"point_estimate":279.9731569932927,"standard_error":0.02741917349885908},"median_abs_dev":{"confidence_interval":{"confidence_level":0.95,"lower_bound":0.22417939122195715,"upper_bound":0.3656755828957055},"point_estimate":0.3100950022741097,"standard_error":0.034938140786619075},"slope":{"confidence_interval":{"confidence_level":0.95,"lower_bound":280.013434396261,"upper_bound":280.6664398883971},"point_estimate":280.27405940179074,"standard_error":0.17247849938002205},"std_dev":{"confidence_interval":{"confidence_level":0.95,"lower_bound":0.4114086793901354,"upper_bound":5.232767414408277},"point_estimate":3.2039412819644184,"standard_error":1.3312350183843482}}