{"mean":{"confidence_interval":{"confidence_level":0.95,"lower_bound":236.89889754839254,"upper_bound":237.87365426494534},"point_estimate":237.26642912229886,"standard_error":0.26640556956278716},"median":{"confidence_interval":{"confidence_level":0.95,"lower_bound":236.7496546459212,"upper_bound":236.8762022021026},"point_estimate":236.83305739628992,"standard_error":0.03201274843238675},"median_abs_dev":{"confidence_interval":{"confidence_level":0.95,"lower_bound":0.18780347081779006,"upper_bound":0.36816700704931427},"point_estimate":0.25324680502627056,"standard_error":0.04437344469218403},"slope":{"confidence_interval":{"confidence_level":0.95,"lower_bound":236.80811362878487,"upper_bound":237.1090115195321},"point_estimate":236.9277843577039,"standard_error":0.07908054653931237},"std_dev":{"confidence_interval":{"confidence_level":0.95,"lower_bound":0.5215530842898388,"upper_bound":4.480894368164625},"point_estimate":2.6796810528070423,"standard_error":1.3115817023976697}}