{"mean":{"confidence_interval":{"confidence_level":0.95,"lower_bound":242.8980159525587,"upper_bound":243.48099150316014},"point_estimate":243.13538413056983,"standard_error":0.15209385083652674},"median":{"confidence_interval":{"confidence_level":0.95,"lower_bound":242.75311969377688,"upper_bound":242.84187964325287},"point_estimate":242.80515924324163,"standard_error":0.02477857400847451},"median_abs_dev":{"confidence_interval":{"confidence_level":0.95,"lower_bound":0.14322468357790583,"upper_bound":0.2975205939186747},"point_estimate":0.2124885825026047,"standard_error":0.03875087800763964},"slope":{"confidence_interval":{"confidence_level":0.95,"lower_bound":242.78232095770085,"upper_bound":243.0738445484997},"point_estimate":242.89518839624515,"standard_error":0.07677303404483454},"std_dev":{"confidence_interval":{"confidence_level":0.95,"lower_bound":0.4526146385103281,"upper_bound":2.457647245690354},"point_estimate":1.526099103729806,"standard_error":0.5999706804685341}}