{"mean":{"confidence_interval":{"confidence_level":0.95,"lower_bound":245.89207718895386,"upper_bound":246.1686281196637},"point_estimate":246.00287790157034,"standard_error":0.07254973679579521},"median":{"confidence_interval":{"confidence_level":0.95,"lower_bound":245.81301983835417,"upper_bound":245.9371596552389},"point_estimate":245.87631095309413,"standard_error":0.026995037630183755},"median_abs_dev":{"confidence_interval":{"confidence_level":0.95,"lower_bound":0.16127219433327952,"upper_bound":0.2712577057844777},"point_estimate":0.2136589793540354,"standard_error":0.029174809601774623},"slope":{"confidence_interval":{"confidence_level":0.95,"lower_bound":245.90257479461303,"upper_bound":246.0207500472522},"point_estimate":245.95954462343929,"standard_error":0.030181534047010947},"std_dev":{"confidence_interval":{"confidence_level":0.95,"lower_bound":0.24304925865616983,"upper_bound":1.18194151854041},"point_estimate":0.7283377316661235,"standard_error":0.3021935682603346}}