{"mean":{"confidence_interval":{"confidence_level":0.95,"lower_bound":918.7547123319561,"upper_bound":918.9255973739733},"point_estimate":918.8340520626733,"standard_error":0.04366459871105209},"median":{"confidence_interval":{"confidence_level":0.95,"lower_bound":918.7011711180386,"upper_bound":918.811582632158},"point_estimate":918.7600060072997,"standard_error":0.027894920054491228},"median_abs_dev":{"confidence_interval":{"confidence_level":0.95,"lower_bound":0.16458057881049348,"upper_bound":0.2977517132045309},"point_estimate":0.23124698883359804,"standard_error":0.03544934211559582},"slope":{"confidence_interval":{"confidence_level":0.95,"lower_bound":918.7729295397273,"upper_bound":918.8591456945587},"point_estimate":918.8156202269834,"standard_error":0.022067685508734874},"std_dev":{"confidence_interval":{"confidence_level":0.95,"lower_bound":0.27994514785065655,"upper_bound":0.5919326449127988},"point_estimate":0.4380784995181921,"standard_error":0.08127712677526192}}