{"mean":{"confidence_interval":{"confidence_level":0.95,"lower_bound":914.890111686988,"upper_bound":915.0488350709901},"point_estimate":914.9603417469788,"standard_error":0.040848372184125875},"median":{"confidence_interval":{"confidence_level":0.95,"lower_bound":914.8325538727202,"upper_bound":914.9186323064439},"point_estimate":914.8976449711192,"standard_error":0.02199578294494322},"median_abs_dev":{"confidence_interval":{"confidence_level":0.95,"lower_bound":0.1270279762782767,"upper_bound":0.2205647865325001},"point_estimate":0.1725829982145472,"standard_error":0.02496233626343708},"slope":{"confidence_interval":{"confidence_level":0.95,"lower_bound":914.8483640748395,"upper_bound":914.9095575056663},"point_estimate":914.8771153912018,"standard_error":0.015608211502866775},"std_dev":{"confidence_interval":{"confidence_level":0.95,"lower_bound":0.18364134795366285,"upper_bound":0.6130753672246374},"point_estimate":0.4110052300122347,"standard_error":0.11329769052018278}}