{"mean":{"confidence_interval":{"confidence_level":0.95,"lower_bound":918.218065624468,"upper_bound":918.3188625627338},"point_estimate":918.2702375151312,"standard_error":0.025691542773026745},"median":{"confidence_interval":{"confidence_level":0.95,"lower_bound":918.2232785523005,"upper_bound":918.3402338918795},"point_estimate":918.261585357971,"standard_error":0.029724001144527865},"median_abs_dev":{"confidence_interval":{"confidence_level":0.95,"lower_bound":0.16693718816516787,"upper_bound":0.25778487970863606},"point_estimate":0.20711889399279823,"standard_error":0.022185821258481855},"slope":{"confidence_interval":{"confidence_level":0.95,"lower_bound":918.2528839901227,"upper_bound":918.3222991619953},"point_estimate":918.2876999142516,"standard_error":0.017697927078042183},"std_dev":{"confidence_interval":{"confidence_level":0.95,"lower_bound":0.18811846784625533,"upper_bound":0.3352235071604433},"point_estimate":0.25725805125161255,"standard_error":0.03932805084442896}}