{"mean":{"confidence_interval":{"confidence_level":0.95,"lower_bound":914.7624476127743,"upper_bound":914.9418850774659},"point_estimate":914.8446644791148,"standard_error":0.045746660767117586},"median":{"confidence_interval":{"confidence_level":0.95,"lower_bound":914.6876673959787,"upper_bound":914.9334884313851},"point_estimate":914.772608595194,"standard_error":0.08329504252791335},"median_abs_dev":{"confidence_interval":{"confidence_level":0.95,"lower_bound":0.2527767053089679,"upper_bound":0.36019036020654793},"point_estimate":0.3171967081740593,"standard_error":0.027736876369996194},"slope":{"confidence_interval":{"confidence_level":0.95,"lower_bound":914.8712796901885,"upper_bound":915.0445807393928},"point_estimate":914.9493974482559,"standard_error":0.04457755428216383},"std_dev":{"confidence_interval":{"confidence_level":0.95,"lower_bound":0.24474655398912346,"upper_bound":0.6449842490160523},"point_estimate":0.4602362644539863,"standard_error":0.10228542577506428}}