{"mean":{"confidence_interval":{"confidence_level":0.95,"lower_bound":3784.122664284928,"upper_bound":3784.778146727329},"point_estimate":3784.424336031141,"standard_error":0.16693990611922468},"median":{"confidence_interval":{"confidence_level":0.95,"lower_bound":3783.849872773537,"upper_bound":3784.432171433827},"point_estimate":3784.1374236641223,"standard_error":0.15335147703925728},"median_abs_dev":{"confidence_interval":{"confidence_level":0.95,"lower_bound":0.862081837574763,"upper_bound":1.4957830033085362},"point_estimate":1.1482953072938331,"standard_error":0.16209088761653606},"slope":{"confidence_interval":{"confidence_level":0.95,"lower_bound":3784.098327137014,"upper_bound":3784.714606891787},"point_estimate":3784.397944628005,"standard_error":0.15689259485131496},"std_dev":{"confidence_interval":{"confidence_level":0.95,"lower_bound":1.0842941598478744,"upper_bound":2.350475042190424},"point_estimate":1.6791738252644481,"standard_error":0.3648491926724304}}