{"mean":{"confidence_interval":{"confidence_level":0.95,"lower_bound":3968.6533058325867,"upper_bound":3973.149792704893},"point_estimate":3970.847062978831,"standard_error":1.1483575681759572},"median":{"confidence_interval":{"confidence_level":0.95,"lower_bound":3966.1874666666668,"upper_bound":3971.764},"point_estimate":3967.9695521064305,"standard_error":1.3347710971076303},"median_abs_dev":{"confidence_interval":{"confidence_level":0.95,"lower_bound":7.792009261931944,"upper_bound":12.593204176425807},"point_estimate":9.25374903086892,"standard_error":1.3043693105885108},"slope":{"confidence_interval":{"confidence_level":0.95,"lower_bound":3963.9400842718455,"upper_bound":3967.4261872365146},"point_estimate":3965.630128813359,"standard_error":0.8887384884613371},"std_dev":{"confidence_interval":{"confidence_level":0.95,"lower_bound":9.478827262934791,"upper_bound":13.267798283898655},"point_estimate":11.537986296400383,"standard_error":0.9668506484183743}}