{"mean":{"confidence_interval":{"confidence_level":0.95,"lower_bound":30.288963036607264,"upper_bound":30.302280453293264},"point_estimate":30.29535939818568,"standard_error":0.003413299442924508},"median":{"confidence_interval":{"confidence_level":0.95,"lower_bound":30.283977797486163,"upper_bound":30.297926002414176},"point_estimate":30.294353179570273,"standard_error":0.0035679488348237323},"median_abs_dev":{"confidence_interval":{"confidence_level":0.95,"lower_bound":0.017719367289383198,"upper_bound":0.03018946729044412},"point_estimate":0.02289695548911481,"standard_error":0.003209601411724602},"slope":{"confidence_interval":{"confidence_level":0.95,"lower_bound":30.28291313584448,"upper_bound":30.292276341341214},"point_estimate":30.28750432857871,"standard_error":0.002390963148527052},"std_dev":{"confidence_interval":{"confidence_level":0.95,"lower_bound":0.024959691384797984,"upper_bound":0.04360726179778066},"point_estimate":0.034372569546417694,"standard_error":0.004826850422546219}}