{"mean":{"confidence_interval":{"confidence_level":0.95,"lower_bound":31.220473891484783,"upper_bound":31.284950699454154},"point_estimate":31.25192018517201,"standard_error":0.01646262705849619},"median":{"confidence_interval":{"confidence_level":0.95,"lower_bound":31.159634098603835,"upper_bound":31.185826808373008},"point_estimate":31.167473065081666,"standard_error":0.006988106494071492},"median_abs_dev":{"confidence_interval":{"confidence_level":0.95,"lower_bound":0.03344598587294478,"upper_bound":0.09416743515809656},"point_estimate":0.053883482008288124,"standard_error":0.01598328378398774},"slope":{"confidence_interval":{"confidence_level":0.95,"lower_bound":31.219826251384237,"upper_bound":31.29309319651425},"point_estimate":31.25481701177566,"standard_error":0.01874641567054599},"std_dev":{"confidence_interval":{"confidence_level":0.95,"lower_bound":0.14404585828202915,"upper_bound":0.1817879607844915},"point_estimate":0.165773027740532,"standard_error":0.009638906098930445}}