{"mean":{"confidence_interval":{"confidence_level":0.95,"lower_bound":30.527606060111093,"upper_bound":30.551974734469155},"point_estimate":30.53962732325842,"standard_error":0.006225104186417592},"median":{"confidence_interval":{"confidence_level":0.95,"lower_bound":30.525376436144647,"upper_bound":30.548822821525548},"point_estimate":30.534910612098344,"standard_error":0.006768382965325808},"median_abs_dev":{"confidence_interval":{"confidence_level":0.95,"lower_bound":0.03653436748754185,"upper_bound":0.05905095828086093},"point_estimate":0.049007257438783626,"standard_error":0.005691259319324721},"slope":{"confidence_interval":{"confidence_level":0.95,"lower_bound":30.530171447661417,"upper_bound":30.554814439881234},"point_estimate":30.542572719384665,"standard_error":0.0062742610826329185},"std_dev":{"confidence_interval":{"confidence_level":0.95,"lower_bound":0.0489053748975142,"upper_bound":0.076270098829356},"point_estimate":0.06273189860477944,"standard_error":0.007032808018460282}}