{"mean":{"confidence_interval":{"confidence_level":0.95,"lower_bound":15112.670846187657,"upper_bound":15119.682338931021},"point_estimate":15116.16332995356,"standard_error":1.7866724438746753},"median":{"confidence_interval":{"confidence_level":0.95,"lower_bound":15111.640232108317,"upper_bound":15119.396767676768},"point_estimate":15114.229545454546,"standard_error":1.8090177186076473},"median_abs_dev":{"confidence_interval":{"confidence_level":0.95,"lower_bound":12.906492034916928,"upper_bound":20.79814925814912},"point_estimate":16.845449410528563,"standard_error":2.1793811344654332},"slope":{"confidence_interval":{"confidence_level":0.95,"lower_bound":15113.8688203977,"upper_bound":15121.682053533563},"point_estimate":15117.790548741441,"standard_error":1.9945940728065579},"std_dev":{"confidence_interval":{"confidence_level":0.95,"lower_bound":15.19699573728851,"upper_bound":20.370764282912063},"point_estimate":17.931207323017524,"standard_error":1.3200257948847118}}