{"mean":{"confidence_interval":{"confidence_level":0.95,"lower_bound":14776.638241882687,"upper_bound":14780.330042487245},"point_estimate":14778.34714533867,"standard_error":0.9436347511799462},"median":{"confidence_interval":{"confidence_level":0.95,"lower_bound":14774.433333333332,"upper_bound":14776.334668357056},"point_estimate":14775.374232286842,"standard_error":0.5615202633761942},"median_abs_dev":{"confidence_interval":{"confidence_level":0.95,"lower_bound":2.5089233302670637,"upper_bound":5.564169931305374},"point_estimate":3.7878639783201065,"standard_error":0.7887606228956344},"slope":{"confidence_interval":{"confidence_level":0.95,"lower_bound":14775.244188392508,"upper_bound":14777.596840260268},"point_estimate":14776.326598175077,"standard_error":0.602638279485056},"std_dev":{"confidence_interval":{"confidence_level":0.95,"lower_bound":5.6346030454539004,"upper_bound":12.913487054343486},"point_estimate":9.454199936094247,"standard_error":1.8757299621726482}}