{"mean":{"confidence_interval":{"confidence_level":0.95,"lower_bound":14772.621627857787,"upper_bound":14777.220934731695},"point_estimate":14774.718478346387,"standard_error":1.175440823565231},"median":{"confidence_interval":{"confidence_level":0.95,"lower_bound":14770.799836601307,"upper_bound":14772.741515837104},"point_estimate":14771.476540616246,"standard_error":0.4828826454646929},"median_abs_dev":{"confidence_interval":{"confidence_level":0.95,"lower_bound":3.034980833115271,"upper_bound":5.203793996866411},"point_estimate":3.8226479915966283,"standard_error":0.5253956349494247},"slope":{"confidence_interval":{"confidence_level":0.95,"lower_bound":14770.26001351137,"upper_bound":14772.151835291988},"point_estimate":14771.10357613505,"standard_error":0.48117148632540313},"std_dev":{"confidence_interval":{"confidence_level":0.95,"lower_bound":6.4579870107361526,"upper_bound":16.12905674853109},"point_estimate":11.792784464631048,"standard_error":2.4580345510080717}}