{"mean":{"confidence_interval":{"confidence_level":0.95,"lower_bound":89754.37302220485,"upper_bound":89871.05461709619},"point_estimate":89810.53472822913,"standard_error":29.832545279329345},"median":{"confidence_interval":{"confidence_level":0.95,"lower_bound":89705.97514619882,"upper_bound":89831.65592650103},"point_estimate":89772.20909839925,"standard_error":34.326322439833966},"median_abs_dev":{"confidence_interval":{"confidence_level":0.95,"lower_bound":169.88880686149136,"upper_bound":277.07459785871475},"point_estimate":217.6450258728721,"standard_error":26.13831978438941},"slope":{"confidence_interval":{"confidence_level":0.95,"lower_bound":89697.77856733584,"upper_bound":89790.65008254001},"point_estimate":89744.1981106842,"standard_error":23.74173172471492},"std_dev":{"confidence_interval":{"confidence_level":0.95,"lower_bound":233.1959448854632,"upper_bound":358.8104603124366},"point_estimate":299.7848259800751,"standard_error":32.21471440127555}}