{"mean":{"confidence_interval":{"confidence_level":0.95,"lower_bound":209.05290935775875,"upper_bound":209.53202291885083},"point_estimate":209.3064913653077,"standard_error":0.1221557223087187},"median":{"confidence_interval":{"confidence_level":0.95,"lower_bound":209.2245471984297,"upper_bound":209.49796882721134},"point_estimate":209.3849784143631,"standard_error":0.06647931173497228},"median_abs_dev":{"confidence_interval":{"confidence_level":0.95,"lower_bound":0.2569720647530196,"upper_bound":0.710398028820108},"point_estimate":0.36283771255775643,"standard_error":0.11698193746233804},"slope":{"confidence_interval":{"confidence_level":0.95,"lower_bound":208.55469052709626,"upper_bound":209.51865706556683},"point_estimate":209.0830934057003,"standard_error":0.25150181450091974},"std_dev":{"confidence_interval":{"confidence_level":0.95,"lower_bound":0.5176215879845624,"upper_bound":1.1944385263840447},"point_estimate":0.8727678225148323,"standard_error":0.17677670479032156}}