{"mean":{"confidence_interval":{"confidence_level":0.95,"lower_bound":201.61982416011756,"upper_bound":204.4758572713057},"point_estimate":203.03495099053143,"standard_error":0.7284502252235923},"median":{"confidence_interval":{"confidence_level":0.95,"lower_bound":198.3836870209454,"upper_bound":208.0077274339422},"point_estimate":201.18386466735154,"standard_error":2.2992368537841745},"median_abs_dev":{"confidence_interval":{"confidence_level":0.95,"lower_bound":1.5943044529006374,"upper_bound":8.05319030899026},"point_estimate":5.4525698504175075,"standard_error":1.9212422516357914},"slope":{"confidence_interval":{"confidence_level":0.95,"lower_bound":201.94581984186536,"upper_bound":205.26880493928354},"point_estimate":203.65598424029838,"standard_error":0.849857679303056},"std_dev":{"confidence_interval":{"confidence_level":0.95,"lower_bound":4.656958742945237,"upper_bound":5.607792591649679},"point_estimate":5.201372460642838,"standard_error":0.2398867210492685}}