{"mean":{"confidence_interval":{"confidence_level":0.95,"lower_bound":209.68005278266367,"upper_bound":210.23184899759428},"point_estimate":209.9441011641965,"standard_error":0.1407162599965426},"median":{"confidence_interval":{"confidence_level":0.95,"lower_bound":209.6173963235947,"upper_bound":210.15003552082408},"point_estimate":209.8348078175414,"standard_error":0.12775394094951506},"median_abs_dev":{"confidence_interval":{"confidence_level":0.95,"lower_bound":0.447706302794949,"upper_bound":0.9134039410256253},"point_estimate":0.6789301920922849,"standard_error":0.1158147060097036},"slope":{"confidence_interval":{"confidence_level":0.95,"lower_bound":209.6545420853969,"upper_bound":210.54842007570764},"point_estimate":210.02290249301052,"standard_error":0.2346607953299018},"std_dev":{"confidence_interval":{"confidence_level":0.95,"lower_bound":0.5786821921041531,"upper_bound":1.4199906096687884},"point_estimate":1.0096159676462428,"standard_error":0.22427227099070857}}