{"mean":{"confidence_interval":{"confidence_level":0.95,"lower_bound":336956.7380364313,"upper_bound":337408.1807611046},"point_estimate":337151.1881136034,"standard_error":116.14998026161622},"median":{"confidence_interval":{"confidence_level":0.95,"lower_bound":336839.75165212795,"upper_bound":337044.65603474097},"point_estimate":336976.4827898551,"standard_error":51.64031337430644},"median_abs_dev":{"confidence_interval":{"confidence_level":0.95,"lower_bound":383.98163801841105,"upper_bound":743.2577410588099},"point_estimate":567.9034511055563,"standard_error":97.77528191393769},"slope":{"confidence_interval":{"confidence_level":0.95,"lower_bound":336892.47379884706,"upper_bound":337126.05478792475},"point_estimate":337008.14540170436,"standard_error":59.64644088508227},"std_dev":{"confidence_interval":{"confidence_level":0.95,"lower_bound":569.8755626392096,"upper_bound":1789.947211531658},"point_estimate":1166.5651606289857,"standard_error":378.9739744432266}}