{"mean":{"confidence_interval":{"confidence_level":0.95,"lower_bound":236557.13915936512,"upper_bound":240479.72930147295},"point_estimate":238366.4638386775,"standard_error":1003.932237757578},"median":{"confidence_interval":{"confidence_level":0.95,"lower_bound":236337.5024390244,"upper_bound":238540.58188494493},"point_estimate":237794.22551724137,"standard_error":467.1918647732533},"median_abs_dev":{"confidence_interval":{"confidence_level":0.95,"lower_bound":2675.391744018745,"upper_bound":5461.341109943221},"point_estimate":3848.4277766029672,"standard_error":736.670229886209},"slope":{"confidence_interval":{"confidence_level":0.95,"lower_bound":235756.48880382063,"upper_bound":237519.10299666825},"point_estimate":236695.15311600413,"standard_error":450.37326159862477},"std_dev":{"confidence_interval":{"confidence_level":0.95,"lower_bound":6145.933136348508,"upper_bound":14065.757139891743},"point_estimate":10109.02798717171,"standard_error":2107.054295474431}}