{"mean":{"confidence_interval":{"confidence_level":0.95,"lower_bound":1629.0796503720849,"upper_bound":1629.256527482164},"point_estimate":1629.1704227671871,"standard_error":0.04500595119115251},"median":{"confidence_interval":{"confidence_level":0.95,"lower_bound":1629.0843364451766,"upper_bound":1629.219487918726},"point_estimate":1629.1224005850936,"standard_error":0.0396287056681762},"median_abs_dev":{"confidence_interval":{"confidence_level":0.95,"lower_bound":0.19356099802838314,"upper_bound":0.3374891645616509},"point_estimate":0.25408315937633025,"standard_error":0.03630178189488938},"slope":{"confidence_interval":{"confidence_level":0.95,"lower_bound":1629.0871019641388,"upper_bound":1629.2946407078962},"point_estimate":1629.1832373211503,"standard_error":0.05343378414270612},"std_dev":{"confidence_interval":{"confidence_level":0.95,"lower_bound":0.3222634631256886,"upper_bound":0.5905819386996276},"point_estimate":0.4520601718518522,"standard_error":0.07049742348617138}}