{"mean":{"confidence_interval":{"confidence_level":0.95,"lower_bound":1618.5631212858812,"upper_bound":1618.9088083061024},"point_estimate":1618.7375618163353,"standard_error":0.088046125585151},"median":{"confidence_interval":{"confidence_level":0.95,"lower_bound":1618.569073083779,"upper_bound":1618.9966750265999},"point_estimate":1618.7802990854461,"standard_error":0.09544949119841041},"median_abs_dev":{"confidence_interval":{"confidence_level":0.95,"lower_bound":0.6230845952653274,"upper_bound":0.9438337215675785},"point_estimate":0.8339850102044245,"standard_error":0.0821479950414009},"slope":{"confidence_interval":{"confidence_level":0.95,"lower_bound":1618.4783594942976,"upper_bound":1618.854973752418},"point_estimate":1618.6596599027769,"standard_error":0.09578152736274859},"std_dev":{"confidence_interval":{"confidence_level":0.95,"lower_bound":0.7051853027065218,"upper_bound":1.0564908058842954},"point_estimate":0.8849949537557764,"standard_error":0.08995887330618672}}