{"mean":{"confidence_interval":{"confidence_level":0.95,"lower_bound":37999.1243512266,"upper_bound":38031.331495355145},"point_estimate":38015.12322925922,"standard_error":8.229213036253055},"median":{"confidence_interval":{"confidence_level":0.95,"lower_bound":37992.642381989834,"upper_bound":38030.68372319688},"point_estimate":38008.00698412699,"standard_error":9.493789460784074},"median_abs_dev":{"confidence_interval":{"confidence_level":0.95,"lower_bound":55.77504062558669,"upper_bound":102.57920667203979},"point_estimate":77.12414600699672,"standard_error":11.843210487339498},"slope":{"confidence_interval":{"confidence_level":0.95,"lower_bound":38032.47556823375,"upper_bound":38065.853768229485},"point_estimate":38049.23375465905,"standard_error":8.499071312594442},"std_dev":{"confidence_interval":{"confidence_level":0.95,"lower_bound":70.14351194840465,"upper_bound":94.05357492279899},"point_estimate":82.59056746534351,"standard_error":6.128533354713832}}