{"mean":{"confidence_interval":{"confidence_level":0.95,"lower_bound":515.4037410183539,"upper_bound":516.5267165928119},"point_estimate":515.9445657915428,"standard_error":0.2857821312207264},"median":{"confidence_interval":{"confidence_level":0.95,"lower_bound":514.9549046697983,"upper_bound":515.7223594224924},"point_estimate":515.1804053487995,"standard_error":0.20226076159529777},"median_abs_dev":{"confidence_interval":{"confidence_level":0.95,"lower_bound":1.1161335875320721,"upper_bound":2.167493300693346},"point_estimate":1.6361589945086052,"standard_error":0.29935263978316556},"slope":{"confidence_interval":{"confidence_level":0.95,"lower_bound":515.2022282480957,"upper_bound":517.1755744508293},"point_estimate":516.1254105589301,"standard_error":0.5060770517153408},"std_dev":{"confidence_interval":{"confidence_level":0.95,"lower_bound":2.151733480491665,"upper_bound":3.467853867734547},"point_estimate":2.864011427028291,"standard_error":0.33649517763981784}}