{"mean":{"confidence_interval":{"confidence_level":0.95,"lower_bound":516.5400762719474,"upper_bound":517.5534587044308},"point_estimate":517.0324299968333,"standard_error":0.2591735395757838},"median":{"confidence_interval":{"confidence_level":0.95,"lower_bound":515.8943799481663,"upper_bound":516.4809806913242},"point_estimate":516.1866228853726,"standard_error":0.16483954586990845},"median_abs_dev":{"confidence_interval":{"confidence_level":0.95,"lower_bound":1.2746086085737411,"upper_bound":2.488105316190095},"point_estimate":1.9228635198821404,"standard_error":0.30851282671429686},"slope":{"confidence_interval":{"confidence_level":0.95,"lower_bound":516.3508770449547,"upper_bound":518.1687504836009},"point_estimate":517.2520565790529,"standard_error":0.4657274833654379},"std_dev":{"confidence_interval":{"confidence_level":0.95,"lower_bound":2.182838787672801,"upper_bound":2.9548217318678103},"point_estimate":2.606876797369756,"standard_error":0.19747327238651044}}