{"mean":{"confidence_interval":{"confidence_level":0.95,"lower_bound":684.0869360400408,"upper_bound":685.6221440319582},"point_estimate":684.8034678574695,"standard_error":0.392665853586697},"median":{"confidence_interval":{"confidence_level":0.95,"lower_bound":683.5795454545455,"upper_bound":684.2413641431033},"point_estimate":683.9054550521942,"standard_error":0.1932949893447979},"median_abs_dev":{"confidence_interval":{"confidence_level":0.95,"lower_bound":1.148005743782225,"upper_bound":2.3930777029971035},"point_estimate":1.743877412064121,"standard_error":0.3187219534483594},"slope":{"confidence_interval":{"confidence_level":0.95,"lower_bound":684.0974256191997,"upper_bound":687.7866843973536},"point_estimate":685.8649462428398,"standard_error":0.9448898888132717},"std_dev":{"confidence_interval":{"confidence_level":0.95,"lower_bound":2.5116980122742,"upper_bound":5.08098279511853},"point_estimate":3.9522071191520003,"standard_error":0.6454665029266854}}