{"mean":{"confidence_interval":{"confidence_level":0.95,"lower_bound":4906.727936884318,"upper_bound":4908.201442986499},"point_estimate":4907.353033752101,"standard_error":0.38600046499082996},"median":{"confidence_interval":{"confidence_level":0.95,"lower_bound":4906.50505952381,"upper_bound":4906.819542331561},"point_estimate":4906.706695758258,"standard_error":0.0890910100491448},"median_abs_dev":{"confidence_interval":{"confidence_level":0.95,"lower_bound":0.27430035481663384,"upper_bound":0.6354192934058641},"point_estimate":0.41635143519552836,"standard_error":0.09194289589733277},"slope":{"confidence_interval":{"confidence_level":0.95,"lower_bound":4906.622064513473,"upper_bound":4907.486690246027},"point_estimate":4906.972061153174,"standard_error":0.2239085854204304},"std_dev":{"confidence_interval":{"confidence_level":0.95,"lower_bound":0.5977023124668508,"upper_bound":4.213682822844372},"point_estimate":2.760529974343549,"standard_error":0.9734531744859263}}