{"mean":{"confidence_interval":{"confidence_level":0.95,"lower_bound":4906.622141523347,"upper_bound":4908.784777292647},"point_estimate":4907.44017115203,"standard_error":0.5854431372523613},"median":{"confidence_interval":{"confidence_level":0.95,"lower_bound":4906.312804878049,"upper_bound":4906.833726673101},"point_estimate":4906.450446428571,"standard_error":0.12012202643333889},"median_abs_dev":{"confidence_interval":{"confidence_level":0.95,"lower_bound":0.478899466281293,"upper_bound":1.15372752951747},"point_estimate":0.7352989869460557,"standard_error":0.15348691210299606},"slope":{"confidence_interval":{"confidence_level":0.95,"lower_bound":4906.420007754122,"upper_bound":4907.036480475871},"point_estimate":4906.680006406523,"standard_error":0.15814706312024357},"std_dev":{"confidence_interval":{"confidence_level":0.95,"lower_bound":0.8677095862917299,"upper_bound":6.8668026895266605},"point_estimate":4.1628325886333135,"standard_error":1.9835601812836476}}