{"mean":{"confidence_interval":{"confidence_level":0.95,"lower_bound":4906.764847893823,"upper_bound":4907.8925972607785},"point_estimate":4907.267747323178,"standard_error":0.28849410393825853},"median":{"confidence_interval":{"confidence_level":0.95,"lower_bound":4906.271726190476,"upper_bound":4906.802864583334},"point_estimate":4906.561826690821,"standard_error":0.1582077671075148},"median_abs_dev":{"confidence_interval":{"confidence_level":0.95,"lower_bound":0.3543538531595389,"upper_bound":1.0055925888550492},"point_estimate":0.531002426475687,"standard_error":0.18439006738791344},"slope":{"confidence_interval":{"confidence_level":0.95,"lower_bound":4906.560335607421,"upper_bound":4907.111738928767},"point_estimate":4906.810040720248,"standard_error":0.1402990478057579},"std_dev":{"confidence_interval":{"confidence_level":0.95,"lower_bound":1.0271566125563167,"upper_bound":2.949632406139254},"point_estimate":2.060218366128172,"standard_error":0.5085124678728681}}