{"mean":{"confidence_interval":{"confidence_level":0.95,"lower_bound":4905.610625635495,"upper_bound":4906.208236249372},"point_estimate":4905.877393233426,"standard_error":0.153468306334641},"median":{"confidence_interval":{"confidence_level":0.95,"lower_bound":4905.410416666667,"upper_bound":4905.675092592593},"point_estimate":4905.530284552846,"standard_error":0.06369895139535452},"median_abs_dev":{"confidence_interval":{"confidence_level":0.95,"lower_bound":0.22657404739731127,"upper_bound":0.7261897400144772},"point_estimate":0.3636447694058091,"standard_error":0.12921764593038207},"slope":{"confidence_interval":{"confidence_level":0.95,"lower_bound":4905.501985830313,"upper_bound":4906.167671128695},"point_estimate":4905.784203892448,"standard_error":0.17229071884497166},"std_dev":{"confidence_interval":{"confidence_level":0.95,"lower_bound":0.5208921263442017,"upper_bound":1.5630251086102815},"point_estimate":1.0971949925407696,"standard_error":0.2747069410555034}}