{"mean":{"confidence_interval":{"confidence_level":0.95,"lower_bound":67.06901256390633,"upper_bound":67.24046301458885},"point_estimate":67.14061945462453,"standard_error":0.04468023941406735},"median":{"confidence_interval":{"confidence_level":0.95,"lower_bound":67.03112307662266,"upper_bound":67.08159708662032},"point_estimate":67.06532465109784,"standard_error":0.01248298445142741},"median_abs_dev":{"confidence_interval":{"confidence_level":0.95,"lower_bound":0.07099481660814166,"upper_bound":0.11989809126208026},"point_estimate":0.09944623822203462,"standard_error":0.011751315117314896},"slope":{"confidence_interval":{"confidence_level":0.95,"lower_bound":67.05910059758335,"upper_bound":67.14963215556442},"point_estimate":67.09799902123667,"standard_error":0.023417779950270654},"std_dev":{"confidence_interval":{"confidence_level":0.95,"lower_bound":0.10915142549447451,"upper_bound":0.7127701617057178},"point_estimate":0.4487994635027355,"standard_error":0.1639348540413869}}