{"mean":{"confidence_interval":{"confidence_level":0.95,"lower_bound":7241.2374720473945,"upper_bound":7259.124119313436},"point_estimate":7249.403178191489,"standard_error":4.58061474802894},"median":{"confidence_interval":{"confidence_level":0.95,"lower_bound":7237.483136169141,"upper_bound":7245.738068500842},"point_estimate":7241.642253215155,"standard_error":1.9331545367918914},"median_abs_dev":{"confidence_interval":{"confidence_level":0.95,"lower_bound":12.677721886518643,"upper_bound":21.082726985528016},"point_estimate":16.684844456078036,"standard_error":2.1701649497920474},"slope":{"confidence_interval":{"confidence_level":0.95,"lower_bound":7243.623863185208,"upper_bound":7266.657763468586},"point_estimate":7253.8301480240625,"standard_error":5.935031991944992},"std_dev":{"confidence_interval":{"confidence_level":0.95,"lower_bound":25.087017148138987,"upper_bound":62.958656244221004},"point_estimate":46.07434437779991,"standard_error":9.652409287929455}}