{"mean":{"confidence_interval":{"confidence_level":0.95,"lower_bound":8190.204704331092,"upper_bound":8204.46280540576},"point_estimate":8196.129564358173,"standard_error":3.6953089059073188},"median":{"confidence_interval":{"confidence_level":0.95,"lower_bound":8190.724288337925,"upper_bound":8198.495549904641},"point_estimate":8195.161361567949,"standard_error":2.274457909425853},"median_abs_dev":{"confidence_interval":{"confidence_level":0.95,"lower_bound":11.527459529046554,"upper_bound":18.63226105399717},"point_estimate":14.325903880736018,"standard_error":1.8695638369474825},"slope":{"confidence_interval":{"confidence_level":0.95,"lower_bound":8192.608821770846,"upper_bound":8199.048475022635},"point_estimate":8195.82465538277,"standard_error":1.6444312212129601},"std_dev":{"confidence_interval":{"confidence_level":0.95,"lower_bound":15.681439475536633,"upper_bound":59.224043029366946},"point_estimate":37.13265809437932,"standard_error":14.204864943873988}}