{"mean":{"confidence_interval":{"confidence_level":0.95,"lower_bound":7704.859422961792,"upper_bound":7722.580127229861},"point_estimate":7711.293120527973,"standard_error":5.149646893909374},"median":{"confidence_interval":{"confidence_level":0.95,"lower_bound":7704.301356589147,"upper_bound":7707.788585271318},"point_estimate":7705.881782945737,"standard_error":0.9187761051823072},"median_abs_dev":{"confidence_interval":{"confidence_level":0.95,"lower_bound":6.566193270185129,"upper_bound":10.264952492179287},"point_estimate":8.657087688683001,"standard_error":0.9188976924016854},"slope":{"confidence_interval":{"confidence_level":0.95,"lower_bound":7704.584131316917,"upper_bound":7708.598377176898},"point_estimate":7706.62567322265,"standard_error":1.023815317978059},"std_dev":{"confidence_interval":{"confidence_level":0.95,"lower_bound":7.861839534782248,"upper_bound":88.00804744923781},"point_estimate":51.71819062173152,"standard_error":28.313731594205233}}