{"mean":{"confidence_interval":{"confidence_level":0.95,"lower_bound":7702.718596355927,"upper_bound":7716.458933998941},"point_estimate":7708.920093038955,"standard_error":3.502568288646427},"median":{"confidence_interval":{"confidence_level":0.95,"lower_bound":7698.536175710595,"upper_bound":7708.143885461161},"point_estimate":7702.025383465538,"standard_error":2.700670975352421},"median_abs_dev":{"confidence_interval":{"confidence_level":0.95,"lower_bound":14.318299040663808,"upper_bound":24.264395274520083},"point_estimate":19.107484076980786,"standard_error":2.5596937363099177},"slope":{"confidence_interval":{"confidence_level":0.95,"lower_bound":7701.132165249321,"upper_bound":7709.4077975294085},"point_estimate":7705.099851536698,"standard_error":2.116933533736078},"std_dev":{"confidence_interval":{"confidence_level":0.95,"lower_bound":21.229905173764674,"upper_bound":50.916055961111276},"point_estimate":35.22870757532067,"standard_error":8.766012516324409}}