{"mean":{"confidence_interval":{"confidence_level":0.95,"lower_bound":4327.982625928599,"upper_bound":4329.074865057988},"point_estimate":4328.483781801078,"standard_error":0.2793642377364896},"median":{"confidence_interval":{"confidence_level":0.95,"lower_bound":4327.458801903114,"upper_bound":4327.980286319073},"point_estimate":4327.792200630252,"standard_error":0.13311948869344842},"median_abs_dev":{"confidence_interval":{"confidence_level":0.95,"lower_bound":0.4348566004117329,"upper_bound":1.0627009065179835},"point_estimate":0.7273097664993216,"standard_error":0.15971372554039226},"slope":{"confidence_interval":{"confidence_level":0.95,"lower_bound":4327.703181200054,"upper_bound":4328.735074846666},"point_estimate":4328.191224733632,"standard_error":0.2647558333223132},"std_dev":{"confidence_interval":{"confidence_level":0.95,"lower_bound":1.1223048379587788,"upper_bound":2.7160630846935767},"point_estimate":1.9917933534395142,"standard_error":0.41221951844248694}}