{"mean":{"confidence_interval":{"confidence_level":0.95,"lower_bound":4327.3527801338205,"upper_bound":4328.812908820338},"point_estimate":4327.967871080223,"standard_error":0.3790202307970865},"median":{"confidence_interval":{"confidence_level":0.95,"lower_bound":4326.982811729072,"upper_bound":4327.426102941176},"point_estimate":4327.157914452546,"standard_error":0.09844749227281768},"median_abs_dev":{"confidence_interval":{"confidence_level":0.95,"lower_bound":0.2579646238668894,"upper_bound":0.7630667371112675},"point_estimate":0.4847281064194773,"standard_error":0.11998622681568062},"slope":{"confidence_interval":{"confidence_level":0.95,"lower_bound":4326.993013214951,"upper_bound":4327.370769717975},"point_estimate":4327.15672098222,"standard_error":0.0965673961400635},"std_dev":{"confidence_interval":{"confidence_level":0.95,"lower_bound":0.7695122744295327,"upper_bound":4.195627423011976},"point_estimate":2.7074605839116344,"standard_error":0.9489660931824486}}