{"mean":{"confidence_interval":{"confidence_level":0.95,"lower_bound":4327.8908829731945,"upper_bound":4328.96029311093},"point_estimate":4328.370780892666,"standard_error":0.2731026597507812},"median":{"confidence_interval":{"confidence_level":0.95,"lower_bound":4327.377388784461,"upper_bound":4328.224309540889},"point_estimate":4327.647278612532,"standard_error":0.20349891219304397},"median_abs_dev":{"confidence_interval":{"confidence_level":0.95,"lower_bound":0.49799924417054,"upper_bound":1.5430198592477196},"point_estimate":0.880098722128007,"standard_error":0.25754316775462704},"slope":{"confidence_interval":{"confidence_level":0.95,"lower_bound":4327.5921354043185,"upper_bound":4328.536521497833},"point_estimate":4328.029079833156,"standard_error":0.24137236785170893},"std_dev":{"confidence_interval":{"confidence_level":0.95,"lower_bound":1.0427633921811907,"upper_bound":2.8221486390692836},"point_estimate":1.958116593640012,"standard_error":0.49640002678447137}}