{"mean":{"confidence_interval":{"confidence_level":0.95,"lower_bound":9529.522096840446,"upper_bound":9533.329142682614},"point_estimate":9531.286266737849,"standard_error":0.9755640353982312},"median":{"confidence_interval":{"confidence_level":0.95,"lower_bound":9527.694339998052,"upper_bound":9529.315897200227},"point_estimate":9528.426348824785,"standard_error":0.454129614357179},"median_abs_dev":{"confidence_interval":{"confidence_level":0.95,"lower_bound":2.5591609785799783,"upper_bound":4.512322704564504},"point_estimate":3.6939001383819474,"standard_error":0.4997424748106603},"slope":{"confidence_interval":{"confidence_level":0.95,"lower_bound":9527.692369170993,"upper_bound":9530.357922824132},"point_estimate":9528.864467722318,"standard_error":0.688201822798211},"std_dev":{"confidence_interval":{"confidence_level":0.95,"lower_bound":6.28375925881398,"upper_bound":12.928301507257956},"point_estimate":9.787192814541044,"standard_error":1.7039627614685018}}