{"mean":{"confidence_interval":{"confidence_level":0.95,"lower_bound":9602.924889610913,"upper_bound":9614.913272732183},"point_estimate":9608.821953868444,"standard_error":3.0602134563014305},"median":{"confidence_interval":{"confidence_level":0.95,"lower_bound":9597.658598585323,"upper_bound":9610.601809954751},"point_estimate":9605.07945773005,"standard_error":3.836288659652181},"median_abs_dev":{"confidence_interval":{"confidence_level":0.95,"lower_bound":20.400571112176223,"upper_bound":35.21537811606124},"point_estimate":29.184318143610934,"standard_error":3.5541400494008815},"slope":{"confidence_interval":{"confidence_level":0.95,"lower_bound":9598.622088329928,"upper_bound":9611.907268951381},"point_estimate":9604.980891515386,"standard_error":3.3753041176705674},"std_dev":{"confidence_interval":{"confidence_level":0.95,"lower_bound":25.40781305654063,"upper_bound":35.700501876988305},"point_estimate":30.711127782261443,"standard_error":2.6406114522837596}}