{"mean":{"confidence_interval":{"confidence_level":0.95,"lower_bound":9579.80990136999,"upper_bound":9585.776593188923},"point_estimate":9582.183849150877,"standard_error":1.5730954194084439},"median":{"confidence_interval":{"confidence_level":0.95,"lower_bound":9578.858974358975,"upper_bound":9580.633241758242},"point_estimate":9579.332962151206,"standard_error":0.46688967433453077},"median_abs_dev":{"confidence_interval":{"confidence_level":0.95,"lower_bound":3.1238671152006297,"upper_bound":5.321801046821708},"point_estimate":3.808796744531709,"standard_error":0.5408245335608133},"slope":{"confidence_interval":{"confidence_level":0.95,"lower_bound":9579.10929811407,"upper_bound":9580.77661664997},"point_estimate":9579.91499042298,"standard_error":0.42628583956498256},"std_dev":{"confidence_interval":{"confidence_level":0.95,"lower_bound":4.649919313072834,"upper_bound":25.856183568769904},"point_estimate":15.836782885568798,"standard_error":6.7029038130063645}}