{"mean":{"confidence_interval":{"confidence_level":0.95,"lower_bound":9765.861583130321,"upper_bound":9772.863125741618},"point_estimate":9769.28970350627,"standard_error":1.790678431370012},"median":{"confidence_interval":{"confidence_level":0.95,"lower_bound":9763.22754287032,"upper_bound":9770.926470588236},"point_estimate":9767.58677868077,"standard_error":2.1824435321857836},"median_abs_dev":{"confidence_interval":{"confidence_level":0.95,"lower_bound":11.288485479605548,"upper_bound":19.201835433724824},"point_estimate":15.64669488786882,"standard_error":2.12413418288695},"slope":{"confidence_interval":{"confidence_level":0.95,"lower_bound":9764.530555499212,"upper_bound":9772.197973254764},"point_estimate":9768.217818247145,"standard_error":1.9624032985509836},"std_dev":{"confidence_interval":{"confidence_level":0.95,"lower_bound":14.793354889054342,"upper_bound":21.061291746784796},"point_estimate":17.997030557422434,"standard_error":1.6103265134110487}}