{"mean":{"confidence_interval":{"confidence_level":0.95,"lower_bound":13322.199624697114,"upper_bound":13363.810219912279},"point_estimate":13337.36078954442,"standard_error":12.001217600488202},"median":{"confidence_interval":{"confidence_level":0.95,"lower_bound":13316.097931034483,"upper_bound":13322.596072766184},"point_estimate":13319.913452807647,"standard_error":1.7141704950383185},"median_abs_dev":{"confidence_interval":{"confidence_level":0.95,"lower_bound":9.206804636546762,"upper_bound":17.084639214947273},"point_estimate":12.464894269187326,"standard_error":1.9580742777475864},"slope":{"confidence_interval":{"confidence_level":0.95,"lower_bound":13322.384888701894,"upper_bound":13333.387503487167},"point_estimate":13327.323916457317,"standard_error":2.814717481203249},"std_dev":{"confidence_interval":{"confidence_level":0.95,"lower_bound":18.367209710461616,"upper_bound":204.52894638916737},"point_estimate":120.61357772982373,"standard_error":65.02809832568109}}