{"mean":{"confidence_interval":{"confidence_level":0.95,"lower_bound":14163.604190213067,"upper_bound":14235.122647011092},"point_estimate":14193.783113344813,"standard_error":18.49928129076927},"median":{"confidence_interval":{"confidence_level":0.95,"lower_bound":14157.945454545454,"upper_bound":14208.254583946982},"point_estimate":14195.61538337974,"standard_error":11.647780769503054},"median_abs_dev":{"confidence_interval":{"confidence_level":0.95,"lower_bound":68.96606317019108,"upper_bound":133.01555143850277},"point_estimate":96.17912319128132,"standard_error":16.753191883492793},"slope":{"confidence_interval":{"confidence_level":0.95,"lower_bound":14146.769309199122,"upper_bound":14196.400533516997},"point_estimate":14171.337437015769,"standard_error":12.652138214096933},"std_dev":{"confidence_interval":{"confidence_level":0.95,"lower_bound":86.1601635406568,"upper_bound":290.6514683078336},"point_estimate":185.41124271884703,"standard_error":66.18471775689139}}