{"mean":{"confidence_interval":{"confidence_level":0.95,"lower_bound":15156.157116963464,"upper_bound":15173.272929318113},"point_estimate":15163.42016392178,"standard_error":4.435235649252684},"median":{"confidence_interval":{"confidence_level":0.95,"lower_bound":15154.06721200877,"upper_bound":15160.892561983472},"point_estimate":15157.760500841752,"standard_error":1.7530030357561701},"median_abs_dev":{"confidence_interval":{"confidence_level":0.95,"lower_bound":11.819943062655357,"upper_bound":19.635174089230617},"point_estimate":15.55040984030448,"standard_error":2.0211151270390046},"slope":{"confidence_interval":{"confidence_level":0.95,"lower_bound":15157.094607409139,"upper_bound":15168.255960977502},"point_estimate":15162.13532602514,"standard_error":2.860575768191504},"std_dev":{"confidence_interval":{"confidence_level":0.95,"lower_bound":17.312520676097556,"upper_bound":70.22821176762156},"point_estimate":44.64524804480015,"standard_error":15.720152827567683}}