{"mean":{"confidence_interval":{"confidence_level":0.95,"lower_bound":418.55697287491756,"upper_bound":419.3773660705677},"point_estimate":418.94786540055594,"standard_error":0.20936417755614534},"median":{"confidence_interval":{"confidence_level":0.95,"lower_bound":418.0356083535109,"upper_bound":419.6981468245865},"point_estimate":418.84695392987703,"standard_error":0.39021117273980416},"median_abs_dev":{"confidence_interval":{"confidence_level":0.95,"lower_bound":1.6879869967667795,"upper_bound":2.497543333383814},"point_estimate":2.2279076009237255,"standard_error":0.1984568391393359},"slope":{"confidence_interval":{"confidence_level":0.95,"lower_bound":418.80632631335243,"upper_bound":419.5213461632135},"point_estimate":419.1690261663657,"standard_error":0.18299714638980272},"std_dev":{"confidence_interval":{"confidence_level":0.95,"lower_bound":1.5747908394681296,"upper_bound":2.785966261157164},"point_estimate":2.106390595684514,"standard_error":0.3525843332658553}}