{"mean":{"confidence_interval":{"confidence_level":0.95,"lower_bound":467.41613472796035,"upper_bound":468.4443886814102},"point_estimate":467.7982091047837,"standard_error":0.28849210549277876},"median":{"confidence_interval":{"confidence_level":0.95,"lower_bound":467.3922832551298,"upper_bound":467.61213815250915},"point_estimate":467.48203511158687,"standard_error":0.061730432224990785},"median_abs_dev":{"confidence_interval":{"confidence_level":0.95,"lower_bound":0.32171392155229256,"upper_bound":0.564630176272946},"point_estimate":0.43773815684806333,"standard_error":0.05991717140458353},"slope":{"confidence_interval":{"confidence_level":0.95,"lower_bound":467.52706051583317,"upper_bound":467.7729020773556},"point_estimate":467.64168170309233,"standard_error":0.06284851562666482},"std_dev":{"confidence_interval":{"confidence_level":0.95,"lower_bound":0.5497077097860488,"upper_bound":4.906651360387699},"point_estimate":2.901384617914646,"standard_error":1.5073667153832115}}