{"mean":{"confidence_interval":{"confidence_level":0.95,"lower_bound":524.0294601055022,"upper_bound":525.3776313933873},"point_estimate":524.5409343695308,"standard_error":0.36903686782866785},"median":{"confidence_interval":{"confidence_level":0.95,"lower_bound":523.8574782681611,"upper_bound":524.2480226588776},"point_estimate":524.0208706480082,"standard_error":0.0946707575232579},"median_abs_dev":{"confidence_interval":{"confidence_level":0.95,"lower_bound":0.5720086621322685,"upper_bound":0.9035201258991559},"point_estimate":0.720317687863882,"standard_error":0.08457093515297925},"slope":{"confidence_interval":{"confidence_level":0.95,"lower_bound":524.0295057520261,"upper_bound":524.4874305379107},"point_estimate":524.2335547796423,"standard_error":0.11749407816231305},"std_dev":{"confidence_interval":{"confidence_level":0.95,"lower_bound":0.8175275741253814,"upper_bound":6.212023871324302},"point_estimate":3.7145446548831056,"standard_error":1.8163734313286168}}