{"mean":{"confidence_interval":{"confidence_level":0.95,"lower_bound":469.89454915714504,"upper_bound":473.17185057410154},"point_estimate":471.1209772405093,"standard_error":0.8823344144580605},"median":{"confidence_interval":{"confidence_level":0.95,"lower_bound":469.5306852615823,"upper_bound":469.75505680131243},"point_estimate":469.7036552041535,"standard_error":0.06245531905165615},"median_abs_dev":{"confidence_interval":{"confidence_level":0.95,"lower_bound":0.3986584415046916,"upper_bound":0.6681794903258855},"point_estimate":0.5381657509897626,"standard_error":0.0670993821942469},"slope":{"confidence_interval":{"confidence_level":0.95,"lower_bound":469.77347171938015,"upper_bound":472.68956442634135},"point_estimate":470.81723831747485,"standard_error":0.7925216761219575},"std_dev":{"confidence_interval":{"confidence_level":0.95,"lower_bound":1.64780520207258,"upper_bound":14.756151801097877},"point_estimate":8.83702893273929,"standard_error":4.243919275939936}}