{"mean":{"confidence_interval":{"confidence_level":0.95,"lower_bound":518.4394255856398,"upper_bound":518.5227352807613},"point_estimate":518.4768959418141,"standard_error":0.021358399154788855},"median":{"confidence_interval":{"confidence_level":0.95,"lower_bound":518.4069109947644,"upper_bound":518.4318762330222},"point_estimate":518.416678499225,"standard_error":0.006255290302567347},"median_abs_dev":{"confidence_interval":{"confidence_level":0.95,"lower_bound":0.0490334315987736,"upper_bound":0.08625428619352632},"point_estimate":0.06578274805154535,"standard_error":0.00952123527793295},"slope":{"confidence_interval":{"confidence_level":0.95,"lower_bound":518.4183319141697,"upper_bound":518.4823401943794},"point_estimate":518.4445998435586,"standard_error":0.016637987362306518},"std_dev":{"confidence_interval":{"confidence_level":0.95,"lower_bound":0.10852094409636522,"upper_bound":0.29803451633400135},"point_estimate":0.21515498062822908,"standard_error":0.047694924943141564}}