{"mean":{"confidence_interval":{"confidence_level":0.95,"lower_bound":518.6629355253241,"upper_bound":518.7207436492654},"point_estimate":518.6900968632399,"standard_error":0.01480301631008325},"median":{"confidence_interval":{"confidence_level":0.95,"lower_bound":518.6631473286642,"upper_bound":518.6997808352612},"point_estimate":518.6826840160147,"standard_error":0.010134484112679977},"median_abs_dev":{"confidence_interval":{"confidence_level":0.95,"lower_bound":0.0661951995228792,"upper_bound":0.11453289074042382},"point_estimate":0.09006642047630971,"standard_error":0.012486720803629366},"slope":{"confidence_interval":{"confidence_level":0.95,"lower_bound":518.6995367201637,"upper_bound":518.7770623716663},"point_estimate":518.7332355340089,"standard_error":0.02006718825893236},"std_dev":{"confidence_interval":{"confidence_level":0.95,"lower_bound":0.08968592513682098,"upper_bound":0.19701027743603686},"point_estimate":0.14910172702635405,"standard_error":0.026811401586466842}}