{"mean":{"confidence_interval":{"confidence_level":0.95,"lower_bound":518.8192393735972,"upper_bound":518.8796553044878},"point_estimate":518.847856975678,"standard_error":0.015389294189958911},"median":{"confidence_interval":{"confidence_level":0.95,"lower_bound":518.8069320761306,"upper_bound":518.8401257202723},"point_estimate":518.824531335332,"standard_error":0.009350596017343326},"median_abs_dev":{"confidence_interval":{"confidence_level":0.95,"lower_bound":0.04830373256319377,"upper_bound":0.08648045602267454},"point_estimate":0.0684506546685836,"standard_error":0.010350633333273237},"slope":{"confidence_interval":{"confidence_level":0.95,"lower_bound":518.8257389432993,"upper_bound":518.8745890206098},"point_estimate":518.8482165282586,"standard_error":0.012522835338000192},"std_dev":{"confidence_interval":{"confidence_level":0.95,"lower_bound":0.09925318812254837,"upper_bound":0.20446750746432213},"point_estimate":0.15443791128391798,"standard_error":0.027029146315799293}}