{"mean":{"confidence_interval":{"confidence_level":0.95,"lower_bound":519.8544966679997,"upper_bound":520.1546246978512},"point_estimate":519.9828793710137,"standard_error":0.07756761272631765},"median":{"confidence_interval":{"confidence_level":0.95,"lower_bound":519.8640788789743,"upper_bound":519.9785819327731},"point_estimate":519.9022575376305,"standard_error":0.029295198353374304},"median_abs_dev":{"confidence_interval":{"confidence_level":0.95,"lower_bound":0.20107726411846785,"upper_bound":0.32928697939710644},"point_estimate":0.2574581585864898,"standard_error":0.032323685870445346},"slope":{"confidence_interval":{"confidence_level":0.95,"lower_bound":519.842703168235,"upper_bound":519.9636920470768},"point_estimate":519.9006735184838,"standard_error":0.03084673530081526},"std_dev":{"confidence_interval":{"confidence_level":0.95,"lower_bound":0.343727557404287,"upper_bound":1.206840509326543},"point_estimate":0.7762173374311012,"standard_error":0.26285146411513544}}