{"mean":{"confidence_interval":{"confidence_level":0.95,"lower_bound":5405.885666642127,"upper_bound":5436.480911129073},"point_estimate":5418.814424241385,"standard_error":7.947083198067968},"median":{"confidence_interval":{"confidence_level":0.95,"lower_bound":5401.465741908365,"upper_bound":5408.392788634177},"point_estimate":5403.685566922941,"standard_error":1.9580529335041754},"median_abs_dev":{"confidence_interval":{"confidence_level":0.95,"lower_bound":10.41072211025507,"upper_bound":18.112459582309047},"point_estimate":13.058009877462945,"standard_error":2.0269383044021887},"slope":{"confidence_interval":{"confidence_level":0.95,"lower_bound":5406.387552756342,"upper_bound":5413.206792918077},"point_estimate":5409.576001149907,"standard_error":1.7312367032169305},"std_dev":{"confidence_interval":{"confidence_level":0.95,"lower_bound":16.54079099179119,"upper_bound":124.6719689102666},"point_estimate":79.79148877257381,"standard_error":28.00780551960851}}