{"mean":{"confidence_interval":{"confidence_level":0.95,"lower_bound":5555.364769479769,"upper_bound":5574.23502035314},"point_estimate":5563.537818968873,"standard_error":4.865363799605271},"median":{"confidence_interval":{"confidence_level":0.95,"lower_bound":5549.3737433471315,"upper_bound":5555.503078343851},"point_estimate":5552.788804634601,"standard_error":1.6335910753753256},"median_abs_dev":{"confidence_interval":{"confidence_level":0.95,"lower_bound":9.224218172220361,"upper_bound":18.649555596370483},"point_estimate":14.946679130710432,"standard_error":2.4768410746029055},"slope":{"confidence_interval":{"confidence_level":0.95,"lower_bound":5553.7886573842625,"upper_bound":5583.363262385107},"point_estimate":5565.33552809985,"standard_error":7.907788247788765},"std_dev":{"confidence_interval":{"confidence_level":0.95,"lower_bound":17.497903296568925,"upper_bound":74.99705261040124},"point_estimate":48.936475638911105,"standard_error":15.099302667086699}}