{"mean":{"confidence_interval":{"confidence_level":0.95,"lower_bound":4274.764432424766,"upper_bound":4292.307249830877},"point_estimate":4281.4890836412,"standard_error":4.6683845539482185},"median":{"confidence_interval":{"confidence_level":0.95,"lower_bound":4273.188064737228,"upper_bound":4274.879590214198},"point_estimate":4274.301084886496,"standard_error":0.45507305237317613},"median_abs_dev":{"confidence_interval":{"confidence_level":0.95,"lower_bound":3.400190078758838,"upper_bound":5.730352363782788},"point_estimate":4.674408526424591,"standard_error":0.6116485789347657},"slope":{"confidence_interval":{"confidence_level":0.95,"lower_bound":4273.898075886187,"upper_bound":4315.5959329935795},"point_estimate":4288.108002795004,"standard_error":12.150959739149178},"std_dev":{"confidence_interval":{"confidence_level":0.95,"lower_bound":7.016429387136235,"upper_bound":77.29575679543491},"point_estimate":46.697229797809264,"standard_error":21.2285309191689}}