{"mean":{"confidence_interval":{"confidence_level":0.95,"lower_bound":32974.649624946054,"upper_bound":33014.42771437694},"point_estimate":32989.96286167135,"standard_error":10.623288014182544},"median":{"confidence_interval":{"confidence_level":0.95,"lower_bound":32967.89348118279,"upper_bound":32975.93849462365},"point_estimate":32971.427701612905,"standard_error":1.9208489455603246},"median_abs_dev":{"confidence_interval":{"confidence_level":0.95,"lower_bound":12.689691939796745,"upper_bound":20.713910505846293},"point_estimate":17.488018217790827,"standard_error":2.080802524668704},"slope":{"confidence_interval":{"confidence_level":0.95,"lower_bound":32968.090096395244,"upper_bound":32974.775945712114},"point_estimate":32971.225220972745,"standard_error":1.7037049855381026},"std_dev":{"confidence_interval":{"confidence_level":0.95,"lower_bound":25.847099969178576,"upper_bound":176.68501778916135},"point_estimate":106.76128929921879,"standard_error":48.93458781894577}}