{"mean":{"confidence_interval":{"confidence_level":0.95,"lower_bound":116.8850714183777,"upper_bound":116.94180461004308},"point_estimate":116.91368974184024,"standard_error":0.014452101182670572},"median":{"confidence_interval":{"confidence_level":0.95,"lower_bound":116.89618281557051,"upper_bound":116.94636509690184},"point_estimate":116.9182569320146,"standard_error":0.013772272084265846},"median_abs_dev":{"confidence_interval":{"confidence_level":0.95,"lower_bound":0.10405710784183911,"upper_bound":0.16644193380162833},"point_estimate":0.14230152225136572,"standard_error":0.016153929547688597},"slope":{"confidence_interval":{"confidence_level":0.95,"lower_bound":116.89836679308296,"upper_bound":116.93819135846016},"point_estimate":116.91803300409144,"standard_error":0.010140248314390397},"std_dev":{"confidence_interval":{"confidence_level":0.95,"lower_bound":0.11489349247518633,"upper_bound":0.17550625747717663},"point_estimate":0.1452184787956647,"standard_error":0.015608086201759203}}