{"mean":{"confidence_interval":{"confidence_level":0.95,"lower_bound":116.77813404765628,"upper_bound":116.81495728239298},"point_estimate":116.79613149003158,"standard_error":0.009380243378294345},"median":{"confidence_interval":{"confidence_level":0.95,"lower_bound":116.77992731806708,"upper_bound":116.81089609963946},"point_estimate":116.79132783553446,"standard_error":0.007342637301929335},"median_abs_dev":{"confidence_interval":{"confidence_level":0.95,"lower_bound":0.04784988786837761,"upper_bound":0.0764995121431098},"point_estimate":0.06364254352993717,"standard_error":0.007251163915225806},"slope":{"confidence_interval":{"confidence_level":0.95,"lower_bound":116.78045110721449,"upper_bound":116.8047065645597},"point_estimate":116.79253397081882,"standard_error":0.0061950831659477},"std_dev":{"confidence_interval":{"confidence_level":0.95,"lower_bound":0.06948095336578332,"upper_bound":0.11820366120662218},"point_estimate":0.09437183700794935,"standard_error":0.012471118899308542}}