{"mean":{"confidence_interval":{"confidence_level":0.95,"lower_bound":116.9955220519165,"upper_bound":117.03993089209324},"point_estimate":117.01620205435677,"standard_error":0.011377883780108802},"median":{"confidence_interval":{"confidence_level":0.95,"lower_bound":116.98660837370515,"upper_bound":117.01046136546421},"point_estimate":117.00001724042386,"standard_error":0.005826886567116284},"median_abs_dev":{"confidence_interval":{"confidence_level":0.95,"lower_bound":0.038213791436932106,"upper_bound":0.06958996900901411},"point_estimate":0.05308637101514872,"standard_error":0.00806267950390135},"slope":{"confidence_interval":{"confidence_level":0.95,"lower_bound":116.99813150312944,"upper_bound":117.02022807568703},"point_estimate":117.0091803120219,"standard_error":0.005625943251786331},"std_dev":{"confidence_interval":{"confidence_level":0.95,"lower_bound":0.06769258757760371,"upper_bound":0.15608213801199872},"point_estimate":0.11467894328900341,"standard_error":0.022688649904395276}}