{"mean":{"confidence_interval":{"confidence_level":0.95,"lower_bound":66.70607074165694,"upper_bound":67.02668958565778},"point_estimate":66.84097416141111,"standard_error":0.0829978084656378},"median":{"confidence_interval":{"confidence_level":0.95,"lower_bound":66.65370317374811,"upper_bound":66.71377451391304},"point_estimate":66.67396909908715,"standard_error":0.01475258899354181},"median_abs_dev":{"confidence_interval":{"confidence_level":0.95,"lower_bound":0.09654796573695729,"upper_bound":0.1743978765311105},"point_estimate":0.13976540828005327,"standard_error":0.019033502779648766},"slope":{"confidence_interval":{"confidence_level":0.95,"lower_bound":66.74045887522969,"upper_bound":67.02055389978185},"point_estimate":66.85889357460304,"standard_error":0.07238685103620057},"std_dev":{"confidence_interval":{"confidence_level":0.95,"lower_bound":0.25406547871064744,"upper_bound":1.3124527557130943},"point_estimate":0.8340156997915992,"standard_error":0.2913477078440829}}