{"mean":{"confidence_interval":{"confidence_level":0.95,"lower_bound":73.67904982669363,"upper_bound":73.73458861967342},"point_estimate":73.70687587032761,"standard_error":0.014183133669723201},"median":{"confidence_interval":{"confidence_level":0.95,"lower_bound":73.6782618859247,"upper_bound":73.72823436803388},"point_estimate":73.69967689803589,"standard_error":0.012174878873692608},"median_abs_dev":{"confidence_interval":{"confidence_level":0.95,"lower_bound":0.08389566984705149,"upper_bound":0.1611631666164027},"point_estimate":0.12838308506560808,"standard_error":0.02047489267658748},"slope":{"confidence_interval":{"confidence_level":0.95,"lower_bound":73.68975595008318,"upper_bound":73.74196133146476},"point_estimate":73.71612412351489,"standard_error":0.01327462063722123},"std_dev":{"confidence_interval":{"confidence_level":0.95,"lower_bound":0.11957960226671849,"upper_bound":0.1635521928447756},"point_estimate":0.14270478098784226,"standard_error":0.01121430790705238}}