{"mean":{"confidence_interval":{"confidence_level":0.95,"lower_bound":73.45657237794371,"upper_bound":73.50800454670387},"point_estimate":73.48250247547745,"standard_error":0.013079526850698827},"median":{"confidence_interval":{"confidence_level":0.95,"lower_bound":73.46885826625854,"upper_bound":73.50531954029846},"point_estimate":73.48602453244396,"standard_error":0.008538493294135738},"median_abs_dev":{"confidence_interval":{"confidence_level":0.95,"lower_bound":0.0617946716587227,"upper_bound":0.09933671164078518},"point_estimate":0.08197907671526768,"standard_error":0.00978847094483967},"slope":{"confidence_interval":{"confidence_level":0.95,"lower_bound":73.48107480109589,"upper_bound":73.51611302487801},"point_estimate":73.49858916747762,"standard_error":0.008953591239234187},"std_dev":{"confidence_interval":{"confidence_level":0.95,"lower_bound":0.09573055510202137,"upper_bound":0.1649596347784191},"point_estimate":0.13161789525787335,"standard_error":0.017690373166365257}}