{"mean":{"confidence_interval":{"confidence_level":0.95,"lower_bound":5238.845447776228,"upper_bound":5255.993089196087},"point_estimate":5245.191676136339,"standard_error":4.811504174229227},"median":{"confidence_interval":{"confidence_level":0.95,"lower_bound":5238.746042352285,"upper_bound":5243.013707950664},"point_estimate":5240.30149281935,"standard_error":1.1437708553794748},"median_abs_dev":{"confidence_interval":{"confidence_level":0.95,"lower_bound":6.47820436748209,"upper_bound":10.868622216765987},"point_estimate":8.477773847621423,"standard_error":1.1111027881428042},"slope":{"confidence_interval":{"confidence_level":0.95,"lower_bound":5239.564466292805,"upper_bound":5244.5939754860865},"point_estimate":5241.899243011721,"standard_error":1.2813174869970914},"std_dev":{"confidence_interval":{"confidence_level":0.95,"lower_bound":9.128587716608456,"upper_bound":82.0003123192961},"point_estimate":48.5196219521232,"standard_error":25.147420841074094}}