{"mean":{"confidence_interval":{"confidence_level":0.95,"lower_bound":5370.325963857166,"upper_bound":5393.204355643037},"point_estimate":5379.535914145806,"standard_error":6.012906783349673},"median":{"confidence_interval":{"confidence_level":0.95,"lower_bound":5366.43225931677,"upper_bound":5369.191075514874},"point_estimate":5367.1933094229535,"standard_error":0.7550541764633725},"median_abs_dev":{"confidence_interval":{"confidence_level":0.95,"lower_bound":3.9122567240207897,"upper_bound":6.95239023179216},"point_estimate":5.022282672564533,"standard_error":0.7733157471465331},"slope":{"confidence_interval":{"confidence_level":0.95,"lower_bound":5371.358677744381,"upper_bound":5419.426276993776},"point_estimate":5389.8506022995225,"standard_error":12.869376437114775},"std_dev":{"confidence_interval":{"confidence_level":0.95,"lower_bound":16.87728274857584,"upper_bound":98.18672821726405},"point_estimate":60.61072998325095,"standard_error":24.682110651401757}}