{"mean":{"confidence_interval":{"confidence_level":0.95,"lower_bound":5270.189353923902,"upper_bound":5283.629009562859},"point_estimate":5275.026093998466,"standard_error":3.9609767776779004},"median":{"confidence_interval":{"confidence_level":0.95,"lower_bound":5268.78673537234,"upper_bound":5270.900995925758},"point_estimate":5270.114790189125,"standard_error":0.5190123482971606},"median_abs_dev":{"confidence_interval":{"confidence_level":0.95,"lower_bound":3.5161530022180774,"upper_bound":5.948115612485304},"point_estimate":5.0731635741491585,"standard_error":0.5921551136004476},"slope":{"confidence_interval":{"confidence_level":0.95,"lower_bound":5269.89819858913,"upper_bound":5271.825826901236},"point_estimate":5270.825832591833,"standard_error":0.4934985911731403},"std_dev":{"confidence_interval":{"confidence_level":0.95,"lower_bound":5.071733656815082,"upper_bound":67.81622429444297},"point_estimate":39.814951830454326,"standard_error":22.139271286399282}}