{"mean":{"confidence_interval":{"confidence_level":0.95,"lower_bound":2521.816796550231,"upper_bound":2527.6828656847765},"point_estimate":2524.7634446407606,"standard_error":1.4983873365166605},"median":{"confidence_interval":{"confidence_level":0.95,"lower_bound":2520.6624045801527,"upper_bound":2527.832606324973},"point_estimate":2524.8395402330643,"standard_error":1.8525695469462007},"median_abs_dev":{"confidence_interval":{"confidence_level":0.95,"lower_bound":9.905782905591128,"upper_bound":16.260650993758876},"point_estimate":12.948596763423462,"standard_error":1.7055453841525947},"slope":{"confidence_interval":{"confidence_level":0.95,"lower_bound":2520.666261451266,"upper_bound":2525.250335327071},"point_estimate":2522.976557113157,"standard_error":1.1681181743278948},"std_dev":{"confidence_interval":{"confidence_level":0.95,"lower_bound":12.151370173484336,"upper_bound":17.932474934742913},"point_estimate":15.069217821519011,"standard_error":1.4826320709883}}