{"mean":{"confidence_interval":{"confidence_level":0.95,"lower_bound":5709.9410769956085,"upper_bound":5710.926488250819},"point_estimate":5710.408554082973,"standard_error":0.25155437283692283},"median":{"confidence_interval":{"confidence_level":0.95,"lower_bound":5709.327498973727,"upper_bound":5710.5017491254375},"point_estimate":5709.850882594417,"standard_error":0.29623061768213277},"median_abs_dev":{"confidence_interval":{"confidence_level":0.95,"lower_bound":1.3273615850137264,"upper_bound":2.279114028502965},"point_estimate":1.8085544466628447,"standard_error":0.2578995209778671},"slope":{"confidence_interval":{"confidence_level":0.95,"lower_bound":5710.1609022402345,"upper_bound":5710.990778606018},"point_estimate":5710.591509777843,"standard_error":0.21209865771776176},"std_dev":{"confidence_interval":{"confidence_level":0.95,"lower_bound":1.7869808394973672,"upper_bound":3.1701796009693437},"point_estimate":2.5302898960263254,"standard_error":0.3548900116898817}}