{"mean":{"confidence_interval":{"confidence_level":0.95,"lower_bound":459.3030047055421,"upper_bound":459.35488342159084},"point_estimate":459.3273249794688,"standard_error":0.013228701508535558},"median":{"confidence_interval":{"confidence_level":0.95,"lower_bound":459.2898949506092,"upper_bound":459.3302911407437},"point_estimate":459.3077854308879,"standard_error":0.009758900353699518},"median_abs_dev":{"confidence_interval":{"confidence_level":0.95,"lower_bound":0.051831173577296566,"upper_bound":0.09341877115184044},"point_estimate":0.06497247944831826,"standard_error":0.010284355107515047},"slope":{"confidence_interval":{"confidence_level":0.95,"lower_bound":459.32100991062794,"upper_bound":459.36110807963047},"point_estimate":459.33984109970544,"standard_error":0.010242680413545053},"std_dev":{"confidence_interval":{"confidence_level":0.95,"lower_bound":0.08314445619593083,"upper_bound":0.1747783983435758},"point_estimate":0.13299840127508697,"standard_error":0.023093240973919373}}