{"mean":{"confidence_interval":{"confidence_level":0.95,"lower_bound":459.2944747641443,"upper_bound":459.34788447929844},"point_estimate":459.31949148221116,"standard_error":0.013621192161778909},"median":{"confidence_interval":{"confidence_level":0.95,"lower_bound":459.26381055452487,"upper_bound":459.2939856174408},"point_estimate":459.2741148247861,"standard_error":0.0072094409329058785},"median_abs_dev":{"confidence_interval":{"confidence_level":0.95,"lower_bound":0.040733814032907066,"upper_bound":0.0813334798850287},"point_estimate":0.06271493886521944,"standard_error":0.010595478755726416},"slope":{"confidence_interval":{"confidence_level":0.95,"lower_bound":459.28577314161765,"upper_bound":459.3627181897759},"point_estimate":459.3202809580379,"standard_error":0.019951428661082092},"std_dev":{"confidence_interval":{"confidence_level":0.95,"lower_bound":0.0907866824212542,"upper_bound":0.1763645752414202},"point_estimate":0.13637743334823765,"standard_error":0.02191795112246469}}