{"mean":{"confidence_interval":{"confidence_level":0.95,"lower_bound":459.4114290282821,"upper_bound":459.50625128568424},"point_estimate":459.4544681397581,"standard_error":0.024281766744631384},"median":{"confidence_interval":{"confidence_level":0.95,"lower_bound":459.3844619666048,"upper_bound":459.43898391689004},"point_estimate":459.42051602990904,"standard_error":0.016294727178713456},"median_abs_dev":{"confidence_interval":{"confidence_level":0.95,"lower_bound":0.09208357856494685,"upper_bound":0.15108452447222037},"point_estimate":0.11114418742075093,"standard_error":0.014600125693817722},"slope":{"confidence_interval":{"confidence_level":0.95,"lower_bound":459.3872591178272,"upper_bound":459.43828672845666},"point_estimate":459.4134330620086,"standard_error":0.013013049969212374},"std_dev":{"confidence_interval":{"confidence_level":0.95,"lower_bound":0.13744049262624142,"upper_bound":0.34647884456727973},"point_estimate":0.24357144037439335,"standard_error":0.05547854397203191}}