{"mean":{"confidence_interval":{"confidence_level":0.95,"lower_bound":460.17477849239475,"upper_bound":460.23918447884364},"point_estimate":460.2053602545683,"standard_error":0.016430843242110443},"median":{"confidence_interval":{"confidence_level":0.95,"lower_bound":460.15215514378696,"upper_bound":460.2037309865703},"point_estimate":460.1800890412728,"standard_error":0.01587168839538468},"median_abs_dev":{"confidence_interval":{"confidence_level":0.95,"lower_bound":0.07691875833050132,"upper_bound":0.13645373036213293},"point_estimate":0.10835691155811794,"standard_error":0.015311903087977705},"slope":{"confidence_interval":{"confidence_level":0.95,"lower_bound":460.17608058623813,"upper_bound":460.23956902426306},"point_estimate":460.2057915004015,"standard_error":0.016202896470583858},"std_dev":{"confidence_interval":{"confidence_level":0.95,"lower_bound":0.10873765235500236,"upper_bound":0.21531013526794157},"point_estimate":0.1656069755241965,"standard_error":0.02721244785684738}}