{"mean":{"confidence_interval":{"confidence_level":0.95,"lower_bound":459.1624194953677,"upper_bound":459.2595792998443},"point_estimate":459.205600029803,"standard_error":0.024974584908172698},"median":{"confidence_interval":{"confidence_level":0.95,"lower_bound":459.1486568842413,"upper_bound":459.18004986085344},"point_estimate":459.15922425788494,"standard_error":0.008823087777887319},"median_abs_dev":{"confidence_interval":{"confidence_level":0.95,"lower_bound":0.05837279611327472,"upper_bound":0.10484057436915839},"point_estimate":0.08179520507741814,"standard_error":0.012096718256980122},"slope":{"confidence_interval":{"confidence_level":0.95,"lower_bound":459.1617628036491,"upper_bound":459.2060982263544},"point_estimate":459.1818635454773,"standard_error":0.011297707848756994},"std_dev":{"confidence_interval":{"confidence_level":0.95,"lower_bound":0.11772802374384113,"upper_bound":0.3743631295696226},"point_estimate":0.25084460235588957,"standard_error":0.06892236618811298}}