{"mean":{"confidence_interval":{"confidence_level":0.95,"lower_bound":69.20554663738913,"upper_bound":69.30903571017193},"point_estimate":69.25066514545482,"standard_error":0.02676188438892513},"median":{"confidence_interval":{"confidence_level":0.95,"lower_bound":69.18269965061458,"upper_bound":69.23371373333694},"point_estimate":69.20771770353699,"standard_error":0.013917267572585},"median_abs_dev":{"confidence_interval":{"confidence_level":0.95,"lower_bound":0.061964144203542015,"upper_bound":0.11133202907248223},"point_estimate":0.08720624153228168,"standard_error":0.012392363083432344},"slope":{"confidence_interval":{"confidence_level":0.95,"lower_bound":69.1978509608954,"upper_bound":69.29726949205957},"point_estimate":69.23799967839423,"standard_error":0.02604496591338452},"std_dev":{"confidence_interval":{"confidence_level":0.95,"lower_bound":0.09706250774144608,"upper_bound":0.40710703855811153},"point_estimate":0.26985696689342026,"standard_error":0.08176918017319604}}