{"mean":{"confidence_interval":{"confidence_level":0.95,"lower_bound":130.2969775533987,"upper_bound":130.71076097011743},"point_estimate":130.4541540162381,"standard_error":0.11108551190208625},"median":{"confidence_interval":{"confidence_level":0.95,"lower_bound":130.25463499166446,"upper_bound":130.3511362639291},"point_estimate":130.32180003567498,"standard_error":0.02699437369703038},"median_abs_dev":{"confidence_interval":{"confidence_level":0.95,"lower_bound":0.14667066112335156,"upper_bound":0.2274030116806993},"point_estimate":0.20052047275017382,"standard_error":0.020763024093970947},"slope":{"confidence_interval":{"confidence_level":0.95,"lower_bound":130.311535129083,"upper_bound":130.5113571550006},"point_estimate":130.39529548834395,"standard_error":0.05179566044625307},"std_dev":{"confidence_interval":{"confidence_level":0.95,"lower_bound":0.1866478473190481,"upper_bound":1.8627304269826557},"point_estimate":1.1183859591512881,"standard_error":0.5241866561807111}}