{"mean":{"confidence_interval":{"confidence_level":0.95,"lower_bound":109.16830005022585,"upper_bound":109.38773008559627},"point_estimate":109.26203301248643,"standard_error":0.0565969450183684},"median":{"confidence_interval":{"confidence_level":0.95,"lower_bound":109.1286271307033,"upper_bound":109.18542943695542},"point_estimate":109.15449407972545,"standard_error":0.014833083026848246},"median_abs_dev":{"confidence_interval":{"confidence_level":0.95,"lower_bound":0.07947104667767087,"upper_bound":0.1369794101199974},"point_estimate":0.10925788110027164,"standard_error":0.014320119751757442},"slope":{"confidence_interval":{"confidence_level":0.95,"lower_bound":109.17896531842327,"upper_bound":109.33942530376605},"point_estimate":109.24841656610344,"standard_error":0.04156272198380956},"std_dev":{"confidence_interval":{"confidence_level":0.95,"lower_bound":0.17832567630736165,"upper_bound":0.8826278464043007},"point_estimate":0.5695810737778033,"standard_error":0.18555943460100882}}