{"mean":{"confidence_interval":{"confidence_level":0.95,"lower_bound":1413.262428426132,"upper_bound":1414.0352550034172},"point_estimate":1413.599026460971,"standard_error":0.1986526543337178},"median":{"confidence_interval":{"confidence_level":0.95,"lower_bound":1412.980799728241,"upper_bound":1413.1776029404373},"point_estimate":1413.0472679236736,"standard_error":0.05139394447456136},"median_abs_dev":{"confidence_interval":{"confidence_level":0.95,"lower_bound":0.462054999629617,"upper_bound":0.7690053192501821},"point_estimate":0.5921516306866187,"standard_error":0.08109008593217151},"slope":{"confidence_interval":{"confidence_level":0.95,"lower_bound":1413.2439910421617,"upper_bound":1413.7490100265184},"point_estimate":1413.4757020802683,"standard_error":0.12897480906041914},"std_dev":{"confidence_interval":{"confidence_level":0.95,"lower_bound":0.8611042732566696,"upper_bound":3.040127585120297},"point_estimate":1.9985664896069482,"standard_error":0.601364399810064}}