{"mean":{"confidence_interval":{"confidence_level":0.95,"lower_bound":593.0128791641848,"upper_bound":593.1868224934967},"point_estimate":593.0965087003859,"standard_error":0.04421313172544036},"median":{"confidence_interval":{"confidence_level":0.95,"lower_bound":592.9853677260863,"upper_bound":593.1415651455709},"point_estimate":593.0575128234098,"standard_error":0.04385936041777533},"median_abs_dev":{"confidence_interval":{"confidence_level":0.95,"lower_bound":0.2330043879144935,"upper_bound":0.3927615465968093},"point_estimate":0.30779711404306803,"standard_error":0.040731244538414514},"slope":{"confidence_interval":{"confidence_level":0.95,"lower_bound":593.0208109967912,"upper_bound":593.1311333128796},"point_estimate":593.0750539612367,"standard_error":0.02820407951256438},"std_dev":{"confidence_interval":{"confidence_level":0.95,"lower_bound":0.3264915356701372,"upper_bound":0.5654653875991983},"point_estimate":0.44271101680605396,"standard_error":0.06263254001188248}}