{"mean":{"confidence_interval":{"confidence_level":0.95,"lower_bound":117.64687336342375,"upper_bound":118.42613467221375},"point_estimate":117.99762210038924,"standard_error":0.19933640411773246},"median":{"confidence_interval":{"confidence_level":0.95,"lower_bound":117.29394378356233,"upper_bound":117.64226511936367},"point_estimate":117.50374002989658,"standard_error":0.08289884203505576},"median_abs_dev":{"confidence_interval":{"confidence_level":0.95,"lower_bound":0.4872441202290173,"upper_bound":0.8370106824370147},"point_estimate":0.6719604506853784,"standard_error":0.08664980291749592},"slope":{"confidence_interval":{"confidence_level":0.95,"lower_bound":117.6329817123023,"upper_bound":118.99681791681738},"point_estimate":118.2228662418285,"standard_error":0.35186526062816187},"std_dev":{"confidence_interval":{"confidence_level":0.95,"lower_bound":0.9560821651038771,"upper_bound":2.7743274287783377},"point_estimate":2.005553790974712,"standard_error":0.44625869725331513}}