{"mean":{"confidence_interval":{"confidence_level":0.95,"lower_bound":118.572733047805,"upper_bound":119.15098669646916},"point_estimate":118.7990732915501,"standard_error":0.1541399119959429},"median":{"confidence_interval":{"confidence_level":0.95,"lower_bound":118.4713468535355,"upper_bound":118.68256910912957},"point_estimate":118.5774692702943,"standard_error":0.05653497700971883},"median_abs_dev":{"confidence_interval":{"confidence_level":0.95,"lower_bound":0.29544038487538693,"upper_bound":0.5659863155047393},"point_estimate":0.3997198003225313,"standard_error":0.07270272353987804},"slope":{"confidence_interval":{"confidence_level":0.95,"lower_bound":118.53187537809875,"upper_bound":118.7825947226994},"point_estimate":118.64727661882202,"standard_error":0.06401672736246376},"std_dev":{"confidence_interval":{"confidence_level":0.95,"lower_bound":0.4373657998238045,"upper_bound":2.5544926018274596},"point_estimate":1.5494205255623463,"standard_error":0.7006350306669217}}