{"mean":{"confidence_interval":{"confidence_level":0.95,"lower_bound":117.26272476651523,"upper_bound":117.98138268528892},"point_estimate":117.56784816169107,"standard_error":0.18569585732371238},"median":{"confidence_interval":{"confidence_level":0.95,"lower_bound":117.15256862549552,"upper_bound":117.27261735580069},"point_estimate":117.21367943728606,"standard_error":0.02966468905903193},"median_abs_dev":{"confidence_interval":{"confidence_level":0.95,"lower_bound":0.19648821346012763,"upper_bound":0.34250206291370705},"point_estimate":0.26015050566665077,"standard_error":0.036335835315204054},"slope":{"confidence_interval":{"confidence_level":0.95,"lower_bound":117.23755482488964,"upper_bound":117.51810823369408},"point_estimate":117.35783751146384,"standard_error":0.07228190963069685},"std_dev":{"confidence_interval":{"confidence_level":0.95,"lower_bound":0.46991792799074994,"upper_bound":2.874215618489821},"point_estimate":1.8642298324237279,"standard_error":0.6196530643704125}}