{"mean":{"confidence_interval":{"confidence_level":0.95,"lower_bound":58.6475764543711,"upper_bound":58.68101733933807},"point_estimate":58.66428561312721,"standard_error":0.008522458463911444},"median":{"confidence_interval":{"confidence_level":0.95,"lower_bound":58.623618232699464,"upper_bound":58.69494178095181},"point_estimate":58.655341949078164,"standard_error":0.01981744015852417},"median_abs_dev":{"confidence_interval":{"confidence_level":0.95,"lower_bound":0.06959410013540784,"upper_bound":0.11936044470013223},"point_estimate":0.10243941847824757,"standard_error":0.013020253080448784},"slope":{"confidence_interval":{"confidence_level":0.95,"lower_bound":58.65051477232552,"upper_bound":58.69777565683416},"point_estimate":58.67463552341797,"standard_error":0.01201964920829268},"std_dev":{"confidence_interval":{"confidence_level":0.95,"lower_bound":0.07647490697727724,"upper_bound":0.09383113326088365},"point_estimate":0.08566393784601757,"standard_error":0.00443635987333825}}