{"mean":{"confidence_interval":{"confidence_level":0.95,"lower_bound":3011.110244152426,"upper_bound":3016.2862607411153},"point_estimate":3013.0643193134,"standard_error":1.4247927655630304},"median":{"confidence_interval":{"confidence_level":0.95,"lower_bound":3010.4431610942247,"upper_bound":3011.728378004974},"point_estimate":3011.3548941112513,"standard_error":0.34868285488128814},"median_abs_dev":{"confidence_interval":{"confidence_level":0.95,"lower_bound":1.7317011216638811,"upper_bound":3.0712072403079174},"point_estimate":2.5647082671837547,"standard_error":0.3562949653050375},"slope":{"confidence_interval":{"confidence_level":0.95,"lower_bound":3011.3976353005355,"upper_bound":3012.6505834801123},"point_estimate":3011.9844392890045,"standard_error":0.31926423847337854},"std_dev":{"confidence_interval":{"confidence_level":0.95,"lower_bound":3.1500401394778557,"upper_bound":23.921168015377983},"point_estimate":14.266494324398613,"standard_error":7.078315129738379}}