{"mean":{"confidence_interval":{"confidence_level":0.95,"lower_bound":3371.507525266879,"upper_bound":3386.8279783588014},"point_estimate":3377.73123697892,"standard_error":4.00541720567536},"median":{"confidence_interval":{"confidence_level":0.95,"lower_bound":3368.547455112034,"upper_bound":3371.493771331058},"point_estimate":3369.384260523322,"standard_error":0.6819166852283256},"median_abs_dev":{"confidence_interval":{"confidence_level":0.95,"lower_bound":4.476597632412694,"upper_bound":8.208876809883732},"point_estimate":5.732785513541384,"standard_error":0.9180897143357221},"slope":{"confidence_interval":{"confidence_level":0.95,"lower_bound":3369.3311947410384,"upper_bound":3382.567751075144},"point_estimate":3374.669809106732,"standard_error":3.4871030497927253},"std_dev":{"confidence_interval":{"confidence_level":0.95,"lower_bound":8.502346597479198,"upper_bound":64.95505076617712},"point_estimate":40.29734395778817,"standard_error":15.824864599625197}}