{"mean":{"confidence_interval":{"confidence_level":0.95,"lower_bound":3894.6955149019627,"upper_bound":3908.8499326647047},"point_estimate":3899.8710001751892,"standard_error":4.03697267200807},"median":{"confidence_interval":{"confidence_level":0.95,"lower_bound":3893.455982905983,"upper_bound":3895.747346799041},"point_estimate":3894.5481554389034,"standard_error":0.543632046565873},"median_abs_dev":{"confidence_interval":{"confidence_level":0.95,"lower_bound":4.217914066441536,"upper_bound":7.1173401795356135},"point_estimate":5.905902082675292,"standard_error":0.732087715206603},"slope":{"confidence_interval":{"confidence_level":0.95,"lower_bound":3894.352684787039,"upper_bound":3897.8935138864636},"point_estimate":3895.9807560660875,"standard_error":0.9069006048574165},"std_dev":{"confidence_interval":{"confidence_level":0.95,"lower_bound":6.806704848377022,"upper_bound":68.48692631832934},"point_estimate":40.4451771224397,"standard_error":21.513056108391922}}