{"mean":{"confidence_interval":{"confidence_level":0.95,"lower_bound":1275.1933973561486,"upper_bound":1277.3827572204873},"point_estimate":1276.0145172272125,"standard_error":0.6003457606212841},"median":{"confidence_interval":{"confidence_level":0.95,"lower_bound":1275.0645097063216,"upper_bound":1275.2599432184797},"point_estimate":1275.142128603104,"standard_error":0.04141900303423298},"median_abs_dev":{"confidence_interval":{"confidence_level":0.95,"lower_bound":0.16759791920794084,"upper_bound":0.42566646462122526},"point_estimate":0.25202729137309493,"standard_error":0.06760439833717383},"slope":{"confidence_interval":{"confidence_level":0.95,"lower_bound":1275.124364817586,"upper_bound":1277.3809354684447},"point_estimate":1276.0105836833325,"standard_error":0.6000434772400537},"std_dev":{"confidence_interval":{"confidence_level":0.95,"lower_bound":0.35088464516125956,"upper_bound":7.0967853949400554},"point_estimate":4.285306946711942,"standard_error":2.108586717132068}}