{"mean":{"confidence_interval":{"confidence_level":0.95,"lower_bound":1269.0183456941613,"upper_bound":1269.4503230417513},"point_estimate":1269.2210968480024,"standard_error":0.11029208848468598},"median":{"confidence_interval":{"confidence_level":0.95,"lower_bound":1268.9455971211253,"upper_bound":1269.142907227616},"point_estimate":1268.9977492358862,"standard_error":0.051595953509256144},"median_abs_dev":{"confidence_interval":{"confidence_level":0.95,"lower_bound":0.21393008654718726,"upper_bound":0.5645557938437242},"point_estimate":0.38195191364714126,"standard_error":0.0826278035800987},"slope":{"confidence_interval":{"confidence_level":0.95,"lower_bound":1269.0619057600427,"upper_bound":1269.5618891395743},"point_estimate":1269.2882421423183,"standard_error":0.12792708106771186},"std_dev":{"confidence_interval":{"confidence_level":0.95,"lower_bound":0.5298577203715925,"upper_bound":0.9836347314109998},"point_estimate":0.7882355888029923,"standard_error":0.1158266465362557}}