{"mean":{"confidence_interval":{"confidence_level":0.95,"lower_bound":1271.190081125564,"upper_bound":1272.326332455426},"point_estimate":1271.6313592138877,"standard_error":0.30284886007849454},"median":{"confidence_interval":{"confidence_level":0.95,"lower_bound":1270.9968233387358,"upper_bound":1271.2215018908698},"point_estimate":1271.1183396033907,"standard_error":0.04825130971343971},"median_abs_dev":{"confidence_interval":{"confidence_level":0.95,"lower_bound":0.16111771303425396,"upper_bound":0.3957610162477167},"point_estimate":0.24832152194784407,"standard_error":0.05556065500291183},"slope":{"confidence_interval":{"confidence_level":0.95,"lower_bound":1271.1232704480117,"upper_bound":1271.7869987522581},"point_estimate":1271.413802484262,"standard_error":0.17020113421253372},"std_dev":{"confidence_interval":{"confidence_level":0.95,"lower_bound":0.46327675287830455,"upper_bound":3.511017887303583},"point_estimate":2.156824685626475,"standard_error":0.9655690215900133}}