{"mean":{"confidence_interval":{"confidence_level":0.95,"lower_bound":1266.3247386080823,"upper_bound":1266.6461482732834},"point_estimate":1266.4785261298373,"standard_error":0.08195372728828886},"median":{"confidence_interval":{"confidence_level":0.95,"lower_bound":1266.2375580964176,"upper_bound":1266.4237531395765},"point_estimate":1266.3339996924497,"standard_error":0.041332221732071524},"median_abs_dev":{"confidence_interval":{"confidence_level":0.95,"lower_bound":0.17565878300383334,"upper_bound":0.5256074912066064},"point_estimate":0.2988965462946803,"standard_error":0.09221371463070695},"slope":{"confidence_interval":{"confidence_level":0.95,"lower_bound":1266.3528582128147,"upper_bound":1266.7494670709632},"point_estimate":1266.5375095997538,"standard_error":0.10134044327487839},"std_dev":{"confidence_interval":{"confidence_level":0.95,"lower_bound":0.4111507413555634,"upper_bound":0.7144675644221106},"point_estimate":0.5823062714548523,"standard_error":0.07778435700659111}}