{"mean":{"confidence_interval":{"confidence_level":0.95,"lower_bound":57434.16580269825,"upper_bound":57454.42815251014},"point_estimate":57444.225809748816,"standard_error":5.16659910952253},"median":{"confidence_interval":{"confidence_level":0.95,"lower_bound":57428.224867724864,"upper_bound":57451.10505050505},"point_estimate":57438.65339671222,"standard_error":5.904118750620125},"median_abs_dev":{"confidence_interval":{"confidence_level":0.95,"lower_bound":42.02965008715441,"upper_bound":76.15910093332587},"point_estimate":60.871539544315944,"standard_error":8.534621289498466},"slope":{"confidence_interval":{"confidence_level":0.95,"lower_bound":57444.99210341656,"upper_bound":57469.83937730047},"point_estimate":57457.43100783213,"standard_error":6.335912176794083},"std_dev":{"confidence_interval":{"confidence_level":0.95,"lower_bound":45.58984167856783,"upper_bound":57.51606589716221},"point_estimate":51.89402116808942,"standard_error":3.046607443606251}}