{"mean":{"confidence_interval":{"confidence_level":0.95,"lower_bound":56965.516165765584,"upper_bound":56985.31113851413},"point_estimate":56974.50409070129,"standard_error":5.064499408324009},"median":{"confidence_interval":{"confidence_level":0.95,"lower_bound":56960.78435672515,"upper_bound":56976.75419372294},"point_estimate":56968.6848529564,"standard_error":3.4061046568133717},"median_abs_dev":{"confidence_interval":{"confidence_level":0.95,"lower_bound":21.125801645141635,"upper_bound":36.83870248034344},"point_estimate":31.140274127382614,"standard_error":4.141691923304779},"slope":{"confidence_interval":{"confidence_level":0.95,"lower_bound":56974.57258356816,"upper_bound":56988.79674715492},"point_estimate":56981.69384201107,"standard_error":3.632750716279886},"std_dev":{"confidence_interval":{"confidence_level":0.95,"lower_bound":28.88001957576469,"upper_bound":73.74551991892552},"point_estimate":50.90873525406269,"standard_error":12.376802993266962}}