{"mean":{"confidence_interval":{"confidence_level":0.95,"lower_bound":2096106.910529999,"upper_bound":2131477.13396},"point_estimate":2113871.571599999,"standard_error":8903.402439567633},"median":{"confidence_interval":{"confidence_level":0.95,"lower_bound":2017502.52,"upper_bound":2190609.58},"point_estimate":2189742.98,"standard_error":51176.46246343928},"median_abs_dev":{"confidence_interval":{"confidence_level":0.95,"lower_bound":4993.172097453995,"upper_bound":132191.48989713183},"point_estimate":9382.54497742679,"standard_error":23932.775348539686},"slope":null,"std_dev":{"confidence_interval":{"confidence_level":0.95,"lower_bound":85413.51618493587,"upper_bound":90290.46363824583},"point_estimate":89312.35152885506,"standard_error":1297.9356376262992}}