{"mean":{"confidence_interval":{"confidence_level":0.95,"lower_bound":19324.607554307782,"upper_bound":19405.641846698665},"point_estimate":19356.700755661393,"standard_error":21.642606873430314},"median":{"confidence_interval":{"confidence_level":0.95,"lower_bound":19309.917386185243,"upper_bound":19353.859615384616},"point_estimate":19335.22902542373,"standard_error":10.303850577621592},"median_abs_dev":{"confidence_interval":{"confidence_level":0.95,"lower_bound":55.9435418576332,"upper_bound":99.50142471325937},"point_estimate":72.75856249861765,"standard_error":10.974517088261466},"slope":{"confidence_interval":{"confidence_level":0.95,"lower_bound":19315.54431366243,"upper_bound":19342.761801271867},"point_estimate":19328.990407634334,"standard_error":6.939816585243809},"std_dev":{"confidence_interval":{"confidence_level":0.95,"lower_bound":71.10184957534236,"upper_bound":357.512498297445},"point_estimate":217.58781466771222,"standard_error":96.98342341441682}}