{"mean":{"confidence_interval":{"confidence_level":0.95,"lower_bound":18889.28279132127,"upper_bound":18932.717038775958},"point_estimate":18907.91178721951,"standard_error":11.207881546196464},"median":{"confidence_interval":{"confidence_level":0.95,"lower_bound":18884.735652515723,"upper_bound":18907.59975255181},"point_estimate":18898.475091451674,"standard_error":5.6753955015014785},"median_abs_dev":{"confidence_interval":{"confidence_level":0.95,"lower_bound":35.56583167990251,"upper_bound":57.321465999296876},"point_estimate":45.12953669399919,"standard_error":5.524899831797726},"slope":{"confidence_interval":{"confidence_level":0.95,"lower_bound":18888.810128600613,"upper_bound":18906.56723306499},"point_estimate":18897.34565346256,"standard_error":4.534673959083257},"std_dev":{"confidence_interval":{"confidence_level":0.95,"lower_bound":43.249279522617684,"upper_bound":175.39283767479318},"point_estimate":112.84859762412117,"standard_error":37.347973389022}}