{"mean":{"confidence_interval":{"confidence_level":0.95,"lower_bound":19059.759262400617,"upper_bound":19225.592283910944},"point_estimate":19138.54086306516,"standard_error":42.09483730668934},"median":{"confidence_interval":{"confidence_level":0.95,"lower_bound":19133.720994456846,"upper_bound":19210.39150138107},"point_estimate":19172.455218955118,"standard_error":25.1636425664158},"median_abs_dev":{"confidence_interval":{"confidence_level":0.95,"lower_bound":117.21961649847952,"upper_bound":258.9035986691889},"point_estimate":160.88840446522548,"standard_error":36.83606702389128},"slope":{"confidence_interval":{"confidence_level":0.95,"lower_bound":19229.27310444791,"upper_bound":19355.557509686558},"point_estimate":19289.141386863554,"standard_error":32.2537194998538},"std_dev":{"confidence_interval":{"confidence_level":0.95,"lower_bound":298.5227324411181,"upper_bound":567.1531170997912},"point_estimate":423.0124897962787,"standard_error":73.92409091108486}}