{"mean":{"confidence_interval":{"confidence_level":0.95,"lower_bound":16947.701570872265,"upper_bound":16999.053509487687},"point_estimate":16966.96608446499,"standard_error":14.082753049298066},"median":{"confidence_interval":{"confidence_level":0.95,"lower_bound":16944.654886404616,"upper_bound":16954.58782585667},"point_estimate":16949.751502786814,"standard_error":2.823498473608842},"median_abs_dev":{"confidence_interval":{"confidence_level":0.95,"lower_bound":17.79449942728055,"upper_bound":28.17147897484697},"point_estimate":22.946075391191954,"standard_error":2.6166108227013996},"slope":{"confidence_interval":{"confidence_level":0.95,"lower_bound":16948.920579256333,"upper_bound":16959.49384275032},"point_estimate":16953.937077892966,"standard_error":2.68748144373724},"std_dev":{"confidence_interval":{"confidence_level":0.95,"lower_bound":28.751782268219774,"upper_bound":238.236987264828},"point_estimate":141.86719040521115,"standard_error":70.4938602557656}}