{"mean":{"confidence_interval":{"confidence_level":0.95,"lower_bound":17950.26758995494,"upper_bound":18068.8708437146},"point_estimate":17999.81611941908,"standard_error":30.803027708394428},"median":{"confidence_interval":{"confidence_level":0.95,"lower_bound":17942.003737541527,"upper_bound":17954.95798319328},"point_estimate":17946.943936585856,"standard_error":2.7069576370926356},"median_abs_dev":{"confidence_interval":{"confidence_level":0.95,"lower_bound":21.133701668313233,"upper_bound":45.026496421362495},"point_estimate":28.54994112962296,"standard_error":6.711053919517171},"slope":{"confidence_interval":{"confidence_level":0.95,"lower_bound":17948.72658996788,"upper_bound":17999.427160026076},"point_estimate":17968.717711425194,"standard_error":13.184123648033024},"std_dev":{"confidence_interval":{"confidence_level":0.95,"lower_bound":94.93082559797493,"upper_bound":489.6849126655389},"point_estimate":310.0193495662363,"standard_error":111.62046369456411}}