{"mean":{"confidence_interval":{"confidence_level":0.95,"lower_bound":48697.61983482004,"upper_bound":49044.42379791605},"point_estimate":48840.29596989748,"standard_error":91.63013215217435},"median":{"confidence_interval":{"confidence_level":0.95,"lower_bound":48654.05221603793,"upper_bound":48689.38880167452},"point_estimate":48669.020572263995,"standard_error":9.006559286139742},"median_abs_dev":{"confidence_interval":{"confidence_level":0.95,"lower_bound":43.739035493069665,"upper_bound":81.74365349392974},"point_estimate":56.61635124826347,"standard_error":9.578091248816058},"slope":{"confidence_interval":{"confidence_level":0.95,"lower_bound":48674.901291728864,"upper_bound":48730.00359053775},"point_estimate":48697.872739977625,"standard_error":14.281964169217083},"std_dev":{"confidence_interval":{"confidence_level":0.95,"lower_bound":123.44120331132369,"upper_bound":1438.8723424163722},"point_estimate":921.5334364116526,"standard_error":354.97748302823493}}