{"mean":{"confidence_interval":{"confidence_level":0.95,"lower_bound":3783.5352808471453,"upper_bound":3794.93512879859},"point_estimate":3789.0576432879693,"standard_error":2.8991671212346346},"median":{"confidence_interval":{"confidence_level":0.95,"lower_bound":3770.1670431531393,"upper_bound":3786.678443215643},"point_estimate":3778.9921652461844,"standard_error":4.749682699039562},"median_abs_dev":{"confidence_interval":{"confidence_level":0.95,"lower_bound":9.77361483002548,"upper_bound":30.69036587159152},"point_estimate":20.97222727463596,"standard_error":5.947859351935209},"slope":{"confidence_interval":{"confidence_level":0.95,"lower_bound":3779.4676775269154,"upper_bound":3788.706372592364},"point_estimate":3783.916504387593,"standard_error":2.3607207590762918},"std_dev":{"confidence_interval":{"confidence_level":0.95,"lower_bound":23.621915573768675,"upper_bound":33.89306226907988},"point_estimate":29.12216364108976,"standard_error":2.629237345785492}}