{"mean":{"confidence_interval":{"confidence_level":0.95,"lower_bound":3788.579459183886,"upper_bound":3789.3849221984037},"point_estimate":3788.950282690118,"standard_error":0.20596167821138076},"median":{"confidence_interval":{"confidence_level":0.95,"lower_bound":3788.283663117718,"upper_bound":3788.7725372591785},"point_estimate":3788.5854919212775,"standard_error":0.1403671502265825},"median_abs_dev":{"confidence_interval":{"confidence_level":0.95,"lower_bound":0.8781171934267186,"upper_bound":1.4193924992647433},"point_estimate":1.1320655905887234,"standard_error":0.13206162640513316},"slope":{"confidence_interval":{"confidence_level":0.95,"lower_bound":3788.319685228174,"upper_bound":3789.2882081548805},"point_estimate":3788.7555962534843,"standard_error":0.24906093323776696},"std_dev":{"confidence_interval":{"confidence_level":0.95,"lower_bound":1.2466718929054366,"upper_bound":2.871695006516339},"point_estimate":2.071758791956033,"standard_error":0.4274304600221753}}