{"mean":{"confidence_interval":{"confidence_level":0.95,"lower_bound":36613.82457340859,"upper_bound":36787.870584962664},"point_estimate":36702.244558084116,"standard_error":44.347951142941284},"median":{"confidence_interval":{"confidence_level":0.95,"lower_bound":36577.10071474984,"upper_bound":36958.459024817654},"point_estimate":36721.78408221679,"standard_error":126.84037357215728},"median_abs_dev":{"confidence_interval":{"confidence_level":0.95,"lower_bound":365.7687384416321,"upper_bound":617.1261128633803},"point_estimate":479.62620476461694,"standard_error":71.94404924206663},"slope":{"confidence_interval":{"confidence_level":0.95,"lower_bound":36666.83472791922,"upper_bound":36851.98469565439},"point_estimate":36766.080103552646,"standard_error":47.27336038197496},"std_dev":{"confidence_interval":{"confidence_level":0.95,"lower_bound":384.16148662575495,"upper_bound":502.91895267496335},"point_estimate":445.4004404337766,"standard_error":30.373083160527937}}