{"mean":{"confidence_interval":{"confidence_level":0.95,"lower_bound":35155.4534821045,"upper_bound":35293.477916825635},"point_estimate":35223.96435725317,"standard_error":35.35138340927953},"median":{"confidence_interval":{"confidence_level":0.95,"lower_bound":35057.35960591133,"upper_bound":35230.44396551724},"point_estimate":35152.175287356324,"standard_error":49.18251130704101},"median_abs_dev":{"confidence_interval":{"confidence_level":0.95,"lower_bound":272.6855511634956,"upper_bound":528.0330655203605},"point_estimate":421.5564003457161,"standard_error":63.78831574966539},"slope":{"confidence_interval":{"confidence_level":0.95,"lower_bound":35395.62429330776,"upper_bound":35545.83234712621},"point_estimate":35476.39205821354,"standard_error":38.38557620120149},"std_dev":{"confidence_interval":{"confidence_level":0.95,"lower_bound":319.0580061387688,"upper_bound":386.8052402983332},"point_estimate":355.63299104806555,"standard_error":17.278243715017847}}