{"mean":{"confidence_interval":{"confidence_level":0.95,"lower_bound":94.10845576783477,"upper_bound":94.15857596287036},"point_estimate":94.13359601436314,"standard_error":0.012785042326340612},"median":{"confidence_interval":{"confidence_level":0.95,"lower_bound":94.11020136778116,"upper_bound":94.15070921985816},"point_estimate":94.13138333051897,"standard_error":0.010731605502847734},"median_abs_dev":{"confidence_interval":{"confidence_level":0.95,"lower_bound":0.09883095889849229,"upper_bound":0.15189427446899714},"point_estimate":0.12900110424050185,"standard_error":0.013157569825466871},"slope":{"confidence_interval":{"confidence_level":0.95,"lower_bound":94.13632272448768,"upper_bound":94.18719059691887},"point_estimate":94.16183684578252,"standard_error":0.012976554539661995},"std_dev":{"confidence_interval":{"confidence_level":0.95,"lower_bound":0.10864213733764808,"upper_bound":0.148088804217197},"point_estimate":0.12879668079396397,"standard_error":0.01006339760521286}}