{"mean":{"confidence_interval":{"confidence_level":0.95,"lower_bound":10.998696593081123,"upper_bound":10.999961158101922},"point_estimate":10.999331498803862,"standard_error":0.00032205613399968833},"median":{"confidence_interval":{"confidence_level":0.95,"lower_bound":10.998841831654499,"upper_bound":10.999878325976},"point_estimate":10.99946653159887,"standard_error":0.00026793105169620684},"median_abs_dev":{"confidence_interval":{"confidence_level":0.95,"lower_bound":0.0016902109280529055,"upper_bound":0.002686909673320947},"point_estimate":0.002142868270497515,"standard_error":0.0002541537845809214},"slope":{"confidence_interval":{"confidence_level":0.95,"lower_bound":10.99885709941527,"upper_bound":11.000046744714965},"point_estimate":10.999401692188844,"standard_error":0.00030401052420070613},"std_dev":{"confidence_interval":{"confidence_level":0.95,"lower_bound":0.0023716232727725465,"upper_bound":0.004035988652230172},"point_estimate":0.003232383091401677,"standard_error":0.00042575146644549457}}