{"mean":{"confidence_interval":{"confidence_level":0.95,"lower_bound":10.888384263244939,"upper_bound":10.892822647216333},"point_estimate":10.890607121162498,"standard_error":0.0011320624571377969},"median":{"confidence_interval":{"confidence_level":0.95,"lower_bound":10.887637730966741,"upper_bound":10.892801676148997},"point_estimate":10.890110783479546,"standard_error":0.001393542050336295},"median_abs_dev":{"confidence_interval":{"confidence_level":0.95,"lower_bound":0.0077688258129079155,"upper_bound":0.014429200788685887},"point_estimate":0.011632221909261824,"standard_error":0.0017852156329209092},"slope":{"confidence_interval":{"confidence_level":0.95,"lower_bound":10.889655516834763,"upper_bound":10.894358215799432},"point_estimate":10.892037457729353,"standard_error":0.00119730831678497},"std_dev":{"confidence_interval":{"confidence_level":0.95,"lower_bound":0.009425279614270055,"upper_bound":0.013232349477347322},"point_estimate":0.011382329046182048,"standard_error":0.0009747058996454355}}