{"mean":{"confidence_interval":{"confidence_level":0.95,"lower_bound":420.77053084071963,"upper_bound":421.52407879121307},"point_estimate":421.0683517945018,"standard_error":0.19886899475793623},"median":{"confidence_interval":{"confidence_level":0.95,"lower_bound":420.65579096045195,"upper_bound":420.85854692021496},"point_estimate":420.7739058000236,"standard_error":0.05177646670939799},"median_abs_dev":{"confidence_interval":{"confidence_level":0.95,"lower_bound":0.2977070814811958,"upper_bound":0.4914965685902792},"point_estimate":0.41403759922960187,"standard_error":0.05264874293309842},"slope":{"confidence_interval":{"confidence_level":0.95,"lower_bound":420.7802158236207,"upper_bound":421.25294860730617},"point_estimate":420.9693243256782,"standard_error":0.12474392875338909},"std_dev":{"confidence_interval":{"confidence_level":0.95,"lower_bound":0.5428619775798496,"upper_bound":3.254245094061702},"point_estimate":1.9899593111104386,"standard_error":0.8519540360178154}}