{"mean":{"confidence_interval":{"confidence_level":0.95,"lower_bound":32220.61255841186,"upper_bound":32474.94189648796},"point_estimate":32331.07040684961,"standard_error":65.3392935373022},"median":{"confidence_interval":{"confidence_level":0.95,"lower_bound":32164.147849462366,"upper_bound":32198.945136852395},"point_estimate":32183.576078774327,"standard_error":9.108642410064498},"median_abs_dev":{"confidence_interval":{"confidence_level":0.95,"lower_bound":55.00086989823096,"upper_bound":107.75499721606118},"point_estimate":81.61199096096406,"standard_error":13.704894174639994},"slope":{"confidence_interval":{"confidence_level":0.95,"lower_bound":32175.34313421106,"upper_bound":32726.356461789594},"point_estimate":32415.716928643273,"standard_error":140.84722128946004},"std_dev":{"confidence_interval":{"confidence_level":0.95,"lower_bound":203.2350664548286,"upper_bound":979.6848265339684},"point_estimate":658.5982387410327,"standard_error":200.73109085905355}}