{"mean":{"confidence_interval":{"confidence_level":0.95,"lower_bound":28927.66736013957,"upper_bound":28996.231534199687},"point_estimate":28957.309305303228,"standard_error":17.640661696109575},"median":{"confidence_interval":{"confidence_level":0.95,"lower_bound":28912.217436974788,"upper_bound":28942.132774831243},"point_estimate":28928.08015131611,"standard_error":8.156706994902493},"median_abs_dev":{"confidence_interval":{"confidence_level":0.95,"lower_bound":61.91942416501339,"upper_bound":115.1800758801613},"point_estimate":90.59229457475237,"standard_error":13.553394740839662},"slope":{"confidence_interval":{"confidence_level":0.95,"lower_bound":28923.20960156759,"upper_bound":28964.499508582052},"point_estimate":28941.916122880066,"standard_error":10.578675580473165},"std_dev":{"confidence_interval":{"confidence_level":0.95,"lower_bound":86.32442188067938,"upper_bound":271.4054455641693},"point_estimate":176.62602869909406,"standard_error":57.641973003492225}}