{"mean":{"confidence_interval":{"confidence_level":0.95,"lower_bound":14731.556854436292,"upper_bound":14739.353561173559},"point_estimate":14734.868954698968,"standard_error":2.0235079328854857},"median":{"confidence_interval":{"confidence_level":0.95,"lower_bound":14729.279166666667,"upper_bound":14731.369070208728},"point_estimate":14729.910588637369,"standard_error":0.5602635262231337},"median_abs_dev":{"confidence_interval":{"confidence_level":0.95,"lower_bound":2.385169045891365,"upper_bound":4.449280376597429},"point_estimate":3.281232472941274,"standard_error":0.5172009627898385},"slope":{"confidence_interval":{"confidence_level":0.95,"lower_bound":14730.589805656116,"upper_bound":14733.37422973913},"point_estimate":14731.837903580525,"standard_error":0.7120083027639609},"std_dev":{"confidence_interval":{"confidence_level":0.95,"lower_bound":5.750251447548465,"upper_bound":30.761690755076035},"point_estimate":20.32787977381878,"standard_error":6.745239022905334}}