{"mean":{"confidence_interval":{"confidence_level":0.95,"lower_bound":14755.609594543359,"upper_bound":14760.163886878638},"point_estimate":14757.577494725927,"standard_error":1.1731801253512872},"median":{"confidence_interval":{"confidence_level":0.95,"lower_bound":14754.141025641025,"upper_bound":14755.446895424837},"point_estimate":14754.865101809955,"standard_error":0.3235115784624132},"median_abs_dev":{"confidence_interval":{"confidence_level":0.95,"lower_bound":2.684444073529754,"upper_bound":5.058293799085429},"point_estimate":3.825858274099684,"standard_error":0.5830920062711378},"slope":{"confidence_interval":{"confidence_level":0.95,"lower_bound":14754.694390491788,"upper_bound":14759.034410511818},"point_estimate":14756.4634128426,"standard_error":1.138789311672922},"std_dev":{"confidence_interval":{"confidence_level":0.95,"lower_bound":4.774541780748957,"upper_bound":17.96627102063543},"point_estimate":11.78591632746319,"standard_error":3.5248704666857593}}