{"mean":{"confidence_interval":{"confidence_level":0.95,"lower_bound":14744.91721353994,"upper_bound":14749.473396961168},"point_estimate":14747.095058050865,"standard_error":1.15987404810746},"median":{"confidence_interval":{"confidence_level":0.95,"lower_bound":14743.398459383754,"upper_bound":14749.05193014706},"point_estimate":14746.84566993464,"standard_error":1.6460452066232276},"median_abs_dev":{"confidence_interval":{"confidence_level":0.95,"lower_bound":7.291774816509884,"upper_bound":14.001103731528582},"point_estimate":11.32018910829579,"standard_error":1.6128501089514253},"slope":{"confidence_interval":{"confidence_level":0.95,"lower_bound":14744.292365609443,"upper_bound":14748.930574711143},"point_estimate":14746.583317049,"standard_error":1.1865671189784277},"std_dev":{"confidence_interval":{"confidence_level":0.95,"lower_bound":8.88912672120207,"upper_bound":14.83136912701178},"point_estimate":11.62013413944194,"standard_error":1.6031656598562127}}