{"mean":{"confidence_interval":{"confidence_level":0.95,"lower_bound":14732.455422125373,"upper_bound":14743.973144906005},"point_estimate":14737.989415137596,"standard_error":2.9427777751948923},"median":{"confidence_interval":{"confidence_level":0.95,"lower_bound":14725.23873185638,"upper_bound":14740.639959432048},"point_estimate":14732.063586229946,"standard_error":3.437434126267135},"median_abs_dev":{"confidence_interval":{"confidence_level":0.95,"lower_bound":19.56000035924313,"upper_bound":31.60426970394071},"point_estimate":24.960403445458674,"standard_error":2.988554073820336},"slope":{"confidence_interval":{"confidence_level":0.95,"lower_bound":14731.50695144094,"upper_bound":14741.888353830154},"point_estimate":14736.559545284643,"standard_error":2.638109677916011},"std_dev":{"confidence_interval":{"confidence_level":0.95,"lower_bound":22.404386435104286,"upper_bound":36.36206261589489},"point_estimate":29.495901654456635,"standard_error":3.5923286692346768}}