{"mean":{"confidence_interval":{"confidence_level":0.95,"lower_bound":54.39185758540103,"upper_bound":54.49935627849832},"point_estimate":54.44347715422902,"standard_error":0.027333222247117404},"median":{"confidence_interval":{"confidence_level":0.95,"lower_bound":54.37354524802337,"upper_bound":54.47560749636678},"point_estimate":54.40808148043898,"standard_error":0.029196617680960824},"median_abs_dev":{"confidence_interval":{"confidence_level":0.95,"lower_bound":0.15608696020138446,"upper_bound":0.28862200050365594},"point_estimate":0.2251843684092059,"standard_error":0.03391582090631518},"slope":{"confidence_interval":{"confidence_level":0.95,"lower_bound":54.397425322411856,"upper_bound":54.483051877985474},"point_estimate":54.43934906540532,"standard_error":0.021853862317698702},"std_dev":{"confidence_interval":{"confidence_level":0.95,"lower_bound":0.20801672114779968,"upper_bound":0.3522483720846821},"point_estimate":0.27463126430666746,"standard_error":0.03869123993324267}}