{"mean":{"confidence_interval":{"confidence_level":0.95,"lower_bound":63.57252533440583,"upper_bound":63.668733743666195},"point_estimate":63.619721878801535,"standard_error":0.02457957513578294},"median":{"confidence_interval":{"confidence_level":0.95,"lower_bound":63.539508213257605,"upper_bound":63.625981448071},"point_estimate":63.57882643248776,"standard_error":0.023865267786894778},"median_abs_dev":{"confidence_interval":{"confidence_level":0.95,"lower_bound":0.1357386273509878,"upper_bound":0.23624930184130885},"point_estimate":0.19597171914340406,"standard_error":0.026098185688303414},"slope":{"confidence_interval":{"confidence_level":0.95,"lower_bound":63.569114788141896,"upper_bound":63.64087993711833},"point_estimate":63.603640681048844,"standard_error":0.01833763540942886},"std_dev":{"confidence_interval":{"confidence_level":0.95,"lower_bound":0.19594471640037006,"upper_bound":0.29457853072419715},"point_estimate":0.2460081458589103,"standard_error":0.02533132000703766}}