{"mean":{"confidence_interval":{"confidence_level":0.95,"lower_bound":54.35176113139565,"upper_bound":54.45026588684715},"point_estimate":54.39508851354005,"standard_error":0.025414440000926034},"median":{"confidence_interval":{"confidence_level":0.95,"lower_bound":54.33845878443695,"upper_bound":54.38553040734922},"point_estimate":54.36896345024796,"standard_error":0.011781716329740535},"median_abs_dev":{"confidence_interval":{"confidence_level":0.95,"lower_bound":0.07395881701107258,"upper_bound":0.13546718605909908},"point_estimate":0.10583551187906233,"standard_error":0.015499197948229118},"slope":{"confidence_interval":{"confidence_level":0.95,"lower_bound":54.336715082174564,"upper_bound":54.390051891829806},"point_estimate":54.3630769948867,"standard_error":0.013575608604000177},"std_dev":{"confidence_interval":{"confidence_level":0.95,"lower_bound":0.1129738972073534,"upper_bound":0.38202070497657703},"point_estimate":0.25599817777421185,"standard_error":0.07203198683989957}}