{"mean":{"confidence_interval":{"confidence_level":0.95,"lower_bound":22249.27327408931,"upper_bound":22406.277699559036},"point_estimate":22324.907317405796,"standard_error":40.21439078494733},"median":{"confidence_interval":{"confidence_level":0.95,"lower_bound":22114.910427350427,"upper_bound":22134.651205450733},"point_estimate":22122.36497890295,"standard_error":4.4529740978823735},"median_abs_dev":{"confidence_interval":{"confidence_level":0.95,"lower_bound":25.2159267489831,"upper_bound":50.78054713275741},"point_estimate":35.72133906432258,"standard_error":6.098074124376792},"slope":{"confidence_interval":{"confidence_level":0.95,"lower_bound":22444.580506778828,"upper_bound":22707.917921985118},"point_estimate":22585.73991665435,"standard_error":66.92063179638689},"std_dev":{"confidence_interval":{"confidence_level":0.95,"lower_bound":333.7933534977586,"upper_bound":456.0674062284077},"point_estimate":404.3085730161067,"standard_error":31.40202912955503}}