{"mean":{"confidence_interval":{"confidence_level":0.95,"lower_bound":23968.039909111212,"upper_bound":24220.249655924687},"point_estimate":24087.52406568907,"standard_error":64.20028050327721},"median":{"confidence_interval":{"confidence_level":0.95,"lower_bound":23867.51884920635,"upper_bound":24119.556437389772},"point_estimate":24027.4233276644,"standard_error":59.67075724717817},"median_abs_dev":{"confidence_interval":{"confidence_level":0.95,"lower_bound":376.2927026287492,"upper_bound":640.0691681737533},"point_estimate":510.22876644279347,"standard_error":68.24085022614324},"slope":{"confidence_interval":{"confidence_level":0.95,"lower_bound":23779.116686252823,"upper_bound":23964.04307272018},"point_estimate":23867.264031117396,"standard_error":47.13278885128719},"std_dev":{"confidence_interval":{"confidence_level":0.95,"lower_bound":461.3579053451839,"upper_bound":853.9976727289676},"point_estimate":646.5393769222097,"standard_error":105.78429104662781}}