{"mean":{"confidence_interval":{"confidence_level":0.95,"lower_bound":69.34073336152511,"upper_bound":69.74006987123909},"point_estimate":69.50552179603429,"standard_error":0.10415379629589823},"median":{"confidence_interval":{"confidence_level":0.95,"lower_bound":69.27163980378417,"upper_bound":69.33617729502453},"point_estimate":69.30112913030091,"standard_error":0.015052954798561361},"median_abs_dev":{"confidence_interval":{"confidence_level":0.95,"lower_bound":0.09420585666562277,"upper_bound":0.15216412818325853},"point_estimate":0.12151874864793236,"standard_error":0.014729000557515765},"slope":{"confidence_interval":{"confidence_level":0.95,"lower_bound":69.30855390640085,"upper_bound":70.31412816504013},"point_estimate":69.7007362863743,"standard_error":0.27239543945829264},"std_dev":{"confidence_interval":{"confidence_level":0.95,"lower_bound":0.26486920495229505,"upper_bound":1.6778415637160036},"point_estimate":1.0491743503692759,"standard_error":0.39607734759340385}}