{"mean":{"confidence_interval":{"confidence_level":0.95,"lower_bound":11411.431283524364,"upper_bound":11445.353955237237},"point_estimate":11425.856027228869,"standard_error":8.826620344770983},"median":{"confidence_interval":{"confidence_level":0.95,"lower_bound":11403.372229686021,"upper_bound":11417.111353684628},"point_estimate":11412.093723773034,"standard_error":3.5225996504732078},"median_abs_dev":{"confidence_interval":{"confidence_level":0.95,"lower_bound":23.315407074130373,"upper_bound":37.39147186886806},"point_estimate":30.004509668249558,"standard_error":3.6343408753057513},"slope":{"confidence_interval":{"confidence_level":0.95,"lower_bound":11407.423421236132,"upper_bound":11446.223582359968},"point_estimate":11423.22569538786,"standard_error":10.095450362305304},"std_dev":{"confidence_interval":{"confidence_level":0.95,"lower_bound":30.305066856814925,"upper_bound":138.60106769053218},"point_estimate":88.92190330483244,"standard_error":29.930868561258393}}