{"mean":{"confidence_interval":{"confidence_level":0.95,"lower_bound":9574.318627243236,"upper_bound":9587.945864365223},"point_estimate":9579.869259657078,"standard_error":3.5625909512035987},"median":{"confidence_interval":{"confidence_level":0.95,"lower_bound":9570.735131766382,"upper_bound":9575.622814685315},"point_estimate":9572.629741652578,"standard_error":1.2131477314844048},"median_abs_dev":{"confidence_interval":{"confidence_level":0.95,"lower_bound":7.4451042454216,"upper_bound":12.830988272031261},"point_estimate":9.436175552343217,"standard_error":1.342421714616922},"slope":{"confidence_interval":{"confidence_level":0.95,"lower_bound":9572.708232223576,"upper_bound":9577.921074285408},"point_estimate":9575.192933694058,"standard_error":1.329434535834784},"std_dev":{"confidence_interval":{"confidence_level":0.95,"lower_bound":13.119126048857634,"upper_bound":57.700418600726984},"point_estimate":35.9373590269033,"standard_error":14.309391183853215}}