{"mean":{"confidence_interval":{"confidence_level":0.95,"lower_bound":11290.099536863816,"upper_bound":11311.830907916377},"point_estimate":11299.603661441133,"standard_error":5.574072944815929},"median":{"confidence_interval":{"confidence_level":0.95,"lower_bound":11285.732843137255,"upper_bound":11294.10514262523},"point_estimate":11291.841953023053,"standard_error":2.076094935686974},"median_abs_dev":{"confidence_interval":{"confidence_level":0.95,"lower_bound":14.472957570801839,"upper_bound":25.240890157946655},"point_estimate":20.372126474696138,"standard_error":2.749859094097901},"slope":{"confidence_interval":{"confidence_level":0.95,"lower_bound":11289.528099026527,"upper_bound":11299.421763177543},"point_estimate":11294.223221247497,"standard_error":2.5180265191812063},"std_dev":{"confidence_interval":{"confidence_level":0.95,"lower_bound":26.7011197622125,"upper_bound":84.97670788916741},"point_estimate":56.202655927360155,"standard_error":16.697921986392647}}