{"mean":{"confidence_interval":{"confidence_level":0.95,"lower_bound":9870.452572058573,"upper_bound":9897.741616828953},"point_estimate":9881.909980919994,"standard_error":7.089530738301026},"median":{"confidence_interval":{"confidence_level":0.95,"lower_bound":9865.128415628467,"upper_bound":9870.386138613861},"point_estimate":9867.084892101506,"standard_error":1.4256469962045},"median_abs_dev":{"confidence_interval":{"confidence_level":0.95,"lower_bound":8.08227387631116,"upper_bound":15.398081079763827},"point_estimate":11.241538792477563,"standard_error":2.0074383699828124},"slope":{"confidence_interval":{"confidence_level":0.95,"lower_bound":9867.603718362536,"upper_bound":9924.081375533786},"point_estimate":9886.620473673198,"standard_error":16.42109122030067},"std_dev":{"confidence_interval":{"confidence_level":0.95,"lower_bound":17.285337463382586,"upper_bound":112.8586368276649},"point_estimate":71.2991944555331,"standard_error":25.20036399127269}}