{"mean":{"confidence_interval":{"confidence_level":0.95,"lower_bound":9522.73625955634,"upper_bound":9654.547906108586},"point_estimate":9579.6445559766,"standard_error":34.20102246063556},"median":{"confidence_interval":{"confidence_level":0.95,"lower_bound":9494.516025641025,"upper_bound":9503.9460689015},"point_estimate":9498.596366953083,"standard_error":2.152515754482568},"median_abs_dev":{"confidence_interval":{"confidence_level":0.95,"lower_bound":11.832740815568291,"upper_bound":20.913913110100818},"point_estimate":17.91736937809878,"standard_error":2.488349336253869},"slope":{"confidence_interval":{"confidence_level":0.95,"lower_bound":9508.584912932118,"upper_bound":9619.545812050033},"point_estimate":9549.422161024655,"standard_error":30.334637256171433},"std_dev":{"confidence_interval":{"confidence_level":0.95,"lower_bound":127.1260955443935,"upper_bound":527.7995955887864},"point_estimate":343.2031987629998,"standard_error":109.63341266212045}}