{"mean":{"confidence_interval":{"confidence_level":0.95,"lower_bound":34.984622732312076,"upper_bound":35.07007380671094},"point_estimate":35.02349549327843,"standard_error":0.021895469028617155},"median":{"confidence_interval":{"confidence_level":0.95,"lower_bound":34.976487852751646,"upper_bound":35.03208185908356},"point_estimate":34.99684988454496,"standard_error":0.014480991750826275},"median_abs_dev":{"confidence_interval":{"confidence_level":0.95,"lower_bound":0.07796508080633122,"upper_bound":0.12717776327902744},"point_estimate":0.09787100027109306,"standard_error":0.012570302903376318},"slope":{"confidence_interval":{"confidence_level":0.95,"lower_bound":34.99672849880293,"upper_bound":35.0510509907326},"point_estimate":35.02290213336978,"standard_error":0.01379157161432641},"std_dev":{"confidence_interval":{"confidence_level":0.95,"lower_bound":0.12486932286821503,"upper_bound":0.3203426430590073},"point_estimate":0.22142526533680026,"standard_error":0.05430487481585781}}