{"mean":{"confidence_interval":{"confidence_level":0.95,"lower_bound":16.0541785342361,"upper_bound":16.126338695694756},"point_estimate":16.08877786160031,"standard_error":0.01835236433677935},"median":{"confidence_interval":{"confidence_level":0.95,"lower_bound":16.04762290478659,"upper_bound":16.133405441028867},"point_estimate":16.091620588489413,"standard_error":0.02052224437154218},"median_abs_dev":{"confidence_interval":{"confidence_level":0.95,"lower_bound":0.12314590348887047,"upper_bound":0.19383210133463077},"point_estimate":0.1514146259403712,"standard_error":0.018123950600312123},"slope":{"confidence_interval":{"confidence_level":0.95,"lower_bound":16.045855725206803,"upper_bound":16.10559661594849},"point_estimate":16.075937033340296,"standard_error":0.015233735012295486},"std_dev":{"confidence_interval":{"confidence_level":0.95,"lower_bound":0.13555706735791861,"upper_bound":0.24401071034760574},"point_estimate":0.1847996143836422,"standard_error":0.029647631697620542}}