{"mean":{"confidence_interval":{"confidence_level":0.95,"lower_bound":17.12348604701091,"upper_bound":17.175971839798297},"point_estimate":17.144303943276967,"standard_error":0.013853252164335516},"median":{"confidence_interval":{"confidence_level":0.95,"lower_bound":17.110384090366342,"upper_bound":17.124219818547648},"point_estimate":17.11909690645033,"standard_error":0.003319013817199013},"median_abs_dev":{"confidence_interval":{"confidence_level":0.95,"lower_bound":0.018139216630782187,"upper_bound":0.03313859999748303},"point_estimate":0.022871918379404717,"standard_error":0.0037025038047614773},"slope":{"confidence_interval":{"confidence_level":0.95,"lower_bound":17.116914846802196,"upper_bound":17.133201188464852},"point_estimate":17.12415418912603,"standard_error":0.004168968698153329},"std_dev":{"confidence_interval":{"confidence_level":0.95,"lower_bound":0.040512207641105163,"upper_bound":0.22674122837569285},"point_estimate":0.13900942438075495,"standard_error":0.05940140465865779}}