{"mean":{"confidence_interval":{"confidence_level":0.95,"lower_bound":17.212488546454278,"upper_bound":17.339464285280986},"point_estimate":17.26757500591076,"standard_error":0.03260562768081808},"median":{"confidence_interval":{"confidence_level":0.95,"lower_bound":17.19194660236891,"upper_bound":17.203906217454694},"point_estimate":17.195582388111152,"standard_error":0.003472648707625592},"median_abs_dev":{"confidence_interval":{"confidence_level":0.95,"lower_bound":0.016809063713981276,"upper_bound":0.030059715324144812},"point_estimate":0.020975078077804712,"standard_error":0.00348819538981592},"slope":{"confidence_interval":{"confidence_level":0.95,"lower_bound":17.205971242259533,"upper_bound":17.389353249048188},"point_estimate":17.28164370013837,"standard_error":0.04803698606294362},"std_dev":{"confidence_interval":{"confidence_level":0.95,"lower_bound":0.08222040644732041,"upper_bound":0.48349198642012226},"point_estimate":0.3275294234639776,"standard_error":0.09708094391637613}}