{"mean":{"confidence_interval":{"confidence_level":0.95,"lower_bound":17.213277904006063,"upper_bound":17.243244235261077},"point_estimate":17.226427193634784,"standard_error":0.00768724026107484},"median":{"confidence_interval":{"confidence_level":0.95,"lower_bound":17.208303827662032,"upper_bound":17.22615976268468},"point_estimate":17.219714931559437,"standard_error":0.005697303818136317},"median_abs_dev":{"confidence_interval":{"confidence_level":0.95,"lower_bound":0.02624912720793888,"upper_bound":0.043330835266808795},"point_estimate":0.03634751678704885,"standard_error":0.004457884209281709},"slope":{"confidence_interval":{"confidence_level":0.95,"lower_bound":17.208843384495875,"upper_bound":17.225032404813557},"point_estimate":17.216754254265116,"standard_error":0.004121782712501886},"std_dev":{"confidence_interval":{"confidence_level":0.95,"lower_bound":0.039450457893299755,"upper_bound":0.11665482384232351},"point_estimate":0.077574544675248,"standard_error":0.022692126922319974}}