{"mean":{"confidence_interval":{"confidence_level":0.95,"lower_bound":49.79429853380873,"upper_bound":50.31635552246655},"point_estimate":49.99297366070869,"standard_error":0.1390364057283146},"median":{"confidence_interval":{"confidence_level":0.95,"lower_bound":49.763245511417885,"upper_bound":49.85846812324455},"point_estimate":49.808976582609844,"standard_error":0.02498319518822129},"median_abs_dev":{"confidence_interval":{"confidence_level":0.95,"lower_bound":0.15192198679840466,"upper_bound":0.27615163141732957},"point_estimate":0.1974475343969987,"standard_error":0.03171092063688889},"slope":{"confidence_interval":{"confidence_level":0.95,"lower_bound":49.78545226048593,"upper_bound":51.011696099159536},"point_estimate":50.1886716470815,"standard_error":0.3604057705228337},"std_dev":{"confidence_interval":{"confidence_level":0.95,"lower_bound":0.22675854127762254,"upper_bound":2.3186050860091347},"point_estimate":1.3946539984645772,"standard_error":0.6454876512260376}}