{"mean":{"confidence_interval":{"confidence_level":0.95,"lower_bound":42.19675141861421,"upper_bound":42.35445841930651},"point_estimate":42.26171033731456,"standard_error":0.041008383751200535},"median":{"confidence_interval":{"confidence_level":0.95,"lower_bound":42.17491255510132,"upper_bound":42.28624319796385},"point_estimate":42.22140085872041,"standard_error":0.02704555232723422},"median_abs_dev":{"confidence_interval":{"confidence_level":0.95,"lower_bound":0.14566013652906482,"upper_bound":0.22708195854473845},"point_estimate":0.18767986088410005,"standard_error":0.020655366045402877},"slope":{"confidence_interval":{"confidence_level":0.95,"lower_bound":42.231134131297416,"upper_bound":42.30769301273075},"point_estimate":42.27045955951438,"standard_error":0.019510408564177087},"std_dev":{"confidence_interval":{"confidence_level":0.95,"lower_bound":0.17173377084249605,"upper_bound":0.6576251690449043},"point_estimate":0.4112848792376023,"standard_error":0.15908882425288642}}