{"mean":{"confidence_interval":{"confidence_level":0.95,"lower_bound":51.9962407069293,"upper_bound":52.0950608897532},"point_estimate":52.042843334695526,"standard_error":0.025240935706196822},"median":{"confidence_interval":{"confidence_level":0.95,"lower_bound":51.99996995485717,"upper_bound":52.06913009626825},"point_estimate":52.035543871333346,"standard_error":0.02080207712383415},"median_abs_dev":{"confidence_interval":{"confidence_level":0.95,"lower_bound":0.11962756372995419,"upper_bound":0.21488192744744442},"point_estimate":0.16472049978650985,"standard_error":0.02466068154520162},"slope":{"confidence_interval":{"confidence_level":0.95,"lower_bound":51.988833003938204,"upper_bound":52.056765071015306},"point_estimate":52.02296450720148,"standard_error":0.01730073101390127},"std_dev":{"confidence_interval":{"confidence_level":0.95,"lower_bound":0.17064672865643188,"upper_bound":0.3462442745778808},"point_estimate":0.25357393915963405,"standard_error":0.0478972281429203}}