{"mean":{"confidence_interval":{"confidence_level":0.95,"lower_bound":49.83330586486649,"upper_bound":49.99930243839432},"point_estimate":49.89962218335231,"standard_error":0.04389725216745858},"median":{"confidence_interval":{"confidence_level":0.95,"lower_bound":49.817203716046194,"upper_bound":49.885839591505544},"point_estimate":49.852611686861565,"standard_error":0.019233459266023503},"median_abs_dev":{"confidence_interval":{"confidence_level":0.95,"lower_bound":0.10164889905599857,"upper_bound":0.16621668884457738},"point_estimate":0.12540079332611617,"standard_error":0.015968843586820946},"slope":{"confidence_interval":{"confidence_level":0.95,"lower_bound":49.83004011953764,"upper_bound":49.879210227135424},"point_estimate":49.85504029301141,"standard_error":0.012518584407081326},"std_dev":{"confidence_interval":{"confidence_level":0.95,"lower_bound":0.14801597439622732,"upper_bound":0.7199559023558108},"point_estimate":0.4404202460329805,"standard_error":0.18998409390832527}}