{"mean":{"confidence_interval":{"confidence_level":0.95,"lower_bound":4667.845216825245,"upper_bound":4674.666216910968},"point_estimate":4671.161029527127,"standard_error":1.7396124021564647},"median":{"confidence_interval":{"confidence_level":0.95,"lower_bound":4665.597602201258,"upper_bound":4674.993105950653},"point_estimate":4669.5236169213695,"standard_error":2.7045122027816277},"median_abs_dev":{"confidence_interval":{"confidence_level":0.95,"lower_bound":11.426045616976166,"upper_bound":17.796998224367215},"point_estimate":14.201147099600096,"standard_error":1.558090165474667},"slope":{"confidence_interval":{"confidence_level":0.95,"lower_bound":4664.7793413969675,"upper_bound":4670.576923319538},"point_estimate":4667.626458590664,"standard_error":1.4742710886647756},"std_dev":{"confidence_interval":{"confidence_level":0.95,"lower_bound":13.077503382895339,"upper_bound":21.94133868477356},"point_estimate":17.470059575608527,"standard_error":2.296984305527688}}