{"mean":{"confidence_interval":{"confidence_level":0.95,"lower_bound":4632.560539699391,"upper_bound":4633.356031432499},"point_estimate":4632.961993809491,"standard_error":0.20302033225240645},"median":{"confidence_interval":{"confidence_level":0.95,"lower_bound":4632.679439252336,"upper_bound":4633.456497552292},"point_estimate":4632.998595840205,"standard_error":0.21283812337106753},"median_abs_dev":{"confidence_interval":{"confidence_level":0.95,"lower_bound":1.108650144252925,"upper_bound":1.7517319988088276},"point_estimate":1.3704715031908405,"standard_error":0.16291079465160666},"slope":{"confidence_interval":{"confidence_level":0.95,"lower_bound":4633.3327814210115,"upper_bound":4634.082909531098},"point_estimate":4633.691340300441,"standard_error":0.191827086475265},"std_dev":{"confidence_interval":{"confidence_level":0.95,"lower_bound":1.5237152550737556,"upper_bound":2.5362955390515727},"point_estimate":2.037572131941919,"standard_error":0.26084566345340027}}