{"mean":{"confidence_interval":{"confidence_level":0.95,"lower_bound":4580.139800738483,"upper_bound":4584.788034143332},"point_estimate":4582.135423187736,"standard_error":1.2026697457651672},"median":{"confidence_interval":{"confidence_level":0.95,"lower_bound":4578.738004879371,"upper_bound":4581.630301890342},"point_estimate":4580.453903538715,"standard_error":0.7551194892921355},"median_abs_dev":{"confidence_interval":{"confidence_level":0.95,"lower_bound":4.328992377227974,"upper_bound":6.920794005033654},"point_estimate":5.907534604798217,"standard_error":0.6749864597365989},"slope":{"confidence_interval":{"confidence_level":0.95,"lower_bound":4580.352332429363,"upper_bound":4582.558408272026},"point_estimate":4581.439911089259,"standard_error":0.562102808519185},"std_dev":{"confidence_interval":{"confidence_level":0.95,"lower_bound":4.9848594709029825,"upper_bound":18.690488310931762},"point_estimate":12.078985309347486,"standard_error":3.9038424131727103}}