{"mean":{"confidence_interval":{"confidence_level":0.95,"lower_bound":6447.507679743029,"upper_bound":6448.544076021279},"point_estimate":6447.99666891692,"standard_error":0.26546550584377465},"median":{"confidence_interval":{"confidence_level":0.95,"lower_bound":6446.960466004583,"upper_bound":6447.588636363636},"point_estimate":6447.286059528707,"standard_error":0.15181840332118995},"median_abs_dev":{"confidence_interval":{"confidence_level":0.95,"lower_bound":0.8646706530977999,"upper_bound":1.5247036835586296},"point_estimate":1.2811904596824681,"standard_error":0.1722373986542079},"slope":{"confidence_interval":{"confidence_level":0.95,"lower_bound":6447.117549155276,"upper_bound":6447.76891885748},"point_estimate":6447.42963430245,"standard_error":0.16649865081357834},"std_dev":{"confidence_interval":{"confidence_level":0.95,"lower_bound":1.8183248944212478,"upper_bound":3.3962003540651984},"point_estimate":2.6762661135762715,"standard_error":0.404105167352672}}