{"mean":{"confidence_interval":{"confidence_level":0.95,"lower_bound":6423.096091767369,"upper_bound":6424.16515319968},"point_estimate":6423.570527551263,"standard_error":0.2743695343363639},"median":{"confidence_interval":{"confidence_level":0.95,"lower_bound":6422.828134353176,"upper_bound":6423.538473642801},"point_estimate":6423.286270238536,"standard_error":0.18051560018221832},"median_abs_dev":{"confidence_interval":{"confidence_level":0.95,"lower_bound":1.077950994082038,"upper_bound":1.6561280256836988},"point_estimate":1.3681827930343597,"standard_error":0.15009967814724254},"slope":{"confidence_interval":{"confidence_level":0.95,"lower_bound":6423.104314688835,"upper_bound":6423.767438609799},"point_estimate":6423.4143525744,"standard_error":0.16846055810729468},"std_dev":{"confidence_interval":{"confidence_level":0.95,"lower_bound":1.2939858256929984,"upper_bound":4.13117018974071},"point_estimate":2.752369641962658,"standard_error":0.7714757532841972}}