{"mean":{"confidence_interval":{"confidence_level":0.95,"lower_bound":76.36114440037365,"upper_bound":76.5245523029284},"point_estimate":76.43275040148359,"standard_error":0.04216475329519403},"median":{"confidence_interval":{"confidence_level":0.95,"lower_bound":76.34208564672014,"upper_bound":76.42806330968538},"point_estimate":76.37417455171814,"standard_error":0.022375319748028404},"median_abs_dev":{"confidence_interval":{"confidence_level":0.95,"lower_bound":0.12506412926693586,"upper_bound":0.2053777168513302},"point_estimate":0.15080105279573502,"standard_error":0.020529231939090137},"slope":{"confidence_interval":{"confidence_level":0.95,"lower_bound":76.35676838727805,"upper_bound":76.4326881148501},"point_estimate":76.39363262601731,"standard_error":0.019367153498684928},"std_dev":{"confidence_interval":{"confidence_level":0.95,"lower_bound":0.17159579903769515,"upper_bound":0.637835055031833},"point_estimate":0.4251200508765939,"standard_error":0.12506584165202278}}