{"mean":{"confidence_interval":{"confidence_level":0.95,"lower_bound":99.10353572634727,"upper_bound":99.29219897897914},"point_estimate":99.17344106741263,"standard_error":0.053172479554273615},"median":{"confidence_interval":{"confidence_level":0.95,"lower_bound":99.07708611234852,"upper_bound":99.12938239133956},"point_estimate":99.09923470390127,"standard_error":0.012442916679732212},"median_abs_dev":{"confidence_interval":{"confidence_level":0.95,"lower_bound":0.07532708507568268,"upper_bound":0.11396815366821007},"point_estimate":0.09733029985299037,"standard_error":0.009967066043269534},"slope":{"confidence_interval":{"confidence_level":0.95,"lower_bound":99.07579184250237,"upper_bound":99.12734668351277},"point_estimate":99.09966673102724,"standard_error":0.013149379838110622},"std_dev":{"confidence_interval":{"confidence_level":0.95,"lower_bound":0.09813017704900656,"upper_bound":0.9026585772023563},"point_estimate":0.534784376508892,"standard_error":0.2782207185314498}}