{"mean":{"confidence_interval":{"confidence_level":0.95,"lower_bound":94.48658797519417,"upper_bound":94.56305529395188},"point_estimate":94.52084022241186,"standard_error":0.019590473940074075},"median":{"confidence_interval":{"confidence_level":0.95,"lower_bound":94.45386790484604,"upper_bound":94.50406293458403},"point_estimate":94.47140288018669,"standard_error":0.01278885361715446},"median_abs_dev":{"confidence_interval":{"confidence_level":0.95,"lower_bound":0.0669744123740876,"upper_bound":0.1163710398803162},"point_estimate":0.08571915431638807,"standard_error":0.012874481937907288},"slope":{"confidence_interval":{"confidence_level":0.95,"lower_bound":94.47391017163027,"upper_bound":94.52087099854911},"point_estimate":94.49529980878822,"standard_error":0.011982704782707338},"std_dev":{"confidence_interval":{"confidence_level":0.95,"lower_bound":0.10219576907586121,"upper_bound":0.2863188611974167},"point_estimate":0.19759255400660064,"standard_error":0.04924526031507093}}