{"mean":{"confidence_interval":{"confidence_level":0.95,"lower_bound":92563.51595806917,"upper_bound":92929.43578868802},"point_estimate":92718.7168402099,"standard_error":94.77077617824013},"median":{"confidence_interval":{"confidence_level":0.95,"lower_bound":92470.55818181818,"upper_bound":92677.71115423902},"point_estimate":92571.05312049063,"standard_error":46.45060023696387},"median_abs_dev":{"confidence_interval":{"confidence_level":0.95,"lower_bound":346.17790783137974,"upper_bound":563.7691352966093},"point_estimate":441.53712493183224,"standard_error":52.21129548248906},"slope":{"confidence_interval":{"confidence_level":0.95,"lower_bound":92562.5108340805,"upper_bound":92822.02550088013},"point_estimate":92691.30552467187,"standard_error":66.25174613138653},"std_dev":{"confidence_interval":{"confidence_level":0.95,"lower_bound":425.81303336791797,"upper_bound":1498.918271389281},"point_estimate":955.0344851121306,"standard_error":344.81721122976836}}