{"mean":{"confidence_interval":{"confidence_level":0.95,"lower_bound":213.10645920337225,"upper_bound":213.16939801314484},"point_estimate":213.13711234708626,"standard_error":0.016034712509633047},"median":{"confidence_interval":{"confidence_level":0.95,"lower_bound":213.1083085765488,"upper_bound":213.14744340252324},"point_estimate":213.1281966420316,"standard_error":0.009064527823917277},"median_abs_dev":{"confidence_interval":{"confidence_level":0.95,"lower_bound":0.05503212973270045,"upper_bound":0.09238646534874027},"point_estimate":0.07339067431905273,"standard_error":0.009618738737518178},"slope":{"confidence_interval":{"confidence_level":0.95,"lower_bound":213.11935243622628,"upper_bound":213.15316323807508},"point_estimate":213.135233899598,"standard_error":0.008598893798598288},"std_dev":{"confidence_interval":{"confidence_level":0.95,"lower_bound":0.10763269873576246,"upper_bound":0.20918762528954837},"point_estimate":0.1609843723771672,"standard_error":0.025974929210225806}}