{"mean":{"confidence_interval":{"confidence_level":0.95,"lower_bound":441.61547587302505,"upper_bound":442.9888393007916},"point_estimate":442.12479296695375,"standard_error":0.3766367327483675},"median":{"confidence_interval":{"confidence_level":0.95,"lower_bound":441.3969264455437,"upper_bound":441.63572065757614},"point_estimate":441.4898740495306,"standard_error":0.0640252094240662},"median_abs_dev":{"confidence_interval":{"confidence_level":0.95,"lower_bound":0.2500906049185297,"upper_bound":0.45662417352456297},"point_estimate":0.352512427580481,"standard_error":0.05261137977935812},"slope":{"confidence_interval":{"confidence_level":0.95,"lower_bound":441.5879139520764,"upper_bound":442.1654430110633},"point_estimate":441.814602307968,"standard_error":0.1529580727512645},"std_dev":{"confidence_interval":{"confidence_level":0.95,"lower_bound":0.5088462730031047,"upper_bound":6.365471788419414},"point_estimate":3.78622581327794,"standard_error":1.892633304391066}}