{"mean":{"confidence_interval":{"confidence_level":0.95,"lower_bound":442.05665652356384,"upper_bound":443.55212877218634},"point_estimate":442.60303309814356,"standard_error":0.42959147711382745},"median":{"confidence_interval":{"confidence_level":0.95,"lower_bound":441.86558776164,"upper_bound":442.0868144132653},"point_estimate":441.9209985849809,"standard_error":0.0607881606892421},"median_abs_dev":{"confidence_interval":{"confidence_level":0.95,"lower_bound":0.36238264474335957,"upper_bound":0.6454647759900641},"point_estimate":0.45467454712686284,"standard_error":0.07293901304049567},"slope":{"confidence_interval":{"confidence_level":0.95,"lower_bound":442.00391702595533,"upper_bound":442.3130255038732},"point_estimate":442.1526348627267,"standard_error":0.07882682758642817},"std_dev":{"confidence_interval":{"confidence_level":0.95,"lower_bound":0.6868900959173345,"upper_bound":7.293411600405191},"point_estimate":4.3058335950249935,"standard_error":2.301938050096871}}