{"mean":{"confidence_interval":{"confidence_level":0.95,"lower_bound":441.12184064120487,"upper_bound":442.3983850826439},"point_estimate":441.63062063288066,"standard_error":0.3358197455915482},"median":{"confidence_interval":{"confidence_level":0.95,"lower_bound":440.9665259150753,"upper_bound":441.2175183204595},"point_estimate":441.0573354387497,"standard_error":0.07275780552887205},"median_abs_dev":{"confidence_interval":{"confidence_level":0.95,"lower_bound":0.38669867121254264,"upper_bound":0.6328470413612203},"point_estimate":0.47526316121513584,"standard_error":0.05860734149973687},"slope":{"confidence_interval":{"confidence_level":0.95,"lower_bound":441.14788535047927,"upper_bound":441.4334557438001},"point_estimate":441.28341085645,"standard_error":0.07311442610708085},"std_dev":{"confidence_interval":{"confidence_level":0.95,"lower_bound":0.5101317414366042,"upper_bound":5.476512365211544},"point_estimate":3.381102477782796,"standard_error":1.3950993346504736}}