{"mean":{"confidence_interval":{"confidence_level":0.95,"lower_bound":5364.596554553481,"upper_bound":5370.75173221204},"point_estimate":5367.283054538237,"standard_error":1.5852316775112532},"median":{"confidence_interval":{"confidence_level":0.95,"lower_bound":5363.0132841841705,"upper_bound":5365.727168664669},"point_estimate":5364.228581258666,"standard_error":0.6672912242742203},"median_abs_dev":{"confidence_interval":{"confidence_level":0.95,"lower_bound":4.799817990312738,"upper_bound":8.461803696868733},"point_estimate":7.242960901778921,"standard_error":0.9563687371092725},"slope":{"confidence_interval":{"confidence_level":0.95,"lower_bound":5363.301921078576,"upper_bound":5375.491289441239},"point_estimate":5367.727304127821,"standard_error":3.3995120197166404},"std_dev":{"confidence_interval":{"confidence_level":0.95,"lower_bound":6.615790656457685,"upper_bound":23.862733541657715},"point_estimate":15.915750540876214,"standard_error":4.654030372462474}}