{"mean":{"confidence_interval":{"confidence_level":0.95,"lower_bound":441.8679663814125,"upper_bound":443.98565422574904},"point_estimate":442.7912881967439,"standard_error":0.5385747173915295},"median":{"confidence_interval":{"confidence_level":0.95,"lower_bound":441.59458179981345,"upper_bound":441.8026368207414},"point_estimate":441.68714024707697,"standard_error":0.05865803446772825},"median_abs_dev":{"confidence_interval":{"confidence_level":0.95,"lower_bound":0.24532627409696214,"upper_bound":0.43930669172391423},"point_estimate":0.3225611427489299,"standard_error":0.04913740053927086},"slope":{"confidence_interval":{"confidence_level":0.95,"lower_bound":441.78513570520244,"upper_bound":444.2004743622787},"point_estimate":442.74189292303646,"standard_error":0.6414084302426635},"std_dev":{"confidence_interval":{"confidence_level":0.95,"lower_bound":0.639377750828858,"upper_bound":8.06589106634435},"point_estimate":5.394399725439403,"standard_error":1.7211471729557168}}