{"mean":{"confidence_interval":{"confidence_level":0.95,"lower_bound":389.4154933802955,"upper_bound":390.3519549468283},"point_estimate":389.8277620509083,"standard_error":0.24182472262245394},"median":{"confidence_interval":{"confidence_level":0.95,"lower_bound":388.98409733942515,"upper_bound":389.90544149953377},"point_estimate":389.27308727222686,"standard_error":0.22239843216026528},"median_abs_dev":{"confidence_interval":{"confidence_level":0.95,"lower_bound":0.4796341827989382,"upper_bound":1.406046683974399},"point_estimate":0.910412831858988,"standard_error":0.23567802258876588},"slope":{"confidence_interval":{"confidence_level":0.95,"lower_bound":389.011202719494,"upper_bound":389.45192295387807},"point_estimate":389.20327794080436,"standard_error":0.11303982727950138},"std_dev":{"confidence_interval":{"confidence_level":0.95,"lower_bound":0.8451634278787541,"upper_bound":2.5891594816133465},"point_estimate":1.725895743815331,"standard_error":0.5217275002294557}}