{"mean":{"confidence_interval":{"confidence_level":0.95,"lower_bound":384.56131710945294,"upper_bound":385.1007141547799},"point_estimate":384.7915263655202,"standard_error":0.13882053608212713},"median":{"confidence_interval":{"confidence_level":0.95,"lower_bound":384.50549091137805,"upper_bound":384.8119246696384},"point_estimate":384.67744170041027,"standard_error":0.079889016161804},"median_abs_dev":{"confidence_interval":{"confidence_level":0.95,"lower_bound":0.2743143324153083,"upper_bound":0.5163746850553315},"point_estimate":0.38311466324774907,"standard_error":0.062400877440564134},"slope":{"confidence_interval":{"confidence_level":0.95,"lower_bound":384.63791398825106,"upper_bound":385.04813043234},"point_estimate":384.8156236033204,"standard_error":0.10650370334985611},"std_dev":{"confidence_interval":{"confidence_level":0.95,"lower_bound":0.39774695431326224,"upper_bound":1.5364872959113363},"point_estimate":0.9920200692832768,"standard_error":0.3391819316220455}}