{"mean":{"confidence_interval":{"confidence_level":0.95,"lower_bound":384.7346701845743,"upper_bound":391.02203611673417},"point_estimate":387.25217068266664,"standard_error":1.667107155810893},"median":{"confidence_interval":{"confidence_level":0.95,"lower_bound":384.47224544425865,"upper_bound":384.70943790849674},"point_estimate":384.620290663691,"standard_error":0.06453575964149533},"median_abs_dev":{"confidence_interval":{"confidence_level":0.95,"lower_bound":0.21130407192800948,"upper_bound":0.49699347532621657},"point_estimate":0.3337085746738224,"standard_error":0.07259900842125003},"slope":{"confidence_interval":{"confidence_level":0.95,"lower_bound":384.5155920623472,"upper_bound":385.58783532735254},"point_estimate":384.9178491022113,"standard_error":0.2819426739798469},"std_dev":{"confidence_interval":{"confidence_level":0.95,"lower_bound":0.7660208928140749,"upper_bound":18.879753761862826},"point_estimate":11.937896568440529,"standard_error":4.896481610343116}}