{"mean":{"confidence_interval":{"confidence_level":0.95,"lower_bound":389.5358535503887,"upper_bound":390.06986660048943},"point_estimate":389.75390311553167,"standard_error":0.1402198323019156},"median":{"confidence_interval":{"confidence_level":0.95,"lower_bound":389.41060978879796,"upper_bound":389.68286484449067},"point_estimate":389.510684645394,"standard_error":0.07437712859942917},"median_abs_dev":{"confidence_interval":{"confidence_level":0.95,"lower_bound":0.24898576841444472,"upper_bound":0.5666110304874602},"point_estimate":0.38298800486766316,"standard_error":0.08186192143860115},"slope":{"confidence_interval":{"confidence_level":0.95,"lower_bound":389.5551975298065,"upper_bound":389.83489319113636},"point_estimate":389.6858669428699,"standard_error":0.07136960583165294},"std_dev":{"confidence_interval":{"confidence_level":0.95,"lower_bound":0.34805732740081746,"upper_bound":1.59234801291684},"point_estimate":0.9991415055011627,"standard_error":0.39658299721623735}}