{"mean":{"confidence_interval":{"confidence_level":0.95,"lower_bound":1306.234995037224,"upper_bound":1307.7554786895587},"point_estimate":1306.8460659743657,"standard_error":0.3989174033292712},"median":{"confidence_interval":{"confidence_level":0.95,"lower_bound":1305.9610199538258,"upper_bound":1306.3700005837572},"point_estimate":1306.1959899154326,"standard_error":0.09980893102505191},"median_abs_dev":{"confidence_interval":{"confidence_level":0.95,"lower_bound":0.6348661227988204,"upper_bound":1.1898024003902732},"point_estimate":0.8827365208700223,"standard_error":0.14017558643756067},"slope":{"confidence_interval":{"confidence_level":0.95,"lower_bound":1306.2725901245487,"upper_bound":1307.292606151909},"point_estimate":1306.699571012983,"standard_error":0.2650547016955509},"std_dev":{"confidence_interval":{"confidence_level":0.95,"lower_bound":1.2046714370224267,"upper_bound":6.496718085579006},"point_estimate":4.00330908617099,"standard_error":1.642643080176711}}