{"mean":{"confidence_interval":{"confidence_level":0.95,"lower_bound":60630.56621532134,"upper_bound":60662.44123917572},"point_estimate":60645.288599144595,"standard_error":8.190683666558424},"median":{"confidence_interval":{"confidence_level":0.95,"lower_bound":60622.05571266968,"upper_bound":60634.994652406414},"point_estimate":60628.32892156862,"standard_error":3.2985021424977896},"median_abs_dev":{"confidence_interval":{"confidence_level":0.95,"lower_bound":30.83081180559086,"upper_bound":57.45597626894788},"point_estimate":45.05145808253501,"standard_error":6.860921507034614},"slope":{"confidence_interval":{"confidence_level":0.95,"lower_bound":60618.72488259595,"upper_bound":60638.00100577056},"point_estimate":60627.58533436487,"standard_error":4.92010949766675},"std_dev":{"confidence_interval":{"confidence_level":0.95,"lower_bound":50.812530488327454,"upper_bound":114.04581505862964},"point_estimate":82.25846460562924,"standard_error":16.837997568908904}}