{"mean":{"confidence_interval":{"confidence_level":0.95,"lower_bound":60604.95010879326,"upper_bound":60643.37963771068},"point_estimate":60623.64671118884,"standard_error":9.810785429640514},"median":{"confidence_interval":{"confidence_level":0.95,"lower_bound":60588.36498936924,"upper_bound":60630.02111613876},"point_estimate":60604.67143614202,"standard_error":12.223735725463458},"median_abs_dev":{"confidence_interval":{"confidence_level":0.95,"lower_bound":71.2315951080183,"upper_bound":122.00850725452622},"point_estimate":92.46549405315676,"standard_error":13.332595229995075},"slope":{"confidence_interval":{"confidence_level":0.95,"lower_bound":60605.243894326275,"upper_bound":60645.4365244688},"point_estimate":60625.2443971175,"standard_error":10.228560346964258},"std_dev":{"confidence_interval":{"confidence_level":0.95,"lower_bound":81.7956703930007,"upper_bound":113.91117478627172},"point_estimate":98.64010779625005,"standard_error":8.23649727654365}}