{"mean":{"confidence_interval":{"confidence_level":0.95,"lower_bound":3684.564306765861,"upper_bound":3685.3053603385706},"point_estimate":3684.911689945817,"standard_error":0.18946624053968408},"median":{"confidence_interval":{"confidence_level":0.95,"lower_bound":3684.2298398627395,"upper_bound":3684.7894558972625},"point_estimate":3684.5375368126297,"standard_error":0.14470098968627249},"median_abs_dev":{"confidence_interval":{"confidence_level":0.95,"lower_bound":0.8355258501935718,"upper_bound":1.4406003720466425},"point_estimate":1.1322965352904397,"standard_error":0.1482813097679331},"slope":{"confidence_interval":{"confidence_level":0.95,"lower_bound":3684.4509666428676,"upper_bound":3685.0935631820557},"point_estimate":3684.7437868773836,"standard_error":0.16455087671674656},"std_dev":{"confidence_interval":{"confidence_level":0.95,"lower_bound":1.2662891462009738,"upper_bound":2.5113086622114773},"point_estimate":1.905842472271946,"standard_error":0.32278586193031944}}