{"mean":{"confidence_interval":{"confidence_level":0.95,"lower_bound":3044.4672521716316,"upper_bound":3050.8830129444427},"point_estimate":3047.5715920619946,"standard_error":1.640879935050863},"median":{"confidence_interval":{"confidence_level":0.95,"lower_bound":3037.3720538720536,"upper_bound":3045.2019400352733},"point_estimate":3040.0610437065416,"standard_error":1.9621811882641658},"median_abs_dev":{"confidence_interval":{"confidence_level":0.95,"lower_bound":4.811804484210899,"upper_bound":14.246011035655396},"point_estimate":8.263255277410634,"standard_error":2.4004814998610158},"slope":{"confidence_interval":{"confidence_level":0.95,"lower_bound":3045.057183840651,"upper_bound":3052.794751962857},"point_estimate":3048.768887155714,"standard_error":1.9735999955509056},"std_dev":{"confidence_interval":{"confidence_level":0.95,"lower_bound":13.560506757400567,"upper_bound":18.96816583509051},"point_estimate":16.518247365869854,"standard_error":1.3846468803727314}}