{"mean":{"confidence_interval":{"confidence_level":0.95,"lower_bound":3062.040115092621,"upper_bound":3062.7513893005653},"point_estimate":3062.3870567747495,"standard_error":0.18150271032773443},"median":{"confidence_interval":{"confidence_level":0.95,"lower_bound":3061.928858024691,"upper_bound":3062.524512289343},"point_estimate":3062.238820593643,"standard_error":0.12940220964061488},"median_abs_dev":{"confidence_interval":{"confidence_level":0.95,"lower_bound":1.058435059589316,"upper_bound":1.9442600477872471},"point_estimate":1.529793930169794,"standard_error":0.23675162530530128},"slope":{"confidence_interval":{"confidence_level":0.95,"lower_bound":3061.950374557336,"upper_bound":3062.681140036515},"point_estimate":3062.291112807798,"standard_error":0.18685223867058234},"std_dev":{"confidence_interval":{"confidence_level":0.95,"lower_bound":1.4678384983451844,"upper_bound":2.1539355247307395},"point_estimate":1.8264838664627614,"standard_error":0.1758719497450176}}