{"mean":{"confidence_interval":{"confidence_level":0.95,"lower_bound":3106.4939494155046,"upper_bound":3107.6949215661302},"point_estimate":3107.086189374519,"standard_error":0.30534370207884537},"median":{"confidence_interval":{"confidence_level":0.95,"lower_bound":3106.510016025641,"upper_bound":3107.6530505952383},"point_estimate":3107.0334375,"standard_error":0.3315165141526752},"median_abs_dev":{"confidence_interval":{"confidence_level":0.95,"lower_bound":1.5981288277881855,"upper_bound":2.8412199685955057},"point_estimate":2.0670992618307045,"standard_error":0.3185411578427335},"slope":{"confidence_interval":{"confidence_level":0.95,"lower_bound":3107.0220608586346,"upper_bound":3107.9314395420874},"point_estimate":3107.485183417689,"standard_error":0.23208204262613633},"std_dev":{"confidence_interval":{"confidence_level":0.95,"lower_bound":2.3820993376617285,"upper_bound":3.7007600104959866},"point_estimate":3.060352221142139,"standard_error":0.33836282584550803}}