{"mean":{"confidence_interval":{"confidence_level":0.95,"lower_bound":271.71312095417096,"upper_bound":272.8235480758907},"point_estimate":272.2080761734682,"standard_error":0.2862731097363979},"median":{"confidence_interval":{"confidence_level":0.95,"lower_bound":271.43899022854976,"upper_bound":271.7717008671761},"point_estimate":271.6428146588001,"standard_error":0.07135450907751892},"median_abs_dev":{"confidence_interval":{"confidence_level":0.95,"lower_bound":0.5340234301355681,"upper_bound":0.9047673275917746},"point_estimate":0.756798551990011,"standard_error":0.09196492099606571},"slope":{"confidence_interval":{"confidence_level":0.95,"lower_bound":271.59816230131156,"upper_bound":273.36006567947805},"point_estimate":272.34295003508777,"standard_error":0.460011381757384},"std_dev":{"confidence_interval":{"confidence_level":0.95,"lower_bound":1.4310889182335276,"upper_bound":3.9917029151957046},"point_estimate":2.8660079129773104,"standard_error":0.6740419883286597}}