{"mean":{"confidence_interval":{"confidence_level":0.95,"lower_bound":332.33044131984036,"upper_bound":333.0997544882444},"point_estimate":332.6647734418855,"standard_error":0.19775313920600762},"median":{"confidence_interval":{"confidence_level":0.95,"lower_bound":332.14755328036404,"upper_bound":332.5018405943938},"point_estimate":332.363173444038,"standard_error":0.07977061436345516},"median_abs_dev":{"confidence_interval":{"confidence_level":0.95,"lower_bound":0.503533806118783,"upper_bound":0.7715838849907003},"point_estimate":0.6041821582619954,"standard_error":0.06730547047835234},"slope":{"confidence_interval":{"confidence_level":0.95,"lower_bound":332.3395600266713,"upper_bound":333.1275500296893},"point_estimate":332.67142905253644,"standard_error":0.20376407146209652},"std_dev":{"confidence_interval":{"confidence_level":0.95,"lower_bound":0.8221769558648958,"upper_bound":3.024755353368385},"point_estimate":1.99334393753636,"standard_error":0.5942927699959534}}