{"mean":{"confidence_interval":{"confidence_level":0.95,"lower_bound":9582.376057218049,"upper_bound":9585.355902845735},"point_estimate":9583.694575493293,"standard_error":0.76323002617544},"median":{"confidence_interval":{"confidence_level":0.95,"lower_bound":9581.657451923076,"upper_bound":9582.295138888889},"point_estimate":9582.01015625,"standard_error":0.15596119174043366},"median_abs_dev":{"confidence_interval":{"confidence_level":0.95,"lower_bound":1.4233773334128963,"upper_bound":3.3207031862401157},"point_estimate":2.2461153616992084,"standard_error":0.48732194134147244},"slope":{"confidence_interval":{"confidence_level":0.95,"lower_bound":9581.343103521513,"upper_bound":9583.095203090714},"point_estimate":9582.150240420138,"standard_error":0.4477343339878081},"std_dev":{"confidence_interval":{"confidence_level":0.95,"lower_bound":3.2849950846233362,"upper_bound":10.968697256474204},"point_estimate":7.654867456004855,"standard_error":1.9646114392552498}}