{"mean":{"confidence_interval":{"confidence_level":0.95,"lower_bound":22.450547645773632,"upper_bound":22.4580556803303},"point_estimate":22.454179342877683,"standard_error":0.0019194253864917986},"median":{"confidence_interval":{"confidence_level":0.95,"lower_bound":22.448042348175584,"upper_bound":22.45495524803362},"point_estimate":22.4519586507678,"standard_error":0.001701005056110436},"median_abs_dev":{"confidence_interval":{"confidence_level":0.95,"lower_bound":0.010887249197679373,"upper_bound":0.01922406514638736},"point_estimate":0.01439188365174542,"standard_error":0.0021865510134750966},"slope":{"confidence_interval":{"confidence_level":0.95,"lower_bound":22.45239936523245,"upper_bound":22.4597724245226},"point_estimate":22.45600422445122,"standard_error":0.0018833069833507354},"std_dev":{"confidence_interval":{"confidence_level":0.95,"lower_bound":0.014487120748525935,"upper_bound":0.023758062151155723},"point_estimate":0.019233605658632587,"standard_error":0.0023799680946488427}}