{"mean":{"confidence_interval":{"confidence_level":0.95,"lower_bound":22.04668314892913,"upper_bound":22.057330632659266},"point_estimate":22.051997485852056,"standard_error":0.0027080094320991645},"median":{"confidence_interval":{"confidence_level":0.95,"lower_bound":22.050388977967813,"upper_bound":22.05600391947265},"point_estimate":22.05334069825151,"standard_error":0.0013575452785219643},"median_abs_dev":{"confidence_interval":{"confidence_level":0.95,"lower_bound":0.01217609770537928,"upper_bound":0.023546201319698774},"point_estimate":0.017255766906130093,"standard_error":0.0028174777561638816},"slope":{"confidence_interval":{"confidence_level":0.95,"lower_bound":22.04919669673468,"upper_bound":22.05620315667782},"point_estimate":22.052694898090525,"standard_error":0.001778541819971073},"std_dev":{"confidence_interval":{"confidence_level":0.95,"lower_bound":0.019385620426744122,"upper_bound":0.034532439099526364},"point_estimate":0.027093683898011076,"standard_error":0.00389286258546405}}