{"mean":{"confidence_interval":{"confidence_level":0.95,"lower_bound":372.623547174696,"upper_bound":373.1189936548356},"point_estimate":372.88597608887306,"standard_error":0.1266095783317756},"median":{"confidence_interval":{"confidence_level":0.95,"lower_bound":372.84773107572266,"upper_bound":373.2608213825828},"point_estimate":373.04738549769803,"standard_error":0.1172235186388077},"median_abs_dev":{"confidence_interval":{"confidence_level":0.95,"lower_bound":0.39834075153440984,"upper_bound":0.8625329376689562},"point_estimate":0.6132703728711689,"standard_error":0.1177828996793576},"slope":{"confidence_interval":{"confidence_level":0.95,"lower_bound":372.39374614944217,"upper_bound":372.9816018485215},"point_estimate":372.7051905383286,"standard_error":0.1502041528712828},"std_dev":{"confidence_interval":{"confidence_level":0.95,"lower_bound":0.6117925694702643,"upper_bound":1.140596037024027},"point_estimate":0.9026382567321624,"standard_error":0.1358234285297116}}