{"mean":{"confidence_interval":{"confidence_level":0.95,"lower_bound":373.71461281794933,"upper_bound":373.88318877807654},"point_estimate":373.7962203398352,"standard_error":0.04294999740107854},"median":{"confidence_interval":{"confidence_level":0.95,"lower_bound":373.67827258008384,"upper_bound":373.86560053123446},"point_estimate":373.7810523008926,"standard_error":0.05789240994053053},"median_abs_dev":{"confidence_interval":{"confidence_level":0.95,"lower_bound":0.1604652497727836,"upper_bound":0.28511795090500264},"point_estimate":0.23402618803406525,"standard_error":0.032403176028903954},"slope":{"confidence_interval":{"confidence_level":0.95,"lower_bound":373.6200602650729,"upper_bound":373.7459465814734},"point_estimate":373.6843336647914,"standard_error":0.03201293543037956},"std_dev":{"confidence_interval":{"confidence_level":0.95,"lower_bound":0.1930277409342459,"upper_bound":0.4013088018071228},"point_estimate":0.3069092486977092,"standard_error":0.05300540133196565}}