{"mean":{"confidence_interval":{"confidence_level":0.95,"lower_bound":934.8100423804375,"upper_bound":935.2250044348621},"point_estimate":935.0011027824996,"standard_error":0.10631388582092915},"median":{"confidence_interval":{"confidence_level":0.95,"lower_bound":934.6493399546134,"upper_bound":934.8790201633061},"point_estimate":934.7744574671067,"standard_error":0.05659370818472245},"median_abs_dev":{"confidence_interval":{"confidence_level":0.95,"lower_bound":0.42537043036616545,"upper_bound":0.7845696244849968},"point_estimate":0.5885479149591236,"standard_error":0.09315580431850981},"slope":{"confidence_interval":{"confidence_level":0.95,"lower_bound":934.8343997037848,"upper_bound":935.1852843139382},"point_estimate":935.0035951005358,"standard_error":0.08966191600117203},"std_dev":{"confidence_interval":{"confidence_level":0.95,"lower_bound":0.6576966195967114,"upper_bound":1.4923892108429906},"point_estimate":1.0691025615067982,"standard_error":0.2252015389280602}}