{"mean":{"confidence_interval":{"confidence_level":0.95,"lower_bound":934.9497631340244,"upper_bound":936.4136898403924},"point_estimate":935.5714278418378,"standard_error":0.3780547774822141},"median":{"confidence_interval":{"confidence_level":0.95,"lower_bound":934.6979068303431,"upper_bound":934.8560636883467},"point_estimate":934.7458086907543,"standard_error":0.04059985981706147},"median_abs_dev":{"confidence_interval":{"confidence_level":0.95,"lower_bound":0.2692866573876288,"upper_bound":0.45457328036590955},"point_estimate":0.35458069545932536,"standard_error":0.045952881864067874},"slope":{"confidence_interval":{"confidence_level":0.95,"lower_bound":934.8380242322402,"upper_bound":936.6096259237946},"point_estimate":935.5520189504892,"standard_error":0.46337064055853494},"std_dev":{"confidence_interval":{"confidence_level":0.95,"lower_bound":0.7790135637734351,"upper_bound":5.838547788349919},"point_estimate":3.799509675666691,"standard_error":1.2760005472291127}}