{"mean":{"confidence_interval":{"confidence_level":0.95,"lower_bound":17033.5483575309,"upper_bound":17084.288632794927},"point_estimate":17051.702027728537,"standard_error":15.102059224612722},"median":{"confidence_interval":{"confidence_level":0.95,"lower_bound":17030.035346650766,"upper_bound":17039.967070217917},"point_estimate":17035.45663541291,"standard_error":2.760586045256207},"median_abs_dev":{"confidence_interval":{"confidence_level":0.95,"lower_bound":13.67980391371058,"upper_bound":22.039278078170607},"point_estimate":17.59502655290523,"standard_error":2.205759484650461},"slope":{"confidence_interval":{"confidence_level":0.95,"lower_bound":17034.609243685456,"upper_bound":17041.321017138125},"point_estimate":17037.89248912344,"standard_error":1.711820635636541},"std_dev":{"confidence_interval":{"confidence_level":0.95,"lower_bound":17.029363929672645,"upper_bound":257.7782670428756},"point_estimate":151.18658296955073,"standard_error":85.02328362425033}}