{"mean":{"confidence_interval":{"confidence_level":0.95,"lower_bound":17416.43288765249,"upper_bound":17534.2295540629},"point_estimate":17465.474443480405,"standard_error":30.60278603787763},"median":{"confidence_interval":{"confidence_level":0.95,"lower_bound":17398.34017511006,"upper_bound":17411.714319988005},"point_estimate":17405.856271252746,"standard_error":3.784998151525146},"median_abs_dev":{"confidence_interval":{"confidence_level":0.95,"lower_bound":17.70938345689581,"upper_bound":29.622995269722672},"point_estimate":22.10660727310677,"standard_error":2.928899948576164},"slope":{"confidence_interval":{"confidence_level":0.95,"lower_bound":17407.622016838854,"upper_bound":17489.082840255596},"point_estimate":17441.39442023857,"standard_error":20.96671256293324},"std_dev":{"confidence_interval":{"confidence_level":0.95,"lower_bound":68.57621422338718,"upper_bound":491.9744068119112},"point_estimate":308.20671280110787,"standard_error":114.00807066009303}}