{"mean":{"confidence_interval":{"confidence_level":0.95,"lower_bound":17868.134905306717,"upper_bound":17931.714796734363},"point_estimate":17893.775827626403,"standard_error":16.585087017628826},"median":{"confidence_interval":{"confidence_level":0.95,"lower_bound":17858.37894021739,"upper_bound":17891.537766830872},"point_estimate":17877.145461309527,"standard_error":8.443520621096404},"median_abs_dev":{"confidence_interval":{"confidence_level":0.95,"lower_bound":48.528167998745104,"upper_bound":79.69613868738266},"point_estimate":60.650656765340685,"standard_error":8.096177442120336},"slope":{"confidence_interval":{"confidence_level":0.95,"lower_bound":17869.064525043523,"upper_bound":17892.52712108603},"point_estimate":17880.57455609154,"standard_error":5.974058260780604},"std_dev":{"confidence_interval":{"confidence_level":0.95,"lower_bound":57.737739526546,"upper_bound":269.23308520473665},"point_estimate":166.1631166031953,"standard_error":67.93439205910718}}