{"mean":{"confidence_interval":{"confidence_level":0.95,"lower_bound":1520.1207049245024,"upper_bound":1520.8919441727348},"point_estimate":1520.4745769775968,"standard_error":0.1982764384747246},"median":{"confidence_interval":{"confidence_level":0.95,"lower_bound":1519.8239422046936,"upper_bound":1519.95553973123},"point_estimate":1519.8499304428253,"standard_error":0.03797175416428354},"median_abs_dev":{"confidence_interval":{"confidence_level":0.95,"lower_bound":0.20482991019105165,"upper_bound":0.4213676193628673},"point_estimate":0.27170461382986133,"standard_error":0.052765819416903545},"slope":{"confidence_interval":{"confidence_level":0.95,"lower_bound":1519.956689883353,"upper_bound":1520.531749489832},"point_estimate":1520.20634147038,"standard_error":0.14829931756754305},"std_dev":{"confidence_interval":{"confidence_level":0.95,"lower_bound":1.1404806037559938,"upper_bound":2.656408453575771},"point_estimate":2.0004599486864403,"standard_error":0.3851609114652636}}