{"mean":{"confidence_interval":{"confidence_level":0.95,"lower_bound":1546.2216417743414,"upper_bound":1546.4659408047628},"point_estimate":1546.3434722989434,"standard_error":0.062181989366441655},"median":{"confidence_interval":{"confidence_level":0.95,"lower_bound":1546.2536852280543,"upper_bound":1546.5783931357255},"point_estimate":1546.435957846477,"standard_error":0.08164533793476242},"median_abs_dev":{"confidence_interval":{"confidence_level":0.95,"lower_bound":0.4411820270050476,"upper_bound":0.7822780567261909},"point_estimate":0.6183635176192681,"standard_error":0.08799717520138829},"slope":{"confidence_interval":{"confidence_level":0.95,"lower_bound":1545.992907838757,"upper_bound":1546.4333854449317},"point_estimate":1546.1979032272566,"standard_error":0.11256189358238246},"std_dev":{"confidence_interval":{"confidence_level":0.95,"lower_bound":0.5277697445909526,"upper_bound":0.7316706555812456},"point_estimate":0.6251644332677836,"standard_error":0.0528909766681932}}