{"mean":{"confidence_interval":{"confidence_level":0.95,"lower_bound":1558.5914946769574,"upper_bound":1559.217777995099},"point_estimate":1558.9061720912928,"standard_error":0.15984083968140808},"median":{"confidence_interval":{"confidence_level":0.95,"lower_bound":1558.5237058538946,"upper_bound":1559.168608953015},"point_estimate":1558.7698832056203,"standard_error":0.1572515362104783},"median_abs_dev":{"confidence_interval":{"confidence_level":0.95,"lower_bound":0.9979028142281336,"upper_bound":1.749124245110894},"point_estimate":1.3771872291180862,"standard_error":0.19055195181394238},"slope":{"confidence_interval":{"confidence_level":0.95,"lower_bound":1558.5133324705107,"upper_bound":1558.9958832409993},"point_estimate":1558.7509235672933,"standard_error":0.12307851122185125},"std_dev":{"confidence_interval":{"confidence_level":0.95,"lower_bound":1.334016068018292,"upper_bound":1.845190439508882},"point_estimate":1.602985596814023,"standard_error":0.13030481458779727}}