{"mean":{"confidence_interval":{"confidence_level":0.95,"lower_bound":1528.2848571674115,"upper_bound":1528.7407696421653},"point_estimate":1528.4856500496826,"standard_error":0.1169844063602233},"median":{"confidence_interval":{"confidence_level":0.95,"lower_bound":1528.1866130383078,"upper_bound":1528.4522385283176},"point_estimate":1528.346776977878,"standard_error":0.07605097474013342},"median_abs_dev":{"confidence_interval":{"confidence_level":0.95,"lower_bound":0.47804889482940094,"upper_bound":0.8713751110474711},"point_estimate":0.7107633708475631,"standard_error":0.10541146017206111},"slope":{"confidence_interval":{"confidence_level":0.95,"lower_bound":1528.2352813608795,"upper_bound":1528.5219633153533},"point_estimate":1528.3756286182627,"standard_error":0.07330957918319721},"std_dev":{"confidence_interval":{"confidence_level":0.95,"lower_bound":0.6501345418770745,"upper_bound":1.7493458329460914},"point_estimate":1.1728157749204813,"standard_error":0.3375893838109162}}