{"mean":{"confidence_interval":{"confidence_level":0.95,"lower_bound":30.99757349364596,"upper_bound":31.026857798168386},"point_estimate":31.01313894853484,"standard_error":0.007425342542963979},"median":{"confidence_interval":{"confidence_level":0.95,"lower_bound":31.00253231634441,"upper_bound":31.024970709500852},"point_estimate":31.01099298247611,"standard_error":0.005666108440193037},"median_abs_dev":{"confidence_interval":{"confidence_level":0.95,"lower_bound":0.0317418131080042,"upper_bound":0.052886184233410155},"point_estimate":0.04156921173038896,"standard_error":0.005304245198948836},"slope":{"confidence_interval":{"confidence_level":0.95,"lower_bound":31.010505166437195,"upper_bound":31.02904209245492},"point_estimate":31.01978171917142,"standard_error":0.004727775991248534},"std_dev":{"confidence_interval":{"confidence_level":0.95,"lower_bound":0.04463653730309417,"upper_bound":0.10529818028122723},"point_estimate":0.07477538489931121,"standard_error":0.01621307130706213}}