{"mean":{"confidence_interval":{"confidence_level":0.95,"lower_bound":2090.624376461862,"upper_bound":2091.5429117435883},"point_estimate":2090.9976224429233,"standard_error":0.23963386867721584},"median":{"confidence_interval":{"confidence_level":0.95,"lower_bound":2090.586858760826,"upper_bound":2091.1072326641947},"point_estimate":2090.9091741049306,"standard_error":0.115477926146717},"median_abs_dev":{"confidence_interval":{"confidence_level":0.95,"lower_bound":0.6725071839957755,"upper_bound":1.4183197706256716},"point_estimate":1.0396966904023826,"standard_error":0.19650221556412908},"slope":{"confidence_interval":{"confidence_level":0.95,"lower_bound":2090.706415059121,"upper_bound":2091.1327197670676},"point_estimate":2090.9230325811723,"standard_error":0.10885100599348439},"std_dev":{"confidence_interval":{"confidence_level":0.95,"lower_bound":0.948588889946651,"upper_bound":3.8782265984849125},"point_estimate":2.40783900449132,"standard_error":0.9724102617952347}}