{"mean":{"confidence_interval":{"confidence_level":0.95,"lower_bound":2087.913773884517,"upper_bound":2088.35039993892},"point_estimate":2088.120436942908,"standard_error":0.11137684951797086},"median":{"confidence_interval":{"confidence_level":0.95,"lower_bound":2087.7464401245734,"upper_bound":2088.111119687146},"point_estimate":2087.940542843233,"standard_error":0.09544593737812467},"median_abs_dev":{"confidence_interval":{"confidence_level":0.95,"lower_bound":0.5315898055573558,"upper_bound":0.839085554742001},"point_estimate":0.7002909877590232,"standard_error":0.0779607133029338},"slope":{"confidence_interval":{"confidence_level":0.95,"lower_bound":2087.810125715477,"upper_bound":2088.1194706180245},"point_estimate":2087.964305412404,"standard_error":0.07876560683921037},"std_dev":{"confidence_interval":{"confidence_level":0.95,"lower_bound":0.7933772439870661,"upper_bound":1.3920210275922817},"point_estimate":1.1139481688378898,"standard_error":0.15289061373395274}}