{"mean":{"confidence_interval":{"confidence_level":0.95,"lower_bound":58311.31287961207,"upper_bound":58349.29325512152},"point_estimate":58330.11510569921,"standard_error":9.68009186701206},"median":{"confidence_interval":{"confidence_level":0.95,"lower_bound":58310.89215686275,"upper_bound":58349.79058823529},"point_estimate":58328.021626297574,"standard_error":10.20978105038108},"median_abs_dev":{"confidence_interval":{"confidence_level":0.95,"lower_bound":58.5868804037343,"upper_bound":116.77217593577889},"point_estimate":86.911798664616,"standard_error":15.000829500810404},"slope":{"confidence_interval":{"confidence_level":0.95,"lower_bound":58300.19903361909,"upper_bound":58367.28131629086},"point_estimate":58333.507047001454,"standard_error":17.131659967688293},"std_dev":{"confidence_interval":{"confidence_level":0.95,"lower_bound":82.25742551553215,"upper_bound":110.98039818903018},"point_estimate":97.37445073900152,"standard_error":7.3456768601332065}}