{"mean":{"confidence_interval":{"confidence_level":0.95,"lower_bound":57833.1240398992,"upper_bound":57853.851146687644},"point_estimate":57842.488770840944,"standard_error":5.316333388618548},"median":{"confidence_interval":{"confidence_level":0.95,"lower_bound":57824.67810457516,"upper_bound":57840.100372061555},"point_estimate":57830.61029411765,"standard_error":3.9380652446480933},"median_abs_dev":{"confidence_interval":{"confidence_level":0.95,"lower_bound":20.732934155498704,"upper_bound":36.97402859030338},"point_estimate":28.652422504288072,"standard_error":4.162511698896928},"slope":{"confidence_interval":{"confidence_level":0.95,"lower_bound":57825.30769249723,"upper_bound":57840.889043879644},"point_estimate":57832.85142423197,"standard_error":3.962468458790157},"std_dev":{"confidence_interval":{"confidence_level":0.95,"lower_bound":30.474851630150045,"upper_bound":77.36107599758397},"point_estimate":53.31975318138939,"standard_error":13.306782474568863}}