{"mean":{"confidence_interval":{"confidence_level":0.95,"lower_bound":80226.2752257185,"upper_bound":80344.50751213206},"point_estimate":80279.48311285774,"standard_error":30.197602310987673},"median":{"confidence_interval":{"confidence_level":0.95,"lower_bound":80210.43666666668,"upper_bound":80255.59583333333},"point_estimate":80225.64997665733,"standard_error":10.716196541406582},"median_abs_dev":{"confidence_interval":{"confidence_level":0.95,"lower_bound":54.02844864864293,"upper_bound":128.379542006516},"point_estimate":99.86159832966729,"standard_error":19.78632215336222},"slope":{"confidence_interval":{"confidence_level":0.95,"lower_bound":80232.67036930058,"upper_bound":80348.89710457913},"point_estimate":80281.54761560862,"standard_error":30.139388634852654},"std_dev":{"confidence_interval":{"confidence_level":0.95,"lower_bound":106.76682329354824,"upper_bound":304.0440815180139},"point_estimate":217.3578296769054,"standard_error":50.864490384849184}}