{"mean":{"confidence_interval":{"confidence_level":0.95,"lower_bound":75744.41135711812,"upper_bound":75985.4439968303},"point_estimate":75850.2115306899,"standard_error":62.02659719173169},"median":{"confidence_interval":{"confidence_level":0.95,"lower_bound":75679.00852272728,"upper_bound":75815.11476934524},"point_estimate":75773.68319633996,"standard_error":33.888186682003784},"median_abs_dev":{"confidence_interval":{"confidence_level":0.95,"lower_bound":119.12169561953783,"upper_bound":265.6027329461839},"point_estimate":163.33271147684036,"standard_error":38.55922977673634},"slope":{"confidence_interval":{"confidence_level":0.95,"lower_bound":75730.30073436604,"upper_bound":75867.71601726396},"point_estimate":75795.87275771695,"standard_error":35.19433847590205},"std_dev":{"confidence_interval":{"confidence_level":0.95,"lower_bound":185.5836043194293,"upper_bound":666.6571912887423},"point_estimate":444.0276302654089,"standard_error":132.41422936216426}}