{"mean":{"confidence_interval":{"confidence_level":0.95,"lower_bound":113.49335888658017,"upper_bound":114.12307723670703},"point_estimate":113.74297159647026,"standard_error":0.167582550743596},"median":{"confidence_interval":{"confidence_level":0.95,"lower_bound":113.42152424931459,"upper_bound":113.5106289858697},"point_estimate":113.47002388492584,"standard_error":0.02164603193090914},"median_abs_dev":{"confidence_interval":{"confidence_level":0.95,"lower_bound":0.1734685226457025,"upper_bound":0.29012349358647044},"point_estimate":0.24330588928567115,"standard_error":0.028347016555667365},"slope":{"confidence_interval":{"confidence_level":0.95,"lower_bound":113.4445437686036,"upper_bound":114.22269548916928},"point_estimate":113.73033449236853,"standard_error":0.20886577665996023},"std_dev":{"confidence_interval":{"confidence_level":0.95,"lower_bound":0.3440715840807854,"upper_bound":2.7711934652799104},"point_estimate":1.6895252252847075,"standard_error":0.7345915679371392}}