{"mean":{"confidence_interval":{"confidence_level":0.95,"lower_bound":120.42844239554654,"upper_bound":120.70876460201643},"point_estimate":120.53452654577593,"standard_error":0.07699612528917615},"median":{"confidence_interval":{"confidence_level":0.95,"lower_bound":120.39086531129387,"upper_bound":120.4826325801303},"point_estimate":120.4396728908143,"standard_error":0.025326029694448617},"median_abs_dev":{"confidence_interval":{"confidence_level":0.95,"lower_bound":0.1251622408683264,"upper_bound":0.2117522229957009},"point_estimate":0.17256797495810092,"standard_error":0.020940534723921416},"slope":{"confidence_interval":{"confidence_level":0.95,"lower_bound":120.42691857194465,"upper_bound":120.5067245545616},"point_estimate":120.46656724691638,"standard_error":0.020299814240000335},"std_dev":{"confidence_interval":{"confidence_level":0.95,"lower_bound":0.18570438179470308,"upper_bound":1.294225130582386},"point_estimate":0.7726361364345781,"standard_error":0.38045737254798884}}