{"mean":{"confidence_interval":{"confidence_level":0.95,"lower_bound":111.9822179436916,"upper_bound":112.19151673372298},"point_estimate":112.06931004458946,"standard_error":0.05466556221481037},"median":{"confidence_interval":{"confidence_level":0.95,"lower_bound":111.96380985197919,"upper_bound":112.0306366672155},"point_estimate":111.99510556280349,"standard_error":0.015536787147540936},"median_abs_dev":{"confidence_interval":{"confidence_level":0.95,"lower_bound":0.1159606566982967,"upper_bound":0.19531554699952922},"point_estimate":0.1618914683187834,"standard_error":0.02013728948265179},"slope":{"confidence_interval":{"confidence_level":0.95,"lower_bound":111.97108299712481,"upper_bound":112.10820506602076},"point_estimate":112.02894134090184,"standard_error":0.035465502610732794},"std_dev":{"confidence_interval":{"confidence_level":0.95,"lower_bound":0.17629068184216515,"upper_bound":0.8780183094779329},"point_estimate":0.5501760589555177,"standard_error":0.2081806370737021}}