{"mean":{"confidence_interval":{"confidence_level":0.95,"lower_bound":439.4599125107747,"upper_bound":439.51753393154837},"point_estimate":439.4869051438847,"standard_error":0.014731739122739618},"median":{"confidence_interval":{"confidence_level":0.95,"lower_bound":439.4409914985148,"upper_bound":439.4916289391922},"point_estimate":439.46765343471185,"standard_error":0.010144368675165057},"median_abs_dev":{"confidence_interval":{"confidence_level":0.95,"lower_bound":0.06798873820107695,"upper_bound":0.11175812894898325},"point_estimate":0.09551453096442457,"standard_error":0.01134562543202225},"slope":{"confidence_interval":{"confidence_level":0.95,"lower_bound":439.4465580541049,"upper_bound":439.4862961919801},"point_estimate":439.46588262757354,"standard_error":0.010125342898880113},"std_dev":{"confidence_interval":{"confidence_level":0.95,"lower_bound":0.09834726918123872,"upper_bound":0.19998475607452265},"point_estimate":0.14764202305807067,"standard_error":0.02698530046534924}}