{"mean":{"confidence_interval":{"confidence_level":0.95,"lower_bound":439.38559908369535,"upper_bound":439.4454884323335},"point_estimate":439.4161195679158,"standard_error":0.015357309259389265},"median":{"confidence_interval":{"confidence_level":0.95,"lower_bound":439.4010486018642,"upper_bound":439.43982382464407},"point_estimate":439.4167850273709,"standard_error":0.010977002146488803},"median_abs_dev":{"confidence_interval":{"confidence_level":0.95,"lower_bound":0.0841841830583307,"upper_bound":0.16155272682558922},"point_estimate":0.11374409139344178,"standard_error":0.019524439669997107},"slope":{"confidence_interval":{"confidence_level":0.95,"lower_bound":439.4168471402595,"upper_bound":439.4688352316328},"point_estimate":439.4421511222808,"standard_error":0.013286846778925028},"std_dev":{"confidence_interval":{"confidence_level":0.95,"lower_bound":0.12488421203879832,"upper_bound":0.18309097988458375},"point_estimate":0.15495513792566562,"standard_error":0.014899511156382108}}