{"mean":{"confidence_interval":{"confidence_level":0.95,"lower_bound":36343.39481220955,"upper_bound":36403.16387815693},"point_estimate":36373.299619204816,"standard_error":15.299762503569127},"median":{"confidence_interval":{"confidence_level":0.95,"lower_bound":36345.744318181816,"upper_bound":36400.66559873949},"point_estimate":36374.3298729779,"standard_error":14.092048829284272},"median_abs_dev":{"confidence_interval":{"confidence_level":0.95,"lower_bound":94.09762460037332,"upper_bound":197.29661897808094},"point_estimate":149.85784145714098,"standard_error":25.835685567679853},"slope":{"confidence_interval":{"confidence_level":0.95,"lower_bound":36420.40640474491,"upper_bound":36488.19948884223},"point_estimate":36455.48589478351,"standard_error":17.3473230511334},"std_dev":{"confidence_interval":{"confidence_level":0.95,"lower_bound":132.3507991095767,"upper_bound":172.28488172960886},"point_estimate":153.57134702846858,"standard_error":10.21399023958404}}