{"mean":{"confidence_interval":{"confidence_level":0.95,"lower_bound":35610.435550014954,"upper_bound":35679.57721217549},"point_estimate":35644.85458778997,"standard_error":17.637173299032547},"median":{"confidence_interval":{"confidence_level":0.95,"lower_bound":35559.80347744361,"upper_bound":35723.19501133787},"point_estimate":35641.658217312346,"standard_error":39.50834336698907},"median_abs_dev":{"confidence_interval":{"confidence_level":0.95,"lower_bound":171.96552283986455,"upper_bound":253.31189147842696},"point_estimate":224.15122604672388,"standard_error":20.49897762725091},"slope":{"confidence_interval":{"confidence_level":0.95,"lower_bound":35744.793338723706,"upper_bound":35809.659419525306},"point_estimate":35778.94486510165,"standard_error":16.534492006538493},"std_dev":{"confidence_interval":{"confidence_level":0.95,"lower_bound":158.32924528429,"upper_bound":194.21184186211465},"point_estimate":177.15993465193688,"standard_error":9.16084046402212}}