{"mean":{"confidence_interval":{"confidence_level":0.95,"lower_bound":3974.4171306602952,"upper_bound":4032.199851158097},"point_estimate":4003.4607782278817,"standard_error":14.763065291126221},"median":{"confidence_interval":{"confidence_level":0.95,"lower_bound":3856.8725745598276,"upper_bound":4126.052673184939},"point_estimate":4124.145961110354,"standard_error":68.61942315128479},"median_abs_dev":{"confidence_interval":{"confidence_level":0.95,"lower_bound":5.94811442503237,"upper_bound":210.47631460636387},"point_estimate":18.01569712628525,"standard_error":44.328327122756946},"slope":{"confidence_interval":{"confidence_level":0.95,"lower_bound":4019.083848893989,"upper_bound":4074.646969787308},"point_estimate":4049.939374574706,"standard_error":14.159247775007415},"std_dev":{"confidence_interval":{"confidence_level":0.95,"lower_bound":140.8208460780022,"upper_bound":153.7618249582388},"point_estimate":148.64590923594025,"standard_error":3.184000373780881}}