{"mean":{"confidence_interval":{"confidence_level":0.95,"lower_bound":3962.2388098187635,"upper_bound":4078.9815994369023},"point_estimate":4012.793280518496,"standard_error":29.99467318480994},"median":{"confidence_interval":{"confidence_level":0.95,"lower_bound":3886.456121085279,"upper_bound":3891.3284616212904},"point_estimate":3887.868000221337,"standard_error":1.1676448547078364},"median_abs_dev":{"confidence_interval":{"confidence_level":0.95,"lower_bound":6.951191032469253,"upper_bound":14.96372718623546},"point_estimate":9.231483086440532,"standard_error":2.057005415790981},"slope":{"confidence_interval":{"confidence_level":0.95,"lower_bound":3972.3005892010924,"upper_bound":4067.425876405081},"point_estimate":4016.828453963075,"standard_error":24.284018146071357},"std_dev":{"confidence_interval":{"confidence_level":0.95,"lower_bound":158.22875756928536,"upper_bound":453.2933230610364},"point_estimate":300.52546697514737,"standard_error":94.12173880499942}}