{"mean":{"confidence_interval":{"confidence_level":0.95,"lower_bound":5391.265535181905,"upper_bound":5413.081405240424},"point_estimate":5399.987380507422,"standard_error":5.745234419358779},"median":{"confidence_interval":{"confidence_level":0.95,"lower_bound":5386.535383095166,"upper_bound":5390.074573472757},"point_estimate":5388.679961126208,"standard_error":0.8392031084963165},"median_abs_dev":{"confidence_interval":{"confidence_level":0.95,"lower_bound":4.903334074881292,"upper_bound":8.526756235749522},"point_estimate":6.966224808068438,"standard_error":0.9134077244321118},"slope":{"confidence_interval":{"confidence_level":0.95,"lower_bound":5390.43190693134,"upper_bound":5422.2811009465995},"point_estimate":5401.683269141807,"standard_error":8.836573446115137},"std_dev":{"confidence_interval":{"confidence_level":0.95,"lower_bound":13.24059805922405,"upper_bound":94.3577039413141},"point_estimate":57.847916808826824,"standard_error":24.099291553406623}}