{"mean":{"confidence_interval":{"confidence_level":0.95,"lower_bound":644.9367342652369,"upper_bound":645.3165943014142},"point_estimate":645.1310109075731,"standard_error":0.09716252332559246},"median":{"confidence_interval":{"confidence_level":0.95,"lower_bound":644.9918485022673,"upper_bound":645.351301380487},"point_estimate":645.222644384648,"standard_error":0.10124075753624828},"median_abs_dev":{"confidence_interval":{"confidence_level":0.95,"lower_bound":0.620948472038554,"upper_bound":1.0743514727329113},"point_estimate":0.8157868630756355,"standard_error":0.12087740515141245},"slope":{"confidence_interval":{"confidence_level":0.95,"lower_bound":645.089625843735,"upper_bound":645.4598351222954},"point_estimate":645.2771899806928,"standard_error":0.09358104988677814},"std_dev":{"confidence_interval":{"confidence_level":0.95,"lower_bound":0.8117417442102526,"upper_bound":1.1415556081147382},"point_estimate":0.9811123467048957,"standard_error":0.08500478325466258}}