{"mean":{"confidence_interval":{"confidence_level":0.95,"lower_bound":301.79866493798056,"upper_bound":302.74285066840804},"point_estimate":302.1494646393252,"standard_error":0.2610327985833535},"median":{"confidence_interval":{"confidence_level":0.95,"lower_bound":301.61506606890043,"upper_bound":301.7383387653374},"point_estimate":301.64861247443764,"standard_error":0.035203142569528965},"median_abs_dev":{"confidence_interval":{"confidence_level":0.95,"lower_bound":0.16282846377691484,"upper_bound":0.3538803594416522},"point_estimate":0.25307810393413266,"standard_error":0.04881180897850433},"slope":{"confidence_interval":{"confidence_level":0.95,"lower_bound":301.69628971994166,"upper_bound":302.0368109431824},"point_estimate":301.8485944891348,"standard_error":0.08751788688256819},"std_dev":{"confidence_interval":{"confidence_level":0.95,"lower_bound":0.5202691624865607,"upper_bound":4.3772201062829215},"point_estimate":2.6095585989994325,"standard_error":1.3113746290476564}}