{"mean":{"confidence_interval":{"confidence_level":0.95,"lower_bound":45405.81597401993,"upper_bound":45633.972504550424},"point_estimate":45497.30954247213,"standard_error":59.912591843542025},"median":{"confidence_interval":{"confidence_level":0.95,"lower_bound":45394.254941934036,"upper_bound":45476.72727272727},"point_estimate":45429.11216253444,"standard_error":19.255667080659602},"median_abs_dev":{"confidence_interval":{"confidence_level":0.95,"lower_bound":110.77722009762043,"upper_bound":183.44366719777392},"point_estimate":143.1215087813595,"standard_error":19.002791709045894},"slope":{"confidence_interval":{"confidence_level":0.95,"lower_bound":45357.543407333935,"upper_bound":45426.88596093136},"point_estimate":45390.26948641133,"standard_error":17.717557603630496},"std_dev":{"confidence_interval":{"confidence_level":0.95,"lower_bound":165.61254076949015,"upper_bound":985.8479971936017},"point_estimate":603.8328763072993,"standard_error":251.06858544170206}}