{"mean":{"confidence_interval":{"confidence_level":0.95,"lower_bound":40178.13618460629,"upper_bound":40352.13067979716},"point_estimate":40249.72030335378,"standard_error":45.780718847953345},"median":{"confidence_interval":{"confidence_level":0.95,"lower_bound":40168.81672727273,"upper_bound":40201.167346938775},"point_estimate":40190.74488888889,"standard_error":9.588287935629912},"median_abs_dev":{"confidence_interval":{"confidence_level":0.95,"lower_bound":53.732483063502436,"upper_bound":97.34421960512888},"point_estimate":73.26867605390935,"standard_error":11.095637209868697},"slope":{"confidence_interval":{"confidence_level":0.95,"lower_bound":40176.970586408956,"upper_bound":40446.72503960153},"point_estimate":40274.21329522684,"standard_error":75.96493214277716},"std_dev":{"confidence_interval":{"confidence_level":0.95,"lower_bound":85.0531693793211,"upper_bound":730.5379399631478},"point_estimate":459.96336490028756,"standard_error":176.80815430134777}}