{"mean":{"confidence_interval":{"confidence_level":0.95,"lower_bound":42632.837698175645,"upper_bound":42794.43667597288},"point_estimate":42700.337497945104,"standard_error":42.08666367727948},"median":{"confidence_interval":{"confidence_level":0.95,"lower_bound":42582.37806637806,"upper_bound":42686.78980099502},"point_estimate":42630.54572021116,"standard_error":26.61943768418709},"median_abs_dev":{"confidence_interval":{"confidence_level":0.95,"lower_bound":130.6230958844104,"upper_bound":219.27901008173745},"point_estimate":159.77861134809402,"standard_error":22.80329583661641},"slope":{"confidence_interval":{"confidence_level":0.95,"lower_bound":42618.01537676087,"upper_bound":42690.57542612541},"point_estimate":42653.062241268904,"standard_error":18.518124749314325},"std_dev":{"confidence_interval":{"confidence_level":0.95,"lower_bound":175.37038851144987,"upper_bound":672.4620381266366},"point_estimate":423.8800059073484,"standard_error":160.48640514599063}}