{"mean":{"confidence_interval":{"confidence_level":0.95,"lower_bound":42976.24415222333,"upper_bound":43070.11802485967},"point_estimate":43022.94448029377,"standard_error":23.928931642314428},"median":{"confidence_interval":{"confidence_level":0.95,"lower_bound":43017.769230769234,"upper_bound":43092.58676975945},"point_estimate":43051.02087633299,"standard_error":16.791264492449137},"median_abs_dev":{"confidence_interval":{"confidence_level":0.95,"lower_bound":139.05817537689882,"upper_bound":273.5223434698758},"point_estimate":192.68858071242371,"standard_error":32.5438473565689},"slope":{"confidence_interval":{"confidence_level":0.95,"lower_bound":43061.48084925947,"upper_bound":43127.15438259038},"point_estimate":43094.368226565195,"standard_error":16.755827217113676},"std_dev":{"confidence_interval":{"confidence_level":0.95,"lower_bound":198.2525181069407,"upper_bound":282.45897992353673},"point_estimate":240.43690379876543,"standard_error":21.579201625455298}}