{"mean":{"confidence_interval":{"confidence_level":0.95,"lower_bound":1013.8314001016923,"upper_bound":1014.3482923144534},"point_estimate":1014.0254334655374,"standard_error":0.1412568296139696},"median":{"confidence_interval":{"confidence_level":0.95,"lower_bound":1013.7517672413793,"upper_bound":1013.8207359397927},"point_estimate":1013.7696244466449,"standard_error":0.017695290743556705},"median_abs_dev":{"confidence_interval":{"confidence_level":0.95,"lower_bound":0.048834201719256926,"upper_bound":0.16938065647570094},"point_estimate":0.09152887470402313,"standard_error":0.030113627887850217},"slope":{"confidence_interval":{"confidence_level":0.95,"lower_bound":1013.8045786383817,"upper_bound":1013.9539423740476},"point_estimate":1013.8724972686924,"standard_error":0.03850415539886733},"std_dev":{"confidence_interval":{"confidence_level":0.95,"lower_bound":0.18462129041355843,"upper_bound":1.6611977187367357},"point_estimate":1.0035601816360766,"standard_error":0.48861044797523556}}