{"mean":{"confidence_interval":{"confidence_level":0.95,"lower_bound":1013.7453271736465,"upper_bound":1013.9500706883603},"point_estimate":1013.8390522206203,"standard_error":0.052360557130707315},"median":{"confidence_interval":{"confidence_level":0.95,"lower_bound":1013.641696257526,"upper_bound":1013.814316502463},"point_estimate":1013.6736599562435,"standard_error":0.040764259933902675},"median_abs_dev":{"confidence_interval":{"confidence_level":0.95,"lower_bound":0.06374392094019243,"upper_bound":0.32766618138440917},"point_estimate":0.12590642033193264,"standard_error":0.06351519211571743},"slope":{"confidence_interval":{"confidence_level":0.95,"lower_bound":1013.6657644123264,"upper_bound":1013.8094795465429},"point_estimate":1013.7254931817725,"standard_error":0.03727266329431125},"std_dev":{"confidence_interval":{"confidence_level":0.95,"lower_bound":0.2212652060283174,"upper_bound":0.5156335138637718},"point_estimate":0.37126596250333577,"standard_error":0.0802216350467462}}