{"mean":{"confidence_interval":{"confidence_level":0.95,"lower_bound":1013.7726494463271,"upper_bound":1013.956417466842},"point_estimate":1013.8540459794459,"standard_error":0.04725150967203715},"median":{"confidence_interval":{"confidence_level":0.95,"lower_bound":1013.7041828390884,"upper_bound":1013.804533045977},"point_estimate":1013.7483085161964,"standard_error":0.026364276630794336},"median_abs_dev":{"confidence_interval":{"confidence_level":0.95,"lower_bound":0.0866894083196019,"upper_bound":0.20469295163158474},"point_estimate":0.13922415155728446,"standard_error":0.029370879284076848},"slope":{"confidence_interval":{"confidence_level":0.95,"lower_bound":1013.7451261314436,"upper_bound":1013.8566934338116},"point_estimate":1013.7952931436146,"standard_error":0.028447872992187893},"std_dev":{"confidence_interval":{"confidence_level":0.95,"lower_bound":0.1677753150013333,"upper_bound":0.4945108056310939},"point_estimate":0.337418334410576,"standard_error":0.0921942878666055}}