{"mean":{"confidence_interval":{"confidence_level":0.95,"lower_bound":46.11432404161226,"upper_bound":46.14282982317926},"point_estimate":46.12857390956372,"standard_error":0.007265784686263456},"median":{"confidence_interval":{"confidence_level":0.95,"lower_bound":46.11386912328782,"upper_bound":46.1513687687558},"point_estimate":46.14038471036196,"standard_error":0.010167543686525502},"median_abs_dev":{"confidence_interval":{"confidence_level":0.95,"lower_bound":0.05271442615031713,"upper_bound":0.09583060867552051},"point_estimate":0.07139338295340944,"standard_error":0.011236396655526214},"slope":{"confidence_interval":{"confidence_level":0.95,"lower_bound":46.098299040788646,"upper_bound":46.1290784323841},"point_estimate":46.113812763295506,"standard_error":0.007844551932630374},"std_dev":{"confidence_interval":{"confidence_level":0.95,"lower_bound":0.06300655669294374,"upper_bound":0.08249000111825558},"point_estimate":0.0731346797202916,"standard_error":0.004961481029335736}}