{"mean":{"confidence_interval":{"confidence_level":0.95,"lower_bound":1762.4746591227329,"upper_bound":1775.7493422713792},"point_estimate":1767.1030200305736,"standard_error":4.07940705054668},"median":{"confidence_interval":{"confidence_level":0.95,"lower_bound":1762.0792603981226,"upper_bound":1762.5645212263644},"point_estimate":1762.3156775936764,"standard_error":0.12617282171225577},"median_abs_dev":{"confidence_interval":{"confidence_level":0.95,"lower_bound":0.4207362102561075,"upper_bound":1.1338137598727807},"point_estimate":0.6325079822069941,"standard_error":0.17217264547923286},"slope":{"confidence_interval":{"confidence_level":0.95,"lower_bound":1762.4633712567195,"upper_bound":1764.9827114598231},"point_estimate":1763.5115612281552,"standard_error":0.6447865552789431},"std_dev":{"confidence_interval":{"confidence_level":0.95,"lower_bound":1.4630632374882715,"upper_bound":49.295141235024985},"point_estimate":29.100840350765342,"standard_error":16.910326646451523}}