{"mean":{"confidence_interval":{"confidence_level":0.95,"lower_bound":47076.09249491365,"upper_bound":47235.083269594084},"point_estimate":47140.12205822425,"standard_error":41.951827064982545},"median":{"confidence_interval":{"confidence_level":0.95,"lower_bound":47052.6974789916,"upper_bound":47140.31289742004},"point_estimate":47104.97545948204,"standard_error":21.13971580963076},"median_abs_dev":{"confidence_interval":{"confidence_level":0.95,"lower_bound":119.63863307065387,"upper_bound":189.22650462667266},"point_estimate":153.74829520145542,"standard_error":17.153663128062266},"slope":{"confidence_interval":{"confidence_level":0.95,"lower_bound":47122.03565742469,"upper_bound":47202.102329779285},"point_estimate":47160.636326148604,"standard_error":20.41061664444064},"std_dev":{"confidence_interval":{"confidence_level":0.95,"lower_bound":151.1858556976084,"upper_bound":686.0700111835406},"point_estimate":421.25348887001724,"standard_error":177.97184911500338}}