{"mean":{"confidence_interval":{"confidence_level":0.95,"lower_bound":50274.85953698774,"upper_bound":50421.790738477044},"point_estimate":50341.2005583121,"standard_error":37.63587678521996},"median":{"confidence_interval":{"confidence_level":0.95,"lower_bound":50251.730769230766,"upper_bound":50294.975873873875},"point_estimate":50279.0103343465,"standard_error":10.518793127071154},"median_abs_dev":{"confidence_interval":{"confidence_level":0.95,"lower_bound":75.19357315819646,"upper_bound":133.6286447379836},"point_estimate":106.1644575642785,"standard_error":15.362023289552537},"slope":{"confidence_interval":{"confidence_level":0.95,"lower_bound":50264.23526104718,"upper_bound":50340.21792864467},"point_estimate":50297.09038643417,"standard_error":19.465058559564532},"std_dev":{"confidence_interval":{"confidence_level":0.95,"lower_bound":201.27464847109948,"upper_bound":525.7856021086218},"point_estimate":378.1325827245004,"standard_error":83.23350849779699}}