{"mean":{"confidence_interval":{"confidence_level":0.95,"lower_bound":56778.869508484786,"upper_bound":57546.38958448897},"point_estimate":57143.32385237173,"standard_error":196.28099851716797},"median":{"confidence_interval":{"confidence_level":0.95,"lower_bound":56643.72633744856,"upper_bound":57667.06290849673},"point_estimate":57540.342249536625,"standard_error":247.9363713702484},"median_abs_dev":{"confidence_interval":{"confidence_level":0.95,"lower_bound":469.2931064344657,"upper_bound":1701.7195081920145},"point_estimate":1208.3801157616938,"standard_error":320.9489532184975},"slope":{"confidence_interval":{"confidence_level":0.95,"lower_bound":56983.61763878412,"upper_bound":57719.662364464355},"point_estimate":57340.2089033381,"standard_error":187.10639676725415},"std_dev":{"confidence_interval":{"confidence_level":0.95,"lower_bound":1347.0344947601018,"upper_bound":2535.1039760788854},"point_estimate":1977.4982341870307,"standard_error":305.4207451103594}}