{"mean":{"confidence_interval":{"confidence_level":0.95,"lower_bound":46.431566330429135,"upper_bound":46.45532185377992},"point_estimate":46.44393142433573,"standard_error":0.0060453922687287},"median":{"confidence_interval":{"confidence_level":0.95,"lower_bound":46.447995658229644,"upper_bound":46.46864555195051},"point_estimate":46.45911189902726,"standard_error":0.0055604227161769985},"median_abs_dev":{"confidence_interval":{"confidence_level":0.95,"lower_bound":0.02865525928964358,"upper_bound":0.053758906697618646},"point_estimate":0.04063011721979576,"standard_error":0.006708192037436722},"slope":{"confidence_interval":{"confidence_level":0.95,"lower_bound":46.41486067420066,"upper_bound":46.44692423267102},"point_estimate":46.43191452793406,"standard_error":0.008213942352015384},"std_dev":{"confidence_interval":{"confidence_level":0.95,"lower_bound":0.04579154998220335,"upper_bound":0.0737430827278687},"point_estimate":0.060719022728915766,"standard_error":0.007145534177127521}}