{"mean":{"confidence_interval":{"confidence_level":0.95,"lower_bound":45.99091174577338,"upper_bound":46.020803878906115},"point_estimate":46.005537353612226,"standard_error":0.007596341474942988},"median":{"confidence_interval":{"confidence_level":0.95,"lower_bound":45.971240490327965,"upper_bound":46.032040404508976},"point_estimate":45.991596613454945,"standard_error":0.017273340223661487},"median_abs_dev":{"confidence_interval":{"confidence_level":0.95,"lower_bound":0.060810310267164505,"upper_bound":0.08748879519562894},"point_estimate":0.07670325901787278,"standard_error":0.0066916022730174095},"slope":{"confidence_interval":{"confidence_level":0.95,"lower_bound":45.99183055236684,"upper_bound":46.01890455571257},"point_estimate":46.00540506263053,"standard_error":0.006919357212304597},"std_dev":{"confidence_interval":{"confidence_level":0.95,"lower_bound":0.059311464855556176,"upper_bound":0.09397783931699084},"point_estimate":0.07635186861990945,"standard_error":0.008996631273993125}}