{"mean":{"confidence_interval":{"confidence_level":0.95,"lower_bound":46.06403084483272,"upper_bound":46.09358612952074},"point_estimate":46.07845928015754,"standard_error":0.007545679964040923},"median":{"confidence_interval":{"confidence_level":0.95,"lower_bound":46.04257166868989,"upper_bound":46.081216070382595},"point_estimate":46.06312730441968,"standard_error":0.008689430933104366},"median_abs_dev":{"confidence_interval":{"confidence_level":0.95,"lower_bound":0.04960002075149488,"upper_bound":0.08632078964428111},"point_estimate":0.06647617431595332,"standard_error":0.00968856193272562},"slope":{"confidence_interval":{"confidence_level":0.95,"lower_bound":46.04205041131548,"upper_bound":46.071843843881425},"point_estimate":46.05669567283556,"standard_error":0.007625642938803695},"std_dev":{"confidence_interval":{"confidence_level":0.95,"lower_bound":0.0626673462196963,"upper_bound":0.08792612862636712},"point_estimate":0.07602558039342937,"standard_error":0.006440325699087881}}