{"mean":{"confidence_interval":{"confidence_level":0.95,"lower_bound":649.4607611057958,"upper_bound":650.279503139182},"point_estimate":649.804740555875,"standard_error":0.21174606218787317},"median":{"confidence_interval":{"confidence_level":0.95,"lower_bound":649.326131717841,"upper_bound":649.7888708588655},"point_estimate":649.6129941746765,"standard_error":0.12100115255925674},"median_abs_dev":{"confidence_interval":{"confidence_level":0.95,"lower_bound":0.747042784979269,"upper_bound":1.3172865059682983},"point_estimate":0.9860336502519205,"standard_error":0.14871611677591134},"slope":{"confidence_interval":{"confidence_level":0.95,"lower_bound":649.4473986757448,"upper_bound":649.8866018799881},"point_estimate":649.6637824322411,"standard_error":0.11171429104843274},"std_dev":{"confidence_interval":{"confidence_level":0.95,"lower_bound":0.9380581764420639,"upper_bound":3.3523788473663276},"point_estimate":2.1251424776182843,"standard_error":0.7803174055927702}}