{"mean":{"confidence_interval":{"confidence_level":0.95,"lower_bound":99.61295671973316,"upper_bound":99.67623547391473},"point_estimate":99.64454940083422,"standard_error":0.016157034344531158},"median":{"confidence_interval":{"confidence_level":0.95,"lower_bound":99.5921371434401,"upper_bound":99.68266813142606},"point_estimate":99.6199423854479,"standard_error":0.021222941228362675},"median_abs_dev":{"confidence_interval":{"confidence_level":0.95,"lower_bound":0.15064789015153332,"upper_bound":0.2233237707271047},"point_estimate":0.18416729195780718,"standard_error":0.018519274349581144},"slope":{"confidence_interval":{"confidence_level":0.95,"lower_bound":99.61942937371226,"upper_bound":99.69460124562114},"point_estimate":99.65638427317073,"standard_error":0.01915214601479285},"std_dev":{"confidence_interval":{"confidence_level":0.95,"lower_bound":0.14176973758156017,"upper_bound":0.18219516210919975},"point_estimate":0.16257618042772193,"standard_error":0.010341989924610861}}