{"mean":{"confidence_interval":{"confidence_level":0.95,"lower_bound":100.0449715454732,"upper_bound":100.11516216543133},"point_estimate":100.07591662020401,"standard_error":0.018092329535220126},"median":{"confidence_interval":{"confidence_level":0.95,"lower_bound":100.034335648748,"upper_bound":100.06177391655723},"point_estimate":100.04879962221614,"standard_error":0.006985261238351079},"median_abs_dev":{"confidence_interval":{"confidence_level":0.95,"lower_bound":0.05009883732389055,"upper_bound":0.08288907405054817},"point_estimate":0.06580090714553981,"standard_error":0.008134838136259348},"slope":{"confidence_interval":{"confidence_level":0.95,"lower_bound":100.01838047153586,"upper_bound":100.04274364460132},"point_estimate":100.03067952807768,"standard_error":0.00622565232130264},"std_dev":{"confidence_interval":{"confidence_level":0.95,"lower_bound":0.08244182160953296,"upper_bound":0.271950918136508},"point_estimate":0.18208101191084922,"standard_error":0.05140033975299409}}