{"mean":{"confidence_interval":{"confidence_level":0.95,"lower_bound":116.79733722149838,"upper_bound":116.83447012872189},"point_estimate":116.81558430971367,"standard_error":0.009493815857657883},"median":{"confidence_interval":{"confidence_level":0.95,"lower_bound":116.78961364297142,"upper_bound":116.8173056779047},"point_estimate":116.8027028735812,"standard_error":0.006235451842477619},"median_abs_dev":{"confidence_interval":{"confidence_level":0.95,"lower_bound":0.051183717760278954,"upper_bound":0.09440124978978992},"point_estimate":0.06992932458452727,"standard_error":0.010609341881645843},"slope":{"confidence_interval":{"confidence_level":0.95,"lower_bound":116.79759012646399,"upper_bound":116.833406561023},"point_estimate":116.81357198873665,"standard_error":0.009253702675449784},"std_dev":{"confidence_interval":{"confidence_level":0.95,"lower_bound":0.07772740647884964,"upper_bound":0.11052179293848084},"point_estimate":0.09525853460996783,"standard_error":0.008392529402056365}}