{"mean":{"confidence_interval":{"confidence_level":0.95,"lower_bound":22511.05677839765,"upper_bound":22545.846638081086},"point_estimate":22525.217723167058,"standard_error":9.082610644018372},"median":{"confidence_interval":{"confidence_level":0.95,"lower_bound":22504.90404040404,"upper_bound":22527.229805049374},"point_estimate":22515.670962102413,"standard_error":5.85866112385648},"median_abs_dev":{"confidence_interval":{"confidence_level":0.95,"lower_bound":27.897253816929595,"upper_bound":43.956660012425054},"point_estimate":34.66732942037571,"standard_error":4.132017793943166},"slope":{"confidence_interval":{"confidence_level":0.95,"lower_bound":22516.811598472836,"upper_bound":22535.9500935009},"point_estimate":22526.13064759461,"standard_error":4.881296405112805},"std_dev":{"confidence_interval":{"confidence_level":0.95,"lower_bound":35.24855091020228,"upper_bound":147.090690117092},"point_estimate":91.24759942506495,"standard_error":36.89612837589787}}