{"mean":{"confidence_interval":{"confidence_level":0.95,"lower_bound":2145.54860376173,"upper_bound":2145.792498811989},"point_estimate":2145.661203318089,"standard_error":0.06227327942085948},"median":{"confidence_interval":{"confidence_level":0.95,"lower_bound":2145.4762888626524,"upper_bound":2145.61729540301},"point_estimate":2145.5226674459486,"standard_error":0.03672978469102451},"median_abs_dev":{"confidence_interval":{"confidence_level":0.95,"lower_bound":0.27362757538416305,"upper_bound":0.4149532005528807},"point_estimate":0.3335225950889719,"standard_error":0.03670699616969246},"slope":{"confidence_interval":{"confidence_level":0.95,"lower_bound":2145.4852057969524,"upper_bound":2145.6829026427426},"point_estimate":2145.575821509656,"standard_error":0.05050451967298223},"std_dev":{"confidence_interval":{"confidence_level":0.95,"lower_bound":0.38544473462373074,"upper_bound":0.8437922390267327},"point_estimate":0.626980791047096,"standard_error":0.117879258896968}}