{"mean":{"confidence_interval":{"confidence_level":0.95,"lower_bound":2145.757897585002,"upper_bound":2147.665304247237},"point_estimate":2146.5437898192754,"standard_error":0.49753613669845564},"median":{"confidence_interval":{"confidence_level":0.95,"lower_bound":2145.4933217189314,"upper_bound":2145.608522841434},"point_estimate":2145.5375631003635,"standard_error":0.02861493085738463},"median_abs_dev":{"confidence_interval":{"confidence_level":0.95,"lower_bound":0.21702825244921078,"upper_bound":0.4424245684244312},"point_estimate":0.33233407866709747,"standard_error":0.057311914899855265},"slope":{"confidence_interval":{"confidence_level":0.95,"lower_bound":2145.52657712378,"upper_bound":2148.488283300088},"point_estimate":2146.4709850963773,"standard_error":0.8710891999597198},"std_dev":{"confidence_interval":{"confidence_level":0.95,"lower_bound":0.7393828885346674,"upper_bound":8.020110844779431},"point_estimate":5.023769732673166,"standard_error":1.9115343489656738}}