{"mean":{"confidence_interval":{"confidence_level":0.95,"lower_bound":2143.3009538318584,"upper_bound":2143.5927689653417},"point_estimate":2143.4316994183396,"standard_error":0.07515577303166686},"median":{"confidence_interval":{"confidence_level":0.95,"lower_bound":2143.2029220779223,"upper_bound":2143.3381579115285},"point_estimate":2143.268468353352,"standard_error":0.03474844323151497},"median_abs_dev":{"confidence_interval":{"confidence_level":0.95,"lower_bound":0.18000188026359618,"upper_bound":0.32173428000225357},"point_estimate":0.2632268693582359,"standard_error":0.036663389261804485},"slope":{"confidence_interval":{"confidence_level":0.95,"lower_bound":2143.2859401854894,"upper_bound":2143.5816255431405},"point_estimate":2143.4055362508534,"standard_error":0.07792043930851673},"std_dev":{"confidence_interval":{"confidence_level":0.95,"lower_bound":0.36416710765249055,"upper_bound":1.0905670912424332},"point_estimate":0.7568182447516315,"standard_error":0.18657943043469571}}