{"mean":{"confidence_interval":{"confidence_level":0.95,"lower_bound":2142.270492475368,"upper_bound":2142.600947209468},"point_estimate":2142.417319496969,"standard_error":0.08508128928656745},"median":{"confidence_interval":{"confidence_level":0.95,"lower_bound":2142.1786436798066,"upper_bound":2142.2963570362344},"point_estimate":2142.2593435434255,"standard_error":0.028506827762462477},"median_abs_dev":{"confidence_interval":{"confidence_level":0.95,"lower_bound":0.20987830939342367,"upper_bound":0.3541000554231322},"point_estimate":0.2895043110250247,"standard_error":0.03661192263278795},"slope":{"confidence_interval":{"confidence_level":0.95,"lower_bound":2142.2118315200537,"upper_bound":2142.6175051526716},"point_estimate":2142.361348719057,"standard_error":0.10989974087740098},"std_dev":{"confidence_interval":{"confidence_level":0.95,"lower_bound":0.3848461725671511,"upper_bound":1.255714248419367},"point_estimate":0.8569035482593431,"standard_error":0.22491569199193556}}