{"mean":{"confidence_interval":{"confidence_level":0.95,"lower_bound":6439.442359003563,"upper_bound":6440.619237965072},"point_estimate":6439.975487002151,"standard_error":0.30168022904119973},"median":{"confidence_interval":{"confidence_level":0.95,"lower_bound":6439.133050622847,"upper_bound":6439.615728021978},"point_estimate":6439.380310526414,"standard_error":0.09761655601981298},"median_abs_dev":{"confidence_interval":{"confidence_level":0.95,"lower_bound":0.7888566262642243,"upper_bound":1.5095709236124166},"point_estimate":1.161151034020286,"standard_error":0.17116317378157248},"slope":{"confidence_interval":{"confidence_level":0.95,"lower_bound":6439.416365702354,"upper_bound":6440.333024558377},"point_estimate":6439.8168214923835,"standard_error":0.23577550362067098},"std_dev":{"confidence_interval":{"confidence_level":0.95,"lower_bound":1.6219001008299077,"upper_bound":4.335445940946951},"point_estimate":3.0280364490016853,"standard_error":0.7211639610750246}}