{"mean":{"confidence_interval":{"confidence_level":0.95,"lower_bound":6440.894049260894,"upper_bound":6441.985619300775},"point_estimate":6441.396633334923,"standard_error":0.27851988770891734},"median":{"confidence_interval":{"confidence_level":0.95,"lower_bound":6440.757335257335,"upper_bound":6441.464266388373},"point_estimate":6441.041757831659,"standard_error":0.20106132316892028},"median_abs_dev":{"confidence_interval":{"confidence_level":0.95,"lower_bound":1.0492669144386881,"upper_bound":2.049125861252669},"point_estimate":1.41992734600486,"standard_error":0.25783929910219155},"slope":{"confidence_interval":{"confidence_level":0.95,"lower_bound":6441.021958492988,"upper_bound":6441.743455148621},"point_estimate":6441.370858943037,"standard_error":0.18402380910437505},"std_dev":{"confidence_interval":{"confidence_level":0.95,"lower_bound":1.711789171605505,"upper_bound":3.971766866080643},"point_estimate":2.8010515980449546,"standard_error":0.6235884803305327}}