{"mean":{"confidence_interval":{"confidence_level":0.95,"lower_bound":6460.535851543517,"upper_bound":6463.3957768512755},"point_estimate":6461.948903610156,"standard_error":0.730376035613474},"median":{"confidence_interval":{"confidence_level":0.95,"lower_bound":6460.7422812749555,"upper_bound":6463.170454545455},"point_estimate":6461.785029865605,"standard_error":0.6353732574008246},"median_abs_dev":{"confidence_interval":{"confidence_level":0.95,"lower_bound":4.998317928578733,"upper_bound":7.900619129293125},"point_estimate":6.566886890713582,"standard_error":0.7236844534231213},"slope":{"confidence_interval":{"confidence_level":0.95,"lower_bound":6461.4964038549315,"upper_bound":6463.428095765826},"point_estimate":6462.47756160051,"standard_error":0.4928735044294879},"std_dev":{"confidence_interval":{"confidence_level":0.95,"lower_bound":5.818332342626156,"upper_bound":8.948443191655864},"point_estimate":7.35146721366026,"standard_error":0.8120028413224932}}