{"mean":{"confidence_interval":{"confidence_level":0.95,"lower_bound":12396.468924661407,"upper_bound":12555.512009425933},"point_estimate":12460.915377577285,"standard_error":41.75881791435738},"median":{"confidence_interval":{"confidence_level":0.95,"lower_bound":12358.273926701571,"upper_bound":12398.660322134961},"point_estimate":12374.700434003858,"standard_error":12.126261260108874},"median_abs_dev":{"confidence_interval":{"confidence_level":0.95,"lower_bound":38.52584268775842,"upper_bound":100.28510198049077},"point_estimate":61.31706326602196,"standard_error":16.582142551265644},"slope":{"confidence_interval":{"confidence_level":0.95,"lower_bound":12341.94388246921,"upper_bound":12370.67428480245},"point_estimate":12353.896303244122,"standard_error":7.399110170798897},"std_dev":{"confidence_interval":{"confidence_level":0.95,"lower_bound":91.32325268109032,"upper_bound":476.0226136250883},"point_estimate":298.73298879721716,"standard_error":119.83322657159914}}