{"mean":{"confidence_interval":{"confidence_level":0.95,"lower_bound":12415.800901654431,"upper_bound":13392.40464833137},"point_estimate":12815.101834893454,"standard_error":258.8864024133869},"median":{"confidence_interval":{"confidence_level":0.95,"lower_bound":12353.58282674772,"upper_bound":12412.995390070922},"point_estimate":12373.407795735588,"standard_error":14.832538687088004},"median_abs_dev":{"confidence_interval":{"confidence_level":0.95,"lower_bound":31.993437133669893,"upper_bound":98.68486361693908},"point_estimate":58.882614592923034,"standard_error":16.710106722924245},"slope":{"confidence_interval":{"confidence_level":0.95,"lower_bound":12346.514532106154,"upper_bound":12469.11279852222},"point_estimate":12394.561673502769,"standard_error":32.67157003949784},"std_dev":{"confidence_interval":{"confidence_level":0.95,"lower_bound":129.51636491790444,"upper_bound":2876.770890022844},"point_estimate":1851.096963262292,"standard_error":728.414182522733}}