{"mean":{"confidence_interval":{"confidence_level":0.95,"lower_bound":1327.6016180773418,"upper_bound":1328.1593249254224},"point_estimate":1327.8882227546667,"standard_error":0.1422047756547045},"median":{"confidence_interval":{"confidence_level":0.95,"lower_bound":1327.7738025261287,"upper_bound":1328.144044562876},"point_estimate":1328.0118540713875,"standard_error":0.09423046164365918},"median_abs_dev":{"confidence_interval":{"confidence_level":0.95,"lower_bound":0.7337426147240509,"upper_bound":1.2062747746077755},"point_estimate":0.9533801859860899,"standard_error":0.11992202762255626},"slope":{"confidence_interval":{"confidence_level":0.95,"lower_bound":1327.9185575911904,"upper_bound":1328.2429892368377},"point_estimate":1328.0798141033742,"standard_error":0.08289495029836731},"std_dev":{"confidence_interval":{"confidence_level":0.95,"lower_bound":1.063415491358719,"upper_bound":1.806089236449909},"point_estimate":1.4292563985551658,"standard_error":0.19328643860340858}}