{"mean":{"confidence_interval":{"confidence_level":0.95,"lower_bound":1327.481180966895,"upper_bound":1327.9200159614738},"point_estimate":1327.6983375547338,"standard_error":0.11192715555211748},"median":{"confidence_interval":{"confidence_level":0.95,"lower_bound":1327.606784571478,"upper_bound":1327.9172475424486},"point_estimate":1327.7800792941543,"standard_error":0.08396084425483712},"median_abs_dev":{"confidence_interval":{"confidence_level":0.95,"lower_bound":0.4719300765188694,"upper_bound":0.8158374674032856},"point_estimate":0.6181230482163926,"standard_error":0.08643140999872459},"slope":{"confidence_interval":{"confidence_level":0.95,"lower_bound":1327.617912317984,"upper_bound":1327.904831856813},"point_estimate":1327.7611450141853,"standard_error":0.07296943671026102},"std_dev":{"confidence_interval":{"confidence_level":0.95,"lower_bound":0.8257942671005011,"upper_bound":1.39082188436649},"point_estimate":1.119733158841585,"standard_error":0.14491506943629615}}