{"mean":{"confidence_interval":{"confidence_level":0.95,"lower_bound":1319.9505290769025,"upper_bound":1320.177893161376},"point_estimate":1320.058624366364,"standard_error":0.058045791187742966},"median":{"confidence_interval":{"confidence_level":0.95,"lower_bound":1319.936719191919,"upper_bound":1320.086918181818},"point_estimate":1320.0148313665777,"standard_error":0.04080150208477706},"median_abs_dev":{"confidence_interval":{"confidence_level":0.95,"lower_bound":0.23380501957164845,"upper_bound":0.45476330023185596},"point_estimate":0.32874886840869444,"standard_error":0.05811139078408865},"slope":{"confidence_interval":{"confidence_level":0.95,"lower_bound":1319.8241163695664,"upper_bound":1320.0577680112585},"point_estimate":1319.944332141274,"standard_error":0.05971049968685302},"std_dev":{"confidence_interval":{"confidence_level":0.95,"lower_bound":0.3972235274756297,"upper_bound":0.7580425229680693},"point_estimate":0.58442956972297,"standard_error":0.09308858445833716}}