{"mean":{"confidence_interval":{"confidence_level":0.95,"lower_bound":1328.4623044333014,"upper_bound":1328.7775690146239},"point_estimate":1328.6215132646425,"standard_error":0.08028747101178522},"median":{"confidence_interval":{"confidence_level":0.95,"lower_bound":1328.465338151781,"upper_bound":1328.856853600273},"point_estimate":1328.6681924907016,"standard_error":0.09078950955829901},"median_abs_dev":{"confidence_interval":{"confidence_level":0.95,"lower_bound":0.564247477172903,"upper_bound":0.9355639292724615},"point_estimate":0.7117239943999023,"standard_error":0.09484858181102143},"slope":{"confidence_interval":{"confidence_level":0.95,"lower_bound":1328.4587567065564,"upper_bound":1328.794393467224},"point_estimate":1328.6276426519141,"standard_error":0.0858220653216812},"std_dev":{"confidence_interval":{"confidence_level":0.95,"lower_bound":0.6662011870509071,"upper_bound":0.9586494835051},"point_estimate":0.8111279422696304,"standard_error":0.07489892668680731}}