{"mean":{"confidence_interval":{"confidence_level":0.95,"lower_bound":17571.413136141393,"upper_bound":17606.387280019182},"point_estimate":17588.576860361998,"standard_error":8.90918248648203},"median":{"confidence_interval":{"confidence_level":0.95,"lower_bound":17564.084315265776,"upper_bound":17599.510297482837},"point_estimate":17581.678465588844,"standard_error":9.128859033013697},"median_abs_dev":{"confidence_interval":{"confidence_level":0.95,"lower_bound":60.15638555481472,"upper_bound":102.841468380341},"point_estimate":78.22300192576033,"standard_error":10.981045251434209},"slope":{"confidence_interval":{"confidence_level":0.95,"lower_bound":17568.75313133711,"upper_bound":17602.33223170718},"point_estimate":17585.702454740367,"standard_error":8.55720295863391},"std_dev":{"confidence_interval":{"confidence_level":0.95,"lower_bound":73.89439629902684,"upper_bound":103.59130364236206},"point_estimate":89.63465738796027,"standard_error":7.6056136158715}}