{"mean":{"confidence_interval":{"confidence_level":0.95,"lower_bound":17271.04856190255,"upper_bound":17294.2943053027},"point_estimate":17282.344608344356,"standard_error":5.9225946007579555},"median":{"confidence_interval":{"confidence_level":0.95,"lower_bound":17268.14224137931,"upper_bound":17288.150046598323},"point_estimate":17274.09970393591,"standard_error":5.498289591953789},"median_abs_dev":{"confidence_interval":{"confidence_level":0.95,"lower_bound":32.844609377453914,"upper_bound":58.43996344017202},"point_estimate":44.516327940876295,"standard_error":6.863509779677286},"slope":{"confidence_interval":{"confidence_level":0.95,"lower_bound":17277.029156437373,"upper_bound":17299.444982390956},"point_estimate":17288.023659391674,"standard_error":5.6879259582990365},"std_dev":{"confidence_interval":{"confidence_level":0.95,"lower_bound":45.535064366080825,"upper_bound":72.37707363109054},"point_estimate":59.2217004302794,"standard_error":6.922792139117921}}