{"mean":{"confidence_interval":{"confidence_level":0.95,"lower_bound":6924.923552358047,"upper_bound":6941.533611545816},"point_estimate":6932.13698975879,"standard_error":4.284365232023485},"median":{"confidence_interval":{"confidence_level":0.95,"lower_bound":6920.715579710145,"upper_bound":6929.451569169334},"point_estimate":6925.085430829036,"standard_error":2.4622805202035347},"median_abs_dev":{"confidence_interval":{"confidence_level":0.95,"lower_bound":14.41803654090351,"upper_bound":22.773856823247293},"point_estimate":18.895309851123947,"standard_error":2.107192561327522},"slope":{"confidence_interval":{"confidence_level":0.95,"lower_bound":6927.179037043906,"upper_bound":6934.987305947313},"point_estimate":6930.997951640314,"standard_error":2.0002951767157247},"std_dev":{"confidence_interval":{"confidence_level":0.95,"lower_bound":19.35010884962187,"upper_bound":65.68814322848739},"point_estimate":42.99959176416542,"standard_error":13.264066502375547}}