{"mean":{"confidence_interval":{"confidence_level":0.95,"lower_bound":38.57919326605421,"upper_bound":38.71874340210422},"point_estimate":38.64447227099407,"standard_error":0.035714125853688675},"median":{"confidence_interval":{"confidence_level":0.95,"lower_bound":38.546744114122816,"upper_bound":38.64754211844312},"point_estimate":38.591875191763734,"standard_error":0.02601218330857736},"median_abs_dev":{"confidence_interval":{"confidence_level":0.95,"lower_bound":0.16638690060919065,"upper_bound":0.27820972796837035},"point_estimate":0.21740291863169955,"standard_error":0.02803379459501211},"slope":{"confidence_interval":{"confidence_level":0.95,"lower_bound":38.57260632331985,"upper_bound":38.677842984820344},"point_estimate":38.622064736064985,"standard_error":0.026871203147592827},"std_dev":{"confidence_interval":{"confidence_level":0.95,"lower_bound":0.2352200369950843,"upper_bound":0.4896583232952893},"point_estimate":0.3588641625085793,"standard_error":0.06874742921101751}}