{"mean":{"confidence_interval":{"confidence_level":0.95,"lower_bound":1891641.9959429896,"upper_bound":1897220.3291640708},"point_estimate":1893761.4414476557,"standard_error":1511.7423642948306},"median":{"confidence_interval":{"confidence_level":0.95,"lower_bound":1890994.0714285714,"upper_bound":1891837.9453817867},"point_estimate":1891467.5387700535,"standard_error":211.22387973954827},"median_abs_dev":{"confidence_interval":{"confidence_level":0.95,"lower_bound":1325.5860533160887,"upper_bound":2120.198668708012},"point_estimate":1677.0317333711175,"standard_error":192.0272917829424},"slope":{"confidence_interval":{"confidence_level":0.95,"lower_bound":1891542.4689220826,"upper_bound":1892327.6224601336},"point_estimate":1891911.8367991725,"standard_error":200.36732123447152},"std_dev":{"confidence_interval":{"confidence_level":0.95,"lower_bound":2245.6142223498164,"upper_bound":25381.162299665666},"point_estimate":15215.156782076474,"standard_error":7252.921669370278}}