{"mean":{"confidence_interval":{"confidence_level":0.95,"lower_bound":1888862.3901813428,"upper_bound":1891256.2917328568},"point_estimate":1889802.871073263,"standard_error":631.6930709649117},"median":{"confidence_interval":{"confidence_level":0.95,"lower_bound":1888373.3582089553,"upper_bound":1888892.9908722108},"point_estimate":1888646.3393939394,"standard_error":119.13310731511865},"median_abs_dev":{"confidence_interval":{"confidence_level":0.95,"lower_bound":889.558433700234,"upper_bound":1548.0622311229984},"point_estimate":1194.9218852161684,"standard_error":165.27063216260717},"slope":{"confidence_interval":{"confidence_level":0.95,"lower_bound":1888887.4271095518,"upper_bound":1890255.6805722555},"point_estimate":1889468.9952031919,"standard_error":353.37913562683815},"std_dev":{"confidence_interval":{"confidence_level":0.95,"lower_bound":1552.997069016951,"upper_bound":10393.988360930547},"point_estimate":6334.422332343568,"standard_error":2729.5292698657818}}