{"mean":{"confidence_interval":{"confidence_level":0.95,"lower_bound":107256.68237592248,"upper_bound":107304.25666172184},"point_estimate":107279.45909234606,"standard_error":12.13390944024606},"median":{"confidence_interval":{"confidence_level":0.95,"lower_bound":107221.11758391882,"upper_bound":107276.86942295294},"point_estimate":107259.01452380953,"standard_error":14.185479023783154},"median_abs_dev":{"confidence_interval":{"confidence_level":0.95,"lower_bound":68.00735128171887,"upper_bound":120.6492443937546},"point_estimate":102.10891938721636,"standard_error":14.973194408911743},"slope":{"confidence_interval":{"confidence_level":0.95,"lower_bound":107243.34644005125,"upper_bound":107290.46899145783},"point_estimate":107265.85707521797,"standard_error":12.042520425968915},"std_dev":{"confidence_interval":{"confidence_level":0.95,"lower_bound":92.3260286946325,"upper_bound":154.28788410871462},"point_estimate":121.74673538862422,"standard_error":16.320783389061468}}