{"mean":{"confidence_interval":{"confidence_level":0.95,"lower_bound":107449.24509681089,"upper_bound":107520.82369157653},"point_estimate":107482.91989128086,"standard_error":18.23942004109664},"median":{"confidence_interval":{"confidence_level":0.95,"lower_bound":107407.91947632711,"upper_bound":107474.98421052631},"point_estimate":107440.62013902681,"standard_error":18.42383310325859},"median_abs_dev":{"confidence_interval":{"confidence_level":0.95,"lower_bound":92.6488686395234,"upper_bound":148.78787938116568},"point_estimate":119.71989336720164,"standard_error":13.877201725629941},"slope":{"confidence_interval":{"confidence_level":0.95,"lower_bound":107456.06424443991,"upper_bound":107556.23333800171},"point_estimate":107503.88661297473,"standard_error":25.608083425350173},"std_dev":{"confidence_interval":{"confidence_level":0.95,"lower_bound":129.8248626336797,"upper_bound":239.2233540198269},"point_estimate":183.5066865288771,"standard_error":28.720149742983}}