{"mean":{"confidence_interval":{"confidence_level":0.95,"lower_bound":82.56929510482311,"upper_bound":82.86697521302338},"point_estimate":82.68989546210163,"standard_error":0.0776718951990338},"median":{"confidence_interval":{"confidence_level":0.95,"lower_bound":82.52972661645421,"upper_bound":82.60265217974717},"point_estimate":82.55536949059655,"standard_error":0.01930554018574717},"median_abs_dev":{"confidence_interval":{"confidence_level":0.95,"lower_bound":0.0997586462106161,"upper_bound":0.176211209759814},"point_estimate":0.1322466618275184,"standard_error":0.018960536807161348},"slope":{"confidence_interval":{"confidence_level":0.95,"lower_bound":82.54368896829841,"upper_bound":82.64472701480801},"point_estimate":82.58907220605104,"standard_error":0.025813329671869025},"std_dev":{"confidence_interval":{"confidence_level":0.95,"lower_bound":0.1592775475166602,"upper_bound":1.2596346888620975},"point_estimate":0.7798741463643434,"standard_error":0.30869403426540387}}