{"mean":{"confidence_interval":{"confidence_level":0.95,"lower_bound":4348.189102358406,"upper_bound":4389.926631178484},"point_estimate":4364.984829851201,"standard_error":10.982810448044713},"median":{"confidence_interval":{"confidence_level":0.95,"lower_bound":4343.125300625301,"upper_bound":4345.739282223153},"point_estimate":4344.245783120783,"standard_error":0.7452299275118089},"median_abs_dev":{"confidence_interval":{"confidence_level":0.95,"lower_bound":3.852269555846235,"upper_bound":7.366855816181553},"point_estimate":4.8724239526695925,"standard_error":0.980005670282276},"slope":{"confidence_interval":{"confidence_level":0.95,"lower_bound":4345.675549913253,"upper_bound":4357.391180014513},"point_estimate":4350.69897636672,"standard_error":3.009529861906611},"std_dev":{"confidence_interval":{"confidence_level":0.95,"lower_bound":18.30915737608428,"upper_bound":179.79003151277166},"point_estimate":110.75318214217675,"standard_error":45.67122594865534}}