{"mean":{"confidence_interval":{"confidence_level":0.95,"lower_bound":4387.239022497699,"upper_bound":4398.364782776034},"point_estimate":4391.846724165615,"standard_error":2.897798461750182},"median":{"confidence_interval":{"confidence_level":0.95,"lower_bound":4383.960888978278,"upper_bound":4386.621697314802},"point_estimate":4385.449155269509,"standard_error":0.7040211374685721},"median_abs_dev":{"confidence_interval":{"confidence_level":0.95,"lower_bound":4.855394068433241,"upper_bound":9.608554990795314},"point_estimate":7.063713842881435,"standard_error":1.3100021411552647},"slope":{"confidence_interval":{"confidence_level":0.95,"lower_bound":4384.90934530902,"upper_bound":4389.815265643992},"point_estimate":4387.253516858885,"standard_error":1.2553634684741402},"std_dev":{"confidence_interval":{"confidence_level":0.95,"lower_bound":9.785608520047983,"upper_bound":46.5320157523738},"point_estimate":29.209391512394475,"standard_error":10.914814790743552}}