{"mean":{"confidence_interval":{"confidence_level":0.95,"lower_bound":4168.329565116734,"upper_bound":4174.910945491584},"point_estimate":4170.823979564358,"standard_error":1.7891024184980495},"median":{"confidence_interval":{"confidence_level":0.95,"lower_bound":4167.401383437387,"upper_bound":4168.816635813331},"point_estimate":4168.034933204051,"standard_error":0.3222833174289465},"median_abs_dev":{"confidence_interval":{"confidence_level":0.95,"lower_bound":2.10437858111375,"upper_bound":3.700207057341877},"point_estimate":2.7589142248268885,"standard_error":0.41372835446109757},"slope":{"confidence_interval":{"confidence_level":0.95,"lower_bound":4168.444936421771,"upper_bound":4170.842043839833},"point_estimate":4169.515412412933,"standard_error":0.6159951347641881},"std_dev":{"confidence_interval":{"confidence_level":0.95,"lower_bound":4.213617406778203,"upper_bound":29.97609232411195},"point_estimate":17.9724526756886,"standard_error":8.682618929088395}}