{"mean":{"confidence_interval":{"confidence_level":0.95,"lower_bound":15.740281722087321,"upper_bound":15.745230097400002},"point_estimate":15.742595896926282,"standard_error":0.0012597642440010986},"median":{"confidence_interval":{"confidence_level":0.95,"lower_bound":15.738153293350372,"upper_bound":15.741783679506987},"point_estimate":15.739466249407576,"standard_error":0.0008715827666601167},"median_abs_dev":{"confidence_interval":{"confidence_level":0.95,"lower_bound":0.005187157597229179,"upper_bound":0.009262321211005124},"point_estimate":0.007482809370612817,"standard_error":0.0010364205885376278},"slope":{"confidence_interval":{"confidence_level":0.95,"lower_bound":15.738134954325858,"upper_bound":15.7411930017776},"point_estimate":15.739614484684346,"standard_error":0.0007804443767040839},"std_dev":{"confidence_interval":{"confidence_level":0.95,"lower_bound":0.008188429607853343,"upper_bound":0.017078384494867142},"point_estimate":0.012714069812002939,"standard_error":0.0023094716889942705}}