{"mean":{"confidence_interval":{"confidence_level":0.95,"lower_bound":1305.439760814956,"upper_bound":1313.8223807061922},"point_estimate":1309.0627506708274,"standard_error":2.156898759576437},"median":{"confidence_interval":{"confidence_level":0.95,"lower_bound":1304.5613767407597,"upper_bound":1307.2816571512224},"point_estimate":1305.9020486407894,"standard_error":0.7325530788869428},"median_abs_dev":{"confidence_interval":{"confidence_level":0.95,"lower_bound":4.119450559556158,"upper_bound":6.4649966766671865},"point_estimate":5.483503762990971,"standard_error":0.5880165389281108},"slope":{"confidence_interval":{"confidence_level":0.95,"lower_bound":1306.1178342141386,"upper_bound":1323.6743417335076},"point_estimate":1313.3084873328346,"standard_error":4.6664422120303},"std_dev":{"confidence_interval":{"confidence_level":0.95,"lower_bound":5.027843320271894,"upper_bound":32.44572594142596},"point_estimate":21.598541944539967,"standard_error":6.605847806744111}}