{"mean":{"confidence_interval":{"confidence_level":0.95,"lower_bound":1379.0177657186032,"upper_bound":1384.4844417261654},"point_estimate":1381.2329450818881,"standard_error":1.432108727125791},"median":{"confidence_interval":{"confidence_level":0.95,"lower_bound":1378.0877307807684,"upper_bound":1378.9160043711504},"point_estimate":1378.4227321897697,"standard_error":0.21918122310290974},"median_abs_dev":{"confidence_interval":{"confidence_level":0.95,"lower_bound":0.9532234273829094,"upper_bound":1.670341908132919},"point_estimate":1.3256958727847195,"standard_error":0.18868733513144662},"slope":{"confidence_interval":{"confidence_level":0.95,"lower_bound":1378.5831442476283,"upper_bound":1380.9527679205262},"point_estimate":1379.5872784084918,"standard_error":0.6183730804872088},"std_dev":{"confidence_interval":{"confidence_level":0.95,"lower_bound":2.9085968506402438,"upper_bound":23.291027296874454},"point_estimate":14.362500455901001,"standard_error":5.726703393092801}}