{"mean":{"confidence_interval":{"confidence_level":0.95,"lower_bound":1408.9110206869814,"upper_bound":1412.4939408186085},"point_estimate":1410.2234009457618,"standard_error":1.0117090606113883},"median":{"confidence_interval":{"confidence_level":0.95,"lower_bound":1408.5904532113725,"upper_bound":1409.0764633381339},"point_estimate":1408.883865307711,"standard_error":0.12506448282273858},"median_abs_dev":{"confidence_interval":{"confidence_level":0.95,"lower_bound":0.8809954419384919,"upper_bound":1.5027695760168622},"point_estimate":1.2587721339129323,"standard_error":0.1513272395659584},"slope":{"confidence_interval":{"confidence_level":0.95,"lower_bound":1408.687652808696,"upper_bound":1409.8235717972923},"point_estimate":1409.1768746327934,"standard_error":0.292408983203985},"std_dev":{"confidence_interval":{"confidence_level":0.95,"lower_bound":1.5948201189765376,"upper_bound":17.178527031639337},"point_estimate":10.156042627858257,"standard_error":5.3339756546121775}}