{"mean":{"confidence_interval":{"confidence_level":0.95,"lower_bound":15603.881107575136,"upper_bound":15608.703803555296},"point_estimate":15606.236217402702,"standard_error":1.2294268568056061},"median":{"confidence_interval":{"confidence_level":0.95,"lower_bound":15603.433369726434,"upper_bound":15608.911516853932},"point_estimate":15606.221969288794,"standard_error":1.2912488222731342},"median_abs_dev":{"confidence_interval":{"confidence_level":0.95,"lower_bound":8.030170716810881,"upper_bound":13.799310476776757},"point_estimate":10.607564955909217,"standard_error":1.5276634281005048},"slope":{"confidence_interval":{"confidence_level":0.95,"lower_bound":15598.355827976538,"upper_bound":15603.271315646152},"point_estimate":15600.694966565687,"standard_error":1.2569498418707703},"std_dev":{"confidence_interval":{"confidence_level":0.95,"lower_bound":9.80569768232815,"upper_bound":14.725239130247463},"point_estimate":12.316086224119525,"standard_error":1.263568317452795}}