{"mean":{"confidence_interval":{"confidence_level":0.95,"lower_bound":15796.620430244768,"upper_bound":15806.595129358895},"point_estimate":15801.58868349866,"standard_error":2.545601771221116},"median":{"confidence_interval":{"confidence_level":0.95,"lower_bound":15795.781111111111,"upper_bound":15804.900226757369},"point_estimate":15799.407578532579,"standard_error":1.8329555856590931},"median_abs_dev":{"confidence_interval":{"confidence_level":0.95,"lower_bound":15.01469830222127,"upper_bound":31.454707240648105},"point_estimate":22.576918540050595,"standard_error":3.7661266244269864},"slope":{"confidence_interval":{"confidence_level":0.95,"lower_bound":15791.679369025915,"upper_bound":15801.665512793805},"point_estimate":15796.519876337314,"standard_error":2.5426053729319005},"std_dev":{"confidence_interval":{"confidence_level":0.95,"lower_bound":21.947974729977528,"upper_bound":28.744665863164673},"point_estimate":25.577409476669867,"standard_error":1.733829911388361}}