{"mean":{"confidence_interval":{"confidence_level":0.95,"lower_bound":98487.32893914107,"upper_bound":99021.5990660813},"point_estimate":98719.19137148786,"standard_error":138.07065653420975},"median":{"confidence_interval":{"confidence_level":0.95,"lower_bound":98379.46782846784,"upper_bound":98410.32927831663},"point_estimate":98397.62313027977,"standard_error":8.621870998490955},"median_abs_dev":{"confidence_interval":{"confidence_level":0.95,"lower_bound":40.8287184477663,"upper_bound":79.46866896794008},"point_estimate":58.563557989423124,"standard_error":10.071450231962121},"slope":{"confidence_interval":{"confidence_level":0.95,"lower_bound":98496.94088612297,"upper_bound":99463.2500866755},"point_estimate":98898.1980112041,"standard_error":251.98690086319652},"std_dev":{"confidence_interval":{"confidence_level":0.95,"lower_bound":459.7052022773154,"upper_bound":2063.36966266262},"point_estimate":1387.5755049800691,"standard_error":408.2985906543328}}