{"mean":{"confidence_interval":{"confidence_level":0.95,"lower_bound":31.10019104882693,"upper_bound":31.112816934707283},"point_estimate":31.10664843745018,"standard_error":0.003216408065193718},"median":{"confidence_interval":{"confidence_level":0.95,"lower_bound":31.10400415260205,"upper_bound":31.11705529288271},"point_estimate":31.110969325641683,"standard_error":0.0033265643072931533},"median_abs_dev":{"confidence_interval":{"confidence_level":0.95,"lower_bound":0.017890822752972466,"upper_bound":0.03164141641242439},"point_estimate":0.024328441147395945,"standard_error":0.0035981492628691315},"slope":{"confidence_interval":{"confidence_level":0.95,"lower_bound":31.111139508753016,"upper_bound":31.120726239401858},"point_estimate":31.11595113085834,"standard_error":0.0024500993496304204},"std_dev":{"confidence_interval":{"confidence_level":0.95,"lower_bound":0.025071855298829857,"upper_bound":0.03911971425120275},"point_estimate":0.0322602016775499,"standard_error":0.003595752118554361}}