{"mean":{"confidence_interval":{"confidence_level":0.95,"lower_bound":31.09202012626853,"upper_bound":31.125495358695563},"point_estimate":31.10840453143747,"standard_error":0.008564674500372547},"median":{"confidence_interval":{"confidence_level":0.95,"lower_bound":31.08552890825262,"upper_bound":31.117958069907385},"point_estimate":31.096481175151627,"standard_error":0.008105571092549519},"median_abs_dev":{"confidence_interval":{"confidence_level":0.95,"lower_bound":0.056436369149884175,"upper_bound":0.09327158889704482},"point_estimate":0.07580793670266223,"standard_error":0.008891720160635271},"slope":{"confidence_interval":{"confidence_level":0.95,"lower_bound":31.08476600966831,"upper_bound":31.121600914075458},"point_estimate":31.102776480196425,"standard_error":0.009421054050691479},"std_dev":{"confidence_interval":{"confidence_level":0.95,"lower_bound":0.06763437843408067,"upper_bound":0.10663741246419563},"point_estimate":0.08647266653112506,"standard_error":0.010139843950945063}}