{"mean":{"confidence_interval":{"confidence_level":0.95,"lower_bound":31.033342238472564,"upper_bound":31.06154986069276},"point_estimate":31.045801465466464,"standard_error":0.007246612138394705},"median":{"confidence_interval":{"confidence_level":0.95,"lower_bound":31.03231470293993,"upper_bound":31.05031964434822},"point_estimate":31.036645775043077,"standard_error":0.004419058791637839},"median_abs_dev":{"confidence_interval":{"confidence_level":0.95,"lower_bound":0.025676874343585444,"upper_bound":0.04111576166215718},"point_estimate":0.03615355957819042,"standard_error":0.004301716754038436},"slope":{"confidence_interval":{"confidence_level":0.95,"lower_bound":31.03384880843362,"upper_bound":31.085304668580527},"point_estimate":31.053178524558625,"standard_error":0.014173323437337702},"std_dev":{"confidence_interval":{"confidence_level":0.95,"lower_bound":0.03301028091868995,"upper_bound":0.10912063457602252},"point_estimate":0.07290123830218372,"standard_error":0.020551449294191945}}