{"mean":{"confidence_interval":{"confidence_level":0.95,"lower_bound":30.943173446853443,"upper_bound":30.961569041733103},"point_estimate":30.95222877213387,"standard_error":0.004696329905659209},"median":{"confidence_interval":{"confidence_level":0.95,"lower_bound":30.93963253670728,"upper_bound":30.95907235428323},"point_estimate":30.951002920313552,"standard_error":0.005212632951768172},"median_abs_dev":{"confidence_interval":{"confidence_level":0.95,"lower_bound":0.029974215977512726,"upper_bound":0.050849067261561694},"point_estimate":0.03953818141536004,"standard_error":0.005233599653891498},"slope":{"confidence_interval":{"confidence_level":0.95,"lower_bound":30.942934991420405,"upper_bound":30.957349224736866},"point_estimate":30.950095609068523,"standard_error":0.003682421817681054},"std_dev":{"confidence_interval":{"confidence_level":0.95,"lower_bound":0.03700882295377026,"upper_bound":0.057205496840185825},"point_estimate":0.04724896497846168,"standard_error":0.005212460328940891}}