{"mean":{"confidence_interval":{"confidence_level":0.95,"lower_bound":72948.18325169636,"upper_bound":72990.14410075141},"point_estimate":72969.377398228,"standard_error":10.706125452944157},"median":{"confidence_interval":{"confidence_level":0.95,"lower_bound":72953.14379699249,"upper_bound":73002.98396915584},"point_estimate":72971.41594603943,"standard_error":12.98125039112668},"median_abs_dev":{"confidence_interval":{"confidence_level":0.95,"lower_bound":81.44645431474741,"upper_bound":131.29234415381575},"point_estimate":105.98892532077326,"standard_error":13.228032860381205},"slope":{"confidence_interval":{"confidence_level":0.95,"lower_bound":72963.0980087119,"upper_bound":73006.614940319},"point_estimate":72984.65014777597,"standard_error":11.105089618468389},"std_dev":{"confidence_interval":{"confidence_level":0.95,"lower_bound":90.76462858725131,"upper_bound":124.65927402306029},"point_estimate":107.71060204997767,"standard_error":8.691108489805039}}