{"mean":{"confidence_interval":{"confidence_level":0.95,"lower_bound":44.198424945489926,"upper_bound":44.324867941071844},"point_estimate":44.260395905219596,"standard_error":0.03239594239241464},"median":{"confidence_interval":{"confidence_level":0.95,"lower_bound":44.118641906912345,"upper_bound":44.28629261962618},"point_estimate":44.178723098096626,"standard_error":0.04580734040185892},"median_abs_dev":{"confidence_interval":{"confidence_level":0.95,"lower_bound":0.22438185804568025,"upper_bound":0.38038550694365875},"point_estimate":0.305944969892991,"standard_error":0.04006328346875976},"slope":{"confidence_interval":{"confidence_level":0.95,"lower_bound":44.169545953611234,"upper_bound":44.30731320846277},"point_estimate":44.23672611713953,"standard_error":0.03505024182004379},"std_dev":{"confidence_interval":{"confidence_level":0.95,"lower_bound":0.2745636162926193,"upper_bound":0.3707348838185264},"point_estimate":0.3256751022364132,"standard_error":0.024555656958757194}}