{"mean":{"confidence_interval":{"confidence_level":0.95,"lower_bound":36.631952529232954,"upper_bound":36.99325936614222},"point_estimate":36.80536816390948,"standard_error":0.09156288380167936},"median":{"confidence_interval":{"confidence_level":0.95,"lower_bound":36.68935316386907,"upper_bound":37.005113209614535},"point_estimate":36.89208206925711,"standard_error":0.0813380716985209},"median_abs_dev":{"confidence_interval":{"confidence_level":0.95,"lower_bound":0.44074570166910804,"upper_bound":0.7216360017703042},"point_estimate":0.6487504980491351,"standard_error":0.06926562531457824},"slope":{"confidence_interval":{"confidence_level":0.95,"lower_bound":36.71033401428446,"upper_bound":36.95479155136589},"point_estimate":36.83507028381231,"standard_error":0.062410596246545616},"std_dev":{"confidence_interval":{"confidence_level":0.95,"lower_bound":0.5563296269867312,"upper_bound":1.3007842531374534},"point_estimate":0.9215945717583416,"standard_error":0.2001205930353795}}