{"mean":{"confidence_interval":{"confidence_level":0.95,"lower_bound":44.64217293988843,"upper_bound":45.04676596061502},"point_estimate":44.799791173234645,"standard_error":0.10783620025224565},"median":{"confidence_interval":{"confidence_level":0.95,"lower_bound":44.614542640178804,"upper_bound":44.676450482081236},"point_estimate":44.64785521399399,"standard_error":0.0159867075617879},"median_abs_dev":{"confidence_interval":{"confidence_level":0.95,"lower_bound":0.10269902992520748,"upper_bound":0.16358247302132306},"point_estimate":0.14297195087511477,"standard_error":0.01553097197250231},"slope":{"confidence_interval":{"confidence_level":0.95,"lower_bound":44.64329707473485,"upper_bound":44.86159211134993},"point_estimate":44.72579972696782,"standard_error":0.057965815722503033},"std_dev":{"confidence_interval":{"confidence_level":0.95,"lower_bound":0.2596996737091761,"upper_bound":1.7908468470866028},"point_estimate":1.0867190968561542,"standard_error":0.48648367502335005}}