{"mean":{"confidence_interval":{"confidence_level":0.95,"lower_bound":560.1353982351812,"upper_bound":560.9610299543178},"point_estimate":560.54796849298,"standard_error":0.2107588390906982},"median":{"confidence_interval":{"confidence_level":0.95,"lower_bound":559.8636648492825,"upper_bound":561.4173466190387},"point_estimate":560.1488772891153,"standard_error":0.3677359269840434},"median_abs_dev":{"confidence_interval":{"confidence_level":0.95,"lower_bound":1.7592896318012454,"upper_bound":2.756440171029606},"point_estimate":2.199214026104067,"standard_error":0.2606675962938381},"slope":{"confidence_interval":{"confidence_level":0.95,"lower_bound":560.6228742396361,"upper_bound":561.5849774306366},"point_estimate":561.0907957756909,"standard_error":0.24531528510442804},"std_dev":{"confidence_interval":{"confidence_level":0.95,"lower_bound":1.8533064993087665,"upper_bound":2.356419973049025},"point_estimate":2.119212801395244,"standard_error":0.1287897685368441}}