{"mean":{"confidence_interval":{"confidence_level":0.95,"lower_bound":28369.981002297205,"upper_bound":28413.42943005683},"point_estimate":28391.569292322005,"standard_error":11.136509282211078},"median":{"confidence_interval":{"confidence_level":0.95,"lower_bound":28360.753534690986,"upper_bound":28418.262077294687},"point_estimate":28379.718640628293,"standard_error":13.659649241757183},"median_abs_dev":{"confidence_interval":{"confidence_level":0.95,"lower_bound":97.08935378320713,"upper_bound":145.54616063397833},"point_estimate":127.55029091515486,"standard_error":12.527685463472917},"slope":{"confidence_interval":{"confidence_level":0.95,"lower_bound":28407.340714261783,"upper_bound":28443.94818254204},"point_estimate":28425.08046803934,"standard_error":9.362421859095804},"std_dev":{"confidence_interval":{"confidence_level":0.95,"lower_bound":95.6861808708528,"upper_bound":126.72228348214202},"point_estimate":111.68834463505593,"standard_error":7.928497181097026}}