{"mean":{"confidence_interval":{"confidence_level":0.95,"lower_bound":23.913446538275412,"upper_bound":24.016625197747917},"point_estimate":23.965107351741846,"standard_error":0.026279718061129793},"median":{"confidence_interval":{"confidence_level":0.95,"lower_bound":23.878041909603372,"upper_bound":24.031626656981167},"point_estimate":23.993587225418622,"standard_error":0.05143302410990158},"median_abs_dev":{"confidence_interval":{"confidence_level":0.95,"lower_bound":0.2030157751036127,"upper_bound":0.3040540111722006},"point_estimate":0.25146567179145557,"standard_error":0.025775748640236917},"slope":{"confidence_interval":{"confidence_level":0.95,"lower_bound":23.926751809976345,"upper_bound":24.02193451749107},"point_estimate":23.974247348640212,"standard_error":0.024227405880643024},"std_dev":{"confidence_interval":{"confidence_level":0.95,"lower_bound":0.22086108253630832,"upper_bound":0.30342704199608234},"point_estimate":0.26317322404548593,"standard_error":0.021086376282139156}}