{"mean":{"confidence_interval":{"confidence_level":0.95,"lower_bound":28.536469020057403,"upper_bound":28.642507383551695},"point_estimate":28.582328281969634,"standard_error":0.02746761386689297},"median":{"confidence_interval":{"confidence_level":0.95,"lower_bound":28.51374237444513,"upper_bound":28.553392532345676},"point_estimate":28.530658378155906,"standard_error":0.01120986903131004},"median_abs_dev":{"confidence_interval":{"confidence_level":0.95,"lower_bound":0.06752335775168848,"upper_bound":0.11924797368715344},"point_estimate":0.08951477502452272,"standard_error":0.012709281138484477},"slope":{"confidence_interval":{"confidence_level":0.95,"lower_bound":28.525929302408557,"upper_bound":28.57292743344342},"point_estimate":28.54868400537553,"standard_error":0.011972754157365728},"std_dev":{"confidence_interval":{"confidence_level":0.95,"lower_bound":0.12452221181543525,"upper_bound":0.42565318389010454},"point_estimate":0.2773363491174043,"standard_error":0.08906703275924528}}