{"mean":{"confidence_interval":{"confidence_level":0.95,"lower_bound":28.569593500829782,"upper_bound":28.812953079965165},"point_estimate":28.665459459358694,"standard_error":0.06426691517070708},"median":{"confidence_interval":{"confidence_level":0.95,"lower_bound":28.53605664948465,"upper_bound":28.597296553886196},"point_estimate":28.5610380997866,"standard_error":0.01783837273661407},"median_abs_dev":{"confidence_interval":{"confidence_level":0.95,"lower_bound":0.07865215703641026,"upper_bound":0.1283113260567935},"point_estimate":0.0989993073399638,"standard_error":0.01269480220461533},"slope":{"confidence_interval":{"confidence_level":0.95,"lower_bound":28.550817706033992,"upper_bound":28.66372168460917},"point_estimate":28.59627871767998,"standard_error":0.029190389985830182},"std_dev":{"confidence_interval":{"confidence_level":0.95,"lower_bound":0.14799449373985576,"upper_bound":1.0635006121302086},"point_estimate":0.6475244280688371,"standard_error":0.2809440278280857}}