{"mean":{"confidence_interval":{"confidence_level":0.95,"lower_bound":2106.49262222442,"upper_bound":2133.32332815065},"point_estimate":2117.741942730684,"standard_error":6.990874990106115},"median":{"confidence_interval":{"confidence_level":0.95,"lower_bound":2102.8249870339423,"upper_bound":2103.783332017163},"point_estimate":2103.1634718511573,"standard_error":0.23376968083305064},"median_abs_dev":{"confidence_interval":{"confidence_level":0.95,"lower_bound":1.312364924518093,"upper_bound":2.7832410045349976},"point_estimate":1.9294721014303196,"standard_error":0.37044445066734505},"slope":{"confidence_interval":{"confidence_level":0.95,"lower_bound":2104.6916928417145,"upper_bound":2122.760717970011},"point_estimate":2112.3831633888653,"standard_error":4.639212440383694},"std_dev":{"confidence_interval":{"confidence_level":0.95,"lower_bound":16.50929265053566,"upper_bound":110.84350647199884},"point_estimate":70.12686914750968,"standard_error":25.128016603710243}}