{"mean":{"confidence_interval":{"confidence_level":0.95,"lower_bound":252.59406715086814,"upper_bound":285.3990342240005},"point_estimate":268.75116669225196,"standard_error":8.346341667482026},"median":{"confidence_interval":{"confidence_level":0.95,"lower_bound":201.29510831586305,"upper_bound":277.764525462963},"point_estimate":204.19648998488282,"standard_error":18.38047544726229},"median_abs_dev":{"confidence_interval":{"confidence_level":0.95,"lower_bound":5.312140819302467,"upper_bound":105.61587284411706},"point_estimate":10.890745109680918,"standard_error":21.593281778885427},"slope":{"confidence_interval":{"confidence_level":0.95,"lower_bound":318.00161356921984,"upper_bound":347.6635485724508},"point_estimate":334.3426203635289,"standard_error":7.535350392681418},"std_dev":{"confidence_interval":{"confidence_level":0.95,"lower_bound":77.6774673021974,"upper_bound":88.00517463699188},"point_estimate":83.9742851498523,"standard_error":2.643288904957949}}