{"mean":{"confidence_interval":{"confidence_level":0.95,"lower_bound":196.82828447585737,"upper_bound":203.96277450807662},"point_estimate":200.32891451813276,"standard_error":1.8166874047092327},"median":{"confidence_interval":{"confidence_level":0.95,"lower_bound":185.9695483193277,"upper_bound":206.57098416289594},"point_estimate":187.08565761831048,"standard_error":5.686183185278741},"median_abs_dev":{"confidence_interval":{"confidence_level":0.95,"lower_bound":3.011297008820851,"upper_bound":28.915710928289812},"point_estimate":6.684811509444734,"standard_error":7.241613959719795},"slope":{"confidence_interval":{"confidence_level":0.95,"lower_bound":210.3975177253059,"upper_bound":217.4447698076601},"point_estimate":214.2757454537157,"standard_error":1.7973942214099572},"std_dev":{"confidence_interval":{"confidence_level":0.95,"lower_bound":16.713552132991243,"upper_bound":19.43110811160656},"point_estimate":18.26466808844635,"standard_error":0.6921837671578537}}