{"mean":{"confidence_interval":{"confidence_level":0.95,"lower_bound":72598.15977399475,"upper_bound":72644.29212656921},"point_estimate":72620.32093335876,"standard_error":11.768305624612928},"median":{"confidence_interval":{"confidence_level":0.95,"lower_bound":72560.87462894249,"upper_bound":72645.22347779194},"point_estimate":72602.3239348371,"standard_error":24.25647885218793},"median_abs_dev":{"confidence_interval":{"confidence_level":0.95,"lower_bound":89.30325498524697,"upper_bound":146.05193176881033},"point_estimate":127.93536940906714,"standard_error":14.690573310256921},"slope":{"confidence_interval":{"confidence_level":0.95,"lower_bound":72596.93914481947,"upper_bound":72645.44706873552},"point_estimate":72621.06609639215,"standard_error":12.356565913960488},"std_dev":{"confidence_interval":{"confidence_level":0.95,"lower_bound":92.08036755360908,"upper_bound":150.72486775029284},"point_estimate":118.20306173033377,"standard_error":16.509183680951406}}