{"mean":{"confidence_interval":{"confidence_level":0.95,"lower_bound":72370.78792111744,"upper_bound":72426.27557951522},"point_estimate":72398.12161339066,"standard_error":14.140487518040601},"median":{"confidence_interval":{"confidence_level":0.95,"lower_bound":72343.19539170507,"upper_bound":72436.5142857143},"point_estimate":72363.82199546485,"standard_error":27.12417797040897},"median_abs_dev":{"confidence_interval":{"confidence_level":0.95,"lower_bound":115.84617249817813,"upper_bound":181.24369343883367},"point_estimate":140.73078176218712,"standard_error":16.971092115811636},"slope":{"confidence_interval":{"confidence_level":0.95,"lower_bound":72396.90553700383,"upper_bound":72466.26261747196},"point_estimate":72429.93651248707,"standard_error":17.6681844497591},"std_dev":{"confidence_interval":{"confidence_level":0.95,"lower_bound":118.19685346653266,"upper_bound":165.43692540092238},"point_estimate":141.75782708215937,"standard_error":12.190056102375838}}