{"mean":{"confidence_interval":{"confidence_level":0.95,"lower_bound":346.49113456653345,"upper_bound":347.5432898127879},"point_estimate":346.88141811001896,"standard_error":0.29879678925193215},"median":{"confidence_interval":{"confidence_level":0.95,"lower_bound":346.38502565088186,"upper_bound":346.62224986551905},"point_estimate":346.4895989611507,"standard_error":0.06143921300040772},"median_abs_dev":{"confidence_interval":{"confidence_level":0.95,"lower_bound":0.38332058469807495,"upper_bound":0.72966774707524},"point_estimate":0.5232750836852159,"standard_error":0.08913477799001465},"slope":{"confidence_interval":{"confidence_level":0.95,"lower_bound":346.37120136725264,"upper_bound":346.5798566958865},"point_estimate":346.47379744357903,"standard_error":0.05324985432015908},"std_dev":{"confidence_interval":{"confidence_level":0.95,"lower_bound":0.5451056751794274,"upper_bound":5.110439995050532},"point_estimate":3.0210688967487576,"standard_error":1.5876483192702395}}