{"mean":{"confidence_interval":{"confidence_level":0.95,"lower_bound":226.05021373798246,"upper_bound":229.21385209402933},"point_estimate":227.60373759767626,"standard_error":0.8060249435661901},"median":{"confidence_interval":{"confidence_level":0.95,"lower_bound":227.83605823068308,"upper_bound":229.95027704658165},"point_estimate":229.2685317549192,"standard_error":0.4022577092496227},"median_abs_dev":{"confidence_interval":{"confidence_level":0.95,"lower_bound":1.7798030175283874,"upper_bound":5.346130706793377},"point_estimate":2.9667326283194466,"standard_error":0.9321269137621366},"slope":{"confidence_interval":{"confidence_level":0.95,"lower_bound":228.88921282898124,"upper_bound":231.74796394931442},"point_estimate":230.3060076350367,"standard_error":0.7267644999831293},"std_dev":{"confidence_interval":{"confidence_level":0.95,"lower_bound":6.207842488919151,"upper_bound":9.981703144744799},"point_estimate":8.094013872310594,"standard_error":0.9733238672217559}}