{"mean":{"confidence_interval":{"confidence_level":0.95,"lower_bound":237.05822454296194,"upper_bound":237.1072193004966},"point_estimate":237.08181685643177,"standard_error":0.012505844725600783},"median":{"confidence_interval":{"confidence_level":0.95,"lower_bound":237.0675755033557,"upper_bound":237.08892617449663},"point_estimate":237.07842274670378,"standard_error":0.005367399478270024},"median_abs_dev":{"confidence_interval":{"confidence_level":0.95,"lower_bound":0.027473281728656273,"upper_bound":0.04592235224398468},"point_estimate":0.03586310035907915,"standard_error":0.004742352388504595},"slope":{"confidence_interval":{"confidence_level":0.95,"lower_bound":237.0509942247621,"upper_bound":237.09229671550048},"point_estimate":237.07147546656756,"standard_error":0.010422674679628919},"std_dev":{"confidence_interval":{"confidence_level":0.95,"lower_bound":0.08195723658160088,"upper_bound":0.16515223372358526},"point_estimate":0.12569988820285138,"standard_error":0.021367296878725676}}