{"mean":{"confidence_interval":{"confidence_level":0.95,"lower_bound":236.8881471510492,"upper_bound":236.93124608546384},"point_estimate":236.91028119796283,"standard_error":0.010955026098162906},"median":{"confidence_interval":{"confidence_level":0.95,"lower_bound":236.90823270568973,"upper_bound":236.92553502253918},"point_estimate":236.91768187903574,"standard_error":0.004604034599698429},"median_abs_dev":{"confidence_interval":{"confidence_level":0.95,"lower_bound":0.027044653064039553,"upper_bound":0.04410057472499405},"point_estimate":0.03640741860453181,"standard_error":0.004421083904545643},"slope":{"confidence_interval":{"confidence_level":0.95,"lower_bound":236.89156238551493,"upper_bound":236.9325602963812},"point_estimate":236.91472539568886,"standard_error":0.010615620763511857},"std_dev":{"confidence_interval":{"confidence_level":0.95,"lower_bound":0.07033360236126827,"upper_bound":0.14391581326103897},"point_estimate":0.11024237707561127,"standard_error":0.018786690903208753}}