{"mean":{"confidence_interval":{"confidence_level":0.95,"lower_bound":28791.60032428025,"upper_bound":28826.99556610747},"point_estimate":28809.116797152335,"standard_error":9.050758204797056},"median":{"confidence_interval":{"confidence_level":0.95,"lower_bound":28778.71662763466,"upper_bound":28821.919417104633},"point_estimate":28801.94111111111,"standard_error":11.8640704606256},"median_abs_dev":{"confidence_interval":{"confidence_level":0.95,"lower_bound":60.4948771642453,"upper_bound":106.30823910996175},"point_estimate":81.64848950167179,"standard_error":11.355145394522992},"slope":{"confidence_interval":{"confidence_level":0.95,"lower_bound":28764.02720684072,"upper_bound":28808.690068049513},"point_estimate":28785.70396385822,"standard_error":11.39886017586316},"std_dev":{"confidence_interval":{"confidence_level":0.95,"lower_bound":78.17258539979609,"upper_bound":102.74831515821745},"point_estimate":91.1667762734263,"standard_error":6.2630193050316425}}