{"mean":{"confidence_interval":{"confidence_level":0.95,"lower_bound":29209.57530804151,"upper_bound":29240.82133145731},"point_estimate":29225.3019632658,"standard_error":7.980199278820877},"median":{"confidence_interval":{"confidence_level":0.95,"lower_bound":29213.050420168067,"upper_bound":29257.905930087392},"point_estimate":29225.556052489723,"standard_error":13.345385822319846},"median_abs_dev":{"confidence_interval":{"confidence_level":0.95,"lower_bound":66.40545681053068,"upper_bound":113.26519784912173},"point_estimate":92.15999779894632,"standard_error":12.240298354255255},"slope":{"confidence_interval":{"confidence_level":0.95,"lower_bound":29187.774533057665,"upper_bound":29227.733404383227},"point_estimate":29207.39103712654,"standard_error":10.16737893411739},"std_dev":{"confidence_interval":{"confidence_level":0.95,"lower_bound":70.62680141797503,"upper_bound":88.38911920427162},"point_estimate":80.11915713531417,"standard_error":4.545606492014761}}