{"mean":{"confidence_interval":{"confidence_level":0.95,"lower_bound":1075.212619707933,"upper_bound":1075.435405092264},"point_estimate":1075.30596436681,"standard_error":0.058113100515134596},"median":{"confidence_interval":{"confidence_level":0.95,"lower_bound":1075.200452270386,"upper_bound":1075.2626599634368},"point_estimate":1075.2208999847653,"standard_error":0.01729336952515728},"median_abs_dev":{"confidence_interval":{"confidence_level":0.95,"lower_bound":0.07058096954338058,"upper_bound":0.16848350387059},"point_estimate":0.09924864167579946,"standard_error":0.024628050151683123},"slope":{"confidence_interval":{"confidence_level":0.95,"lower_bound":1075.2071523867598,"upper_bound":1075.288513037645},"point_estimate":1075.245703019275,"standard_error":0.020828775390514576},"std_dev":{"confidence_interval":{"confidence_level":0.95,"lower_bound":0.1488009967926151,"upper_bound":0.6588839562504061},"point_estimate":0.41497790548784136,"standard_error":0.15712832411952574}}