{"mean":{"confidence_interval":{"confidence_level":0.95,"lower_bound":16.338005253936803,"upper_bound":16.444047173320964},"point_estimate":16.382590133376414,"standard_error":0.027496865083496667},"median":{"confidence_interval":{"confidence_level":0.95,"lower_bound":16.31618087600019,"upper_bound":16.371653402289986},"point_estimate":16.343095512394402,"standard_error":0.013746872851438713},"median_abs_dev":{"confidence_interval":{"confidence_level":0.95,"lower_bound":0.08187857646840822,"upper_bound":0.14138804925211002},"point_estimate":0.10459853962752272,"standard_error":0.014708163869331773},"slope":{"confidence_interval":{"confidence_level":0.95,"lower_bound":16.317860690391747,"upper_bound":16.353201784345554},"point_estimate":16.335362864429374,"standard_error":0.009019415815254693},"std_dev":{"confidence_interval":{"confidence_level":0.95,"lower_bound":0.11228219146803205,"upper_bound":0.43510997439374705},"point_estimate":0.2763305661098204,"standard_error":0.09840472745412006}}