{"mean":{"confidence_interval":{"confidence_level":0.95,"lower_bound":16.989352587185692,"upper_bound":17.021512153728278},"point_estimate":17.00305873104556,"standard_error":0.008285714020308633},"median":{"confidence_interval":{"confidence_level":0.95,"lower_bound":16.984665863043087,"upper_bound":17.003942609453993},"point_estimate":16.994830151728568,"standard_error":0.005745911704459436},"median_abs_dev":{"confidence_interval":{"confidence_level":0.95,"lower_bound":0.028853528291342058,"upper_bound":0.04786539998617356},"point_estimate":0.03898531522235731,"standard_error":0.004849950695369105},"slope":{"confidence_interval":{"confidence_level":0.95,"lower_bound":16.97971269306536,"upper_bound":16.997632407391848},"point_estimate":16.988584549913455,"standard_error":0.004568735666613512},"std_dev":{"confidence_interval":{"confidence_level":0.95,"lower_bound":0.03824952249208645,"upper_bound":0.12955560624457244},"point_estimate":0.08341971697450015,"standard_error":0.028376210693339208}}