{"mean":{"confidence_interval":{"confidence_level":0.95,"lower_bound":17.061953104792508,"upper_bound":17.09517444094111},"point_estimate":17.075255272659625,"standard_error":0.008768637622487419},"median":{"confidence_interval":{"confidence_level":0.95,"lower_bound":17.06447437049431,"upper_bound":17.077093712289155},"point_estimate":17.07077347614397,"standard_error":0.003526647894157572},"median_abs_dev":{"confidence_interval":{"confidence_level":0.95,"lower_bound":0.01975904175740443,"upper_bound":0.03306181041182954},"point_estimate":0.025929390536627794,"standard_error":0.0034799274772804095},"slope":{"confidence_interval":{"confidence_level":0.95,"lower_bound":17.05525676314508,"upper_bound":17.070400264292378},"point_estimate":17.063166122907504,"standard_error":0.003879616405723919},"std_dev":{"confidence_interval":{"confidence_level":0.95,"lower_bound":0.029385350851661093,"upper_bound":0.1450523679283273},"point_estimate":0.08837352063215327,"standard_error":0.0386195869195545}}