{"mean":{"confidence_interval":{"confidence_level":0.95,"lower_bound":1688.0232911881994,"upper_bound":1692.3839569858003},"point_estimate":1689.6354823018198,"standard_error":1.2342866976259053},"median":{"confidence_interval":{"confidence_level":0.95,"lower_bound":1687.6316358948386,"upper_bound":1688.5536626916526},"point_estimate":1688.161934506909,"standard_error":0.21183072976014866},"median_abs_dev":{"confidence_interval":{"confidence_level":0.95,"lower_bound":1.7232122018016995,"upper_bound":2.8979253051986444},"point_estimate":2.362830724403143,"standard_error":0.3187574309024598},"slope":{"confidence_interval":{"confidence_level":0.95,"lower_bound":1687.6368913119773,"upper_bound":1688.9318994585392},"point_estimate":1688.2491189354894,"standard_error":0.3307779829886851},"std_dev":{"confidence_interval":{"confidence_level":0.95,"lower_bound":2.271415694997337,"upper_bound":20.961220880338562},"point_estimate":12.39977564798662,"standard_error":6.4976937044080065}}