{"mean":{"confidence_interval":{"confidence_level":0.95,"lower_bound":1880.2711008975693,"upper_bound":1889.5445407193567},"point_estimate":1884.2555407842417,"standard_error":2.370516306802826},"median":{"confidence_interval":{"confidence_level":0.95,"lower_bound":1879.285097571625,"upper_bound":1880.3317065340311},"point_estimate":1879.778697027198,"standard_error":0.29678727067827904},"median_abs_dev":{"confidence_interval":{"confidence_level":0.95,"lower_bound":1.825758476748362,"upper_bound":3.1124703280531634},"point_estimate":2.5051798430709473,"standard_error":0.32779375004824873},"slope":{"confidence_interval":{"confidence_level":0.95,"lower_bound":1880.0414984400177,"upper_bound":1895.76446598054},"point_estimate":1886.2206790740531,"standard_error":4.209865707070189},"std_dev":{"confidence_interval":{"confidence_level":0.95,"lower_bound":3.3690615209464934,"upper_bound":35.901620898650094},"point_estimate":23.853153667810243,"standard_error":7.795447860374992}}