{"mean":{"confidence_interval":{"confidence_level":0.95,"lower_bound":1950.0937571684267,"upper_bound":1957.201906624219},"point_estimate":1952.8430166733656,"standard_error":1.9007921348437755},"median":{"confidence_interval":{"confidence_level":0.95,"lower_bound":1949.8129497500383,"upper_bound":1951.2767216207349},"point_estimate":1950.7139017374525,"standard_error":0.404457284578813},"median_abs_dev":{"confidence_interval":{"confidence_level":0.95,"lower_bound":2.3454418808084143,"upper_bound":4.136811222190469},"point_estimate":3.2447513123344405,"standard_error":0.4544838588339373},"slope":{"confidence_interval":{"confidence_level":0.95,"lower_bound":1950.0843336734326,"upper_bound":1958.8751079082845},"point_estimate":1953.3428662720544,"standard_error":2.3612981700809046},"std_dev":{"confidence_interval":{"confidence_level":0.95,"lower_bound":4.22766415091916,"upper_bound":31.497202356281353},"point_estimate":19.03593778678788,"standard_error":8.609520272896217}}