{"mean":{"confidence_interval":{"confidence_level":0.95,"lower_bound":1885.380081805224,"upper_bound":1891.4652409596772},"point_estimate":1887.560158584447,"standard_error":1.7950135827904337},"median":{"confidence_interval":{"confidence_level":0.95,"lower_bound":1884.866405023548,"upper_bound":1886.0587654320987},"point_estimate":1885.4981872327878,"standard_error":0.30414862884591604},"median_abs_dev":{"confidence_interval":{"confidence_level":0.95,"lower_bound":1.8000665325586442,"upper_bound":2.8840216703492825},"point_estimate":2.3037439059134424,"standard_error":0.2721634773103118},"slope":{"confidence_interval":{"confidence_level":0.95,"lower_bound":1885.4874191562458,"upper_bound":1886.5293101069647},"point_estimate":1886.0060959249017,"standard_error":0.26635155918807923},"std_dev":{"confidence_interval":{"confidence_level":0.95,"lower_bound":2.2032305660528757,"upper_bound":30.875686192008242},"point_estimate":18.116665678647703,"standard_error":10.109438570294394}}