{"mean":{"confidence_interval":{"confidence_level":0.95,"lower_bound":439.54072349234457,"upper_bound":439.5994150045251},"point_estimate":439.56909452887083,"standard_error":0.01495747750399901},"median":{"confidence_interval":{"confidence_level":0.95,"lower_bound":439.5207349796231,"upper_bound":439.5620653942891},"point_estimate":439.5477959421229,"standard_error":0.011166163605036517},"median_abs_dev":{"confidence_interval":{"confidence_level":0.95,"lower_bound":0.062333899944962905,"upper_bound":0.11768094175690183},"point_estimate":0.09074969135914919,"standard_error":0.013763392531918854},"slope":{"confidence_interval":{"confidence_level":0.95,"lower_bound":439.5436644124786,"upper_bound":439.60307952967804},"point_estimate":439.57103871815724,"standard_error":0.015198037589778344},"std_dev":{"confidence_interval":{"confidence_level":0.95,"lower_bound":0.1106175377362045,"upper_bound":0.19105635454989928},"point_estimate":0.15025261218513578,"standard_error":0.020896521822966807}}