{"mean":{"confidence_interval":{"confidence_level":0.95,"lower_bound":439.4779851864497,"upper_bound":439.5356107241218},"point_estimate":439.50624261379113,"standard_error":0.014652491593023101},"median":{"confidence_interval":{"confidence_level":0.95,"lower_bound":439.4696607740086,"upper_bound":439.52566198103955},"point_estimate":439.49363289739335,"standard_error":0.013155135271635213},"median_abs_dev":{"confidence_interval":{"confidence_level":0.95,"lower_bound":0.07824138511230265,"upper_bound":0.12394115599541541},"point_estimate":0.1061877030079954,"standard_error":0.01154254427992463},"slope":{"confidence_interval":{"confidence_level":0.95,"lower_bound":439.4798167768136,"upper_bound":439.52660723790285},"point_estimate":439.50174136608723,"standard_error":0.011893590524416282},"std_dev":{"confidence_interval":{"confidence_level":0.95,"lower_bound":0.10885869731099264,"upper_bound":0.1855518555163756},"point_estimate":0.14746622039813725,"standard_error":0.019784475564227137}}