{"mean":{"confidence_interval":{"confidence_level":0.95,"lower_bound":439.6483027941786,"upper_bound":439.7548053629768},"point_estimate":439.69724121124693,"standard_error":0.02723260862199832},"median":{"confidence_interval":{"confidence_level":0.95,"lower_bound":439.6229187121997,"upper_bound":439.65976559240977},"point_estimate":439.6425008636263,"standard_error":0.00915949535749537},"median_abs_dev":{"confidence_interval":{"confidence_level":0.95,"lower_bound":0.0741205510514663,"upper_bound":0.14594002769546718},"point_estimate":0.11018973103132321,"standard_error":0.019863726792416023},"slope":{"confidence_interval":{"confidence_level":0.95,"lower_bound":439.6018315075279,"upper_bound":439.66194507900127},"point_estimate":439.62953195683264,"standard_error":0.015344567403041671},"std_dev":{"confidence_interval":{"confidence_level":0.95,"lower_bound":0.16984561511911972,"upper_bound":0.36780281346477883},"point_estimate":0.27414112040912136,"standard_error":0.05090321928149354}}