{"mean":{"confidence_interval":{"confidence_level":0.95,"lower_bound":18047.016739087274,"upper_bound":18109.06087621245},"point_estimate":18075.00517168896,"standard_error":15.937940771859353},"median":{"confidence_interval":{"confidence_level":0.95,"lower_bound":18025.68344988345,"upper_bound":18064.49190809191},"point_estimate":18046.12659543808,"standard_error":9.55321128920557},"median_abs_dev":{"confidence_interval":{"confidence_level":0.95,"lower_bound":48.05012575850981,"upper_bound":95.1631947284692},"point_estimate":69.55814057135458,"standard_error":11.80576904226248},"slope":{"confidence_interval":{"confidence_level":0.95,"lower_bound":18051.05420747215,"upper_bound":18096.01507045371},"point_estimate":18071.327351236618,"standard_error":11.493377699111102},"std_dev":{"confidence_interval":{"confidence_level":0.95,"lower_bound":79.04509069369833,"upper_bound":226.93243475385935},"point_estimate":160.37502254733707,"standard_error":38.15623560942813}}