{"mean":{"confidence_interval":{"confidence_level":0.95,"lower_bound":17848.011824657602,"upper_bound":17911.060841359373},"point_estimate":17871.078417415185,"standard_error":17.914610015903737},"median":{"confidence_interval":{"confidence_level":0.95,"lower_bound":17839.830927051673,"upper_bound":17862.274436090225},"point_estimate":17847.026845820947,"standard_error":5.616211456000479},"median_abs_dev":{"confidence_interval":{"confidence_level":0.95,"lower_bound":26.876282273059243,"upper_bound":45.03600170699776},"point_estimate":35.08449949669643,"standard_error":4.605297839821998},"slope":{"confidence_interval":{"confidence_level":0.95,"lower_bound":17855.229024957644,"upper_bound":17873.774581360027},"point_estimate":17864.648631700056,"standard_error":4.729304353922698},"std_dev":{"confidence_interval":{"confidence_level":0.95,"lower_bound":32.71215462937517,"upper_bound":302.9145646212641},"point_estimate":178.85039356817654,"standard_error":94.81668669699059}}