{"mean":{"confidence_interval":{"confidence_level":0.95,"lower_bound":51934.041314111455,"upper_bound":51957.7725366034},"point_estimate":51946.37466404524,"standard_error":6.062944655017049},"median":{"confidence_interval":{"confidence_level":0.95,"lower_bound":51951.64404466501,"upper_bound":51981.014615384614},"point_estimate":51970.46824074074,"standard_error":8.507482000987489},"median_abs_dev":{"confidence_interval":{"confidence_level":0.95,"lower_bound":20.70560836317167,"upper_bound":46.47801461840331},"point_estimate":32.2299466663565,"standard_error":6.62213185542598},"slope":{"confidence_interval":{"confidence_level":0.95,"lower_bound":51964.41230994151,"upper_bound":51976.46052219831},"point_estimate":51970.74961090587,"standard_error":3.0790300370638573},"std_dev":{"confidence_interval":{"confidence_level":0.95,"lower_bound":48.82379538796332,"upper_bound":70.52967043290616},"point_estimate":61.033914208251886,"standard_error":5.5454568921104785}}