{"mean":{"confidence_interval":{"confidence_level":0.95,"lower_bound":64007.52536487957,"upper_bound":64022.94197220208},"point_estimate":64014.40840990697,"standard_error":3.9518302710865054},"median":{"confidence_interval":{"confidence_level":0.95,"lower_bound":64005.66847826087,"upper_bound":64013.66390931373},"point_estimate":64009.210189260564,"standard_error":2.0278825691686775},"median_abs_dev":{"confidence_interval":{"confidence_level":0.95,"lower_bound":12.29671447519805,"upper_bound":20.08584987469924},"point_estimate":16.802027514205463,"standard_error":2.016224239999757},"slope":{"confidence_interval":{"confidence_level":0.95,"lower_bound":64002.57713013111,"upper_bound":64016.184171385845},"point_estimate":64009.041331830944,"standard_error":3.468739049787723},"std_dev":{"confidence_interval":{"confidence_level":0.95,"lower_bound":19.602434436580978,"upper_bound":58.97661558668549},"point_estimate":39.771704228894684,"standard_error":10.695478147610059}}