{"mean":{"confidence_interval":{"confidence_level":0.95,"lower_bound":63938.75994816747,"upper_bound":63948.0171542528},"point_estimate":63943.045938246454,"standard_error":2.3663678807031463},"median":{"confidence_interval":{"confidence_level":0.95,"lower_bound":63936.03171641791,"upper_bound":63940.870833333334},"point_estimate":63937.44735777058,"standard_error":1.2634970643755998},"median_abs_dev":{"confidence_interval":{"confidence_level":0.95,"lower_bound":7.166994914510994,"upper_bound":13.431954071875245},"point_estimate":9.382498387189115,"standard_error":1.5786663234484586},"slope":{"confidence_interval":{"confidence_level":0.95,"lower_bound":63937.53699533153,"upper_bound":63946.6298324697},"point_estimate":63941.65299615783,"standard_error":2.3244383214083353},"std_dev":{"confidence_interval":{"confidence_level":0.95,"lower_bound":14.74960324832185,"upper_bound":32.157349751051754},"point_estimate":23.790448107343238,"standard_error":4.498290461520672}}