{"mean":{"confidence_interval":{"confidence_level":0.95,"lower_bound":63994.345964774555,"upper_bound":64007.554597427734},"point_estimate":64001.1001014164,"standard_error":3.3602898083100623},"median":{"confidence_interval":{"confidence_level":0.95,"lower_bound":64000.18323863636,"upper_bound":64006.58952505827},"point_estimate":64003.59077380953,"standard_error":1.4918316478543199},"median_abs_dev":{"confidence_interval":{"confidence_level":0.95,"lower_bound":9.71237656403912,"upper_bound":15.63031022251127},"point_estimate":11.86869402757392,"standard_error":1.5331222853609854},"slope":{"confidence_interval":{"confidence_level":0.95,"lower_bound":64000.1218890204,"upper_bound":64011.71094261485},"point_estimate":64005.268728757204,"standard_error":2.982670948589584},"std_dev":{"confidence_interval":{"confidence_level":0.95,"lower_bound":22.49163300374566,"upper_bound":43.58058495035882},"point_estimate":33.873458972723995,"standard_error":5.373502922260777}}