{"mean":{"confidence_interval":{"confidence_level":0.95,"lower_bound":50.84224853016415,"upper_bound":50.99089619105807},"point_estimate":50.91501595273488,"standard_error":0.037916016895757895},"median":{"confidence_interval":{"confidence_level":0.95,"lower_bound":50.773750057821694,"upper_bound":50.933293814259166},"point_estimate":50.87273119792292,"standard_error":0.03606703728878596},"median_abs_dev":{"confidence_interval":{"confidence_level":0.95,"lower_bound":0.25896474684561227,"upper_bound":0.4304506958084369},"point_estimate":0.3146192462201026,"standard_error":0.04450030783778331},"slope":{"confidence_interval":{"confidence_level":0.95,"lower_bound":50.869520687339836,"upper_bound":51.08301453515263},"point_estimate":50.97338894463077,"standard_error":0.054604894315606556},"std_dev":{"confidence_interval":{"confidence_level":0.95,"lower_bound":0.3160587273544541,"upper_bound":0.43617616412830434},"point_estimate":0.3807321313331573,"standard_error":0.030673036951220402}}