{"mean":{"confidence_interval":{"confidence_level":0.95,"lower_bound":8.509104070557886,"upper_bound":8.512098755154183},"point_estimate":8.510443723240073,"standard_error":0.0007675581098727393},"median":{"confidence_interval":{"confidence_level":0.95,"lower_bound":8.509081268224728,"upper_bound":8.510562049879871},"point_estimate":8.509608947097455,"standard_error":0.00036033929836427024},"median_abs_dev":{"confidence_interval":{"confidence_level":0.95,"lower_bound":0.003173611007077851,"upper_bound":0.005029841392262237},"point_estimate":0.00416780737859089,"standard_error":0.00047191261757502563},"slope":{"confidence_interval":{"confidence_level":0.95,"lower_bound":8.507807733244483,"upper_bound":8.510347808468529},"point_estimate":8.509096908266617,"standard_error":0.0006469186890943382},"std_dev":{"confidence_interval":{"confidence_level":0.95,"lower_bound":0.004121388813850662,"upper_bound":0.011436180905745882},"point_estimate":0.007719402160364632,"standard_error":0.0021137929744557684}}