{"mean":{"confidence_interval":{"confidence_level":0.95,"lower_bound":8.531585341580472,"upper_bound":8.533277767274683},"point_estimate":8.532417319779762,"standard_error":0.00043149571524051525},"median":{"confidence_interval":{"confidence_level":0.95,"lower_bound":8.5315045447913,"upper_bound":8.533240342281061},"point_estimate":8.53217344557779,"standard_error":0.0003609014656617685},"median_abs_dev":{"confidence_interval":{"confidence_level":0.95,"lower_bound":0.002400400642396605,"upper_bound":0.004339853124720787},"point_estimate":0.003257451549857835,"standard_error":0.00048680353454378755},"slope":{"confidence_interval":{"confidence_level":0.95,"lower_bound":8.531042856063292,"upper_bound":8.532488591905333},"point_estimate":8.531789852961584,"standard_error":0.0003691472134214545},"std_dev":{"confidence_interval":{"confidence_level":0.95,"lower_bound":0.00347289726878645,"upper_bound":0.005168600903788324},"point_estimate":0.004319392462597725,"standard_error":0.00043514232474151635}}