{"mean":{"confidence_interval":{"confidence_level":0.95,"lower_bound":8.682503401098861,"upper_bound":8.685715254108528},"point_estimate":8.68401816008694,"standard_error":0.0008178382116441234},"median":{"confidence_interval":{"confidence_level":0.95,"lower_bound":8.680094754470415,"upper_bound":8.683293495128897},"point_estimate":8.681536051725054,"standard_error":0.0008693798488698108},"median_abs_dev":{"confidence_interval":{"confidence_level":0.95,"lower_bound":0.003400005463481311,"upper_bound":0.00622272045964248},"point_estimate":0.004493406385924933,"standard_error":0.0007734797064798864},"slope":{"confidence_interval":{"confidence_level":0.95,"lower_bound":8.6812082027095,"upper_bound":8.68338217747276},"point_estimate":8.68225450858107,"standard_error":0.0005539315579094075},"std_dev":{"confidence_interval":{"confidence_level":0.95,"lower_bound":0.005789493886045191,"upper_bound":0.010718468415627094},"point_estimate":0.008209572887798368,"standard_error":0.00129379439162869}}