{"mean":{"confidence_interval":{"confidence_level":0.95,"lower_bound":57477.91302757103,"upper_bound":57502.45095280215},"point_estimate":57489.90821370202,"standard_error":6.266078574179673},"median":{"confidence_interval":{"confidence_level":0.95,"lower_bound":57471.822751322754,"upper_bound":57494.96302308803},"point_estimate":57485.202581369245,"standard_error":5.981867267969093},"median_abs_dev":{"confidence_interval":{"confidence_level":0.95,"lower_bound":41.25455163202573,"upper_bound":78.53339548454004},"point_estimate":64.07391223640404,"standard_error":10.275220193300497},"slope":{"confidence_interval":{"confidence_level":0.95,"lower_bound":57496.615042114565,"upper_bound":57521.71630751488},"point_estimate":57509.387554800254,"standard_error":6.408510099950951},"std_dev":{"confidence_interval":{"confidence_level":0.95,"lower_bound":51.965161047476684,"upper_bound":74.59091700365342},"point_estimate":63.10189696633901,"standard_error":5.8363906703715935}}