{"mean":{"confidence_interval":{"confidence_level":0.95,"lower_bound":57701.809409164,"upper_bound":57756.13285397555},"point_estimate":57727.63849416906,"standard_error":13.904723466581894},"median":{"confidence_interval":{"confidence_level":0.95,"lower_bound":57684.218404808315,"upper_bound":57706.381746031744},"point_estimate":57693.34553728899,"standard_error":6.128488268827581},"median_abs_dev":{"confidence_interval":{"confidence_level":0.95,"lower_bound":46.96272694401891,"upper_bound":86.05535940358207},"point_estimate":64.08788082622009,"standard_error":10.26082832783342},"slope":{"confidence_interval":{"confidence_level":0.95,"lower_bound":57693.40637255202,"upper_bound":57719.71329034021},"point_estimate":57706.289552403,"standard_error":6.678528651568805},"std_dev":{"confidence_interval":{"confidence_level":0.95,"lower_bound":105.17238606262725,"upper_bound":168.5146994912042},"point_estimate":139.63309102647193,"standard_error":16.172253572504548}}