{"mean":{"confidence_interval":{"confidence_level":0.95,"lower_bound":57803.55994522432,"upper_bound":57823.18300326372},"point_estimate":57813.191160019116,"standard_error":4.9980184449743525},"median":{"confidence_interval":{"confidence_level":0.95,"lower_bound":57802.051994302,"upper_bound":57818.18500384025},"point_estimate":57811.85713794289,"standard_error":4.050971717615731},"median_abs_dev":{"confidence_interval":{"confidence_level":0.95,"lower_bound":25.442932420728216,"upper_bound":43.27936495744395},"point_estimate":31.74335139722593,"standard_error":4.522063850401141},"slope":{"confidence_interval":{"confidence_level":0.95,"lower_bound":57810.458415442365,"upper_bound":57834.41018072892},"point_estimate":57821.99030261235,"standard_error":6.108092528920724},"std_dev":{"confidence_interval":{"confidence_level":0.95,"lower_bound":39.90223815982394,"upper_bound":59.46887094197457},"point_estimate":50.16596402026401,"standard_error":5.002376744455038}}