{"mean":{"confidence_interval":{"confidence_level":0.95,"lower_bound":34.376098788367,"upper_bound":34.461998373011305},"point_estimate":34.415426818106575,"standard_error":0.02192447907162633},"median":{"confidence_interval":{"confidence_level":0.95,"lower_bound":34.36281370802713,"upper_bound":34.45268347406197},"point_estimate":34.4026493793186,"standard_error":0.026337255925016657},"median_abs_dev":{"confidence_interval":{"confidence_level":0.95,"lower_bound":0.11461542235726328,"upper_bound":0.1782249965810763},"point_estimate":0.13687306483270184,"standard_error":0.016389136586008782},"slope":{"confidence_interval":{"confidence_level":0.95,"lower_bound":34.35671055401589,"upper_bound":34.425874534414504},"point_estimate":34.39098314819522,"standard_error":0.017626292528455753},"std_dev":{"confidence_interval":{"confidence_level":0.95,"lower_bound":0.13580140667553153,"upper_bound":0.3192182005338327},"point_estimate":0.22099937241067674,"standard_error":0.05491673018988417}}