{"mean":{"confidence_interval":{"confidence_level":0.95,"lower_bound":34.68973802826062,"upper_bound":34.76023580813258},"point_estimate":34.722796297463596,"standard_error":0.018053245973984364},"median":{"confidence_interval":{"confidence_level":0.95,"lower_bound":34.69065568403943,"upper_bound":34.74358689948843},"point_estimate":34.71216469639332,"standard_error":0.01356743580777625},"median_abs_dev":{"confidence_interval":{"confidence_level":0.95,"lower_bound":0.08604737984754512,"upper_bound":0.1494129281374435},"point_estimate":0.12171903430390923,"standard_error":0.016562062814507165},"slope":{"confidence_interval":{"confidence_level":0.95,"lower_bound":34.69146352940248,"upper_bound":34.74272510249358},"point_estimate":34.71736714256779,"standard_error":0.013049149199120024},"std_dev":{"confidence_interval":{"confidence_level":0.95,"lower_bound":0.1143216874775218,"upper_bound":0.24380200387050452},"point_estimate":0.18133434118809225,"standard_error":0.03372581569807638}}