{"mean":{"confidence_interval":{"confidence_level":0.95,"lower_bound":18.767034411365483,"upper_bound":19.15800506819575},"point_estimate":18.961467175201665,"standard_error":0.09974409206548389},"median":{"confidence_interval":{"confidence_level":0.95,"lower_bound":18.493427514559407,"upper_bound":19.207040795854397},"point_estimate":18.788241967012915,"standard_error":0.19563783469744883},"median_abs_dev":{"confidence_interval":{"confidence_level":0.95,"lower_bound":0.7991621375452398,"upper_bound":1.3326464201087997},"point_estimate":1.0417656663511912,"standard_error":0.14205822891236197},"slope":{"confidence_interval":{"confidence_level":0.95,"lower_bound":18.841431906975256,"upper_bound":19.288445834977267},"point_estimate":19.059798505268134,"standard_error":0.11361180797909676},"std_dev":{"confidence_interval":{"confidence_level":0.95,"lower_bound":0.8837642676075506,"upper_bound":1.1087058590697523},"point_estimate":1.0034566910046931,"standard_error":0.05748940277139514}}