{"mean":{"confidence_interval":{"confidence_level":0.95,"lower_bound":34.70818668537022,"upper_bound":34.79500311929904},"point_estimate":34.74840556162323,"standard_error":0.022100440361796158},"median":{"confidence_interval":{"confidence_level":0.95,"lower_bound":34.70856223904749,"upper_bound":34.80533171351326},"point_estimate":34.74178696346527,"standard_error":0.019785766264497545},"median_abs_dev":{"confidence_interval":{"confidence_level":0.95,"lower_bound":0.1270945361320417,"upper_bound":0.19612747099582034},"point_estimate":0.16065811828416718,"standard_error":0.01737917110884869},"slope":{"confidence_interval":{"confidence_level":0.95,"lower_bound":34.780116128602856,"upper_bound":34.83504437764376},"point_estimate":34.808783782778455,"standard_error":0.014024580637775319},"std_dev":{"confidence_interval":{"confidence_level":0.95,"lower_bound":0.14251946810660404,"upper_bound":0.31615026516655254},"point_estimate":0.22218036464448368,"standard_error":0.05059106526378871}}