{"mean":{"confidence_interval":{"confidence_level":0.95,"lower_bound":46465.67807045746,"upper_bound":46713.80262836375},"point_estimate":46580.84048080198,"standard_error":63.20829153927443},"median":{"confidence_interval":{"confidence_level":0.95,"lower_bound":46264.531818181815,"upper_bound":46370.39876033058},"point_estimate":46298.894162210345,"standard_error":28.749707897594128},"median_abs_dev":{"confidence_interval":{"confidence_level":0.95,"lower_bound":125.66681109177323,"upper_bound":265.02630056298364},"point_estimate":180.89331239408958,"standard_error":35.09205674117848},"slope":{"confidence_interval":{"confidence_level":0.95,"lower_bound":46712.3886930907,"upper_bound":47112.419094838246},"point_estimate":46911.536985235834,"standard_error":101.93592594388561},"std_dev":{"confidence_interval":{"confidence_level":0.95,"lower_bound":442.15545270105446,"upper_bound":851.340002522853},"point_estimate":635.6523540001383,"standard_error":113.43011275408314}}