{"mean":{"confidence_interval":{"confidence_level":0.95,"lower_bound":2267667.56776087,"upper_bound":2294508.7690108684},"point_estimate":2276995.186956522,"standard_error":8262.070730887457},"median":{"confidence_interval":{"confidence_level":0.95,"lower_bound":2266601.6304347827,"upper_bound":2268198.913043478},"point_estimate":2267524.6304347827,"standard_error":362.44651995934225},"median_abs_dev":{"confidence_interval":{"confidence_level":0.95,"lower_bound":2827.962758489547,"upper_bound":5240.378528703799},"point_estimate":4326.581257970482,"standard_error":683.4867959976622},"slope":null,"std_dev":{"confidence_interval":{"confidence_level":0.95,"lower_bound":4028.1023326348004,"upper_bound":142285.56932825103},"point_estimate":83179.10834040302,"standard_error":48828.04219011607}}