{"mean":{"confidence_interval":{"confidence_level":0.95,"lower_bound":948.0418892869565,"upper_bound":948.2523102129018},"point_estimate":948.1314452388568,"standard_error":0.05433835513802875},"median":{"confidence_interval":{"confidence_level":0.95,"lower_bound":947.999600761849,"upper_bound":948.0732473811443},"point_estimate":948.0325060935631,"standard_error":0.023417263555974826},"median_abs_dev":{"confidence_interval":{"confidence_level":0.95,"lower_bound":0.062189283681893345,"upper_bound":0.16256094981962455},"point_estimate":0.09750769358216446,"standard_error":0.027842407731412912},"slope":{"confidence_interval":{"confidence_level":0.95,"lower_bound":948.0389811288557,"upper_bound":948.161245263588},"point_estimate":948.0942918260163,"standard_error":0.03133088470128065},"std_dev":{"confidence_interval":{"confidence_level":0.95,"lower_bound":0.13412010061733015,"upper_bound":0.590929592967474},"point_estimate":0.3851934541053597,"standard_error":0.12259177950307767}}