{"mean":{"confidence_interval":{"confidence_level":0.95,"lower_bound":491.8294463073879,"upper_bound":492.50210183976077},"point_estimate":492.159680159253,"standard_error":0.17104853904955825},"median":{"confidence_interval":{"confidence_level":0.95,"lower_bound":491.73053449063497,"upper_bound":492.50155006531713},"point_estimate":492.0434845843317,"standard_error":0.2285265724777499},"median_abs_dev":{"confidence_interval":{"confidence_level":0.95,"lower_bound":1.0028122804812527,"upper_bound":1.6100377396817538},"point_estimate":1.263875777115035,"standard_error":0.15279683652725742},"slope":{"confidence_interval":{"confidence_level":0.95,"lower_bound":491.86722792881375,"upper_bound":492.3455121388003},"point_estimate":492.10800320057507,"standard_error":0.12207556799865489},"std_dev":{"confidence_interval":{"confidence_level":0.95,"lower_bound":1.2830303087002255,"upper_bound":2.172472886835036},"point_estimate":1.7220744178921505,"standard_error":0.23011850759441588}}