{"mean":{"confidence_interval":{"confidence_level":0.95,"lower_bound":474.3966279246713,"upper_bound":476.031090547898},"point_estimate":475.08502838025163,"standard_error":0.4242734181279617},"median":{"confidence_interval":{"confidence_level":0.95,"lower_bound":473.82629558541265,"upper_bound":474.1097316943684},"point_estimate":473.96031372427615,"standard_error":0.0649011167564263},"median_abs_dev":{"confidence_interval":{"confidence_level":0.95,"lower_bound":0.422826207377257,"upper_bound":0.9053451009475189},"point_estimate":0.6207864451009051,"standard_error":0.12700487750067013},"slope":{"confidence_interval":{"confidence_level":0.95,"lower_bound":474.50482883832035,"upper_bound":475.5979518449542},"point_estimate":475.00271824397896,"standard_error":0.27910876972090976},"std_dev":{"confidence_interval":{"confidence_level":0.95,"lower_bound":1.2674933925007275,"upper_bound":6.725860177996948},"point_estimate":4.271678293689508,"standard_error":1.4690058917279607}}