{"mean":{"confidence_interval":{"confidence_level":0.95,"lower_bound":480.08204843254117,"upper_bound":480.6705713515738},"point_estimate":480.32337245422104,"standard_error":0.1536487187795176},"median":{"confidence_interval":{"confidence_level":0.95,"lower_bound":479.96377799415774,"upper_bound":480.18097653673397},"point_estimate":480.06801835416434,"standard_error":0.05446669208454766},"median_abs_dev":{"confidence_interval":{"confidence_level":0.95,"lower_bound":0.30814029394518627,"upper_bound":0.7006601381097397},"point_estimate":0.4850000656989615,"standard_error":0.09643727548403985},"slope":{"confidence_interval":{"confidence_level":0.95,"lower_bound":480.17929644732135,"upper_bound":480.6598793383658},"point_estimate":480.39753550400457,"standard_error":0.12348880747178848},"std_dev":{"confidence_interval":{"confidence_level":0.95,"lower_bound":0.5869135343016678,"upper_bound":2.4659814126549},"point_estimate":1.539429412248665,"standard_error":0.5999152908493524}}