{"mean":{"confidence_interval":{"confidence_level":0.95,"lower_bound":380.4924515641436,"upper_bound":380.79190562745066},"point_estimate":380.6413980166856,"standard_error":0.07628730525061338},"median":{"confidence_interval":{"confidence_level":0.95,"lower_bound":380.6266180288663,"upper_bound":380.82685410735775},"point_estimate":380.73091464049116,"standard_error":0.05502684483585511},"median_abs_dev":{"confidence_interval":{"confidence_level":0.95,"lower_bound":0.31034950232136604,"upper_bound":0.5433729511579001},"point_estimate":0.4120745238997204,"standard_error":0.06004658481073465},"slope":{"confidence_interval":{"confidence_level":0.95,"lower_bound":380.62144617423024,"upper_bound":380.8483891813518},"point_estimate":380.7295371285578,"standard_error":0.057531632503956875},"std_dev":{"confidence_interval":{"confidence_level":0.95,"lower_bound":0.5623558101741665,"upper_bound":0.9568866882772782},"point_estimate":0.7655510376210036,"standard_error":0.1010194930268558}}