{"mean":{"confidence_interval":{"confidence_level":0.95,"lower_bound":15509.096251960556,"upper_bound":15540.544353861229},"point_estimate":15521.706903994258,"standard_error":8.265451260371108},"median":{"confidence_interval":{"confidence_level":0.95,"lower_bound":15503.458755542173,"upper_bound":15509.930270522387},"point_estimate":15506.722945601852,"standard_error":1.6923232189474946},"median_abs_dev":{"confidence_interval":{"confidence_level":0.95,"lower_bound":12.415779717795038,"upper_bound":26.637747638385438},"point_estimate":16.953961779055604,"standard_error":3.8349303495804947},"slope":{"confidence_interval":{"confidence_level":0.95,"lower_bound":15506.024521702258,"upper_bound":15518.30008714622},"point_estimate":15511.635321920718,"standard_error":3.1408809204878967},"std_dev":{"confidence_interval":{"confidence_level":0.95,"lower_bound":26.47690495033389,"upper_bound":133.94610181146706},"point_estimate":82.82580577857132,"standard_error":33.8884070599514}}