{"mean":{"confidence_interval":{"confidence_level":0.95,"lower_bound":113765.22207667999,"upper_bound":114000.41612606512},"point_estimate":113858.86822537603,"standard_error":62.33432251684247},"median":{"confidence_interval":{"confidence_level":0.95,"lower_bound":113729.69642857143,"upper_bound":113858.85714285713},"point_estimate":113789.25319521749,"standard_error":30.549609342453408},"median_abs_dev":{"confidence_interval":{"confidence_level":0.95,"lower_bound":116.75437388650285,"upper_bound":230.12069591453636},"point_estimate":169.93931267246003,"standard_error":28.50408063249128},"slope":{"confidence_interval":{"confidence_level":0.95,"lower_bound":113810.51974454353,"upper_bound":113902.15944025846},"point_estimate":113854.77896774551,"standard_error":23.40109471430688},"std_dev":{"confidence_interval":{"confidence_level":0.95,"lower_bound":143.229270980826,"upper_bound":725.4979067560013},"point_estimate":445.4831480199258,"standard_error":193.566169379214}}