{"mean":{"confidence_interval":{"confidence_level":0.95,"lower_bound":79970.10660587969,"upper_bound":80905.60815233058},"point_estimate":80416.22231597245,"standard_error":239.37273118236027},"median":{"confidence_interval":{"confidence_level":0.95,"lower_bound":79511.85823754789,"upper_bound":80217.7916041979},"point_estimate":79939.2940029985,"standard_error":189.06839228871402},"median_abs_dev":{"confidence_interval":{"confidence_level":0.95,"lower_bound":694.3624578317499,"upper_bound":1853.1454716093847},"point_estimate":1229.4945664659676,"standard_error":307.42510201217283},"slope":{"confidence_interval":{"confidence_level":0.95,"lower_bound":80223.82575529521,"upper_bound":81221.94581433584},"point_estimate":80694.65510332778,"standard_error":254.7445019392141},"std_dev":{"confidence_interval":{"confidence_level":0.95,"lower_bound":1216.742039323904,"upper_bound":2117.0782597993193},"point_estimate":1711.7962714370306,"standard_error":231.37863650263245}}