{"mean":{"confidence_interval":{"confidence_level":0.95,"lower_bound":1777.6160648056045,"upper_bound":1778.2212006297686},"point_estimate":1777.8985717626158,"standard_error":0.15477738064076754},"median":{"confidence_interval":{"confidence_level":0.95,"lower_bound":1777.5725045915106,"upper_bound":1777.9297920154315},"point_estimate":1777.7025142053342,"standard_error":0.09922354598510846},"median_abs_dev":{"confidence_interval":{"confidence_level":0.95,"lower_bound":0.7311518875757825,"upper_bound":1.2020613457001963},"point_estimate":0.9888826427275688,"standard_error":0.1224667048439935},"slope":{"confidence_interval":{"confidence_level":0.95,"lower_bound":1777.615480634092,"upper_bound":1777.9437171637394},"point_estimate":1777.7769726089145,"standard_error":0.08368012498033311},"std_dev":{"confidence_interval":{"confidence_level":0.95,"lower_bound":1.006671501789967,"upper_bound":2.128217205817038},"point_estimate":1.558718232977449,"standard_error":0.2977900012220069}}