{"mean":{"confidence_interval":{"confidence_level":0.95,"lower_bound":204182.8336812773,"upper_bound":204214.06007192313},"point_estimate":204196.64283234478,"standard_error":8.04956206874748},"median":{"confidence_interval":{"confidence_level":0.95,"lower_bound":204174.44259189087,"upper_bound":204183.2119047619},"point_estimate":204177.47638297873,"standard_error":2.4656414835601406},"median_abs_dev":{"confidence_interval":{"confidence_level":0.95,"lower_bound":17.60118291537611,"upper_bound":34.38103720501085},"point_estimate":26.98355449664373,"standard_error":4.315445684059323},"slope":{"confidence_interval":{"confidence_level":0.95,"lower_bound":204177.91420059607,"upper_bound":204222.23323067787},"point_estimate":204194.21460795036,"standard_error":12.01631313843499},"std_dev":{"confidence_interval":{"confidence_level":0.95,"lower_bound":39.18447678992065,"upper_bound":120.18836116752192},"point_estimate":80.77914083611769,"standard_error":22.093525339958486}}