{"mean":{"confidence_interval":{"confidence_level":0.95,"lower_bound":395.47112483124795,"upper_bound":397.8504600322793},"point_estimate":396.60018382079534,"standard_error":0.6073958971416505},"median":{"confidence_interval":{"confidence_level":0.95,"lower_bound":393.2274026664413,"upper_bound":393.9913420097298},"point_estimate":393.47293864790936,"standard_error":0.2206362903493498},"median_abs_dev":{"confidence_interval":{"confidence_level":0.95,"lower_bound":0.8203360622504723,"upper_bound":3.542045903729268},"point_estimate":1.345977450520892,"standard_error":0.722899358651103},"slope":{"confidence_interval":{"confidence_level":0.95,"lower_bound":398.64164543777537,"upper_bound":400.98902768703937},"point_estimate":399.92761783574554,"standard_error":0.600237400950672},"std_dev":{"confidence_interval":{"confidence_level":0.95,"lower_bound":4.632873516579792,"upper_bound":7.911776519007491},"point_estimate":6.109325924269278,"standard_error":0.9594130334798159}}