{"mean":{"confidence_interval":{"confidence_level":0.95,"lower_bound":400.2659756505181,"upper_bound":402.19558263220034},"point_estimate":401.20934556881963,"standard_error":0.49246684070307145},"median":{"confidence_interval":{"confidence_level":0.95,"lower_bound":398.13884245543767,"upper_bound":399.2080456506927},"point_estimate":398.52674169796336,"standard_error":0.26144479356735584},"median_abs_dev":{"confidence_interval":{"confidence_level":0.95,"lower_bound":1.4515803248502097,"upper_bound":3.48150424323498},"point_estimate":2.1737850896543103,"standard_error":0.5121431794531056},"slope":{"confidence_interval":{"confidence_level":0.95,"lower_bound":403.1350066515421,"upper_bound":405.61774030443013},"point_estimate":404.49628727718346,"standard_error":0.6334178493037905},"std_dev":{"confidence_interval":{"confidence_level":0.95,"lower_bound":4.43634831886127,"upper_bound":5.323223781061976},"point_estimate":4.958761242308855,"standard_error":0.22686962992125953}}