{"mean":{"confidence_interval":{"confidence_level":0.95,"lower_bound":180.54494079286323,"upper_bound":181.13569048077275},"point_estimate":180.77213248252576,"standard_error":0.15709130632500679},"median":{"confidence_interval":{"confidence_level":0.95,"lower_bound":180.46612122878622,"upper_bound":180.58805124046},"point_estimate":180.5098246723623,"standard_error":0.03004413259610728},"median_abs_dev":{"confidence_interval":{"confidence_level":0.95,"lower_bound":0.20351833815598433,"upper_bound":0.31877155547960484},"point_estimate":0.27245599034484796,"standard_error":0.030031250199597216},"slope":{"confidence_interval":{"confidence_level":0.95,"lower_bound":180.56740754612903,"upper_bound":180.9138595053804},"point_estimate":180.70759649986678,"standard_error":0.09125270660814021},"std_dev":{"confidence_interval":{"confidence_level":0.95,"lower_bound":0.3048838908865094,"upper_bound":2.618542284767718},"point_estimate":1.580791736350906,"standard_error":0.7191312181619883}}