{"mean":{"confidence_interval":{"confidence_level":0.95,"lower_bound":264.30986299423984,"upper_bound":264.57729792258164},"point_estimate":264.42923920957344,"standard_error":0.06851607643336688},"median":{"confidence_interval":{"confidence_level":0.95,"lower_bound":264.23159012700444,"upper_bound":264.45504473824786},"point_estimate":264.33229413214985,"standard_error":0.06035306121769319},"median_abs_dev":{"confidence_interval":{"confidence_level":0.95,"lower_bound":0.3097738036589152,"upper_bound":0.5256146129520466},"point_estimate":0.4143959681326861,"standard_error":0.05362698222215629},"slope":{"confidence_interval":{"confidence_level":0.95,"lower_bound":264.3283366044832,"upper_bound":264.5188955492669},"point_estimate":264.42076290845216,"standard_error":0.04875863262128081},"std_dev":{"confidence_interval":{"confidence_level":0.95,"lower_bound":0.3914368103769769,"upper_bound":1.0183197616325534},"point_estimate":0.6862723330191977,"standard_error":0.19286613451279275}}