{"mean":{"confidence_interval":{"confidence_level":0.95,"lower_bound":132.78283838769417,"upper_bound":145.86153906953882},"point_estimate":139.1893443600141,"standard_error":3.336419621214246},"median":{"confidence_interval":{"confidence_level":0.95,"lower_bound":113.10854258004517,"upper_bound":136.86660226574165},"point_estimate":115.29412780656304,"standard_error":7.310606609948585},"median_abs_dev":{"confidence_interval":{"confidence_level":0.95,"lower_bound":3.156368384505086,"upper_bound":37.20536958263879},"point_estimate":7.365889763443483,"standard_error":10.321300720113106},"slope":{"confidence_interval":{"confidence_level":0.95,"lower_bound":158.649509702557,"upper_bound":174.09111932537866},"point_estimate":167.02791532002942,"standard_error":3.9455123551853553},"std_dev":{"confidence_interval":{"confidence_level":0.95,"lower_bound":29.56871568259325,"upper_bound":36.52285387731993},"point_estimate":33.48118533392128,"standard_error":1.773939664477285}}