{"mean":{"confidence_interval":{"confidence_level":0.95,"lower_bound":1118.7507325848305,"upper_bound":1121.6530124279157},"point_estimate":1119.8755809635065,"standard_error":0.7701332817405385},"median":{"confidence_interval":{"confidence_level":0.95,"lower_bound":1118.277450398004,"upper_bound":1118.8729039019672},"point_estimate":1118.5668782919488,"standard_error":0.15658561743484023},"median_abs_dev":{"confidence_interval":{"confidence_level":0.95,"lower_bound":0.9714202051939618,"upper_bound":1.5702863502445417},"point_estimate":1.2748054250727598,"standard_error":0.15716150878964366},"slope":{"confidence_interval":{"confidence_level":0.95,"lower_bound":1118.4771052752476,"upper_bound":1120.2181864013764},"point_estimate":1119.153054305835,"standard_error":0.46094998119294056},"std_dev":{"confidence_interval":{"confidence_level":0.95,"lower_bound":1.5750614994994008,"upper_bound":12.769836610848477},"point_estimate":7.737383290669226,"standard_error":3.435226975544842}}