{"mean":{"confidence_interval":{"confidence_level":0.95,"lower_bound":1233.043935815514,"upper_bound":1236.3903777740074},"point_estimate":1234.2611346640451,"standard_error":0.9691116550192258},"median":{"confidence_interval":{"confidence_level":0.95,"lower_bound":1232.6304232702469,"upper_bound":1233.008267486099},"point_estimate":1232.7946968674883,"standard_error":0.09569045776597218},"median_abs_dev":{"confidence_interval":{"confidence_level":0.95,"lower_bound":0.5209078425873493,"upper_bound":0.983192872636793},"point_estimate":0.6961000055943249,"standard_error":0.11599132301287693},"slope":{"confidence_interval":{"confidence_level":0.95,"lower_bound":1232.9363491406139,"upper_bound":1233.3675895501592},"point_estimate":1233.1361489324472,"standard_error":0.11052359009024212},"std_dev":{"confidence_interval":{"confidence_level":0.95,"lower_bound":1.2028500645519091,"upper_bound":16.566379047964812},"point_estimate":9.758225527838073,"standard_error":5.287616321316526}}