{"mean":{"confidence_interval":{"confidence_level":0.95,"lower_bound":1235.0906322781063,"upper_bound":1238.9488843184713},"point_estimate":1236.4774276210671,"standard_error":1.1410962927186623},"median":{"confidence_interval":{"confidence_level":0.95,"lower_bound":1234.8878054511279,"upper_bound":1235.714980245865},"point_estimate":1235.2814422419685,"standard_error":0.21672446843039403},"median_abs_dev":{"confidence_interval":{"confidence_level":0.95,"lower_bound":1.2916706591210958,"upper_bound":1.9788346404079118},"point_estimate":1.735013312968288,"standard_error":0.17029063902473207},"slope":{"confidence_interval":{"confidence_level":0.95,"lower_bound":1235.0663139294686,"upper_bound":1235.705976788231},"point_estimate":1235.3779059255942,"standard_error":0.16355468591961603},"std_dev":{"confidence_interval":{"confidence_level":0.95,"lower_bound":1.4900279389895406,"upper_bound":19.54244455032026},"point_estimate":11.46463693095214,"standard_error":6.404291348919878}}