{"mean":{"confidence_interval":{"confidence_level":0.95,"lower_bound":237.8696283506554,"upper_bound":237.90898947071975},"point_estimate":237.89006459328564,"standard_error":0.010044928875574835},"median":{"confidence_interval":{"confidence_level":0.95,"lower_bound":237.8850288452977,"upper_bound":237.90884107489148},"point_estimate":237.89122695021314,"standard_error":0.006624208383059587},"median_abs_dev":{"confidence_interval":{"confidence_level":0.95,"lower_bound":0.04017561128718543,"upper_bound":0.06470419963156894},"point_estimate":0.048907238027278345,"standard_error":0.006014484955273184},"slope":{"confidence_interval":{"confidence_level":0.95,"lower_bound":237.88110200901352,"upper_bound":237.91260075650925},"point_estimate":237.89576927788997,"standard_error":0.008035918376069656},"std_dev":{"confidence_interval":{"confidence_level":0.95,"lower_bound":0.0717810778912042,"upper_bound":0.12598362527155477},"point_estimate":0.10115224490800435,"standard_error":0.013839021313464137}}