{"mean":{"confidence_interval":{"confidence_level":0.95,"lower_bound":147126.61369798915,"upper_bound":147367.2257226943},"point_estimate":147240.54838867867,"standard_error":61.46051772377454},"median":{"confidence_interval":{"confidence_level":0.95,"lower_bound":146945.60869565216,"upper_bound":147182.66091051805},"point_estimate":147041.7817164179,"standard_error":58.037175416169724},"median_abs_dev":{"confidence_interval":{"confidence_level":0.95,"lower_bound":242.6754025948471,"upper_bound":437.8181508384361},"point_estimate":329.60908138707816,"standard_error":47.39434788159532},"slope":{"confidence_interval":{"confidence_level":0.95,"lower_bound":147081.96424986384,"upper_bound":147270.65724669665},"point_estimate":147172.55220798412,"standard_error":48.114333994043605},"std_dev":{"confidence_interval":{"confidence_level":0.95,"lower_bound":444.4920014327908,"upper_bound":784.9440270799669},"point_estimate":619.896633411173,"standard_error":88.02202490938551}}