{"mean":{"confidence_interval":{"confidence_level":0.95,"lower_bound":1727.8010813403828,"upper_bound":1728.453254277107},"point_estimate":1728.1294514032404,"standard_error":0.16616737726634462},"median":{"confidence_interval":{"confidence_level":0.95,"lower_bound":1727.8326669332266,"upper_bound":1728.4070593084998},"point_estimate":1728.1038344606136,"standard_error":0.1341661654484177},"median_abs_dev":{"confidence_interval":{"confidence_level":0.95,"lower_bound":0.917130151271112,"upper_bound":1.702747354299109},"point_estimate":1.2605871409861413,"standard_error":0.20229282993194211},"slope":{"confidence_interval":{"confidence_level":0.95,"lower_bound":1728.2154821416802,"upper_bound":1729.1398679763627},"point_estimate":1728.6841144692241,"standard_error":0.235748870290083},"std_dev":{"confidence_interval":{"confidence_level":0.95,"lower_bound":1.3673245908478584,"upper_bound":1.9427660237652498},"point_estimate":1.6658443162999477,"standard_error":0.1467151531426064}}