{"mean":{"confidence_interval":{"confidence_level":0.95,"lower_bound":1673.6236047429204,"upper_bound":1674.3775352444566},"point_estimate":1673.9939058164255,"standard_error":0.19288740778780614},"median":{"confidence_interval":{"confidence_level":0.95,"lower_bound":1672.746300896425,"upper_bound":1673.4113790186125},"point_estimate":1672.9651034930348,"standard_error":0.13852076906153066},"median_abs_dev":{"confidence_interval":{"confidence_level":0.95,"lower_bound":0.6177041865626304,"upper_bound":1.5411582067273493},"point_estimate":0.9421009105370503,"standard_error":0.22479475889787792},"slope":{"confidence_interval":{"confidence_level":0.95,"lower_bound":1674.7411413272878,"upper_bound":1675.7944339988821},"point_estimate":1675.3117823807534,"standard_error":0.2685596937253688},"std_dev":{"confidence_interval":{"confidence_level":0.95,"lower_bound":1.7159448948403824,"upper_bound":2.0906613294866556},"point_estimate":1.937419715151991,"standard_error":0.09562167899674875}}