{"mean":{"confidence_interval":{"confidence_level":0.95,"lower_bound":395.9425653278118,"upper_bound":398.0483472422051},"point_estimate":396.9738474601972,"standard_error":0.5358978813249549},"median":{"confidence_interval":{"confidence_level":0.95,"lower_bound":393.4580101590778,"upper_bound":394.3157635578236},"point_estimate":393.82680602683297,"standard_error":0.2666373054798968},"median_abs_dev":{"confidence_interval":{"confidence_level":0.95,"lower_bound":1.0518992730379586,"upper_bound":2.797358880834084},"point_estimate":1.690680404123952,"standard_error":0.508052025952352},"slope":{"confidence_interval":{"confidence_level":0.95,"lower_bound":399.04749408233124,"upper_bound":401.7979612707915},"point_estimate":400.542583281752,"standard_error":0.7031932481210651},"std_dev":{"confidence_interval":{"confidence_level":0.95,"lower_bound":4.796280634185578,"upper_bound":5.834842399722121},"point_estimate":5.407075016567781,"standard_error":0.2650972770320494}}