{"mean":{"confidence_interval":{"confidence_level":0.95,"lower_bound":65584.89770569043,"upper_bound":65795.32575325182},"point_estimate":65669.13979888838,"standard_error":55.24501405648994},"median":{"confidence_interval":{"confidence_level":0.95,"lower_bound":65540.921875,"upper_bound":65592.68207668855},"point_estimate":65560.15911622118,"standard_error":13.898024858289704},"median_abs_dev":{"confidence_interval":{"confidence_level":0.95,"lower_bound":106.34585160203329,"upper_bound":170.40485057521258},"point_estimate":139.26631968661374,"standard_error":15.986856355443173},"slope":{"confidence_interval":{"confidence_level":0.95,"lower_bound":65580.03989147862,"upper_bound":65646.66542371683},"point_estimate":65612.47103461652,"standard_error":16.99127125540892},"std_dev":{"confidence_interval":{"confidence_level":0.95,"lower_bound":160.431493289513,"upper_bound":900.9509990093919},"point_estimate":554.1437555134652,"standard_error":228.61619016417467}}