{"mean":{"confidence_interval":{"confidence_level":0.95,"lower_bound":66856.18342290621,"upper_bound":67056.07770751655},"point_estimate":66952.46561876466,"standard_error":51.08852063254406},"median":{"confidence_interval":{"confidence_level":0.95,"lower_bound":66797.20084388186,"upper_bound":67103.53099415205},"point_estimate":67021.75215229215,"standard_error":81.57144825804849},"median_abs_dev":{"confidence_interval":{"confidence_level":0.95,"lower_bound":275.81777713030624,"upper_bound":517.8295593852565},"point_estimate":426.3784893938682,"standard_error":63.41933782272803},"slope":{"confidence_interval":{"confidence_level":0.95,"lower_bound":67056.9372414044,"upper_bound":67169.65949052681},"point_estimate":67114.17981557558,"standard_error":28.732876433642893},"std_dev":{"confidence_interval":{"confidence_level":0.95,"lower_bound":377.20025785158197,"upper_bound":638.5767277945961},"point_estimate":514.8113037867905,"standard_error":66.862454073361}}