{"mean":{"confidence_interval":{"confidence_level":0.95,"lower_bound":4265.749928619789,"upper_bound":4277.504055129392},"point_estimate":4270.053605554566,"standard_error":3.3767414662416284},"median":{"confidence_interval":{"confidence_level":0.95,"lower_bound":4264.947811158799,"upper_bound":4266.731336974899},"point_estimate":4265.935549161139,"standard_error":0.5179216935944775},"median_abs_dev":{"confidence_interval":{"confidence_level":0.95,"lower_bound":3.5189042030309836,"upper_bound":6.060552860929489},"point_estimate":4.6206569024824615,"standard_error":0.6366190184180366},"slope":{"confidence_interval":{"confidence_level":0.95,"lower_bound":4265.557061334643,"upper_bound":4267.605496604719},"point_estimate":4266.5682676533615,"standard_error":0.523851458758713},"std_dev":{"confidence_interval":{"confidence_level":0.95,"lower_bound":5.100416534913243,"upper_bound":57.69950201305553},"point_estimate":34.03157278637004,"standard_error":18.2331940170239}}