{"mean":{"confidence_interval":{"confidence_level":0.95,"lower_bound":4303.73780572831,"upper_bound":4325.904106303843},"point_estimate":4313.446834495798,"standard_error":5.6963477361366825},"median":{"confidence_interval":{"confidence_level":0.95,"lower_bound":4300.098484848485,"upper_bound":4303.129148629148},"point_estimate":4301.7318961932115,"standard_error":0.7144306142735101},"median_abs_dev":{"confidence_interval":{"confidence_level":0.95,"lower_bound":4.3395348931825675,"upper_bound":7.129530176455552},"point_estimate":5.587706745717895,"standard_error":0.720630791882959},"slope":{"confidence_interval":{"confidence_level":0.95,"lower_bound":4303.223707111136,"upper_bound":4341.385792839099},"point_estimate":4320.066955322398,"standard_error":9.69569989383754},"std_dev":{"confidence_interval":{"confidence_level":0.95,"lower_bound":15.141584517841626,"upper_bound":82.84226947580119},"point_estimate":57.24354886754798,"standard_error":16.04689577683133}}