{"mean":{"confidence_interval":{"confidence_level":0.95,"lower_bound":4257.163724956616,"upper_bound":4261.982692823372},"point_estimate":4259.20878341398,"standard_error":1.2458609546094344},"median":{"confidence_interval":{"confidence_level":0.95,"lower_bound":4255.938047709352,"upper_bound":4258.853941062582},"point_estimate":4257.193787662029,"standard_error":0.8118534048332465},"median_abs_dev":{"confidence_interval":{"confidence_level":0.95,"lower_bound":3.523683565996318,"upper_bound":6.1059472644682256},"point_estimate":4.5537516081219716,"standard_error":0.6502181973603232},"slope":{"confidence_interval":{"confidence_level":0.95,"lower_bound":4256.584956898256,"upper_bound":4259.553874291773},"point_estimate":4257.970332495936,"standard_error":0.7583998048897704},"std_dev":{"confidence_interval":{"confidence_level":0.95,"lower_bound":5.659897684730294,"upper_bound":19.52991881748103},"point_estimate":12.522195292153821,"standard_error":4.376455292895785}}