{"mean":{"confidence_interval":{"confidence_level":0.95,"lower_bound":4280.05385768389,"upper_bound":4291.31884549867},"point_estimate":4284.327473297653,"standard_error":3.0892845175810937},"median":{"confidence_interval":{"confidence_level":0.95,"lower_bound":4279.758037580235,"upper_bound":4282.437936213447},"point_estimate":4281.500781173713,"standard_error":0.7274536137333151},"median_abs_dev":{"confidence_interval":{"confidence_level":0.95,"lower_bound":4.160199123338111,"upper_bound":6.806755244305837},"point_estimate":5.363715870827435,"standard_error":0.6669291582503318},"slope":{"confidence_interval":{"confidence_level":0.95,"lower_bound":4279.625202327183,"upper_bound":4281.890216329223},"point_estimate":4280.791612606889,"standard_error":0.5759590844173738},"std_dev":{"confidence_interval":{"confidence_level":0.95,"lower_bound":6.502402746225349,"upper_bound":52.14883100572358},"point_estimate":31.129320424863533,"standard_error":15.31796883894967}}