{"mean":{"confidence_interval":{"confidence_level":0.95,"lower_bound":539.8735912629661,"upper_bound":540.7034256129821},"point_estimate":540.2278477011574,"standard_error":0.2133584514042424},"median":{"confidence_interval":{"confidence_level":0.95,"lower_bound":539.5736627503986,"upper_bound":539.9193504366813},"point_estimate":539.7310505231325,"standard_error":0.09156280205401636},"median_abs_dev":{"confidence_interval":{"confidence_level":0.95,"lower_bound":0.481857568085811,"upper_bound":0.8211279271713918},"point_estimate":0.6826446774395709,"standard_error":0.08875289269667952},"slope":{"confidence_interval":{"confidence_level":0.95,"lower_bound":539.597964362342,"upper_bound":540.0556681602832},"point_estimate":539.8089063368144,"standard_error":0.1170628548308058},"std_dev":{"confidence_interval":{"confidence_level":0.95,"lower_bound":0.8776166321103562,"upper_bound":3.2852533725073187},"point_estimate":2.1289455971882925,"standard_error":0.6741174589278329}}