{"mean":{"confidence_interval":{"confidence_level":0.95,"lower_bound":586.60796101621,"upper_bound":588.6480299231749},"point_estimate":587.4001304895959,"standard_error":0.54450732082911},"median":{"confidence_interval":{"confidence_level":0.95,"lower_bound":586.2497005002633,"upper_bound":586.7663055743625},"point_estimate":586.4986824342946,"standard_error":0.12560651596801964},"median_abs_dev":{"confidence_interval":{"confidence_level":0.95,"lower_bound":0.6972114284560049,"upper_bound":1.1386866868898293},"point_estimate":0.8524112130363,"standard_error":0.11080050630159233},"slope":{"confidence_interval":{"confidence_level":0.95,"lower_bound":586.4511264914087,"upper_bound":586.9433624896487},"point_estimate":586.6813133799586,"standard_error":0.12553659132968714},"std_dev":{"confidence_interval":{"confidence_level":0.95,"lower_bound":1.2015541544954929,"upper_bound":8.985682465102267},"point_estimate":5.443960623935797,"standard_error":2.451648493200277}}