{"mean":{"confidence_interval":{"confidence_level":0.95,"lower_bound":541.2938019274434,"upper_bound":543.0362049464551},"point_estimate":541.9155676824262,"standard_error":0.5179636818953262},"median":{"confidence_interval":{"confidence_level":0.95,"lower_bound":541.1274956683993,"upper_bound":541.4289514382926},"point_estimate":541.2488843351548,"standard_error":0.07067099686078435},"median_abs_dev":{"confidence_interval":{"confidence_level":0.95,"lower_bound":0.3743253961528965,"upper_bound":0.6295098423731808},"point_estimate":0.4726445674285925,"standard_error":0.066140494703621},"slope":{"confidence_interval":{"confidence_level":0.95,"lower_bound":541.3129574171545,"upper_bound":541.5914647488432},"point_estimate":541.4494820492571,"standard_error":0.07105964461423349},"std_dev":{"confidence_interval":{"confidence_level":0.95,"lower_bound":0.5830439025869234,"upper_bound":8.911080373783076},"point_estimate":5.223735990496068,"standard_error":2.9425583968835283}}