{"mean":{"confidence_interval":{"confidence_level":0.95,"lower_bound":593.24883647279,"upper_bound":593.3618474431038},"point_estimate":593.3056193076011,"standard_error":0.028795329354803844},"median":{"confidence_interval":{"confidence_level":0.95,"lower_bound":593.2526030292356,"upper_bound":593.3405033682635},"point_estimate":593.2943822558964,"standard_error":0.024608230761781563},"median_abs_dev":{"confidence_interval":{"confidence_level":0.95,"lower_bound":0.1709452254556297,"upper_bound":0.301400589559302},"point_estimate":0.23774808618650217,"standard_error":0.03454552003174011},"slope":{"confidence_interval":{"confidence_level":0.95,"lower_bound":593.293580313628,"upper_bound":593.3914753819986},"point_estimate":593.3413514811665,"standard_error":0.025125338912042657},"std_dev":{"confidence_interval":{"confidence_level":0.95,"lower_bound":0.23875866045110522,"upper_bound":0.3339188446834331},"point_estimate":0.28844048430415464,"standard_error":0.02429949941518769}}