{"mean":{"confidence_interval":{"confidence_level":0.95,"lower_bound":593.1404567767464,"upper_bound":593.4144055987332},"point_estimate":593.2577954212605,"standard_error":0.07040597269043614},"median":{"confidence_interval":{"confidence_level":0.95,"lower_bound":593.0746464517773,"upper_bound":593.2128885086969},"point_estimate":593.139465387407,"standard_error":0.03245356523308575},"median_abs_dev":{"confidence_interval":{"confidence_level":0.95,"lower_bound":0.1721421057773563,"upper_bound":0.28235429983879223},"point_estimate":0.2129350920280742,"standard_error":0.0280035207442821},"slope":{"confidence_interval":{"confidence_level":0.95,"lower_bound":593.1043093394925,"upper_bound":593.1965183913992},"point_estimate":593.149877823782,"standard_error":0.02349368425529594},"std_dev":{"confidence_interval":{"confidence_level":0.95,"lower_bound":0.2502350082975717,"upper_bound":1.0940483352570238},"point_estimate":0.7083151014323708,"standard_error":0.22679666985504338}}