{"mean":{"confidence_interval":{"confidence_level":0.95,"lower_bound":592.9991160550337,"upper_bound":593.1859426949102},"point_estimate":593.0938413211817,"standard_error":0.047654456525577565},"median":{"confidence_interval":{"confidence_level":0.95,"lower_bound":592.9902251134126,"upper_bound":593.1362335263486},"point_estimate":593.0577562603,"standard_error":0.03821048380906795},"median_abs_dev":{"confidence_interval":{"confidence_level":0.95,"lower_bound":0.2442091301659052,"upper_bound":0.4441734664880019},"point_estimate":0.352570560905917,"standard_error":0.050515745932093487},"slope":{"confidence_interval":{"confidence_level":0.95,"lower_bound":593.0192238979485,"upper_bound":593.1557295089236},"point_estimate":593.0873101240353,"standard_error":0.03472220870496116},"std_dev":{"confidence_interval":{"confidence_level":0.95,"lower_bound":0.3490573053100847,"upper_bound":0.6159605929511053},"point_estimate":0.4806458085064707,"standard_error":0.06916467961238656}}