{"mean":{"confidence_interval":{"confidence_level":0.95,"lower_bound":56110.12259461094,"upper_bound":56391.262367711235},"point_estimate":56231.91121062423,"standard_error":72.30540314818614},"median":{"confidence_interval":{"confidence_level":0.95,"lower_bound":56059.291486291484,"upper_bound":56109.573088023084},"point_estimate":56082.17810457516,"standard_error":12.810562892699938},"median_abs_dev":{"confidence_interval":{"confidence_level":0.95,"lower_bound":94.61276295776706,"upper_bound":167.1380703766402},"point_estimate":126.51467671787798,"standard_error":18.28207567301465},"slope":{"confidence_interval":{"confidence_level":0.95,"lower_bound":56077.27090768165,"upper_bound":56150.33853913276},"point_estimate":56110.90896409044,"standard_error":18.648470937526124},"std_dev":{"confidence_interval":{"confidence_level":0.95,"lower_bound":226.51809848718221,"upper_bound":1082.1197519781083},"point_estimate":727.2843924012464,"standard_error":213.66834993292312}}