{"mean":{"confidence_interval":{"confidence_level":0.95,"lower_bound":59332.72269500158,"upper_bound":59484.07640995547},"point_estimate":59405.726787861815,"standard_error":38.548797932035626},"median":{"confidence_interval":{"confidence_level":0.95,"lower_bound":59305.24818694601,"upper_bound":59447.7381251966},"point_estimate":59392.99534219818,"standard_error":35.607332423612625},"median_abs_dev":{"confidence_interval":{"confidence_level":0.95,"lower_bound":219.7585723523769,"upper_bound":364.350768308663},"point_estimate":289.92933957775057,"standard_error":37.34390335686576},"slope":{"confidence_interval":{"confidence_level":0.95,"lower_bound":59325.077833304706,"upper_bound":59494.12638102411},"point_estimate":59405.670340145516,"standard_error":43.0741361145274},"std_dev":{"confidence_interval":{"confidence_level":0.95,"lower_bound":285.25988134185525,"upper_bound":498.0418479291966},"point_estimate":387.5340769952575,"standard_error":56.01173058819631}}