{"mean":{"confidence_interval":{"confidence_level":0.95,"lower_bound":1370013.5417599175,"upper_bound":1370177.5360652101},"point_estimate":1370089.929022555,"standard_error":41.9876233377916},"median":{"confidence_interval":{"confidence_level":0.95,"lower_bound":1369945.705882353,"upper_bound":1370038.1392045454},"point_estimate":1370003.8738656987,"standard_error":24.089696001362597},"median_abs_dev":{"confidence_interval":{"confidence_level":0.95,"lower_bound":153.65583784724973,"upper_bound":262.8083517888646},"point_estimate":216.02717116480858,"standard_error":26.551725056572753},"slope":{"confidence_interval":{"confidence_level":0.95,"lower_bound":1369994.6675119973,"upper_bound":1370117.8747626077},"point_estimate":1370051.6359982267,"standard_error":31.523075050330895},"std_dev":{"confidence_interval":{"confidence_level":0.95,"lower_bound":251.83253712152535,"upper_bound":570.8563959910208},"point_estimate":421.488016650956,"standard_error":82.14083884219905}}