{"mean":{"confidence_interval":{"confidence_level":0.95,"lower_bound":1372535.0523933033,"upper_bound":1372753.2808240112},"point_estimate":1372635.0661137209,"standard_error":55.87610004883072},"median":{"confidence_interval":{"confidence_level":0.95,"lower_bound":1372427.105263158,"upper_bound":1372535.2102272727},"point_estimate":1372479.3177257525,"standard_error":26.791000821633254},"median_abs_dev":{"confidence_interval":{"confidence_level":0.95,"lower_bound":181.252228743552,"upper_bound":302.43693162714607},"point_estimate":239.6342039462997,"standard_error":31.010432694883512},"slope":{"confidence_interval":{"confidence_level":0.95,"lower_bound":1372426.0792142376,"upper_bound":1372567.4107845281},"point_estimate":1372487.0180404906,"standard_error":36.357921371784},"std_dev":{"confidence_interval":{"confidence_level":0.95,"lower_bound":339.22114345497107,"upper_bound":780.7590255704123},"point_estimate":560.0310831461899,"standard_error":119.09619174375155}}