{"mean":{"confidence_interval":{"confidence_level":0.95,"lower_bound":54.33064371370416,"upper_bound":54.61373631319098},"point_estimate":54.46417882508243,"standard_error":0.07228438204939838},"median":{"confidence_interval":{"confidence_level":0.95,"lower_bound":54.12929513072716,"upper_bound":54.176348882445836},"point_estimate":54.16043969225679,"standard_error":0.013564197534938236},"median_abs_dev":{"confidence_interval":{"confidence_level":0.95,"lower_bound":0.09543682017235071,"upper_bound":0.2119981023292364},"point_estimate":0.15637035149100553,"standard_error":0.03171620887279275},"slope":{"confidence_interval":{"confidence_level":0.95,"lower_bound":54.26635047265279,"upper_bound":54.52631346123353},"point_estimate":54.39024262985679,"standard_error":0.06644846684315385},"std_dev":{"confidence_interval":{"confidence_level":0.95,"lower_bound":0.5179547530110279,"upper_bound":0.893503628703474},"point_estimate":0.7249937606356492,"standard_error":0.09567955283423345}}