{"mean":{"confidence_interval":{"confidence_level":0.95,"lower_bound":59.07142913690958,"upper_bound":59.181023815964274},"point_estimate":59.13053298495708,"standard_error":0.028035124302676205},"median":{"confidence_interval":{"confidence_level":0.95,"lower_bound":59.1385628756798,"upper_bound":59.20411009741766},"point_estimate":59.17689195964594,"standard_error":0.016994290411756284},"median_abs_dev":{"confidence_interval":{"confidence_level":0.95,"lower_bound":0.12319451030484925,"upper_bound":0.21026609444832356},"point_estimate":0.17057800504066234,"standard_error":0.02204722184318533},"slope":{"confidence_interval":{"confidence_level":0.95,"lower_bound":59.153655186371076,"upper_bound":59.216415442833},"point_estimate":59.18517637431101,"standard_error":0.01598323442028403},"std_dev":{"confidence_interval":{"confidence_level":0.95,"lower_bound":0.16433540843011038,"upper_bound":0.38592918837026446},"point_estimate":0.2813729115467183,"standard_error":0.05784146272190999}}