{"mean":{"confidence_interval":{"confidence_level":0.95,"lower_bound":54.02654502777361,"upper_bound":54.04728027626954},"point_estimate":54.0365383898224,"standard_error":0.005293726755335245},"median":{"confidence_interval":{"confidence_level":0.95,"lower_bound":54.02775029749461,"upper_bound":54.047053965078},"point_estimate":54.038743562012925,"standard_error":0.006006631218610572},"median_abs_dev":{"confidence_interval":{"confidence_level":0.95,"lower_bound":0.030602487582986254,"upper_bound":0.05242129872817973},"point_estimate":0.03873562027303787,"standard_error":0.005505674120580463},"slope":{"confidence_interval":{"confidence_level":0.95,"lower_bound":54.02166224948044,"upper_bound":54.03900280350483},"point_estimate":54.0304335410896,"standard_error":0.004423843277948928},"std_dev":{"confidence_interval":{"confidence_level":0.95,"lower_bound":0.03910154694972916,"upper_bound":0.06974435358824767},"point_estimate":0.05323386334223975,"standard_error":0.008233447160289568}}