{"mean":{"confidence_interval":{"confidence_level":0.95,"lower_bound":57.17395245359869,"upper_bound":57.40744437806203},"point_estimate":57.287018941761495,"standard_error":0.059576593812126294},"median":{"confidence_interval":{"confidence_level":0.95,"lower_bound":57.01438223320068,"upper_bound":57.30469151165837},"point_estimate":57.169994650345785,"standard_error":0.07433496193540952},"median_abs_dev":{"confidence_interval":{"confidence_level":0.95,"lower_bound":0.37545501046821483,"upper_bound":0.6651849384878145},"point_estimate":0.4891128694840556,"standard_error":0.0776896474660517},"slope":{"confidence_interval":{"confidence_level":0.95,"lower_bound":57.23245134005684,"upper_bound":57.51874455044588},"point_estimate":57.37326557778063,"standard_error":0.07342057476043418},"std_dev":{"confidence_interval":{"confidence_level":0.95,"lower_bound":0.4878744250851572,"upper_bound":0.6945534456135218},"point_estimate":0.5972272404825496,"standard_error":0.05276752637318035}}