{"mean":{"confidence_interval":{"confidence_level":0.95,"lower_bound":443.32739327529,"upper_bound":443.7273889320774},"point_estimate":443.49019011119776,"standard_error":0.10462951333132411},"median":{"confidence_interval":{"confidence_level":0.95,"lower_bound":443.2612395728609,"upper_bound":443.3818931767338},"point_estimate":443.31450344241546,"standard_error":0.03403216400319669},"median_abs_dev":{"confidence_interval":{"confidence_level":0.95,"lower_bound":0.18324832486009798,"upper_bound":0.28593976190139514},"point_estimate":0.2466182380229775,"standard_error":0.026011654816371743},"slope":{"confidence_interval":{"confidence_level":0.95,"lower_bound":443.40078246652257,"upper_bound":443.94590206651145},"point_estimate":443.61758824985975,"standard_error":0.14325846811090862},"std_dev":{"confidence_interval":{"confidence_level":0.95,"lower_bound":0.3499894478429696,"upper_bound":1.6933793231894312},"point_estimate":1.0520838919607205,"standard_error":0.4169830642139556}}