{"mean":{"confidence_interval":{"confidence_level":0.95,"lower_bound":443.1735627007835,"upper_bound":443.28325310844036},"point_estimate":443.2268023689264,"standard_error":0.02791027499061437},"median":{"confidence_interval":{"confidence_level":0.95,"lower_bound":443.1709260941996,"upper_bound":443.2564551499717},"point_estimate":443.2117279963584,"standard_error":0.02093403263322394},"median_abs_dev":{"confidence_interval":{"confidence_level":0.95,"lower_bound":0.1588777470104049,"upper_bound":0.2682792966159329},"point_estimate":0.22745802087072764,"standard_error":0.028499454706022238},"slope":{"confidence_interval":{"confidence_level":0.95,"lower_bound":443.2296649091493,"upper_bound":443.32259769724516},"point_estimate":443.2775179516026,"standard_error":0.023668042620289785},"std_dev":{"confidence_interval":{"confidence_level":0.95,"lower_bound":0.20631830100025675,"upper_bound":0.3530054273641911},"point_estimate":0.28069063026098556,"standard_error":0.03794638584520929}}