{"mean":{"confidence_interval":{"confidence_level":0.95,"lower_bound":2705.4058802837094,"upper_bound":2718.058635036796},"point_estimate":2711.002468633549,"standard_error":3.272773594516068},"median":{"confidence_interval":{"confidence_level":0.95,"lower_bound":2701.8565549374325,"upper_bound":2705.8229472296634},"point_estimate":2703.41715597835,"standard_error":1.0226494251274254},"median_abs_dev":{"confidence_interval":{"confidence_level":0.95,"lower_bound":3.5317361991717307,"upper_bound":8.720967779409987},"point_estimate":5.353110089335591,"standard_error":1.33576209298367},"slope":{"confidence_interval":{"confidence_level":0.95,"lower_bound":2702.5870703216215,"upper_bound":2713.7613797419153},"point_estimate":2707.318561344079,"standard_error":2.873769563586808},"std_dev":{"confidence_interval":{"confidence_level":0.95,"lower_bound":7.7958355045656464,"upper_bound":33.34892752030104},"point_estimate":23.42479763919883,"standard_error":6.2219717555534855}}