{"mean":{"confidence_interval":{"confidence_level":0.95,"lower_bound":28779.07760386063,"upper_bound":28931.488261486455},"point_estimate":28855.47933152411,"standard_error":38.828474448546636},"median":{"confidence_interval":{"confidence_level":0.95,"lower_bound":28757.321548619446,"upper_bound":28964.326530612245},"point_estimate":28865.76733044733,"standard_error":54.33509433132656},"median_abs_dev":{"confidence_interval":{"confidence_level":0.95,"lower_bound":331.41685036375594,"upper_bound":505.1999396200649},"point_estimate":419.5493217372854,"standard_error":43.95165804220242},"slope":{"confidence_interval":{"confidence_level":0.95,"lower_bound":28963.43421027552,"upper_bound":29109.271016548857},"point_estimate":29037.759514112604,"standard_error":37.298120097717835},"std_dev":{"confidence_interval":{"confidence_level":0.95,"lower_bound":343.5334427243075,"upper_bound":430.7557789560722},"point_estimate":390.097405120861,"standard_error":22.277375880391073}}