{"mean":{"confidence_interval":{"confidence_level":0.95,"lower_bound":28568.35751711729,"upper_bound":28607.337430159827},"point_estimate":28587.59013403728,"standard_error":9.968556512792446},"median":{"confidence_interval":{"confidence_level":0.95,"lower_bound":28558.135,"upper_bound":28611.852678571428},"point_estimate":28585.582507896775,"standard_error":11.937316550499112},"median_abs_dev":{"confidence_interval":{"confidence_level":0.95,"lower_bound":77.93128459111689,"upper_bound":128.25211697119073},"point_estimate":100.14568088215759,"standard_error":12.378363812445192},"slope":{"confidence_interval":{"confidence_level":0.95,"lower_bound":28557.836493200477,"upper_bound":28611.078317709675},"point_estimate":28584.823912854397,"standard_error":13.564172549204022},"std_dev":{"confidence_interval":{"confidence_level":0.95,"lower_bound":85.58810928002764,"upper_bound":113.79212706541495},"point_estimate":100.26476222984806,"standard_error":7.212123116613499}}