{"mean":{"confidence_interval":{"confidence_level":0.95,"lower_bound":105624.58765327421,"upper_bound":105721.55876162906},"point_estimate":105671.95341276983,"standard_error":24.735167493285893},"median":{"confidence_interval":{"confidence_level":0.95,"lower_bound":105619.90403508772,"upper_bound":105699.98943745083},"point_estimate":105668.9845319149,"standard_error":21.928855154028213},"median_abs_dev":{"confidence_interval":{"confidence_level":0.95,"lower_bound":172.57893944169754,"upper_bound":280.601063945393},"point_estimate":225.2014971160069,"standard_error":26.141765296105987},"slope":{"confidence_interval":{"confidence_level":0.95,"lower_bound":105728.02853008643,"upper_bound":105835.3427129299},"point_estimate":105780.82285769175,"standard_error":27.26835919061791},"std_dev":{"confidence_interval":{"confidence_level":0.95,"lower_bound":201.64589219047048,"upper_bound":296.5311608263567},"point_estimate":248.61345036575517,"standard_error":24.519253397661974}}