{"mean":{"confidence_interval":{"confidence_level":0.95,"lower_bound":105880.76714252956,"upper_bound":105940.82342400562},"point_estimate":105909.71066361564,"standard_error":15.336679870387407},"median":{"confidence_interval":{"confidence_level":0.95,"lower_bound":105868.02077464788,"upper_bound":105934.98103448276},"point_estimate":105896.73699036919,"standard_error":16.28732357968362},"median_abs_dev":{"confidence_interval":{"confidence_level":0.95,"lower_bound":94.82328431372216,"upper_bound":150.85650239869122},"point_estimate":117.89634990692743,"standard_error":14.306656200905145},"slope":{"confidence_interval":{"confidence_level":0.95,"lower_bound":105867.99011889196,"upper_bound":105940.11668435729},"point_estimate":105903.53692478203,"standard_error":18.460322468296084},"std_dev":{"confidence_interval":{"confidence_level":0.95,"lower_bound":116.47987672571577,"upper_bound":190.91234349166544},"point_estimate":154.6465568414905,"standard_error":19.16746894397328}}