{"mean":{"confidence_interval":{"confidence_level":0.95,"lower_bound":107431.48644264159,"upper_bound":107505.63077095163},"point_estimate":107467.68764057591,"standard_error":18.943449049917987},"median":{"confidence_interval":{"confidence_level":0.95,"lower_bound":107394.22564655173,"upper_bound":107469.84},"point_estimate":107437.27752899485,"standard_error":21.40741767169867},"median_abs_dev":{"confidence_interval":{"confidence_level":0.95,"lower_bound":143.4951000202695,"upper_bound":221.27372014632292},"point_estimate":195.79362335729684,"standard_error":20.676869476329333},"slope":{"confidence_interval":{"confidence_level":0.95,"lower_bound":107344.46566143379,"upper_bound":107414.42751046219},"point_estimate":107376.70604994828,"standard_error":17.811816973568096},"std_dev":{"confidence_interval":{"confidence_level":0.95,"lower_bound":155.63749445991786,"upper_bound":224.62487662640464},"point_estimate":190.51962329488725,"standard_error":17.7466669454392}}