{"mean":{"confidence_interval":{"confidence_level":0.95,"lower_bound":106422.2461312683,"upper_bound":106479.55967640184},"point_estimate":106448.67414012662,"standard_error":14.710652895651249},"median":{"confidence_interval":{"confidence_level":0.95,"lower_bound":106403.76909090909,"upper_bound":106448.47672550051},"point_estimate":106421.81396096307,"standard_error":11.364444803414928},"median_abs_dev":{"confidence_interval":{"confidence_level":0.95,"lower_bound":76.50001650509355,"upper_bound":120.72515799857065},"point_estimate":103.12541816915662,"standard_error":10.921194023094989},"slope":{"confidence_interval":{"confidence_level":0.95,"lower_bound":106416.35683925626,"upper_bound":106504.26252997841},"point_estimate":106452.39212708734,"standard_error":23.019598355408842},"std_dev":{"confidence_interval":{"confidence_level":0.95,"lower_bound":88.93216156362885,"upper_bound":210.19991106894597},"point_estimate":148.3391925290849,"standard_error":33.44761023805025}}