{"mean":{"confidence_interval":{"confidence_level":0.95,"lower_bound":235.24737953123204,"upper_bound":235.29387507092167},"point_estimate":235.27032826396228,"standard_error":0.011877120065455445},"median":{"confidence_interval":{"confidence_level":0.95,"lower_bound":235.23301087128144,"upper_bound":235.3112039895512},"point_estimate":235.27943184516744,"standard_error":0.01877268295070663},"median_abs_dev":{"confidence_interval":{"confidence_level":0.95,"lower_bound":0.09112510449655652,"upper_bound":0.15316293260465008},"point_estimate":0.1223013088791499,"standard_error":0.015367051041887108},"slope":{"confidence_interval":{"confidence_level":0.95,"lower_bound":235.1790003917616,"upper_bound":235.22555374349406},"point_estimate":235.20037292043747,"standard_error":0.011895839072735816},"std_dev":{"confidence_interval":{"confidence_level":0.95,"lower_bound":0.09858850550360497,"upper_bound":0.1412589664452617},"point_estimate":0.11964956095623032,"standard_error":0.01104835431927997}}