{"mean":{"confidence_interval":{"confidence_level":0.95,"lower_bound":10788.104749841641,"upper_bound":10825.867089186382},"point_estimate":10802.807647653099,"standard_error":10.099465439388446},"median":{"confidence_interval":{"confidence_level":0.95,"lower_bound":10787.482352941177,"upper_bound":10799.820126227209},"point_estimate":10791.316882166746,"standard_error":3.3363967293794445},"median_abs_dev":{"confidence_interval":{"confidence_level":0.95,"lower_bound":19.49804687160272,"upper_bound":37.19939658458914},"point_estimate":27.806318141582427,"standard_error":4.460169986249533},"slope":{"confidence_interval":{"confidence_level":0.95,"lower_bound":10792.681843387612,"upper_bound":10808.98675581603},"point_estimate":10799.924552431557,"standard_error":4.233037131935048},"std_dev":{"confidence_interval":{"confidence_level":0.95,"lower_bound":30.185932642779708,"upper_bound":168.42102118407246},"point_estimate":101.79488392886647,"standard_error":46.681061297904314}}