{"mean":{"confidence_interval":{"confidence_level":0.95,"lower_bound":129.34276283581545,"upper_bound":129.38399488688466},"point_estimate":129.36271793145843,"standard_error":0.010532147887641551},"median":{"confidence_interval":{"confidence_level":0.95,"lower_bound":129.31669479945342,"upper_bound":129.3653539707419},"point_estimate":129.3312665579515,"standard_error":0.010612333046839733},"median_abs_dev":{"confidence_interval":{"confidence_level":0.95,"lower_bound":0.06810391624127574,"upper_bound":0.11145835104097404},"point_estimate":0.09043766930000845,"standard_error":0.010765441633840515},"slope":{"confidence_interval":{"confidence_level":0.95,"lower_bound":129.2961430283452,"upper_bound":129.32276163747346},"point_estimate":129.30835092747566,"standard_error":0.006799999446876317},"std_dev":{"confidence_interval":{"confidence_level":0.95,"lower_bound":0.08274126531654445,"upper_bound":0.12717870394297032},"point_estimate":0.10562459979336271,"standard_error":0.011375913182133927}}