{"mean":{"confidence_interval":{"confidence_level":0.95,"lower_bound":128.81014603773016,"upper_bound":128.85240710053574},"point_estimate":128.8318585571728,"standard_error":0.010791708161065717},"median":{"confidence_interval":{"confidence_level":0.95,"lower_bound":128.81926737573238,"upper_bound":128.85781678513214},"point_estimate":128.8326831227476,"standard_error":0.008800916759784358},"median_abs_dev":{"confidence_interval":{"confidence_level":0.95,"lower_bound":0.05609554274879337,"upper_bound":0.09530089300831396},"point_estimate":0.07017957351039218,"standard_error":0.010221712707061641},"slope":{"confidence_interval":{"confidence_level":0.95,"lower_bound":128.8245418706738,"upper_bound":128.85975248407343},"point_estimate":128.84160572981938,"standard_error":0.008952455626438415},"std_dev":{"confidence_interval":{"confidence_level":0.95,"lower_bound":0.08267473867599585,"upper_bound":0.13265318582539687},"point_estimate":0.10850268124209486,"standard_error":0.012807275946332894}}