{"mean":{"confidence_interval":{"confidence_level":0.95,"lower_bound":4797.383410202073,"upper_bound":4811.8825945422905},"point_estimate":4803.20062734736,"standard_error":3.8184562590318865},"median":{"confidence_interval":{"confidence_level":0.95,"lower_bound":4796.4284825870645,"upper_bound":4798.063002296211},"point_estimate":4797.648660538585,"standard_error":0.41414409627233484},"median_abs_dev":{"confidence_interval":{"confidence_level":0.95,"lower_bound":1.9915106246115724,"upper_bound":5.739281570993091},"point_estimate":3.8311151608942633,"standard_error":0.921649645709297},"slope":{"confidence_interval":{"confidence_level":0.95,"lower_bound":4796.633211609393,"upper_bound":4808.405219652989},"point_estimate":4800.529659941411,"standard_error":3.2704691444051988},"std_dev":{"confidence_interval":{"confidence_level":0.95,"lower_bound":5.159554777856684,"upper_bound":43.73905818440367},"point_estimate":27.226978436329258,"standard_error":11.161303060624446}}