{"mean":{"confidence_interval":{"confidence_level":0.95,"lower_bound":4391.542681841759,"upper_bound":4395.043479526586},"point_estimate":4392.984369116413,"standard_error":0.9126458624846037},"median":{"confidence_interval":{"confidence_level":0.95,"lower_bound":4390.638527028599,"upper_bound":4392.607453802417},"point_estimate":4391.615423725965,"standard_error":0.5423236242105304},"median_abs_dev":{"confidence_interval":{"confidence_level":0.95,"lower_bound":1.3574354067784364,"upper_bound":3.108741144497222},"point_estimate":2.2716471611629996,"standard_error":0.4326593187106332},"slope":{"confidence_interval":{"confidence_level":0.95,"lower_bound":4390.8718925557005,"upper_bound":4392.934239140047},"point_estimate":4391.74595072106,"standard_error":0.5305614879651166},"std_dev":{"confidence_interval":{"confidence_level":0.95,"lower_bound":2.187423460928097,"upper_bound":10.2882372379645},"point_estimate":6.504238700702746,"standard_error":2.4781115825269997}}