{"mean":{"confidence_interval":{"confidence_level":0.95,"lower_bound":1771.159300839489,"upper_bound":1776.5302657895893},"point_estimate":1773.6972369619536,"standard_error":1.3743291068553694},"median":{"confidence_interval":{"confidence_level":0.95,"lower_bound":1767.5944910352805,"upper_bound":1769.4287607610393},"point_estimate":1768.6868534939963,"standard_error":0.4923515512595317},"median_abs_dev":{"confidence_interval":{"confidence_level":0.95,"lower_bound":2.7692631387297335,"upper_bound":6.202445337791027},"point_estimate":4.06845774549603,"standard_error":0.8391326520177637},"slope":{"confidence_interval":{"confidence_level":0.95,"lower_bound":1774.6720256009874,"upper_bound":1783.564010516986},"point_estimate":1779.016370232398,"standard_error":2.272599414363133},"std_dev":{"confidence_interval":{"confidence_level":0.95,"lower_bound":9.873567058534663,"upper_bound":17.34841360830571},"point_estimate":13.78701823780061,"standard_error":1.9199002604919455}}