{"mean":{"confidence_interval":{"confidence_level":0.95,"lower_bound":44.25197915195309,"upper_bound":44.32145232324653},"point_estimate":44.28497824455704,"standard_error":0.01768438936002018},"median":{"confidence_interval":{"confidence_level":0.95,"lower_bound":44.24851702187995,"upper_bound":44.3032914320486},"point_estimate":44.267233901709695,"standard_error":0.013999007812420722},"median_abs_dev":{"confidence_interval":{"confidence_level":0.95,"lower_bound":0.09753387242987813,"upper_bound":0.1556764509500192},"point_estimate":0.12779227251408057,"standard_error":0.01443205516643773},"slope":{"confidence_interval":{"confidence_level":0.95,"lower_bound":44.264976537936604,"upper_bound":44.32116249298191},"point_estimate":44.292368115172465,"standard_error":0.014316062607015324},"std_dev":{"confidence_interval":{"confidence_level":0.95,"lower_bound":0.12287787841740132,"upper_bound":0.23600655560195521},"point_estimate":0.17771894530947122,"standard_error":0.029942345143277024}}