{"mean":{"confidence_interval":{"confidence_level":0.95,"lower_bound":44.03905009711669,"upper_bound":44.10748470679678},"point_estimate":44.07265119549045,"standard_error":0.017476991114618055},"median":{"confidence_interval":{"confidence_level":0.95,"lower_bound":44.0228163493841,"upper_bound":44.07978303487055},"point_estimate":44.056020355852525,"standard_error":0.015343753723970925},"median_abs_dev":{"confidence_interval":{"confidence_level":0.95,"lower_bound":0.0930703758292065,"upper_bound":0.17878333036580765},"point_estimate":0.12254529674388663,"standard_error":0.01994764002998071},"slope":{"confidence_interval":{"confidence_level":0.95,"lower_bound":44.05647855323952,"upper_bound":44.12026419336835},"point_estimate":44.086947344982185,"standard_error":0.016305352677619595},"std_dev":{"confidence_interval":{"confidence_level":0.95,"lower_bound":0.13552015647750246,"upper_bound":0.21420326890738392},"point_estimate":0.17544496136066182,"standard_error":0.02019826035150179}}