{"mean":{"confidence_interval":{"confidence_level":0.95,"lower_bound":8187.721121997791,"upper_bound":8189.21783670269},"point_estimate":8188.42404801225,"standard_error":0.38247864643624263},"median":{"confidence_interval":{"confidence_level":0.95,"lower_bound":8186.830624426079,"upper_bound":8188.170441417642},"point_estimate":8187.584269414172,"standard_error":0.3825211799033415},"median_abs_dev":{"confidence_interval":{"confidence_level":0.95,"lower_bound":1.8102534539620692,"upper_bound":3.279157756216045},"point_estimate":2.453029629761711,"standard_error":0.36879600548532526},"slope":{"confidence_interval":{"confidence_level":0.95,"lower_bound":8187.909212090275,"upper_bound":8189.7314713789765},"point_estimate":8188.733332226031,"standard_error":0.46902114189611255},"std_dev":{"confidence_interval":{"confidence_level":0.95,"lower_bound":2.595247301027286,"upper_bound":5.018235159605939},"point_estimate":3.8518192020368796,"standard_error":0.6235257066618672}}