{"mean":{"confidence_interval":{"confidence_level":0.95,"lower_bound":8195.31327516068,"upper_bound":8196.161587240093},"point_estimate":8195.720884026874,"standard_error":0.2159372930122378},"median":{"confidence_interval":{"confidence_level":0.95,"lower_bound":8195.016904583019,"upper_bound":8195.870052196608},"point_estimate":8195.498383039885,"standard_error":0.23040232690276694},"median_abs_dev":{"confidence_interval":{"confidence_level":0.95,"lower_bound":1.0977500930725392,"upper_bound":1.9206603240289757},"point_estimate":1.4937825351410159,"standard_error":0.20856128096118814},"slope":{"confidence_interval":{"confidence_level":0.95,"lower_bound":8195.479673939482,"upper_bound":8196.095596610088},"point_estimate":8195.779931852072,"standard_error":0.15752606962316656},"std_dev":{"confidence_interval":{"confidence_level":0.95,"lower_bound":1.5941199103472377,"upper_bound":2.7711762318812414},"point_estimate":2.1678513129614925,"standard_error":0.30821606221052444}}