{"mean":{"confidence_interval":{"confidence_level":0.95,"lower_bound":828.1997050672817,"upper_bound":829.7006791318813},"point_estimate":828.937906910718,"standard_error":0.383558620988877},"median":{"confidence_interval":{"confidence_level":0.95,"lower_bound":826.7869814204827,"upper_bound":829.15243952378},"point_estimate":828.1437034371543,"standard_error":0.7558844455632417},"median_abs_dev":{"confidence_interval":{"confidence_level":0.95,"lower_bound":2.476877829551583,"upper_bound":4.923415488853003},"point_estimate":4.076580365633385,"standard_error":0.7105759469796896},"slope":{"confidence_interval":{"confidence_level":0.95,"lower_bound":827.7770798877012,"upper_bound":829.0963118756574},"point_estimate":828.4276479338599,"standard_error":0.33636525987056626},"std_dev":{"confidence_interval":{"confidence_level":0.95,"lower_bound":3.2838410339173296,"upper_bound":4.324904832366492},"point_estimate":3.8582808169956504,"standard_error":0.26528749580486777}}