{"mean":{"confidence_interval":{"confidence_level":0.95,"lower_bound":815.6051847045017,"upper_bound":815.8738838774013},"point_estimate":815.7320540487735,"standard_error":0.06861215269048321},"median":{"confidence_interval":{"confidence_level":0.95,"lower_bound":815.4068762319743,"upper_bound":815.6430555555555},"point_estimate":815.5510150891632,"standard_error":0.06514958541726108},"median_abs_dev":{"confidence_interval":{"confidence_level":0.95,"lower_bound":0.26554375800051994,"upper_bound":0.5065327554859254},"point_estimate":0.37897611412946386,"standard_error":0.06659692443824175},"slope":{"confidence_interval":{"confidence_level":0.95,"lower_bound":815.5314797823073,"upper_bound":815.7354053870346},"point_estimate":815.6249788266831,"standard_error":0.052088866472828566},"std_dev":{"confidence_interval":{"confidence_level":0.95,"lower_bound":0.49516185477806174,"upper_bound":0.8650845947237068},"point_estimate":0.6880197362189409,"standard_error":0.09491729645110196}}