{"mean":{"confidence_interval":{"confidence_level":0.95,"lower_bound":277.8726807847046,"upper_bound":278.33828523751356},"point_estimate":278.0694920665942,"standard_error":0.12033103987872601},"median":{"confidence_interval":{"confidence_level":0.95,"lower_bound":277.8209026672078,"upper_bound":277.97365833099184},"point_estimate":277.88620913977127,"standard_error":0.04140719627084808},"median_abs_dev":{"confidence_interval":{"confidence_level":0.95,"lower_bound":0.22954798486272981,"upper_bound":0.40467167490536643},"point_estimate":0.2864124391351489,"standard_error":0.04343880262266291},"slope":{"confidence_interval":{"confidence_level":0.95,"lower_bound":277.84880650945706,"upper_bound":278.2230824880582},"point_estimate":278.00551087116696,"standard_error":0.0971180347158843},"std_dev":{"confidence_interval":{"confidence_level":0.95,"lower_bound":0.365975010316339,"upper_bound":1.9012569772856516},"point_estimate":1.2110361753988574,"standard_error":0.41239610616637495}}