{"mean":{"confidence_interval":{"confidence_level":0.95,"lower_bound":129.1163779953495,"upper_bound":129.14697732833233},"point_estimate":129.13055104312912,"standard_error":0.007780851392925378},"median":{"confidence_interval":{"confidence_level":0.95,"lower_bound":129.11392363825905,"upper_bound":129.13656328729041},"point_estimate":129.12832947048557,"standard_error":0.0053482601827290034},"median_abs_dev":{"confidence_interval":{"confidence_level":0.95,"lower_bound":0.03160725598887501,"upper_bound":0.04984851224582751},"point_estimate":0.04031427103676651,"standard_error":0.004527953089267279},"slope":{"confidence_interval":{"confidence_level":0.95,"lower_bound":129.12270128775862,"upper_bound":129.139863354027},"point_estimate":129.13121457021012,"standard_error":0.004390362082563453},"std_dev":{"confidence_interval":{"confidence_level":0.95,"lower_bound":0.04515794487865562,"upper_bound":0.11343641931965284},"point_estimate":0.07839336434647985,"standard_error":0.01890125377132942}}