{"mean":{"confidence_interval":{"confidence_level":0.95,"lower_bound":71429.93724844164,"upper_bound":72296.58678723431},"point_estimate":71725.64006508526,"standard_error":275.12564178084807},"median":{"confidence_interval":{"confidence_level":0.95,"lower_bound":71400.21645021645,"upper_bound":71443.77727272727},"point_estimate":71423.88758912656,"standard_error":12.160146530572437},"median_abs_dev":{"confidence_interval":{"confidence_level":0.95,"lower_bound":25.706827783278058,"upper_bound":68.96503827057153},"point_estimate":45.708868459242254,"standard_error":11.01079243599341},"slope":{"confidence_interval":{"confidence_level":0.95,"lower_bound":71415.0715221571,"upper_bound":71445.40883291031},"point_estimate":71429.14691304424,"standard_error":7.757973605798777},"std_dev":{"confidence_interval":{"confidence_level":0.95,"lower_bound":59.71204428357655,"upper_bound":3340.8687508032003},"point_estimate":1968.9265173069286,"standard_error":1185.333153939738}}