{"mean":{"confidence_interval":{"confidence_level":0.95,"lower_bound":57960.92537714583,"upper_bound":58215.8229241852},"point_estimate":58053.56916949583,"standard_error":74.26086910514888},"median":{"confidence_interval":{"confidence_level":0.95,"lower_bound":57936.93135888502,"upper_bound":57985.377110694186},"point_estimate":57960.19393977103,"standard_error":13.636741950217537},"median_abs_dev":{"confidence_interval":{"confidence_level":0.95,"lower_bound":42.24458631362146,"upper_bound":93.93771644733238},"point_estimate":67.2478014028287,"standard_error":13.123147884283375},"slope":{"confidence_interval":{"confidence_level":0.95,"lower_bound":57950.179589098436,"upper_bound":57994.430392258866},"point_estimate":57971.08094833587,"standard_error":11.291266022296893},"std_dev":{"confidence_interval":{"confidence_level":0.95,"lower_bound":68.82740630383189,"upper_bound":893.0709569149577},"point_estimate":530.1523680371271,"standard_error":287.64350004745745}}