{"mean":{"confidence_interval":{"confidence_level":0.95,"lower_bound":403.851466447343,"upper_bound":403.96964136549917},"point_estimate":403.89945005109524,"standard_error":0.030977364568944427},"median":{"confidence_interval":{"confidence_level":0.95,"lower_bound":403.8131882137031,"upper_bound":403.84091913218646},"point_estimate":403.8206945577307,"standard_error":0.008774547830049578},"median_abs_dev":{"confidence_interval":{"confidence_level":0.95,"lower_bound":0.047005989432832816,"upper_bound":0.1001123692196504},"point_estimate":0.06831078613582105,"standard_error":0.014350147791541179},"slope":{"confidence_interval":{"confidence_level":0.95,"lower_bound":403.81756068430803,"upper_bound":403.8577789272939},"point_estimate":403.8363851683067,"standard_error":0.010258923939442163},"std_dev":{"confidence_interval":{"confidence_level":0.95,"lower_bound":0.11312871780954685,"upper_bound":0.5012759566042352},"point_estimate":0.3115671491041081,"standard_error":0.12620249669292607}}