{"mean":{"confidence_interval":{"confidence_level":0.95,"lower_bound":403.6951475641848,"upper_bound":403.74117961990487},"point_estimate":403.7157965835206,"standard_error":0.011801502068944612},"median":{"confidence_interval":{"confidence_level":0.95,"lower_bound":403.68377476207877,"upper_bound":403.7044967939329},"point_estimate":403.6952623073243,"standard_error":0.004798204096529733},"median_abs_dev":{"confidence_interval":{"confidence_level":0.95,"lower_bound":0.030914995572697997,"upper_bound":0.06475806555777847},"point_estimate":0.05222465537457698,"standard_error":0.007796398349509579},"slope":{"confidence_interval":{"confidence_level":0.95,"lower_bound":403.6921791294465,"upper_bound":403.73259154958214},"point_estimate":403.70997880229083,"standard_error":0.010424250492551676},"std_dev":{"confidence_interval":{"confidence_level":0.95,"lower_bound":0.06204697554508782,"upper_bound":0.17176011553278783},"point_estimate":0.11813840822376491,"standard_error":0.029337639996329764}}