{"mean":{"confidence_interval":{"confidence_level":0.95,"lower_bound":401.8673623256328,"upper_bound":401.93379835096454},"point_estimate":401.89660760293214,"standard_error":0.017084920756478095},"median":{"confidence_interval":{"confidence_level":0.95,"lower_bound":401.8434348280407,"upper_bound":401.8821657302267},"point_estimate":401.85806777755437,"standard_error":0.010284756097200417},"median_abs_dev":{"confidence_interval":{"confidence_level":0.95,"lower_bound":0.05171688339591287,"upper_bound":0.08561780018225013},"point_estimate":0.07055387211872206,"standard_error":0.008570915977959252},"slope":{"confidence_interval":{"confidence_level":0.95,"lower_bound":401.8290519100398,"upper_bound":401.87174514244015},"point_estimate":401.84885721175243,"standard_error":0.010872889706137695},"std_dev":{"confidence_interval":{"confidence_level":0.95,"lower_bound":0.08123398067650296,"upper_bound":0.2593943530914769},"point_estimate":0.1721329926102279,"standard_error":0.05089457689934674}}