{"mean":{"confidence_interval":{"confidence_level":0.95,"lower_bound":123.22896735485843,"upper_bound":123.27682020439865},"point_estimate":123.25215219278827,"standard_error":0.012194305371066617},"median":{"confidence_interval":{"confidence_level":0.95,"lower_bound":123.20368439915234,"upper_bound":123.2523475783408},"point_estimate":123.22258761914075,"standard_error":0.011250556302100175},"median_abs_dev":{"confidence_interval":{"confidence_level":0.95,"lower_bound":0.07781132454234549,"upper_bound":0.14033057390129308},"point_estimate":0.10700893918935098,"standard_error":0.015253971809207588},"slope":{"confidence_interval":{"confidence_level":0.95,"lower_bound":123.22322828337991,"upper_bound":123.2656886563656},"point_estimate":123.24419372917767,"standard_error":0.010817605220235758},"std_dev":{"confidence_interval":{"confidence_level":0.95,"lower_bound":0.09692396682960217,"upper_bound":0.14776920132181715},"point_estimate":0.12263595353160205,"standard_error":0.013068142013562557}}