{"mean":{"confidence_interval":{"confidence_level":0.95,"lower_bound":55194.09063868969,"upper_bound":55332.54705037858},"point_estimate":55251.512165095766,"standard_error":35.8524861995037},"median":{"confidence_interval":{"confidence_level":0.95,"lower_bound":55152.69734660033,"upper_bound":55238.45684232026},"point_estimate":55195.92407407407,"standard_error":18.698238836685015},"median_abs_dev":{"confidence_interval":{"confidence_level":0.95,"lower_bound":124.70989511789622,"upper_bound":210.8027712575068},"point_estimate":150.4285231599041,"standard_error":23.197505440297597},"slope":{"confidence_interval":{"confidence_level":0.95,"lower_bound":55172.956870170725,"upper_bound":55258.85837362491},"point_estimate":55213.47914733264,"standard_error":21.93105858429397},"std_dev":{"confidence_interval":{"confidence_level":0.95,"lower_bound":152.21696897093588,"upper_bound":569.8208013690863},"point_estimate":359.5912355399601,"standard_error":135.41472241456216}}