{"mean":{"confidence_interval":{"confidence_level":0.95,"lower_bound":57744.5528614306,"upper_bound":58026.860504709606},"point_estimate":57864.162375832464,"standard_error":73.17100919623395},"median":{"confidence_interval":{"confidence_level":0.95,"lower_bound":57681.61666666667,"upper_bound":57739.17764227642},"point_estimate":57712.966787148594,"standard_error":14.669826191516533},"median_abs_dev":{"confidence_interval":{"confidence_level":0.95,"lower_bound":66.68529232935414,"upper_bound":120.98011656562171},"point_estimate":86.09357817836258,"standard_error":13.211137677221586},"slope":{"confidence_interval":{"confidence_level":0.95,"lower_bound":57734.5915240225,"upper_bound":58106.21583197304},"point_estimate":57872.952247015746,"standard_error":100.5633717014124},"std_dev":{"confidence_interval":{"confidence_level":0.95,"lower_bound":184.15376432550525,"upper_bound":1120.087091314324},"point_estimate":734.6151893103062,"standard_error":248.10025388438316}}