{"mean":{"confidence_interval":{"confidence_level":0.95,"lower_bound":48129.14856770744,"upper_bound":48311.56460301429},"point_estimate":48205.880929194966,"standard_error":47.24907686076629},"median":{"confidence_interval":{"confidence_level":0.95,"lower_bound":48083.73504273504,"upper_bound":48167.96428571428},"point_estimate":48104.607472237905,"standard_error":23.496490245188006},"median_abs_dev":{"confidence_interval":{"confidence_level":0.95,"lower_bound":130.84290846138643,"upper_bound":228.7873520364382},"point_estimate":171.63821916773222,"standard_error":24.018833815876413},"slope":{"confidence_interval":{"confidence_level":0.95,"lower_bound":48153.018241643156,"upper_bound":48238.07285318407},"point_estimate":48195.63126151421,"standard_error":21.631441436448295},"std_dev":{"confidence_interval":{"confidence_level":0.95,"lower_bound":186.88024821618671,"upper_bound":752.6509001995103},"point_estimate":476.24477420951536,"standard_error":171.365726259799}}