{"mean":{"confidence_interval":{"confidence_level":0.95,"lower_bound":6389.506789887992,"upper_bound":6390.869036239344},"point_estimate":6390.103975311043,"standard_error":0.34987912097326307},"median":{"confidence_interval":{"confidence_level":0.95,"lower_bound":6388.963376344086,"upper_bound":6389.3898263027295},"point_estimate":6389.158220774405,"standard_error":0.10670327058762684},"median_abs_dev":{"confidence_interval":{"confidence_level":0.95,"lower_bound":0.5986292703671452,"upper_bound":1.094349896612968},"point_estimate":0.8638929913475091,"standard_error":0.13370916635033103},"slope":{"confidence_interval":{"confidence_level":0.95,"lower_bound":6389.246830748305,"upper_bound":6389.73622662429},"point_estimate":6389.475659047464,"standard_error":0.12501735307642442},"std_dev":{"confidence_interval":{"confidence_level":0.95,"lower_bound":1.629439098543653,"upper_bound":5.269373096639439},"point_estimate":3.522849093420143,"standard_error":0.9994479332136337}}