{"mean":{"confidence_interval":{"confidence_level":0.95,"lower_bound":6386.681241745074,"upper_bound":6387.461838251105},"point_estimate":6387.029712931125,"standard_error":0.20058330059545848},"median":{"confidence_interval":{"confidence_level":0.95,"lower_bound":6386.466743898672,"upper_bound":6386.754006410257},"point_estimate":6386.600868460244,"standard_error":0.0746514263819806},"median_abs_dev":{"confidence_interval":{"confidence_level":0.95,"lower_bound":0.46220865001319605,"upper_bound":0.7767241512336116},"point_estimate":0.6406447188441142,"standard_error":0.07716725169378752},"slope":{"confidence_interval":{"confidence_level":0.95,"lower_bound":6386.618790146577,"upper_bound":6387.5499219821095},"point_estimate":6386.972236002016,"standard_error":0.25107225835723923},"std_dev":{"confidence_interval":{"confidence_level":0.95,"lower_bound":0.8477854176997777,"upper_bound":2.8800493542034618},"point_estimate":2.0193811965739883,"standard_error":0.5024801576325069}}