{"mean":{"confidence_interval":{"confidence_level":0.95,"lower_bound":58.305814632400924,"upper_bound":58.360748094113106},"point_estimate":58.33394059420072,"standard_error":0.014033565757525153},"median":{"confidence_interval":{"confidence_level":0.95,"lower_bound":58.332928707080896,"upper_bound":58.38366404523245},"point_estimate":58.36302188601741,"standard_error":0.01440332736633639},"median_abs_dev":{"confidence_interval":{"confidence_level":0.95,"lower_bound":0.09348631236864309,"upper_bound":0.15907796553291306},"point_estimate":0.12733547173379003,"standard_error":0.01727856004517935},"slope":{"confidence_interval":{"confidence_level":0.95,"lower_bound":58.32608979083603,"upper_bound":58.38103880484989},"point_estimate":58.35353185590013,"standard_error":0.014059934281881585},"std_dev":{"confidence_interval":{"confidence_level":0.95,"lower_bound":0.11429572880214046,"upper_bound":0.1647989093654215},"point_estimate":0.1404128141787138,"standard_error":0.012973873983451123}}