{"mean":{"confidence_interval":{"confidence_level":0.95,"lower_bound":330.3569061839878,"upper_bound":330.7839434797927},"point_estimate":330.538586806865,"standard_error":0.11002662755631137},"median":{"confidence_interval":{"confidence_level":0.95,"lower_bound":330.2552958765989,"upper_bound":330.46411547092004},"point_estimate":330.35055140927284,"standard_error":0.049166226763117715},"median_abs_dev":{"confidence_interval":{"confidence_level":0.95,"lower_bound":0.2712797494644175,"upper_bound":0.4533538010763908},"point_estimate":0.36540661753006537,"standard_error":0.046804373392809795},"slope":{"confidence_interval":{"confidence_level":0.95,"lower_bound":330.3473518456018,"upper_bound":330.51862875996886},"point_estimate":330.4298581961887,"standard_error":0.043672838297873745},"std_dev":{"confidence_interval":{"confidence_level":0.95,"lower_bound":0.45106657147661844,"upper_bound":1.71870776374177},"point_estimate":1.1029271219983194,"standard_error":0.3679726862452971}}