{"mean":{"confidence_interval":{"confidence_level":0.95,"lower_bound":330.603666033155,"upper_bound":331.19318013393917},"point_estimate":330.8466631258405,"standard_error":0.1527578047247781},"median":{"confidence_interval":{"confidence_level":0.95,"lower_bound":330.5128015037308,"upper_bound":330.8514551591282},"point_estimate":330.6711087139826,"standard_error":0.07775949682326438},"median_abs_dev":{"confidence_interval":{"confidence_level":0.95,"lower_bound":0.41457096961890205,"upper_bound":0.6199716487254842},"point_estimate":0.4713860938343378,"standard_error":0.05426021196995349},"slope":{"confidence_interval":{"confidence_level":0.95,"lower_bound":330.6390250670367,"upper_bound":330.95075687041526},"point_estimate":330.77656356982874,"standard_error":0.07968704215058986},"std_dev":{"confidence_interval":{"confidence_level":0.95,"lower_bound":0.5550038881330078,"upper_bound":2.4359353101882246},"point_estimate":1.5259860431899126,"standard_error":0.5737309802841647}}