{"mean":{"confidence_interval":{"confidence_level":0.95,"lower_bound":285.4085713054364,"upper_bound":286.76628885309464},"point_estimate":285.9226799596196,"standard_error":0.3672796258857295},"median":{"confidence_interval":{"confidence_level":0.95,"lower_bound":285.25663118784706,"upper_bound":285.5216915248915},"point_estimate":285.39685491428673,"standard_error":0.06239043761256777},"median_abs_dev":{"confidence_interval":{"confidence_level":0.95,"lower_bound":0.2210458460938232,"upper_bound":0.466440860295646},"point_estimate":0.36346956066657926,"standard_error":0.06514830445878239},"slope":{"confidence_interval":{"confidence_level":0.95,"lower_bound":285.293017943922,"upper_bound":285.5196284434562},"point_estimate":285.40301569556084,"standard_error":0.05796400675858592},"std_dev":{"confidence_interval":{"confidence_level":0.95,"lower_bound":0.32477500174921015,"upper_bound":4.322990463007287},"point_estimate":2.621826442029137,"standard_error":1.2442143466308986}}