{"mean":{"confidence_interval":{"confidence_level":0.95,"lower_bound":284.76810538365555,"upper_bound":286.190924433618},"point_estimate":285.30855126547465,"standard_error":0.38775892438229437},"median":{"confidence_interval":{"confidence_level":0.95,"lower_bound":284.52932462497523,"upper_bound":284.7948180968535},"point_estimate":284.6097657196511,"standard_error":0.06386234289299302},"median_abs_dev":{"confidence_interval":{"confidence_level":0.95,"lower_bound":0.21452579844424532,"upper_bound":0.6142871714875703},"point_estimate":0.31698913510017857,"standard_error":0.09622564526552405},"slope":{"confidence_interval":{"confidence_level":0.95,"lower_bound":284.5942912824216,"upper_bound":284.9541302249117},"point_estimate":284.75970891295145,"standard_error":0.09223544492071402},"std_dev":{"confidence_interval":{"confidence_level":0.95,"lower_bound":0.5861613029056225,"upper_bound":4.590151602071465},"point_estimate":2.777947572076668,"standard_error":1.3320099292492122}}