{"mean":{"confidence_interval":{"confidence_level":0.95,"lower_bound":2644.598017980248,"upper_bound":2649.664269689482},"point_estimate":2646.485380591503,"standard_error":1.4265736652428929},"median":{"confidence_interval":{"confidence_level":0.95,"lower_bound":2644.261903320492,"upper_bound":2645.50690825898},"point_estimate":2644.973007936508,"standard_error":0.3703918665025825},"median_abs_dev":{"confidence_interval":{"confidence_level":0.95,"lower_bound":1.8467664962879065,"upper_bound":3.3429982044930657},"point_estimate":2.6186724316703733,"standard_error":0.3684737193452068},"slope":{"confidence_interval":{"confidence_level":0.95,"lower_bound":2645.2175634232162,"upper_bound":2646.4692824889953},"point_estimate":2645.8296733756956,"standard_error":0.31978885838607685},"std_dev":{"confidence_interval":{"confidence_level":0.95,"lower_bound":2.831532010791614,"upper_bound":24.181437251572774},"point_estimate":14.315068993679422,"standard_error":7.4254847663641925}}