{"mean":{"confidence_interval":{"confidence_level":0.95,"lower_bound":1796.4100771259734,"upper_bound":1820.253378942364},"point_estimate":1808.0957099532263,"standard_error":6.093948450432909},"median":{"confidence_interval":{"confidence_level":0.95,"lower_bound":1789.8165793600576,"upper_bound":1814.7655432156496},"point_estimate":1802.6259324929606,"standard_error":6.675469865066515},"median_abs_dev":{"confidence_interval":{"confidence_level":0.95,"lower_bound":45.684216088079545,"upper_bound":70.6156196917501},"point_estimate":60.464737530343285,"standard_error":6.34787925165143},"slope":{"confidence_interval":{"confidence_level":0.95,"lower_bound":1801.483765266851,"upper_bound":1822.2901108933472},"point_estimate":1811.9866161792495,"standard_error":5.304137812781938},"std_dev":{"confidence_interval":{"confidence_level":0.95,"lower_bound":50.2612632105959,"upper_bound":72.59724144190437},"point_estimate":61.481387680630675,"standard_error":5.719658956614416}}