{"mean":{"confidence_interval":{"confidence_level":0.95,"lower_bound":8233.800870727122,"upper_bound":8234.855506096801},"point_estimate":8234.274098717036,"standard_error":0.2706094018700243},"median":{"confidence_interval":{"confidence_level":0.95,"lower_bound":8233.529622166116,"upper_bound":8234.093301435407},"point_estimate":8233.799333611696,"standard_error":0.13976881085970952},"median_abs_dev":{"confidence_interval":{"confidence_level":0.95,"lower_bound":0.8362464673199282,"upper_bound":1.3158392024237164},"point_estimate":1.0774376668230523,"standard_error":0.13072492708664032},"slope":{"confidence_interval":{"confidence_level":0.95,"lower_bound":8233.719723528751,"upper_bound":8234.586578554154},"point_estimate":8234.074992715012,"standard_error":0.22593070248298724},"std_dev":{"confidence_interval":{"confidence_level":0.95,"lower_bound":1.2495401658744738,"upper_bound":3.833336176268714},"point_estimate":2.7196975030686916,"standard_error":0.637888594688807}}