{"mean":{"confidence_interval":{"confidence_level":0.95,"lower_bound":167.5236829522848,"upper_bound":167.8720619124175},"point_estimate":167.6788688052359,"standard_error":0.0889744254299773},"median":{"confidence_interval":{"confidence_level":0.95,"lower_bound":167.41499904759124,"upper_bound":167.66989055200258},"point_estimate":167.48339375358893,"standard_error":0.061700521708691156},"median_abs_dev":{"confidence_interval":{"confidence_level":0.95,"lower_bound":0.3418424391866536,"upper_bound":0.6117619299029073},"point_estimate":0.4288450762137389,"standard_error":0.06585981586937863},"slope":{"confidence_interval":{"confidence_level":0.95,"lower_bound":167.5139422360937,"upper_bound":167.77050679332177},"point_estimate":167.64007161065925,"standard_error":0.0655788690509241},"std_dev":{"confidence_interval":{"confidence_level":0.95,"lower_bound":0.5036958604120664,"upper_bound":1.3292169589052805},"point_estimate":0.8963087325045591,"standard_error":0.2483930328274205}}