{"mean":{"confidence_interval":{"confidence_level":0.95,"lower_bound":133.48632493377448,"upper_bound":133.8935480294596},"point_estimate":133.64473278854945,"standard_error":0.10865670171007517},"median":{"confidence_interval":{"confidence_level":0.95,"lower_bound":133.46415349277126,"upper_bound":133.60730692763525},"point_estimate":133.5511257075591,"standard_error":0.0337211637007266},"median_abs_dev":{"confidence_interval":{"confidence_level":0.95,"lower_bound":0.2647192734894118,"upper_bound":0.4215533615026823},"point_estimate":0.3518683627944024,"standard_error":0.039717950593796035},"slope":{"confidence_interval":{"confidence_level":0.95,"lower_bound":133.49725553218119,"upper_bound":133.6405955850581},"point_estimate":133.568069131121,"standard_error":0.03656974850704436},"std_dev":{"confidence_interval":{"confidence_level":0.95,"lower_bound":0.3187618407521392,"upper_bound":1.8094174239207863},"point_estimate":1.0939782280443555,"standard_error":0.5009556108057679}}