{"mean":{"confidence_interval":{"confidence_level":0.95,"lower_bound":148.7133931971494,"upper_bound":150.0575340157474},"point_estimate":149.28095434389897,"standard_error":0.34729305682031963},"median":{"confidence_interval":{"confidence_level":0.95,"lower_bound":148.60861818258616,"upper_bound":149.36557401914104},"point_estimate":148.9178304641286,"standard_error":0.21548810973293558},"median_abs_dev":{"confidence_interval":{"confidence_level":0.95,"lower_bound":1.303053962355258,"upper_bound":2.1079468088975153},"point_estimate":1.7545260249606183,"standard_error":0.20668845807103814},"slope":{"confidence_interval":{"confidence_level":0.95,"lower_bound":148.9168465734438,"upper_bound":150.2184164123381},"point_estimate":149.48535773944766,"standard_error":0.337847601898083},"std_dev":{"confidence_interval":{"confidence_level":0.95,"lower_bound":1.4869898924530898,"upper_bound":5.4596360668205834},"point_estimate":3.4855707602018597,"standard_error":1.2081098387816753}}