{"mean":{"confidence_interval":{"confidence_level":0.95,"lower_bound":58066.44932051356,"upper_bound":58097.34937228421},"point_estimate":58080.75921364124,"standard_error":7.886423463909268},"median":{"confidence_interval":{"confidence_level":0.95,"lower_bound":58053.76068376069,"upper_bound":58073.04405162738},"point_estimate":58064.27669753086,"standard_error":4.980371943209543},"median_abs_dev":{"confidence_interval":{"confidence_level":0.95,"lower_bound":32.34724769808916,"upper_bound":60.60849413497721},"point_estimate":45.3344037041413,"standard_error":6.947466840860694},"slope":{"confidence_interval":{"confidence_level":0.95,"lower_bound":58073.07069114064,"upper_bound":58107.43909921387},"point_estimate":58090.0466215129,"standard_error":8.78257882649779},"std_dev":{"confidence_interval":{"confidence_level":0.95,"lower_bound":51.60528948856139,"upper_bound":108.10151328836609},"point_estimate":79.20738101238338,"standard_error":15.042191867087029}}