{"mean":{"confidence_interval":{"confidence_level":0.95,"lower_bound":58305.37406484462,"upper_bound":58375.755563371924},"point_estimate":58340.23758254992,"standard_error":17.925528620334628},"median":{"confidence_interval":{"confidence_level":0.95,"lower_bound":58270.434389140275,"upper_bound":58375.97348798675},"point_estimate":58303.896241830065,"standard_error":29.188780358696757},"median_abs_dev":{"confidence_interval":{"confidence_level":0.95,"lower_bound":127.7970988623727,"upper_bound":221.13156295555342},"point_estimate":163.79815000221708,"standard_error":24.864593451291345},"slope":{"confidence_interval":{"confidence_level":0.95,"lower_bound":58331.512694687,"upper_bound":58398.57312388456},"point_estimate":58365.677420700806,"standard_error":17.102117350480654},"std_dev":{"confidence_interval":{"confidence_level":0.95,"lower_bound":154.5769063684067,"upper_bound":202.4207159113778},"point_estimate":179.87223543037,"standard_error":12.182616576322562}}