{"mean":{"confidence_interval":{"confidence_level":0.95,"lower_bound":73.45365095860818,"upper_bound":73.49658122393129},"point_estimate":73.47523372234815,"standard_error":0.010973121400639387},"median":{"confidence_interval":{"confidence_level":0.95,"lower_bound":73.47699506172839,"upper_bound":73.50564709537123},"point_estimate":73.49171999565547,"standard_error":0.008035737205980944},"median_abs_dev":{"confidence_interval":{"confidence_level":0.95,"lower_bound":0.05668823333702352,"upper_bound":0.10490240014195115},"point_estimate":0.08545541514952931,"standard_error":0.012770878164230028},"slope":{"confidence_interval":{"confidence_level":0.95,"lower_bound":73.43908432431208,"upper_bound":73.49694304994591},"point_estimate":73.46889881527456,"standard_error":0.01474307761126473},"std_dev":{"confidence_interval":{"confidence_level":0.95,"lower_bound":0.09004619531928326,"upper_bound":0.1291826744193123},"point_estimate":0.11033702307507191,"standard_error":0.009956600477791058}}