{"mean":{"confidence_interval":{"confidence_level":0.95,"lower_bound":73.53799585573773,"upper_bound":73.61045564787271},"point_estimate":73.57061881053393,"standard_error":0.01859134685271399},"median":{"confidence_interval":{"confidence_level":0.95,"lower_bound":73.52273751089012,"upper_bound":73.59796577255524},"point_estimate":73.5711339626584,"standard_error":0.018467091861938758},"median_abs_dev":{"confidence_interval":{"confidence_level":0.95,"lower_bound":0.09388611440241133,"upper_bound":0.15006803660845647},"point_estimate":0.12217675161440594,"standard_error":0.014199224915450812},"slope":{"confidence_interval":{"confidence_level":0.95,"lower_bound":73.54729971521849,"upper_bound":73.60483659228954},"point_estimate":73.57672415642132,"standard_error":0.014692816300731864},"std_dev":{"confidence_interval":{"confidence_level":0.95,"lower_bound":0.10727906419462925,"upper_bound":0.2771937883319317},"point_estimate":0.18701969015492184,"standard_error":0.05203051008992854}}