{"mean":{"confidence_interval":{"confidence_level":0.95,"lower_bound":73.4199015453126,"upper_bound":73.47440892221871},"point_estimate":73.44884532208094,"standard_error":0.01390413966775849},"median":{"confidence_interval":{"confidence_level":0.95,"lower_bound":73.4533426028921,"upper_bound":73.47628941133588},"point_estimate":73.46322251745202,"standard_error":0.0054859649841188345},"median_abs_dev":{"confidence_interval":{"confidence_level":0.95,"lower_bound":0.03722055220132474,"upper_bound":0.07122046302744175},"point_estimate":0.048224486451212634,"standard_error":0.00895332819186868},"slope":{"confidence_interval":{"confidence_level":0.95,"lower_bound":73.4384938826259,"upper_bound":73.46471911970022},"point_estimate":73.45172427469367,"standard_error":0.006714245101696546},"std_dev":{"confidence_interval":{"confidence_level":0.95,"lower_bound":0.0799657814722421,"upper_bound":0.19875579332844281},"point_estimate":0.13942261136579337,"standard_error":0.03170702695562106}}