{"mean":{"confidence_interval":{"confidence_level":0.95,"lower_bound":90.95772328779401,"upper_bound":91.20348235012783},"point_estimate":91.0506043259736,"standard_error":0.0676069430719626},"median":{"confidence_interval":{"confidence_level":0.95,"lower_bound":90.9678401458694,"upper_bound":91.05550188609807},"point_estimate":91.02866193417057,"standard_error":0.020557381980517164},"median_abs_dev":{"confidence_interval":{"confidence_level":0.95,"lower_bound":0.13474004274811133,"upper_bound":0.2375527681787352},"point_estimate":0.1772246248380328,"standard_error":0.025292795463118856},"slope":{"confidence_interval":{"confidence_level":0.95,"lower_bound":91.03091839158266,"upper_bound":91.08800277398419},"point_estimate":91.06050534650855,"standard_error":0.01454878605551474},"std_dev":{"confidence_interval":{"confidence_level":0.95,"lower_bound":0.16575559997377642,"upper_bound":1.1433897896018987},"point_estimate":0.6805967752409845,"standard_error":0.339342789129562}}