{"mean":{"confidence_interval":{"confidence_level":0.95,"lower_bound":91.07022958182202,"upper_bound":91.47948584057009},"point_estimate":91.21926309302273,"standard_error":0.11796321760220152},"median":{"confidence_interval":{"confidence_level":0.95,"lower_bound":91.03238840613714,"upper_bound":91.12930612086488},"point_estimate":91.08845822963714,"standard_error":0.02165846623791293},"median_abs_dev":{"confidence_interval":{"confidence_level":0.95,"lower_bound":0.14720630666773143,"upper_bound":0.24459959980416437},"point_estimate":0.2060253594409664,"standard_error":0.025343177972878907},"slope":{"confidence_interval":{"confidence_level":0.95,"lower_bound":91.06567421990346,"upper_bound":91.146070011024},"point_estimate":91.10550610981927,"standard_error":0.02055553632628262},"std_dev":{"confidence_interval":{"confidence_level":0.95,"lower_bound":0.17730612931428189,"upper_bound":2.0086271144952565},"point_estimate":1.1836812731769317,"standard_error":0.6390229732944569}}