{"mean":{"confidence_interval":{"confidence_level":0.95,"lower_bound":101.1069554260183,"upper_bound":101.124457082628},"point_estimate":101.11556700286121,"standard_error":0.0044493532521637956},"median":{"confidence_interval":{"confidence_level":0.95,"lower_bound":101.09937989698994,"upper_bound":101.12219129813093},"point_estimate":101.11258310043547,"standard_error":0.005852630493277349},"median_abs_dev":{"confidence_interval":{"confidence_level":0.95,"lower_bound":0.031041593573796898,"upper_bound":0.049695143213777014},"point_estimate":0.038916558160173136,"standard_error":0.004688939750665781},"slope":{"confidence_interval":{"confidence_level":0.95,"lower_bound":101.10802093341093,"upper_bound":101.12512897727817},"point_estimate":101.11658614232071,"standard_error":0.004370440230009234},"std_dev":{"confidence_interval":{"confidence_level":0.95,"lower_bound":0.03675319044939379,"upper_bound":0.05195218105653575},"point_estimate":0.04465244965107951,"standard_error":0.003877780844649729}}