{"mean":{"confidence_interval":{"confidence_level":0.95,"lower_bound":101.16457718988038,"upper_bound":101.19928961242184},"point_estimate":101.17953276666869,"standard_error":0.00888446176943968},"median":{"confidence_interval":{"confidence_level":0.95,"lower_bound":101.16147447907795,"upper_bound":101.17891816920942},"point_estimate":101.17140288250945,"standard_error":0.004050838194099842},"median_abs_dev":{"confidence_interval":{"confidence_level":0.95,"lower_bound":0.02766119051919881,"upper_bound":0.04803497261523513},"point_estimate":0.04151222205299424,"standard_error":0.005351155276307336},"slope":{"confidence_interval":{"confidence_level":0.95,"lower_bound":101.1696230652586,"upper_bound":101.18685774287931},"point_estimate":101.17797397889409,"standard_error":0.0043900371447138445},"std_dev":{"confidence_interval":{"confidence_level":0.95,"lower_bound":0.04229381217006558,"upper_bound":0.13761388321169352},"point_estimate":0.08910828291410719,"standard_error":0.02907685556431994}}