{"mean":{"confidence_interval":{"confidence_level":0.95,"lower_bound":101.18940098630785,"upper_bound":101.21119632947818},"point_estimate":101.19970446733458,"standard_error":0.0055651157339814536},"median":{"confidence_interval":{"confidence_level":0.95,"lower_bound":101.18473312584197,"upper_bound":101.20378129790495},"point_estimate":101.19149267697046,"standard_error":0.004399763180002779},"median_abs_dev":{"confidence_interval":{"confidence_level":0.95,"lower_bound":0.025509798587689387,"upper_bound":0.043949167862804596},"point_estimate":0.03241539237290308,"standard_error":0.004701888596136057},"slope":{"confidence_interval":{"confidence_level":0.95,"lower_bound":101.18638359119893,"upper_bound":101.20238853235327},"point_estimate":101.19418203507826,"standard_error":0.004100945403369163},"std_dev":{"confidence_interval":{"confidence_level":0.95,"lower_bound":0.036105129123871094,"upper_bound":0.07711234430065955},"point_estimate":0.0559405164324376,"standard_error":0.011057137934491411}}