{"mean":{"confidence_interval":{"confidence_level":0.95,"lower_bound":100.97672970349039,"upper_bound":101.0018904322682},"point_estimate":100.98892866626466,"standard_error":0.006390952870444872},"median":{"confidence_interval":{"confidence_level":0.95,"lower_bound":100.97354175168333,"upper_bound":100.98827318541531},"point_estimate":100.98032695090055,"standard_error":0.003706634294298859},"median_abs_dev":{"confidence_interval":{"confidence_level":0.95,"lower_bound":0.02068814378272119,"upper_bound":0.03945911851911413},"point_estimate":0.029657980915099146,"standard_error":0.004980406705929759},"slope":{"confidence_interval":{"confidence_level":0.95,"lower_bound":100.98351385948688,"upper_bound":101.00065788419751},"point_estimate":100.99160617676425,"standard_error":0.004367122667857738},"std_dev":{"confidence_interval":{"confidence_level":0.95,"lower_bound":0.04471708069042578,"upper_bound":0.08254874563670019},"point_estimate":0.06422582402514873,"standard_error":0.009719856334991577}}