{"mean":{"confidence_interval":{"confidence_level":0.95,"lower_bound":101.35638711658761,"upper_bound":101.3788918334328},"point_estimate":101.36793353809634,"standard_error":0.005731297164679818},"median":{"confidence_interval":{"confidence_level":0.95,"lower_bound":101.35880304995185,"upper_bound":101.37398029184827},"point_estimate":101.3679941918491,"standard_error":0.0033060791123459923},"median_abs_dev":{"confidence_interval":{"confidence_level":0.95,"lower_bound":0.023017787642468698,"upper_bound":0.04385316210990978},"point_estimate":0.03198930345158291,"standard_error":0.005358771201612127},"slope":{"confidence_interval":{"confidence_level":0.95,"lower_bound":101.36327422833499,"upper_bound":101.38372186346383},"point_estimate":101.37283439102967,"standard_error":0.005219538200456084},"std_dev":{"confidence_interval":{"confidence_level":0.95,"lower_bound":0.04253744622314721,"upper_bound":0.0719897230386911},"point_estimate":0.057600519275254,"standard_error":0.007598372968022552}}