{"mean":{"confidence_interval":{"confidence_level":0.95,"lower_bound":101.2325871234548,"upper_bound":101.2553324744016},"point_estimate":101.24398588866643,"standard_error":0.005786396273664417},"median":{"confidence_interval":{"confidence_level":0.95,"lower_bound":101.2302851348127,"upper_bound":101.24653966435311},"point_estimate":101.2382762381975,"standard_error":0.0038141582377367238},"median_abs_dev":{"confidence_interval":{"confidence_level":0.95,"lower_bound":0.024653242775780227,"upper_bound":0.044568304584543195},"point_estimate":0.030894838782538847,"standard_error":0.005110611643398435},"slope":{"confidence_interval":{"confidence_level":0.95,"lower_bound":101.23749843311853,"upper_bound":101.25566495883594},"point_estimate":101.2464651544818,"standard_error":0.004635302376087823},"std_dev":{"confidence_interval":{"confidence_level":0.95,"lower_bound":0.0403631194128488,"upper_bound":0.07504843005845034},"point_estimate":0.05823115256014338,"standard_error":0.008862032379321122}}