{"mean":{"confidence_interval":{"confidence_level":0.95,"lower_bound":16051.383598453918,"upper_bound":16083.720792281712},"point_estimate":16065.732833012713,"standard_error":8.310884192955156},"median":{"confidence_interval":{"confidence_level":0.95,"lower_bound":16046.465901963622,"upper_bound":16057.496220710505},"point_estimate":16052.121693121693,"standard_error":3.4955450155889034},"median_abs_dev":{"confidence_interval":{"confidence_level":0.95,"lower_bound":11.585050126032698,"upper_bound":25.284574935724624},"point_estimate":16.798387201768627,"standard_error":3.7162865481583593},"slope":{"confidence_interval":{"confidence_level":0.95,"lower_bound":16045.506559341036,"upper_bound":16078.689541762073},"point_estimate":16059.085032191095,"standard_error":8.559292112902929},"std_dev":{"confidence_interval":{"confidence_level":0.95,"lower_bound":23.846564604269073,"upper_bound":84.68492953842104},"point_estimate":59.34161255639928,"standard_error":15.115118677597371}}