{"mean":{"confidence_interval":{"confidence_level":0.95,"lower_bound":14796.643153852616,"upper_bound":14816.275689089445},"point_estimate":14806.295180134026,"standard_error":5.028975396244673},"median":{"confidence_interval":{"confidence_level":0.95,"lower_bound":14785.339825119238,"upper_bound":14812.30658567775},"point_estimate":14802.538479362334,"standard_error":6.895570589790632},"median_abs_dev":{"confidence_interval":{"confidence_level":0.95,"lower_bound":42.09690511719943,"upper_bound":67.65432318992401},"point_estimate":56.2533060542262,"standard_error":6.293868400781026},"slope":{"confidence_interval":{"confidence_level":0.95,"lower_bound":14785.329475648678,"upper_bound":14801.689483809061},"point_estimate":14793.441938212258,"standard_error":4.178061242417182},"std_dev":{"confidence_interval":{"confidence_level":0.95,"lower_bound":43.96672448683133,"upper_bound":56.54936748871315},"point_estimate":50.50914623318927,"standard_error":3.2098725590210635}}