{"mean":{"confidence_interval":{"confidence_level":0.95,"lower_bound":14796.176912550724,"upper_bound":14804.623929837559},"point_estimate":14800.14430916647,"standard_error":2.1564853468127776},"median":{"confidence_interval":{"confidence_level":0.95,"lower_bound":14790.946162046908,"upper_bound":14794.412372410865},"point_estimate":14792.731240543217,"standard_error":0.8060873975326723},"median_abs_dev":{"confidence_interval":{"confidence_level":0.95,"lower_bound":5.934343982262847,"upper_bound":10.696048591000327},"point_estimate":8.083083633520227,"standard_error":1.1656442268335336},"slope":{"confidence_interval":{"confidence_level":0.95,"lower_bound":14793.74148402481,"upper_bound":14800.347826894347},"point_estimate":14796.82938496523,"standard_error":1.6968304117468473},"std_dev":{"confidence_interval":{"confidence_level":0.95,"lower_bound":15.16978278013555,"upper_bound":27.19482198892187},"point_estimate":21.70291516920044,"standard_error":3.0698488571497435}}