{"mean":{"confidence_interval":{"confidence_level":0.95,"lower_bound":15.607750859284739,"upper_bound":15.68516507582344},"point_estimate":15.637765250657388,"standard_error":0.02077543707717111},"median":{"confidence_interval":{"confidence_level":0.95,"lower_bound":15.595491446478459,"upper_bound":15.610539791079109},"point_estimate":15.604774541170261,"standard_error":0.0046395801967844},"median_abs_dev":{"confidence_interval":{"confidence_level":0.95,"lower_bound":0.018584942960439915,"upper_bound":0.03386396977306176},"point_estimate":0.026041306797352743,"standard_error":0.00416807091349909},"slope":{"confidence_interval":{"confidence_level":0.95,"lower_bound":15.604817151409815,"upper_bound":15.637329254896956},"point_estimate":15.61972231626231,"standard_error":0.00834560929844291},"std_dev":{"confidence_interval":{"confidence_level":0.95,"lower_bound":0.04177343393043128,"upper_bound":0.3461437881688053},"point_estimate":0.20893533236402595,"standard_error":0.0951355770528258}}