{"mean":{"confidence_interval":{"confidence_level":0.95,"lower_bound":892.359596122309,"upper_bound":892.6960063701152},"point_estimate":892.5004070645066,"standard_error":0.08756089243890458},"median":{"confidence_interval":{"confidence_level":0.95,"lower_bound":892.2649742115907,"upper_bound":892.3240245650306},"point_estimate":892.28972522262,"standard_error":0.015277047456189938},"median_abs_dev":{"confidence_interval":{"confidence_level":0.95,"lower_bound":0.09210058550108521,"upper_bound":0.18443383796237325},"point_estimate":0.1465502973169447,"standard_error":0.024282555188966173},"slope":{"confidence_interval":{"confidence_level":0.95,"lower_bound":892.2780757321462,"upper_bound":892.4215447483973},"point_estimate":892.337445187762,"standard_error":0.03704150016068081},"std_dev":{"confidence_interval":{"confidence_level":0.95,"lower_bound":0.32810481646239303,"upper_bound":1.3777457879288388},"point_estimate":0.8761116447015209,"standard_error":0.31345737895289877}}