{"mean":{"confidence_interval":{"confidence_level":0.95,"lower_bound":892.2947826124494,"upper_bound":892.5254640142708},"point_estimate":892.3990211723066,"standard_error":0.059025328411229275},"median":{"confidence_interval":{"confidence_level":0.95,"lower_bound":892.2011211211211,"upper_bound":892.2658722358722},"point_estimate":892.2316733400066,"standard_error":0.01765905289424518},"median_abs_dev":{"confidence_interval":{"confidence_level":0.95,"lower_bound":0.10716311673929887,"upper_bound":0.20651117908663336},"point_estimate":0.14443692507574954,"standard_error":0.02575166347683246},"slope":{"confidence_interval":{"confidence_level":0.95,"lower_bound":892.2163612270458,"upper_bound":892.3262168434203},"point_estimate":892.264535239244,"standard_error":0.028132798098244385},"std_dev":{"confidence_interval":{"confidence_level":0.95,"lower_bound":0.3128642935553666,"upper_bound":0.8437008601201897},"point_estimate":0.593198937175618,"standard_error":0.1382880996558228}}