{"mean":{"confidence_interval":{"confidence_level":0.95,"lower_bound":11.789213421168089,"upper_bound":11.792265278892915},"point_estimate":11.790742519839766,"standard_error":0.0007805628860492628},"median":{"confidence_interval":{"confidence_level":0.95,"lower_bound":11.789235243308443,"upper_bound":11.794526620132448},"point_estimate":11.79250845398978,"standard_error":0.0012886597509369103},"median_abs_dev":{"confidence_interval":{"confidence_level":0.95,"lower_bound":0.0049278659101471,"upper_bound":0.009942890548199098},"point_estimate":0.007408698787229803,"standard_error":0.0012297175491040454},"slope":{"confidence_interval":{"confidence_level":0.95,"lower_bound":11.787679698816913,"upper_bound":11.791176837589111},"point_estimate":11.78944784376057,"standard_error":0.0008930616147148472},"std_dev":{"confidence_interval":{"confidence_level":0.95,"lower_bound":0.006686566137152839,"upper_bound":0.0090579976313528},"point_estimate":0.007846657645835812,"standard_error":0.0006091414490771242}}