{"mean":{"confidence_interval":{"confidence_level":0.95,"lower_bound":2440.4760261026477,"upper_bound":2440.8888748872896},"point_estimate":2440.6603681121437,"standard_error":0.10596488295664051},"median":{"confidence_interval":{"confidence_level":0.95,"lower_bound":2440.4069393874493,"upper_bound":2440.6031270079247},"point_estimate":2440.4862026499068,"standard_error":0.05677649821355753},"median_abs_dev":{"confidence_interval":{"confidence_level":0.95,"lower_bound":0.49340519491165924,"upper_bound":0.7056767963354457},"point_estimate":0.6318954610711651,"standard_error":0.056379384487715414},"slope":{"confidence_interval":{"confidence_level":0.95,"lower_bound":2440.4223676266915,"upper_bound":2440.6986852163727},"point_estimate":2440.555340980315,"standard_error":0.07033289813768984},"std_dev":{"confidence_interval":{"confidence_level":0.95,"lower_bound":0.572382108901416,"upper_bound":1.575017206928403},"point_estimate":1.0643241913488275,"standard_error":0.2890264985687263}}