{"mean":{"confidence_interval":{"confidence_level":0.95,"lower_bound":2426.071005508939,"upper_bound":2426.4060745610223},"point_estimate":2426.222370930418,"standard_error":0.08579956377340044},"median":{"confidence_interval":{"confidence_level":0.95,"lower_bound":2425.976248690185,"upper_bound":2426.1935033181976},"point_estimate":2426.0845324177635,"standard_error":0.05477918637431176},"median_abs_dev":{"confidence_interval":{"confidence_level":0.95,"lower_bound":0.3562802233554846,"upper_bound":0.5902924717472919},"point_estimate":0.47893569385409557,"standard_error":0.058688384003240265},"slope":{"confidence_interval":{"confidence_level":0.95,"lower_bound":2425.9381287745014,"upper_bound":2426.1882121732833},"point_estimate":2426.056713079402,"standard_error":0.06383645408830368},"std_dev":{"confidence_interval":{"confidence_level":0.95,"lower_bound":0.5001769449310436,"upper_bound":1.250721372703707},"point_estimate":0.8638313778809333,"standard_error":0.2138485290252345}}