{"mean":{"confidence_interval":{"confidence_level":0.95,"lower_bound":2466.6730597837586,"upper_bound":2468.3616946786333},"point_estimate":2467.462496093432,"standard_error":0.4303615143951397},"median":{"confidence_interval":{"confidence_level":0.95,"lower_bound":2465.9409894969594,"upper_bound":2467.2828166858017},"point_estimate":2466.32411176441,"standard_error":0.2852812402799955},"median_abs_dev":{"confidence_interval":{"confidence_level":0.95,"lower_bound":1.8634281722540884,"upper_bound":3.3650637444914158},"point_estimate":2.5083918352188808,"standard_error":0.3820701197815328},"slope":{"confidence_interval":{"confidence_level":0.95,"lower_bound":2466.7193776863737,"upper_bound":2467.816846213217},"point_estimate":2467.249480291758,"standard_error":0.2803168011416687},"std_dev":{"confidence_interval":{"confidence_level":0.95,"lower_bound":2.875946709919064,"upper_bound":5.832368854144885},"point_estimate":4.331130877794796,"standard_error":0.782863457504941}}