{"mean":{"confidence_interval":{"confidence_level":0.95,"lower_bound":2422.7867846542804,"upper_bound":2423.2468365364084},"point_estimate":2422.9970519559624,"standard_error":0.11744562974695893},"median":{"confidence_interval":{"confidence_level":0.95,"lower_bound":2422.6598645852923,"upper_bound":2423.0273147119115},"point_estimate":2422.8990213731104,"standard_error":0.09339140633816305},"median_abs_dev":{"confidence_interval":{"confidence_level":0.95,"lower_bound":0.5035810141929471,"upper_bound":0.8854728177489507},"point_estimate":0.6985115416346465,"standard_error":0.09599393358797015},"slope":{"confidence_interval":{"confidence_level":0.95,"lower_bound":2422.805487852268,"upper_bound":2423.0866101367246},"point_estimate":2422.9420589926012,"standard_error":0.07180026492776843},"std_dev":{"confidence_interval":{"confidence_level":0.95,"lower_bound":0.71813532688794,"upper_bound":1.669216412724546},"point_estimate":1.1774402918625506,"standard_error":0.2608293989526389}}