{"mean":{"confidence_interval":{"confidence_level":0.95,"lower_bound":2416.155596533651,"upper_bound":2416.5198333244316},"point_estimate":2416.3257724831824,"standard_error":0.09311655365880246},"median":{"confidence_interval":{"confidence_level":0.95,"lower_bound":2416.1002469046334,"upper_bound":2416.367431850789},"point_estimate":2416.1873402796045,"standard_error":0.07103151589465402},"median_abs_dev":{"confidence_interval":{"confidence_level":0.95,"lower_bound":0.44263740842667665,"upper_bound":0.7014497092240415},"point_estimate":0.611992899058858,"standard_error":0.06048334830045637},"slope":{"confidence_interval":{"confidence_level":0.95,"lower_bound":2416.0292070753912,"upper_bound":2416.3958255287707},"point_estimate":2416.191517666437,"standard_error":0.09379406773277078},"std_dev":{"confidence_interval":{"confidence_level":0.95,"lower_bound":0.5993992269320458,"upper_bound":1.2265460205003926},"point_estimate":0.93369452251606,"standard_error":0.16115706590057366}}