{"mean":{"confidence_interval":{"confidence_level":0.95,"lower_bound":2422.52034249812,"upper_bound":2423.0151162225407},"point_estimate":2422.7593940520837,"standard_error":0.12637608062747105},"median":{"confidence_interval":{"confidence_level":0.95,"lower_bound":2422.3454255984534,"upper_bound":2422.7713074415396},"point_estimate":2422.5880108278034,"standard_error":0.11996645018909366},"median_abs_dev":{"confidence_interval":{"confidence_level":0.95,"lower_bound":0.6908469986176685,"upper_bound":1.256755860626043},"point_estimate":0.8806990226690502,"standard_error":0.14076201132241267},"slope":{"confidence_interval":{"confidence_level":0.95,"lower_bound":2422.3391825606973,"upper_bound":2422.905984332706},"point_estimate":2422.60939248178,"standard_error":0.14493757096350507},"std_dev":{"confidence_interval":{"confidence_level":0.95,"lower_bound":0.9849729552217947,"upper_bound":1.5192031617732409},"point_estimate":1.2690527961560047,"standard_error":0.13610727056626626}}