{"mean":{"confidence_interval":{"confidence_level":0.95,"lower_bound":3294.139367482991,"upper_bound":3297.5778789830883},"point_estimate":3295.4491872035373,"standard_error":0.9246772033160492},"median":{"confidence_interval":{"confidence_level":0.95,"lower_bound":3293.6819047619047,"upper_bound":3294.428778170888},"point_estimate":3294.000053640048,"standard_error":0.17752715461330545},"median_abs_dev":{"confidence_interval":{"confidence_level":0.95,"lower_bound":1.5229156902791612,"upper_bound":2.550931508373815},"point_estimate":1.9197211450398974,"standard_error":0.28027115781181333},"slope":{"confidence_interval":{"confidence_level":0.95,"lower_bound":3294.078649179773,"upper_bound":3294.9745651491216},"point_estimate":3294.52458420702,"standard_error":0.2280514246137329},"std_dev":{"confidence_interval":{"confidence_level":0.95,"lower_bound":2.075565725472883,"upper_bound":15.39132689634441},"point_estimate":9.260904131171952,"standard_error":4.329363472390789}}