{"mean":{"confidence_interval":{"confidence_level":0.95,"lower_bound":3286.8077396975114,"upper_bound":3290.020445096685},"point_estimate":3288.0571612394915,"standard_error":0.8545291398194171},"median":{"confidence_interval":{"confidence_level":0.95,"lower_bound":3286.014625814727,"upper_bound":3286.780353200883},"point_estimate":3286.4130372678874,"standard_error":0.21990716455133913},"median_abs_dev":{"confidence_interval":{"confidence_level":0.95,"lower_bound":1.1587382512236588,"upper_bound":2.0755230397727047},"point_estimate":1.5291383771242602,"standard_error":0.23543185582635},"slope":{"confidence_interval":{"confidence_level":0.95,"lower_bound":3286.787982716317,"upper_bound":3288.2667627682113},"point_estimate":3287.4689072113697,"standard_error":0.37919925660789033},"std_dev":{"confidence_interval":{"confidence_level":0.95,"lower_bound":2.5356260489781044,"upper_bound":14.062959580787552},"point_estimate":8.553092952036009,"standard_error":3.8291981451111523}}