{"mean":{"confidence_interval":{"confidence_level":0.95,"lower_bound":3287.585833926421,"upper_bound":3298.3495000493335},"point_estimate":3292.136299033419,"standard_error":2.7849410057784953},"median":{"confidence_interval":{"confidence_level":0.95,"lower_bound":3285.5422820984304,"upper_bound":3286.380941869021},"point_estimate":3285.980948558432,"standard_error":0.2665539511640285},"median_abs_dev":{"confidence_interval":{"confidence_level":0.95,"lower_bound":1.2134090691275798,"upper_bound":2.398245079542933},"point_estimate":1.7397801345836794,"standard_error":0.3126142428840992},"slope":{"confidence_interval":{"confidence_level":0.95,"lower_bound":3287.2519206434904,"upper_bound":3302.7741636224396},"point_estimate":3293.5831749716435,"standard_error":4.048133655138013},"std_dev":{"confidence_interval":{"confidence_level":0.95,"lower_bound":8.284018287463109,"upper_bound":43.790058511442844},"point_estimate":27.958387725629088,"standard_error":9.504948881555496}}