{"mean":{"confidence_interval":{"confidence_level":0.95,"lower_bound":3593.3918105551647,"upper_bound":3595.8892280041237},"point_estimate":3594.4226655783687,"standard_error":0.6496960855258712},"median":{"confidence_interval":{"confidence_level":0.95,"lower_bound":3592.4685990338166,"upper_bound":3593.197563975945},"point_estimate":3592.9236714975846,"standard_error":0.22103821301033413},"median_abs_dev":{"confidence_interval":{"confidence_level":0.95,"lower_bound":1.134076691461449,"upper_bound":2.1033062843675294},"point_estimate":1.603038839293825,"standard_error":0.2458952503487933},"slope":{"confidence_interval":{"confidence_level":0.95,"lower_bound":3592.954635741522,"upper_bound":3594.6624458167626},"point_estimate":3593.7111592703723,"standard_error":0.4377856548560185},"std_dev":{"confidence_interval":{"confidence_level":0.95,"lower_bound":2.4097518041706034,"upper_bound":10.43253814262504},"point_estimate":6.534519833641808,"standard_error":2.5060677746875006}}