{"mean":{"confidence_interval":{"confidence_level":0.95,"lower_bound":3607.143541157956,"upper_bound":3609.4432968607625},"point_estimate":3608.090714346017,"standard_error":0.601098975930172},"median":{"confidence_interval":{"confidence_level":0.95,"lower_bound":3606.4552323232324,"upper_bound":3607.482538593482},"point_estimate":3606.9869444444444,"standard_error":0.25862367944795794},"median_abs_dev":{"confidence_interval":{"confidence_level":0.95,"lower_bound":1.3733683557837035,"upper_bound":2.6484327922076143},"point_estimate":1.8562466111606575,"standard_error":0.32557790138914244},"slope":{"confidence_interval":{"confidence_level":0.95,"lower_bound":3607.160361744646,"upper_bound":3608.2234618656494},"point_estimate":3607.6652473151794,"standard_error":0.27160873032924604},"std_dev":{"confidence_interval":{"confidence_level":0.95,"lower_bound":2.2701764923591248,"upper_bound":9.625954615212516},"point_estimate":6.024626693248923,"standard_error":2.3295785292689914}}