{"mean":{"confidence_interval":{"confidence_level":0.95,"lower_bound":3603.7584040207716,"upper_bound":3607.8042268790523},"point_estimate":3605.356301635115,"standard_error":1.0697017032797698},"median":{"confidence_interval":{"confidence_level":0.95,"lower_bound":3602.875515151515,"upper_bound":3604.101586073501},"point_estimate":3603.396907554811,"standard_error":0.3245801132849824},"median_abs_dev":{"confidence_interval":{"confidence_level":0.95,"lower_bound":1.3891733491975373,"upper_bound":2.5240925352871617},"point_estimate":1.7038003577378371,"standard_error":0.2946899152964585},"slope":{"confidence_interval":{"confidence_level":0.95,"lower_bound":3603.818070528747,"upper_bound":3606.2528947559845},"point_estimate":3604.7797405161414,"standard_error":0.6416039145960698},"std_dev":{"confidence_interval":{"confidence_level":0.95,"lower_bound":2.6331292365819423,"upper_bound":17.543093042613215},"point_estimate":10.693860654491024,"standard_error":4.6119893004560675}}