{"mean":{"confidence_interval":{"confidence_level":0.95,"lower_bound":9.4696092129848,"upper_bound":9.508015413935812},"point_estimate":9.48753762216778,"standard_error":0.009787220417050435},"median":{"confidence_interval":{"confidence_level":0.95,"lower_bound":9.445742992433438,"upper_bound":9.489975181616742},"point_estimate":9.472243071043673,"standard_error":0.012601437216697937},"median_abs_dev":{"confidence_interval":{"confidence_level":0.95,"lower_bound":0.0532466300678516,"upper_bound":0.0883141164797589},"point_estimate":0.07140640090783532,"standard_error":0.009627493618794008},"slope":{"confidence_interval":{"confidence_level":0.95,"lower_bound":9.459172305907831,"upper_bound":9.494440256314366},"point_estimate":9.475828899744265,"standard_error":0.008989582207822866},"std_dev":{"confidence_interval":{"confidence_level":0.95,"lower_bound":0.06694270920684231,"upper_bound":0.1326295349614351},"point_estimate":0.09840604036284925,"standard_error":0.017849194327376007}}