{"mean":{"confidence_interval":{"confidence_level":0.95,"lower_bound":10.458088725500964,"upper_bound":10.519554267626823},"point_estimate":10.481936756067835,"standard_error":0.01653275428219007},"median":{"confidence_interval":{"confidence_level":0.95,"lower_bound":10.456524508210203,"upper_bound":10.47540871470626},"point_estimate":10.4699775736693,"standard_error":0.004935724275545376},"median_abs_dev":{"confidence_interval":{"confidence_level":0.95,"lower_bound":0.03038508052102707,"upper_bound":0.06536876525302437},"point_estimate":0.044366647075048275,"standard_error":0.009216276973056055},"slope":{"confidence_interval":{"confidence_level":0.95,"lower_bound":10.465224248673065,"upper_bound":10.481312429027769},"point_estimate":10.473240704869617,"standard_error":0.004103650728681262},"std_dev":{"confidence_interval":{"confidence_level":0.95,"lower_bound":0.04855578893516027,"upper_bound":0.2755776343223324},"point_estimate":0.16601880487628037,"standard_error":0.07747520099693243}}