{"mean":{"confidence_interval":{"confidence_level":0.95,"lower_bound":10.807155408714703,"upper_bound":10.840455316662307},"point_estimate":10.82178835202228,"standard_error":0.008563111894001905},"median":{"confidence_interval":{"confidence_level":0.95,"lower_bound":10.79345865858766,"upper_bound":10.813511175866651},"point_estimate":10.8013454453568,"standard_error":0.005160601547298718},"median_abs_dev":{"confidence_interval":{"confidence_level":0.95,"lower_bound":0.025059762015417975,"upper_bound":0.04526485494076303},"point_estimate":0.03237336993585714,"standard_error":0.005271434492035638},"slope":{"confidence_interval":{"confidence_level":0.95,"lower_bound":10.79915563866364,"upper_bound":10.822740824221619},"point_estimate":10.810002060378345,"standard_error":0.006021378040919796},"std_dev":{"confidence_interval":{"confidence_level":0.95,"lower_bound":0.03861381251351048,"upper_bound":0.1276627761972418},"point_estimate":0.08600234927801206,"standard_error":0.023811380387605274}}