{"mean":{"confidence_interval":{"confidence_level":0.95,"lower_bound":467.1980843644439,"upper_bound":467.30621721229704},"point_estimate":467.24207724766217,"standard_error":0.028391445882550978},"median":{"confidence_interval":{"confidence_level":0.95,"lower_bound":467.1720293054998,"upper_bound":467.1996462264151},"point_estimate":467.1810219785456,"standard_error":0.0074097179542636955},"median_abs_dev":{"confidence_interval":{"confidence_level":0.95,"lower_bound":0.03743025577416181,"upper_bound":0.07110060646456312},"point_estimate":0.04975984275536079,"standard_error":0.009075095704379726},"slope":{"confidence_interval":{"confidence_level":0.95,"lower_bound":467.1758942183419,"upper_bound":467.220520739125},"point_estimate":467.1945403442344,"standard_error":0.01143128813096021},"std_dev":{"confidence_interval":{"confidence_level":0.95,"lower_bound":0.08856320974435933,"upper_bound":0.4617748115266143},"point_estimate":0.2855142751174585,"standard_error":0.1161218023689293}}