{"mean":{"confidence_interval":{"confidence_level":0.95,"lower_bound":467.5289935244151,"upper_bound":467.64232308687525},"point_estimate":467.57846174185937,"standard_error":0.02925041806705633},"median":{"confidence_interval":{"confidence_level":0.95,"lower_bound":467.49501495121183,"upper_bound":467.5265530862227},"point_estimate":467.51305934796824,"standard_error":0.0059610206810436755},"median_abs_dev":{"confidence_interval":{"confidence_level":0.95,"lower_bound":0.03989098960698831,"upper_bound":0.06692329657611089},"point_estimate":0.05369578550658001,"standard_error":0.006759015166780919},"slope":{"confidence_interval":{"confidence_level":0.95,"lower_bound":467.51096140016824,"upper_bound":467.58216587237433},"point_estimate":467.5394276995244,"standard_error":0.01879046160481551},"std_dev":{"confidence_interval":{"confidence_level":0.95,"lower_bound":0.09909955577258119,"upper_bound":0.43666182383659435},"point_estimate":0.29459377411383425,"standard_error":0.08745662216356617}}