{"mean":{"confidence_interval":{"confidence_level":0.95,"lower_bound":467.33547545453496,"upper_bound":467.3736198101591},"point_estimate":467.3538340968987,"standard_error":0.009735543416333054},"median":{"confidence_interval":{"confidence_level":0.95,"lower_bound":467.31929600532993,"upper_bound":467.3405601976515},"point_estimate":467.32508035810434,"standard_error":0.005622284843563642},"median_abs_dev":{"confidence_interval":{"confidence_level":0.95,"lower_bound":0.03575417420252564,"upper_bound":0.08004892088934684},"point_estimate":0.05502207962585721,"standard_error":0.01132855068999812},"slope":{"confidence_interval":{"confidence_level":0.95,"lower_bound":467.3343007957663,"upper_bound":467.3709932544148},"point_estimate":467.3514294064978,"standard_error":0.009415146600406349},"std_dev":{"confidence_interval":{"confidence_level":0.95,"lower_bound":0.07354168938053167,"upper_bound":0.11993377699953456},"point_estimate":0.09803069198914477,"standard_error":0.011861887313993109}}