{"mean":{"confidence_interval":{"confidence_level":0.95,"lower_bound":15.835159580093526,"upper_bound":15.864898765880264},"point_estimate":15.849936106559468,"standard_error":0.0075924529081772985},"median":{"confidence_interval":{"confidence_level":0.95,"lower_bound":15.824807271713738,"upper_bound":15.857766223440219},"point_estimate":15.842585432065517,"standard_error":0.008023234899844208},"median_abs_dev":{"confidence_interval":{"confidence_level":0.95,"lower_bound":0.04477849702703772,"upper_bound":0.07621225074496803},"point_estimate":0.06214102865416829,"standard_error":0.008142738985766732},"slope":{"confidence_interval":{"confidence_level":0.95,"lower_bound":15.833900406240721,"upper_bound":15.85353771667605},"point_estimate":15.843588240086909,"standard_error":0.005000289089432406},"std_dev":{"confidence_interval":{"confidence_level":0.95,"lower_bound":0.06232103941889772,"upper_bound":0.08772140231375733},"point_estimate":0.0758306757933353,"standard_error":0.006495225972086733}}