{"mean":{"confidence_interval":{"confidence_level":0.95,"lower_bound":15.93548388082886,"upper_bound":15.982166647712114},"point_estimate":15.959084124675964,"standard_error":0.011905077804291987},"median":{"confidence_interval":{"confidence_level":0.95,"lower_bound":15.932551022189507,"upper_bound":15.980124802019247},"point_estimate":15.95734000507494,"standard_error":0.012874832052323785},"median_abs_dev":{"confidence_interval":{"confidence_level":0.95,"lower_bound":0.0711795795740131,"upper_bound":0.1180507198134333},"point_estimate":0.09353272841063834,"standard_error":0.011884921334794674},"slope":{"confidence_interval":{"confidence_level":0.95,"lower_bound":15.95390875875067,"upper_bound":15.991976550655504},"point_estimate":15.972841929678943,"standard_error":0.009663966239264648},"std_dev":{"confidence_interval":{"confidence_level":0.95,"lower_bound":0.09600412472787534,"upper_bound":0.14135134655222367},"point_estimate":0.11956903293246149,"standard_error":0.011634042872718759}}