{"mean":{"confidence_interval":{"confidence_level":0.95,"lower_bound":16.285813244429377,"upper_bound":16.29470947119616},"point_estimate":16.290201111089928,"standard_error":0.002275141456739293},"median":{"confidence_interval":{"confidence_level":0.95,"lower_bound":16.282794995096708,"upper_bound":16.29348496023342},"point_estimate":16.289112034291787,"standard_error":0.0024926292368107833},"median_abs_dev":{"confidence_interval":{"confidence_level":0.95,"lower_bound":0.014874245004854035,"upper_bound":0.028507269932284043},"point_estimate":0.01919999658899027,"standard_error":0.0035022936855106887},"slope":{"confidence_interval":{"confidence_level":0.95,"lower_bound":16.28232495270471,"upper_bound":16.29279388991972},"point_estimate":16.28739882671672,"standard_error":0.0026699443628219804},"std_dev":{"confidence_interval":{"confidence_level":0.95,"lower_bound":0.018981736049314676,"upper_bound":0.026463090302339894},"point_estimate":0.022820836702519495,"standard_error":0.0019173290432664425}}