{"mean":{"confidence_interval":{"confidence_level":0.95,"lower_bound":131.8417358387955,"upper_bound":131.88543047007295},"point_estimate":131.86374801807472,"standard_error":0.011140711521199845},"median":{"confidence_interval":{"confidence_level":0.95,"lower_bound":131.83162365485697,"upper_bound":131.86461148997253},"point_estimate":131.84702266391298,"standard_error":0.007822665275391681},"median_abs_dev":{"confidence_interval":{"confidence_level":0.95,"lower_bound":0.04575928746947161,"upper_bound":0.1042865075234325},"point_estimate":0.06879313604664904,"standard_error":0.01457124847101219},"slope":{"confidence_interval":{"confidence_level":0.95,"lower_bound":131.80536527836492,"upper_bound":131.8404000118305},"point_estimate":131.823238794119,"standard_error":0.008905320764838307},"std_dev":{"confidence_interval":{"confidence_level":0.95,"lower_bound":0.09279244130120648,"upper_bound":0.12945140701481594},"point_estimate":0.11195290384871749,"standard_error":0.009382398746828105}}