{"mean":{"confidence_interval":{"confidence_level":0.95,"lower_bound":134.40872346556804,"upper_bound":134.78311592906513},"point_estimate":134.5911076259996,"standard_error":0.09562485645343399},"median":{"confidence_interval":{"confidence_level":0.95,"lower_bound":134.07850227438553,"upper_bound":134.65628236576723},"point_estimate":134.37565832029873,"standard_error":0.1603766892024311},"median_abs_dev":{"confidence_interval":{"confidence_level":0.95,"lower_bound":0.5377641929455887,"upper_bound":1.0888441518249488},"point_estimate":0.8694900480516083,"standard_error":0.1421060173359091},"slope":{"confidence_interval":{"confidence_level":0.95,"lower_bound":134.50940553669565,"upper_bound":134.8860062913749},"point_estimate":134.69852922913262,"standard_error":0.09599575178330395},"std_dev":{"confidence_interval":{"confidence_level":0.95,"lower_bound":0.788212581534379,"upper_bound":1.1262964846613488},"point_estimate":0.9655209972116757,"standard_error":0.08653605634440055}}