{"mean":{"confidence_interval":{"confidence_level":0.95,"lower_bound":134.31300708323153,"upper_bound":134.5026688902854},"point_estimate":134.41165620077993,"standard_error":0.0483153627597504},"median":{"confidence_interval":{"confidence_level":0.95,"lower_bound":134.39399314437296,"upper_bound":134.5582408638567},"point_estimate":134.44648080950662,"standard_error":0.04483496883129854},"median_abs_dev":{"confidence_interval":{"confidence_level":0.95,"lower_bound":0.23167107147448973,"upper_bound":0.4245686032670229},"point_estimate":0.3062163115446248,"standard_error":0.04931612205449918},"slope":{"confidence_interval":{"confidence_level":0.95,"lower_bound":134.4347228363287,"upper_bound":134.5506770820308},"point_estimate":134.49300911007194,"standard_error":0.029449916562824183},"std_dev":{"confidence_interval":{"confidence_level":0.95,"lower_bound":0.3509681663643069,"upper_bound":0.6060618259458145},"point_estimate":0.4859362834383905,"standard_error":0.06541487371759808}}