{"mean":{"confidence_interval":{"confidence_level":0.95,"lower_bound":132.43220960313573,"upper_bound":132.47111889268032},"point_estimate":132.451348513396,"standard_error":0.009905210031585097},"median":{"confidence_interval":{"confidence_level":0.95,"lower_bound":132.4457583470224,"upper_bound":132.48228909679912},"point_estimate":132.4672311293538,"standard_error":0.009617855881843279},"median_abs_dev":{"confidence_interval":{"confidence_level":0.95,"lower_bound":0.05521192144662278,"upper_bound":0.12020225050836135},"point_estimate":0.08183409486940858,"standard_error":0.01814515877428534},"slope":{"confidence_interval":{"confidence_level":0.95,"lower_bound":132.42664365171566,"upper_bound":132.46599819899276},"point_estimate":132.44667499054148,"standard_error":0.010016945570700011},"std_dev":{"confidence_interval":{"confidence_level":0.95,"lower_bound":0.08278428308721127,"upper_bound":0.11734874712025334},"point_estimate":0.09972861870821027,"standard_error":0.00889752211718582}}