{"mean":{"confidence_interval":{"confidence_level":0.95,"lower_bound":137.25291552641266,"upper_bound":137.85977349730226},"point_estimate":137.56725858519533,"standard_error":0.15530879312667006},"median":{"confidence_interval":{"confidence_level":0.95,"lower_bound":138.1739353544886,"upper_bound":138.44553170015598},"point_estimate":138.3222776554424,"standard_error":0.0726560685501917},"median_abs_dev":{"confidence_interval":{"confidence_level":0.95,"lower_bound":0.2701055005836175,"upper_bound":0.5965649277966238},"point_estimate":0.3868445009507996,"standard_error":0.08288663996827345},"slope":{"confidence_interval":{"confidence_level":0.95,"lower_bound":136.39749811639624,"upper_bound":137.3854665506692},"point_estimate":136.88734564336056,"standard_error":0.2513933902312388},"std_dev":{"confidence_interval":{"confidence_level":0.95,"lower_bound":1.2988150383580876,"upper_bound":1.7491832735357373},"point_estimate":1.5567838198666013,"standard_error":0.11522182573216828}}