{"mean":{"confidence_interval":{"confidence_level":0.95,"lower_bound":695.7482264174686,"upper_bound":698.521447737131},"point_estimate":696.772704648075,"standard_error":0.7778021667319557},"median":{"confidence_interval":{"confidence_level":0.95,"lower_bound":695.5187184565259,"upper_bound":695.6602933257888},"point_estimate":695.5750929179355,"standard_error":0.03491606468453908},"median_abs_dev":{"confidence_interval":{"confidence_level":0.95,"lower_bound":0.24802249647514182,"upper_bound":0.4274471053182611},"point_estimate":0.3420570179337912,"standard_error":0.04599557766076612},"slope":{"confidence_interval":{"confidence_level":0.95,"lower_bound":695.7932814573121,"upper_bound":703.082438460276},"point_estimate":698.4499374948141,"standard_error":2.0257476675893424},"std_dev":{"confidence_interval":{"confidence_level":0.95,"lower_bound":0.7950989575046811,"upper_bound":13.258523031169686},"point_estimate":7.853378985401293,"standard_error":4.059466643668374}}