{"mean":{"confidence_interval":{"confidence_level":0.95,"lower_bound":696.2562972523039,"upper_bound":699.5359425164352},"point_estimate":697.5428521837662,"standard_error":0.8706837818399089},"median":{"confidence_interval":{"confidence_level":0.95,"lower_bound":695.9234398448241,"upper_bound":696.0943758677748},"point_estimate":696.0139223998301,"standard_error":0.048785006364653695},"median_abs_dev":{"confidence_interval":{"confidence_level":0.95,"lower_bound":0.2554254356187872,"upper_bound":0.45170303547552515},"point_estimate":0.3487101716262667,"standard_error":0.052045285782120906},"slope":{"confidence_interval":{"confidence_level":0.95,"lower_bound":696.2416253907071,"upper_bound":704.5730025655985},"point_estimate":699.5264301724216,"standard_error":2.2281068016674004},"std_dev":{"confidence_interval":{"confidence_level":0.95,"lower_bound":1.141087503829,"upper_bound":14.411695366803437},"point_estimate":8.752420953310223,"standard_error":3.878990988258072}}