{"mean":{"confidence_interval":{"confidence_level":0.95,"lower_bound":12749.827637171404,"upper_bound":12795.239574647718},"point_estimate":12766.893435960734,"standard_error":12.33573527675695},"median":{"confidence_interval":{"confidence_level":0.95,"lower_bound":12747.030994910208,"upper_bound":12756.446944899073},"point_estimate":12751.35385708042,"standard_error":2.493895872472708},"median_abs_dev":{"confidence_interval":{"confidence_level":0.95,"lower_bound":13.602731560496915,"upper_bound":24.468120145708344},"point_estimate":19.24107927378765,"standard_error":2.8900175319455563},"slope":{"confidence_interval":{"confidence_level":0.95,"lower_bound":12751.875180696106,"upper_bound":12760.974507854822},"point_estimate":12756.329748667174,"standard_error":2.320530458436637},"std_dev":{"confidence_interval":{"confidence_level":0.95,"lower_bound":19.024338950015114,"upper_bound":207.56854874466097},"point_estimate":123.92150265083268,"standard_error":60.28240468296117}}