{"mean":{"confidence_interval":{"confidence_level":0.95,"lower_bound":17931.86428588964,"upper_bound":18004.01097745889},"point_estimate":17960.930953095332,"standard_error":18.99087126023647},"median":{"confidence_interval":{"confidence_level":0.95,"lower_bound":17924.781447243848,"upper_bound":17946.318452380954},"point_estimate":17936.210459183676,"standard_error":5.771872617662325},"median_abs_dev":{"confidence_interval":{"confidence_level":0.95,"lower_bound":41.454934847824916,"upper_bound":69.82687306958174},"point_estimate":53.42200248536325,"standard_error":7.3234175793796545},"slope":{"confidence_interval":{"confidence_level":0.95,"lower_bound":17931.64662924423,"upper_bound":17950.465191312363},"point_estimate":17940.946638729973,"standard_error":4.767834054935832},"std_dev":{"confidence_interval":{"confidence_level":0.95,"lower_bound":60.78808567736232,"upper_bound":309.037366728491},"point_estimate":190.50482011801222,"standard_error":79.07135452584096}}