{"mean":{"confidence_interval":{"confidence_level":0.95,"lower_bound":1369298.222907219,"upper_bound":1369467.2891502185},"point_estimate":1369374.7098082707,"standard_error":43.2519154566836},"median":{"confidence_interval":{"confidence_level":0.95,"lower_bound":1369214.280882353,"upper_bound":1369348.922751024},"point_estimate":1369290.665042235,"standard_error":38.668210149411294},"median_abs_dev":{"confidence_interval":{"confidence_level":0.95,"lower_bound":168.80878205452856,"upper_bound":278.37579505782526},"point_estimate":225.3222911170496,"standard_error":27.96596243469538},"slope":{"confidence_interval":{"confidence_level":0.95,"lower_bound":1369214.9458490345,"upper_bound":1369375.0687650696},"point_estimate":1369286.2305275602,"standard_error":41.17046845913356},"std_dev":{"confidence_interval":{"confidence_level":0.95,"lower_bound":248.81550849735433,"upper_bound":627.8058711593047},"point_estimate":434.76748387805907,"standard_error":105.57028433100504}}