{"mean":{"confidence_interval":{"confidence_level":0.95,"lower_bound":68044.2642085372,"upper_bound":68316.93919253716},"point_estimate":68153.45256058872,"standard_error":71.67535731272866},"median":{"confidence_interval":{"confidence_level":0.95,"lower_bound":68048.10916356622,"upper_bound":68103.73047275902},"point_estimate":68080.5947368421,"standard_error":14.01449414728781},"median_abs_dev":{"confidence_interval":{"confidence_level":0.95,"lower_bound":134.0734624682007,"upper_bound":240.26500967069467},"point_estimate":189.8333524495212,"standard_error":26.213570210237346},"slope":{"confidence_interval":{"confidence_level":0.95,"lower_bound":68031.46165188204,"upper_bound":68159.4311043285},"point_estimate":68086.62857041525,"standard_error":33.108004529377574},"std_dev":{"confidence_interval":{"confidence_level":0.95,"lower_bound":235.79417188440985,"upper_bound":1172.9477811932124},"point_estimate":720.4665534341024,"standard_error":303.8590316732465}}