{"mean":{"confidence_interval":{"confidence_level":0.95,"lower_bound":71980.08657335953,"upper_bound":72133.6259317905},"point_estimate":72048.38983207283,"standard_error":39.44905143211711},"median":{"confidence_interval":{"confidence_level":0.95,"lower_bound":71928.87156399063,"upper_bound":72015.9187185744},"point_estimate":71962.3527484659,"standard_error":21.141725026886885},"median_abs_dev":{"confidence_interval":{"confidence_level":0.95,"lower_bound":128.47737114424132,"upper_bound":211.0333216085508},"point_estimate":184.33807872990846,"standard_error":21.832491925938537},"slope":{"confidence_interval":{"confidence_level":0.95,"lower_bound":71960.88151252824,"upper_bound":72168.36260982059},"point_estimate":72040.39298591905,"standard_error":56.07496079490186},"std_dev":{"confidence_interval":{"confidence_level":0.95,"lower_bound":176.02969193512956,"upper_bound":581.5214221922936},"point_estimate":397.805290242258,"standard_error":107.01839626908296}}