{"mean":{"confidence_interval":{"confidence_level":0.95,"lower_bound":14.054206167722569,"upper_bound":14.058403857148331},"point_estimate":14.055850547186626,"standard_error":0.0011142517353685928},"median":{"confidence_interval":{"confidence_level":0.95,"lower_bound":14.053767243893613,"upper_bound":14.055084885297825},"point_estimate":14.05432544156961,"standard_error":0.0003127551057064846},"median_abs_dev":{"confidence_interval":{"confidence_level":0.95,"lower_bound":0.00245398394946458,"upper_bound":0.004127277469632462},"point_estimate":0.0031917729306407253,"standard_error":0.0004423887469586139},"slope":{"confidence_interval":{"confidence_level":0.95,"lower_bound":14.054195215369607,"upper_bound":14.056232632558089},"point_estimate":14.055133398725385,"standard_error":0.0005200438443333067},"std_dev":{"confidence_interval":{"confidence_level":0.95,"lower_bound":0.003305797985214221,"upper_bound":0.01848664942052149},"point_estimate":0.0112043565097775,"standard_error":0.005059096005581534}}