{"mean":{"confidence_interval":{"confidence_level":0.95,"lower_bound":100.07571984508778,"upper_bound":100.1185278059705},"point_estimate":100.0964462804722,"standard_error":0.010923284203593689},"median":{"confidence_interval":{"confidence_level":0.95,"lower_bound":100.05841461420444,"upper_bound":100.10654186766448},"point_estimate":100.08302772004245,"standard_error":0.011713477812278878},"median_abs_dev":{"confidence_interval":{"confidence_level":0.95,"lower_bound":0.06834231045616784,"upper_bound":0.10514373584253468},"point_estimate":0.0850692847743184,"standard_error":0.009395558293043388},"slope":{"confidence_interval":{"confidence_level":0.95,"lower_bound":100.07151635820229,"upper_bound":100.11228871544141},"point_estimate":100.09205097869528,"standard_error":0.010438785430729644},"std_dev":{"confidence_interval":{"confidence_level":0.95,"lower_bound":0.08605795745857076,"upper_bound":0.13064853735610416},"point_estimate":0.10951986784849646,"standard_error":0.01143880193907629}}