{"mean":{"confidence_interval":{"confidence_level":0.95,"lower_bound":101.17848499471911,"upper_bound":101.20391631712694},"point_estimate":101.19069713110358,"standard_error":0.0064907228626564315},"median":{"confidence_interval":{"confidence_level":0.95,"lower_bound":101.17809172021886,"upper_bound":101.19503356111407},"point_estimate":101.18235013483067,"standard_error":0.005406667926039492},"median_abs_dev":{"confidence_interval":{"confidence_level":0.95,"lower_bound":0.03230655699983938,"upper_bound":0.055037676327622825},"point_estimate":0.04218114435694162,"standard_error":0.005372898979543128},"slope":{"confidence_interval":{"confidence_level":0.95,"lower_bound":101.17529705187908,"upper_bound":101.19915260773624},"point_estimate":101.18689872356654,"standard_error":0.006071492177788057},"std_dev":{"confidence_interval":{"confidence_level":0.95,"lower_bound":0.045982285304390635,"upper_bound":0.08333248034569107},"point_estimate":0.06513563121709395,"standard_error":0.0096497786569197}}