{"mean":{"confidence_interval":{"confidence_level":0.95,"lower_bound":86763.30276870029,"upper_bound":87114.45534896126},"point_estimate":86901.38219135132,"standard_error":93.7877920384661},"median":{"confidence_interval":{"confidence_level":0.95,"lower_bound":86720.44444444444,"upper_bound":86850.359375},"point_estimate":86823.52083333333,"standard_error":31.458103158744507},"median_abs_dev":{"confidence_interval":{"confidence_level":0.95,"lower_bound":238.2733804356826,"upper_bound":380.82728034660516},"point_estimate":295.98059009103804,"standard_error":35.992809716535206},"slope":{"confidence_interval":{"confidence_level":0.95,"lower_bound":86698.97398066308,"upper_bound":86827.12627928777},"point_estimate":86762.0582867839,"standard_error":32.635132010660435},"std_dev":{"confidence_interval":{"confidence_level":0.95,"lower_bound":294.63959381048824,"upper_bound":1549.7072272013131},"point_estimate":943.1360578378391,"standard_error":419.9017294017119}}