{"mean":{"confidence_interval":{"confidence_level":0.95,"lower_bound":1240.2060242385264,"upper_bound":1240.7567543969578},"point_estimate":1240.457974289174,"standard_error":0.14087709152294398},"median":{"confidence_interval":{"confidence_level":0.95,"lower_bound":1240.0159990302768,"upper_bound":1240.315648113843},"point_estimate":1240.1615190161338,"standard_error":0.07237663720331794},"median_abs_dev":{"confidence_interval":{"confidence_level":0.95,"lower_bound":0.5046869965154477,"upper_bound":0.8101153636339888},"point_estimate":0.6807424818821207,"standard_error":0.0785280527219727},"slope":{"confidence_interval":{"confidence_level":0.95,"lower_bound":1240.3387327571509,"upper_bound":1240.9338850485517},"point_estimate":1240.6201935550023,"standard_error":0.15287516462603096},"std_dev":{"confidence_interval":{"confidence_level":0.95,"lower_bound":0.8016826985512011,"upper_bound":1.9754871212040295},"point_estimate":1.409233274490522,"standard_error":0.30589205033855127}}