{"mean":{"confidence_interval":{"confidence_level":0.95,"lower_bound":1419.7931792855536,"upper_bound":1421.2069393900115},"point_estimate":1420.3373735193961,"standard_error":0.3776947957374581},"median":{"confidence_interval":{"confidence_level":0.95,"lower_bound":1419.5167500895416,"upper_bound":1419.9166726779677},"point_estimate":1419.7251893560783,"standard_error":0.1017122568419969},"median_abs_dev":{"confidence_interval":{"confidence_level":0.95,"lower_bound":0.6002045757218514,"upper_bound":0.9371450860619043},"point_estimate":0.7771498969491509,"standard_error":0.08191529251040318},"slope":{"confidence_interval":{"confidence_level":0.95,"lower_bound":1419.6517517615025,"upper_bound":1420.0585722492733},"point_estimate":1419.845732712646,"standard_error":0.10420139692587388},"std_dev":{"confidence_interval":{"confidence_level":0.95,"lower_bound":0.9220880098033758,"upper_bound":6.254103268801897},"point_estimate":3.783629121439193,"standard_error":1.7233140052649127}}