{"mean":{"confidence_interval":{"confidence_level":0.95,"lower_bound":686.4299693687389,"upper_bound":688.4506201802247},"point_estimate":687.1862394946993,"standard_error":0.5487327377533261},"median":{"confidence_interval":{"confidence_level":0.95,"lower_bound":686.3290084534368,"upper_bound":686.6023899783377},"point_estimate":686.4311390451248,"standard_error":0.06892348687355597},"median_abs_dev":{"confidence_interval":{"confidence_level":0.95,"lower_bound":0.46641849730599116,"upper_bound":0.8671681023838697},"point_estimate":0.6389447213273283,"standard_error":0.10083800946892271},"slope":{"confidence_interval":{"confidence_level":0.95,"lower_bound":686.2429506736181,"upper_bound":686.5572703685147},"point_estimate":686.4003483550223,"standard_error":0.08026601366940106},"std_dev":{"confidence_interval":{"confidence_level":0.95,"lower_bound":0.9205601885953407,"upper_bound":9.241123658788009},"point_estimate":5.510954453268759,"standard_error":2.6894585147393446}}