{"mean":{"confidence_interval":{"confidence_level":0.95,"lower_bound":672.5685705414866,"upper_bound":674.3333074124643},"point_estimate":673.3259581807198,"standard_error":0.45694427830598094},"median":{"confidence_interval":{"confidence_level":0.95,"lower_bound":672.252099766499,"upper_bound":672.8183288136604},"point_estimate":672.473752475059,"standard_error":0.14239784177633072},"median_abs_dev":{"confidence_interval":{"confidence_level":0.95,"lower_bound":0.7915974453935375,"upper_bound":1.5349183155190893},"point_estimate":1.10330723463278,"standard_error":0.1847385673631702},"slope":{"confidence_interval":{"confidence_level":0.95,"lower_bound":672.8105422741652,"upper_bound":675.3353827513454},"point_estimate":673.7760416073934,"standard_error":0.6839366605382433},"std_dev":{"confidence_interval":{"confidence_level":0.95,"lower_bound":1.4484678384287917,"upper_bound":7.0956387553148685},"point_estimate":4.6152952805184295,"standard_error":1.517077995801217}}