{"mean":{"confidence_interval":{"confidence_level":0.95,"lower_bound":667.2406732956846,"upper_bound":669.2292643531615},"point_estimate":667.9829887840964,"standard_error":0.5549165385385372},"median":{"confidence_interval":{"confidence_level":0.95,"lower_bound":667.0728575884755,"upper_bound":667.7132181677018},"point_estimate":667.4417701863354,"standard_error":0.14809489383350682},"median_abs_dev":{"confidence_interval":{"confidence_level":0.95,"lower_bound":0.9493502828867395,"upper_bound":1.6748057854283585},"point_estimate":1.3358042330163071,"standard_error":0.18166603073405327},"slope":{"confidence_interval":{"confidence_level":0.95,"lower_bound":667.5889600116514,"upper_bound":668.1260774452847},"point_estimate":667.8679169250069,"standard_error":0.13744469682636884},"std_dev":{"confidence_interval":{"confidence_level":0.95,"lower_bound":1.198673926460625,"upper_bound":9.4170614936084},"point_estimate":5.5828560346885245,"standard_error":2.863544233253298}}