{"mean":{"confidence_interval":{"confidence_level":0.95,"lower_bound":137.02292748372872,"upper_bound":137.05809117968633},"point_estimate":137.04124344869078,"standard_error":0.00900868746032862},"median":{"confidence_interval":{"confidence_level":0.95,"lower_bound":137.0345101685245,"upper_bound":137.060203190194},"point_estimate":137.04375451374483,"standard_error":0.0062982800996345956},"median_abs_dev":{"confidence_interval":{"confidence_level":0.95,"lower_bound":0.04384386622585693,"upper_bound":0.0744126179624886},"point_estimate":0.06186477945832153,"standard_error":0.007908397329285846},"slope":{"confidence_interval":{"confidence_level":0.95,"lower_bound":137.0308938749277,"upper_bound":137.05426916265264},"point_estimate":137.0424052136491,"standard_error":0.005954038563403202},"std_dev":{"confidence_interval":{"confidence_level":0.95,"lower_bound":0.06436890730153207,"upper_bound":0.11616892763473766},"point_estimate":0.09021575505590501,"standard_error":0.013506185740845555}}