{"mean":{"confidence_interval":{"confidence_level":0.95,"lower_bound":138.06616498676954,"upper_bound":138.1085916896393},"point_estimate":138.0877047113147,"standard_error":0.010787230449551492},"median":{"confidence_interval":{"confidence_level":0.95,"lower_bound":138.076295344965,"upper_bound":138.1118639341977},"point_estimate":138.09818596169328,"standard_error":0.008948701506956659},"median_abs_dev":{"confidence_interval":{"confidence_level":0.95,"lower_bound":0.052145207112581235,"upper_bound":0.09906161904310891},"point_estimate":0.07446756861928079,"standard_error":0.01252109484762426},"slope":{"confidence_interval":{"confidence_level":0.95,"lower_bound":138.0727643895323,"upper_bound":138.1072325474161},"point_estimate":138.08990054304218,"standard_error":0.008813821918447718},"std_dev":{"confidence_interval":{"confidence_level":0.95,"lower_bound":0.08072081321841205,"upper_bound":0.1347250831890886},"point_estimate":0.10817859284131806,"standard_error":0.01388757987844356}}