{"mean":{"confidence_interval":{"confidence_level":0.95,"lower_bound":56.51610424998839,"upper_bound":56.565301678402335},"point_estimate":56.54082273560243,"standard_error":0.012577949691883125},"median":{"confidence_interval":{"confidence_level":0.95,"lower_bound":56.51458860188066,"upper_bound":56.56888887959365},"point_estimate":56.53754160316629,"standard_error":0.015083930091846531},"median_abs_dev":{"confidence_interval":{"confidence_level":0.95,"lower_bound":0.06778807382566515,"upper_bound":0.11411979090932539},"point_estimate":0.08345485640453193,"standard_error":0.012287759153420896},"slope":{"confidence_interval":{"confidence_level":0.95,"lower_bound":56.48456386549484,"upper_bound":56.526737915734714},"point_estimate":56.50551966713346,"standard_error":0.010756287765706982},"std_dev":{"confidence_interval":{"confidence_level":0.95,"lower_bound":0.10098985991527394,"upper_bound":0.15151974480708658},"point_estimate":0.12661991678646395,"standard_error":0.012953430736987284}}