{"mean":{"confidence_interval":{"confidence_level":0.95,"lower_bound":56.964539551936824,"upper_bound":57.027284132788836},"point_estimate":56.99454778880119,"standard_error":0.015986747493360876},"median":{"confidence_interval":{"confidence_level":0.95,"lower_bound":56.95000196632603,"upper_bound":57.01793055795474},"point_estimate":56.975222967298556,"standard_error":0.016691839705439353},"median_abs_dev":{"confidence_interval":{"confidence_level":0.95,"lower_bound":0.09125558039388372,"upper_bound":0.15852815546461044},"point_estimate":0.12481142289946273,"standard_error":0.018125553126729428},"slope":{"confidence_interval":{"confidence_level":0.95,"lower_bound":56.96382739528221,"upper_bound":57.03131333040569},"point_estimate":56.9965648520259,"standard_error":0.01728657303653314},"std_dev":{"confidence_interval":{"confidence_level":0.95,"lower_bound":0.11568977882031616,"upper_bound":0.21368544908540207},"point_estimate":0.16099283154179236,"standard_error":0.026452876728912382}}