{"mean":{"confidence_interval":{"confidence_level":0.95,"lower_bound":7.177744523722561,"upper_bound":7.201676302620301},"point_estimate":7.188430259096779,"standard_error":0.006126589845817571},"median":{"confidence_interval":{"confidence_level":0.95,"lower_bound":7.174441380612327,"upper_bound":7.189572671785962},"point_estimate":7.182246036689531,"standard_error":0.004126914785342563},"median_abs_dev":{"confidence_interval":{"confidence_level":0.95,"lower_bound":0.024563371178274743,"upper_bound":0.04057242419774426},"point_estimate":0.035558316182004966,"standard_error":0.004134646940538787},"slope":{"confidence_interval":{"confidence_level":0.95,"lower_bound":7.174168021957489,"upper_bound":7.187256559261319},"point_estimate":7.180593526141569,"standard_error":0.003339899528035958},"std_dev":{"confidence_interval":{"confidence_level":0.95,"lower_bound":0.033582205025342864,"upper_bound":0.09137844930243692},"point_estimate":0.06162214396937212,"standard_error":0.016861247187374973}}