{"mean":{"confidence_interval":{"confidence_level":0.95,"lower_bound":6.548474088466169,"upper_bound":6.605096603615106},"point_estimate":6.57107418233785,"standard_error":0.014791195658288146},"median":{"confidence_interval":{"confidence_level":0.95,"lower_bound":6.541355958524396,"upper_bound":6.558585070191127},"point_estimate":6.551256036909141,"standard_error":0.004460263756696949},"median_abs_dev":{"confidence_interval":{"confidence_level":0.95,"lower_bound":0.027414075809891504,"upper_bound":0.046860738564191075},"point_estimate":0.03748888331446181,"standard_error":0.004871064062810619},"slope":{"confidence_interval":{"confidence_level":0.95,"lower_bound":6.544574102513183,"upper_bound":6.560497333995053},"point_estimate":6.552182126321892,"standard_error":0.004047684106442795},"std_dev":{"confidence_interval":{"confidence_level":0.95,"lower_bound":0.04878501688974543,"upper_bound":0.24074945179501994},"point_estimate":0.14839342901626756,"standard_error":0.06129701669768069}}