{"mean":{"confidence_interval":{"confidence_level":0.95,"lower_bound":2302.0117918166266,"upper_bound":2303.1398242020923},"point_estimate":2302.4845574248857,"standard_error":0.291684620401705},"median":{"confidence_interval":{"confidence_level":0.95,"lower_bound":2301.7073988141274,"upper_bound":2302.3529549779714},"point_estimate":2302.04495584453,"standard_error":0.1683358342833674},"median_abs_dev":{"confidence_interval":{"confidence_level":0.95,"lower_bound":0.8804363640664064,"upper_bound":1.527160666024605},"point_estimate":1.176384685135373,"standard_error":0.1692824706002206},"slope":{"confidence_interval":{"confidence_level":0.95,"lower_bound":2302.1261724177702,"upper_bound":2302.8091664353806},"point_estimate":2302.4458456677125,"standard_error":0.1747529250774929},"std_dev":{"confidence_interval":{"confidence_level":0.95,"lower_bound":1.296574115934493,"upper_bound":4.621715625667973},"point_estimate":2.941601095846003,"standard_error":1.060760146667619}}