{"mean":{"confidence_interval":{"confidence_level":0.95,"lower_bound":1013.6336408672497,"upper_bound":1013.9130152886314},"point_estimate":1013.7579798511026,"standard_error":0.07159927641748293},"median":{"confidence_interval":{"confidence_level":0.95,"lower_bound":1013.562839369682,"upper_bound":1013.6331986350575},"point_estimate":1013.5941154586176,"standard_error":0.01828905580693989},"median_abs_dev":{"confidence_interval":{"confidence_level":0.95,"lower_bound":0.06661144798853137,"upper_bound":0.18950241535720797},"point_estimate":0.12159522473041422,"standard_error":0.031684346748291195},"slope":{"confidence_interval":{"confidence_level":0.95,"lower_bound":1013.6010763470623,"upper_bound":1013.7968570334383},"point_estimate":1013.6747402345711,"standard_error":0.05190639809908193},"std_dev":{"confidence_interval":{"confidence_level":0.95,"lower_bound":0.19132589981655712,"upper_bound":0.712366084415848},"point_estimate":0.5117773077786686,"standard_error":0.12489809147294695}}