{"mean":{"confidence_interval":{"confidence_level":0.95,"lower_bound":1013.8131403505616,"upper_bound":1015.4139275290183},"point_estimate":1014.3908188281648,"standard_error":0.465772121773259},"median":{"confidence_interval":{"confidence_level":0.95,"lower_bound":1013.7214689408723,"upper_bound":1013.797592701434},"point_estimate":1013.7545290961161,"standard_error":0.021899235787049547},"median_abs_dev":{"confidence_interval":{"confidence_level":0.95,"lower_bound":0.07499623823075874,"upper_bound":0.18362311393094352},"point_estimate":0.12849026389366935,"standard_error":0.028905513010957486},"slope":{"confidence_interval":{"confidence_level":0.95,"lower_bound":1013.7451442379669,"upper_bound":1014.6238674647851},"point_estimate":1014.0164593063711,"standard_error":0.25092766363201735},"std_dev":{"confidence_interval":{"confidence_level":0.95,"lower_bound":0.2816423822627976,"upper_bound":5.5553600899799696},"point_estimate":3.306743549571502,"standard_error":1.7925283180143639}}