{"mean":{"confidence_interval":{"confidence_level":0.95,"lower_bound":1013.7242906159886,"upper_bound":1015.8048675163376},"point_estimate":1014.615902235902,"standard_error":0.5342439550554665},"median":{"confidence_interval":{"confidence_level":0.95,"lower_bound":1013.4906090408757,"upper_bound":1013.6744629777805},"point_estimate":1013.5781725475597,"standard_error":0.05161058514768614},"median_abs_dev":{"confidence_interval":{"confidence_level":0.95,"lower_bound":0.11591255704246078,"upper_bound":0.3648334431301974},"point_estimate":0.21883113931330522,"standard_error":0.06734451417438649},"slope":{"confidence_interval":{"confidence_level":0.95,"lower_bound":1013.6767465960411,"upper_bound":1015.3977917542018},"point_estimate":1014.3577085871398,"standard_error":0.4472891402408761},"std_dev":{"confidence_interval":{"confidence_level":0.95,"lower_bound":0.44132463735965277,"upper_bound":5.6380582847725105},"point_estimate":3.787614367940896,"standard_error":1.2808590606947854}}