{"mean":{"confidence_interval":{"confidence_level":0.95,"lower_bound":1013.587572395324,"upper_bound":1013.7240442500682},"point_estimate":1013.6497581477038,"standard_error":0.03501102996010248},"median":{"confidence_interval":{"confidence_level":0.95,"lower_bound":1013.5511143315969,"upper_bound":1013.6277562353391},"point_estimate":1013.5820424441278,"standard_error":0.018851144213406477},"median_abs_dev":{"confidence_interval":{"confidence_level":0.95,"lower_bound":0.07066161559289284,"upper_bound":0.178403214827337},"point_estimate":0.1142588432967683,"standard_error":0.027556594508421798},"slope":{"confidence_interval":{"confidence_level":0.95,"lower_bound":1013.5799104625193,"upper_bound":1013.7036763685655},"point_estimate":1013.6342381090632,"standard_error":0.031792467442841574},"std_dev":{"confidence_interval":{"confidence_level":0.95,"lower_bound":0.13066213899500131,"upper_bound":0.3514284704096151},"point_estimate":0.2509443366687298,"standard_error":0.058369479751304625}}