{"mean":{"confidence_interval":{"confidence_level":0.95,"lower_bound":8320.83461028694,"upper_bound":8322.37266774177},"point_estimate":8321.526219388836,"standard_error":0.39482411084264857},"median":{"confidence_interval":{"confidence_level":0.95,"lower_bound":8320.695848056537,"upper_bound":8321.666077738515},"point_estimate":8321.247744530487,"standard_error":0.27785126283692035},"median_abs_dev":{"confidence_interval":{"confidence_level":0.95,"lower_bound":0.9362732342610982,"upper_bound":2.329280736607942},"point_estimate":1.810039944596275,"standard_error":0.34471029108691337},"slope":{"confidence_interval":{"confidence_level":0.95,"lower_bound":8320.61486582561,"upper_bound":8321.592223879265},"point_estimate":8321.090583831196,"standard_error":0.25023335259868795},"std_dev":{"confidence_interval":{"confidence_level":0.95,"lower_bound":1.446557602722411,"upper_bound":4.102011249314165},"point_estimate":2.814614203823009,"standard_error":0.7330825462217283}}