{"mean":{"confidence_interval":{"confidence_level":0.95,"lower_bound":31.99366522953794,"upper_bound":32.045518101611584},"point_estimate":32.02305607175569,"standard_error":0.013375998012420091},"median":{"confidence_interval":{"confidence_level":0.95,"lower_bound":32.030131766439325,"upper_bound":32.05711501638507},"point_estimate":32.04371345325818,"standard_error":0.006668272783958458},"median_abs_dev":{"confidence_interval":{"confidence_level":0.95,"lower_bound":0.0406533664914304,"upper_bound":0.07658558096640979},"point_estimate":0.05602251787439322,"standard_error":0.008803187473948754},"slope":{"confidence_interval":{"confidence_level":0.95,"lower_bound":32.0309642400801,"upper_bound":32.05495645463024},"point_estimate":32.043216726419125,"standard_error":0.0061277893482364195},"std_dev":{"confidence_interval":{"confidence_level":0.95,"lower_bound":0.05861391235430324,"upper_bound":0.20791710298723262},"point_estimate":0.134879709237018,"standard_error":0.042628112153681216}}