{"mean":{"confidence_interval":{"confidence_level":0.95,"lower_bound":31.481931353051813,"upper_bound":31.51719602611519},"point_estimate":31.495780709037362,"standard_error":0.009381212127067324},"median":{"confidence_interval":{"confidence_level":0.95,"lower_bound":31.474718541991784,"upper_bound":31.48892575117096},"point_estimate":31.48096259873503,"standard_error":0.0037243931818639834},"median_abs_dev":{"confidence_interval":{"confidence_level":0.95,"lower_bound":0.0195259888393514,"upper_bound":0.033162531427016785},"point_estimate":0.026789168287732167,"standard_error":0.0034186530528373376},"slope":{"confidence_interval":{"confidence_level":0.95,"lower_bound":31.486068165655137,"upper_bound":31.500064105821842},"point_estimate":31.492768253498724,"standard_error":0.0035738941125332516},"std_dev":{"confidence_interval":{"confidence_level":0.95,"lower_bound":0.028990910972909262,"upper_bound":0.1554288192752136},"point_estimate":0.09438317570771591,"standard_error":0.042371312817995194}}