{"mean":{"confidence_interval":{"confidence_level":0.95,"lower_bound":1571.2763640995363,"upper_bound":1575.0417852819521},"point_estimate":1573.1191808387778,"standard_error":0.9627929056930146},"median":{"confidence_interval":{"confidence_level":0.95,"lower_bound":1567.9537790697673,"upper_bound":1570.2344733242135},"point_estimate":1569.0851740263001,"standard_error":0.5498563438999625},"median_abs_dev":{"confidence_interval":{"confidence_level":0.95,"lower_bound":2.885117541917576,"upper_bound":7.139584809786413},"point_estimate":4.181687968160564,"standard_error":1.11140917497761},"slope":{"confidence_interval":{"confidence_level":0.95,"lower_bound":1576.2513972741915,"upper_bound":1580.961048192622},"point_estimate":1578.7443348122385,"standard_error":1.2009526692531174},"std_dev":{"confidence_interval":{"confidence_level":0.95,"lower_bound":8.147653917306993,"upper_bound":11.087416695945238},"point_estimate":9.676143680631196,"standard_error":0.7514609331937484}}