{"mean":{"confidence_interval":{"confidence_level":0.95,"lower_bound":5.478329473539279,"upper_bound":5.480024655854292},"point_estimate":5.479050027026095,"standard_error":0.0004388786344021274},"median":{"confidence_interval":{"confidence_level":0.95,"lower_bound":5.478232901660742,"upper_bound":5.479042954471512},"point_estimate":5.478654069553047,"standard_error":0.0002307319208091581},"median_abs_dev":{"confidence_interval":{"confidence_level":0.95,"lower_bound":0.0011638088613099198,"upper_bound":0.0019929297293793846},"point_estimate":0.0015287868399003674,"standard_error":0.0002108011153347486},"slope":{"confidence_interval":{"confidence_level":0.95,"lower_bound":5.478265661365578,"upper_bound":5.479105974335826},"point_estimate":5.478673130916632,"standard_error":0.00021403586071929844},"std_dev":{"confidence_interval":{"confidence_level":0.95,"lower_bound":0.0017637940008278833,"upper_bound":0.006928522004587878},"point_estimate":0.004419890612819338,"standard_error":0.001520445553593949}}