{"mean":{"confidence_interval":{"confidence_level":0.95,"lower_bound":5.521369931707641,"upper_bound":5.522118666460569},"point_estimate":5.521732727172023,"standard_error":0.00019056694410386253},"median":{"confidence_interval":{"confidence_level":0.95,"lower_bound":5.521232423790419,"upper_bound":5.5218789007437},"point_estimate":5.52161020327882,"standard_error":0.00017537783891859445},"median_abs_dev":{"confidence_interval":{"confidence_level":0.95,"lower_bound":0.0009713495654793619,"upper_bound":0.001609992388887043},"point_estimate":0.0013337349970428598,"standard_error":0.0001667721678975346},"slope":{"confidence_interval":{"confidence_level":0.95,"lower_bound":5.521404396800988,"upper_bound":5.5220460516059635},"point_estimate":5.5217171092621165,"standard_error":0.00016359800011351083},"std_dev":{"confidence_interval":{"confidence_level":0.95,"lower_bound":0.001332364863857911,"upper_bound":0.002495365847475433},"point_estimate":0.0019175574023206363,"standard_error":0.00030145349246457376}}