{"mean":{"confidence_interval":{"confidence_level":0.95,"lower_bound":9572.711039253734,"upper_bound":9575.04245814032},"point_estimate":9573.813985763032,"standard_error":0.5940350643681352},"median":{"confidence_interval":{"confidence_level":0.95,"lower_bound":9572.003542510121,"upper_bound":9573.557322485207},"point_estimate":9572.641025641025,"standard_error":0.39769671516095734},"median_abs_dev":{"confidence_interval":{"confidence_level":0.95,"lower_bound":2.5615430336834177,"upper_bound":4.205772924292581},"point_estimate":3.248421580259017,"standard_error":0.4285116834132459},"slope":{"confidence_interval":{"confidence_level":0.95,"lower_bound":9573.017326594298,"upper_bound":9575.97346749038},"point_estimate":9574.34343084653,"standard_error":0.764337745122558},"std_dev":{"confidence_interval":{"confidence_level":0.95,"lower_bound":4.045590971491506,"upper_bound":7.631144311648275},"point_estimate":5.969742118639271,"standard_error":0.9176805868428815}}