{"mean":{"confidence_interval":{"confidence_level":0.95,"lower_bound":29831.549029931088,"upper_bound":29890.26624134758},"point_estimate":29860.340376992233,"standard_error":14.963102471386021},"median":{"confidence_interval":{"confidence_level":0.95,"lower_bound":29798.963703208556,"upper_bound":29865.392955182073},"point_estimate":29837.50605713597,"standard_error":18.677108706877625},"median_abs_dev":{"confidence_interval":{"confidence_level":0.95,"lower_bound":102.04633984290717,"upper_bound":180.11124905586615},"point_estimate":146.55792878526643,"standard_error":19.969743412298552},"slope":{"confidence_interval":{"confidence_level":0.95,"lower_bound":29840.951663739583,"upper_bound":29915.633690799725},"point_estimate":29878.768614209093,"standard_error":19.020766754023086},"std_dev":{"confidence_interval":{"confidence_level":0.95,"lower_bound":125.99642415794754,"upper_bound":172.47271154979595},"point_estimate":150.31643804834624,"standard_error":11.884644621070423}}