{"mean":{"confidence_interval":{"confidence_level":0.95,"lower_bound":28153.240020803416,"upper_bound":28205.901917866013},"point_estimate":28179.489016994434,"standard_error":13.440875570759141},"median":{"confidence_interval":{"confidence_level":0.95,"lower_bound":28139.73026950648,"upper_bound":28236.097258449263},"point_estimate":28190.31717319201,"standard_error":26.286714817077062},"median_abs_dev":{"confidence_interval":{"confidence_level":0.95,"lower_bound":114.20532364196701,"upper_bound":180.0274830159973},"point_estimate":149.23183448828811,"standard_error":16.57880252293377},"slope":{"confidence_interval":{"confidence_level":0.95,"lower_bound":28240.21705844176,"upper_bound":28291.228741132378},"point_estimate":28267.09707887953,"standard_error":12.998974448333913},"std_dev":{"confidence_interval":{"confidence_level":0.95,"lower_bound":119.03144556875318,"upper_bound":149.30836618963917},"point_estimate":134.95678659112193,"standard_error":7.705491659858142}}