{"mean":{"confidence_interval":{"confidence_level":0.95,"lower_bound":23536.572638789152,"upper_bound":23644.10302439068},"point_estimate":23575.024142687398,"standard_error":31.547080917693147},"median":{"confidence_interval":{"confidence_level":0.95,"lower_bound":23528.29096809086,"upper_bound":23540.095514950168},"point_estimate":23535.94841085271,"standard_error":3.0944706705923686},"median_abs_dev":{"confidence_interval":{"confidence_level":0.95,"lower_bound":14.646725949721201,"upper_bound":23.35031397163471},"point_estimate":18.214960975768417,"standard_error":2.1546310186331685},"slope":{"confidence_interval":{"confidence_level":0.95,"lower_bound":23533.339015249392,"upper_bound":23550.978006560505},"point_estimate":23541.177630085815,"standard_error":4.5550593153791015},"std_dev":{"confidence_interval":{"confidence_level":0.95,"lower_bound":24.99736091775005,"upper_bound":538.630760503142},"point_estimate":316.42192615342776,"standard_error":175.43282813217982}}