{"mean":{"confidence_interval":{"confidence_level":0.95,"lower_bound":20138.823334576686,"upper_bound":20229.816957824154},"point_estimate":20175.754989201247,"standard_error":23.883028175856335},"median":{"confidence_interval":{"confidence_level":0.95,"lower_bound":20119.6292,"upper_bound":20129.67968253968},"point_estimate":20123.729007548223,"standard_error":2.561149849006421},"median_abs_dev":{"confidence_interval":{"confidence_level":0.95,"lower_bound":21.74545403403521,"upper_bound":39.41060831707992},"point_estimate":29.292860324789775,"standard_error":4.405807828842685},"slope":{"confidence_interval":{"confidence_level":0.95,"lower_bound":20136.723783976682,"upper_bound":20348.272839349283},"point_estimate":20210.33569150288,"standard_error":60.81112548909092},"std_dev":{"confidence_interval":{"confidence_level":0.95,"lower_bound":57.46874501588723,"upper_bound":388.7687903512368},"point_estimate":240.38369555557242,"standard_error":96.38645739315339}}