{"mean":{"confidence_interval":{"confidence_level":0.95,"lower_bound":22113.282844441517,"upper_bound":22172.999265046412},"point_estimate":22138.330537722715,"standard_error":15.532492058445003},"median":{"confidence_interval":{"confidence_level":0.95,"lower_bound":22101.375201288247,"upper_bound":22113.587581699347},"point_estimate":22105.548509485096,"standard_error":3.1000441317531386},"median_abs_dev":{"confidence_interval":{"confidence_level":0.95,"lower_bound":16.175576743710153,"upper_bound":27.000973106325212},"point_estimate":22.161063515935798,"standard_error":2.70958495328887},"slope":{"confidence_interval":{"confidence_level":0.95,"lower_bound":22112.68929678509,"upper_bound":22207.18326245983},"point_estimate":22145.421998259528,"standard_error":27.004879332760705},"std_dev":{"confidence_interval":{"confidence_level":0.95,"lower_bound":31.369015029122195,"upper_bound":241.57894150511444},"point_estimate":156.29889656267733,"standard_error":55.92659381987791}}