{"mean":{"confidence_interval":{"confidence_level":0.95,"lower_bound":17.132628273797017,"upper_bound":17.256221603228255},"point_estimate":17.1845882443311,"standard_error":0.03203249283647796},"median":{"confidence_interval":{"confidence_level":0.95,"lower_bound":17.130477291991472,"upper_bound":17.15043894507685},"point_estimate":17.139619160609865,"standard_error":0.00424111171923141},"median_abs_dev":{"confidence_interval":{"confidence_level":0.95,"lower_bound":0.02773983667851945,"upper_bound":0.04802926648550534},"point_estimate":0.03870029656680753,"standard_error":0.005070266020264996},"slope":{"confidence_interval":{"confidence_level":0.95,"lower_bound":17.135723472730685,"upper_bound":17.170725541373855},"point_estimate":17.149640724232885,"standard_error":0.009210817228399884},"std_dev":{"confidence_interval":{"confidence_level":0.95,"lower_bound":0.06411981246096378,"upper_bound":0.5047408261715426},"point_estimate":0.32324072614534455,"standard_error":0.11463864172395441}}