{"mean":{"confidence_interval":{"confidence_level":0.95,"lower_bound":17.027899800262464,"upper_bound":17.09369062472466},"point_estimate":17.05554583884089,"standard_error":0.017100199963088022},"median":{"confidence_interval":{"confidence_level":0.95,"lower_bound":17.015652657405354,"upper_bound":17.030742744634296},"point_estimate":17.021394474671503,"standard_error":0.004474655915217354},"median_abs_dev":{"confidence_interval":{"confidence_level":0.95,"lower_bound":0.02283306504808891,"upper_bound":0.03909937973952138},"point_estimate":0.03245585325233654,"standard_error":0.004057491188450141},"slope":{"confidence_interval":{"confidence_level":0.95,"lower_bound":17.023759481421024,"upper_bound":17.059836637402796},"point_estimate":17.03954306046418,"standard_error":0.009287709151731636},"std_dev":{"confidence_interval":{"confidence_level":0.95,"lower_bound":0.04551960698638923,"upper_bound":0.2717350472373988},"point_estimate":0.17155910099993343,"standard_error":0.06072185343944423}}