{"mean":{"confidence_interval":{"confidence_level":0.95,"lower_bound":16.954659320211316,"upper_bound":17.10153994228886},"point_estimate":17.00917160905177,"standard_error":0.040650313107706754},"median":{"confidence_interval":{"confidence_level":0.95,"lower_bound":16.937292288388498,"upper_bound":16.959318197232772},"point_estimate":16.946643484703035,"standard_error":0.005658863927187115},"median_abs_dev":{"confidence_interval":{"confidence_level":0.95,"lower_bound":0.027185783608583248,"upper_bound":0.046825414489142896},"point_estimate":0.03505789845519039,"standard_error":0.004895322096288718},"slope":{"confidence_interval":{"confidence_level":0.95,"lower_bound":16.947622328679234,"upper_bound":17.253374351819257},"point_estimate":17.04857731038671,"standard_error":0.08927513883103308},"std_dev":{"confidence_interval":{"confidence_level":0.95,"lower_bound":0.04837140261647643,"upper_bound":0.6875487665646624},"point_estimate":0.4086893583511566,"standard_error":0.20639437966005444}}