{"mean":{"confidence_interval":{"confidence_level":0.95,"lower_bound":18551.500105930238,"upper_bound":18598.520423730948},"point_estimate":18571.174837586015,"standard_error":12.207329560995213},"median":{"confidence_interval":{"confidence_level":0.95,"lower_bound":18534.208719135804,"upper_bound":18559.711093474427},"point_estimate":18546.865778688523,"standard_error":7.171940038731129},"median_abs_dev":{"confidence_interval":{"confidence_level":0.95,"lower_bound":30.183700811353894,"upper_bound":50.02780730583319},"point_estimate":37.45795796063416,"standard_error":5.607394658002165},"slope":{"confidence_interval":{"confidence_level":0.95,"lower_bound":18548.992662368364,"upper_bound":18572.604236010193},"point_estimate":18560.359760000876,"standard_error":6.016857349335204},"std_dev":{"confidence_interval":{"confidence_level":0.95,"lower_bound":46.63438986244878,"upper_bound":193.9899618672575},"point_estimate":122.58242255143749,"standard_error":44.77839363936355}}