{"mean":{"confidence_interval":{"confidence_level":0.95,"lower_bound":923.8354394847873,"upper_bound":924.0139891446469},"point_estimate":923.9203832093204,"standard_error":0.04564073528304824},"median":{"confidence_interval":{"confidence_level":0.95,"lower_bound":923.820423979006,"upper_bound":923.9183157094772},"point_estimate":923.8776608939096,"standard_error":0.025097655247044565},"median_abs_dev":{"confidence_interval":{"confidence_level":0.95,"lower_bound":0.1670852418392581,"upper_bound":0.2864001110374527},"point_estimate":0.21746147224181392,"standard_error":0.029033507558358908},"slope":{"confidence_interval":{"confidence_level":0.95,"lower_bound":923.8392335908,"upper_bound":923.9364347946158},"point_estimate":923.8868411755689,"standard_error":0.024692040101154188},"std_dev":{"confidence_interval":{"confidence_level":0.95,"lower_bound":0.3005384281524209,"upper_bound":0.6127319625072999},"point_estimate":0.4601425072597779,"standard_error":0.08084999187141083}}