{"mean":{"confidence_interval":{"confidence_level":0.95,"lower_bound":93.4639250349224,"upper_bound":93.90695438953195},"point_estimate":93.63399519136017,"standard_error":0.1206621680563624},"median":{"confidence_interval":{"confidence_level":0.95,"lower_bound":93.33723862132953,"upper_bound":93.53667419243507},"point_estimate":93.44410492276346,"standard_error":0.05478239268380031},"median_abs_dev":{"confidence_interval":{"confidence_level":0.95,"lower_bound":0.2507104215225639,"upper_bound":0.4374600779378453},"point_estimate":0.3525312305327833,"standard_error":0.04842991572773855},"slope":{"confidence_interval":{"confidence_level":0.95,"lower_bound":93.4412098263476,"upper_bound":93.5805343108096},"point_estimate":93.50831528130627,"standard_error":0.03557629273121033},"std_dev":{"confidence_interval":{"confidence_level":0.95,"lower_bound":0.32207772942604473,"upper_bound":2.024649241935623},"point_estimate":1.2154490289022686,"standard_error":0.5831413055818424}}