{"mean":{"confidence_interval":{"confidence_level":0.95,"lower_bound":90.60637894674095,"upper_bound":90.81054161645412},"point_estimate":90.68577126015451,"standard_error":0.05423686888093536},"median":{"confidence_interval":{"confidence_level":0.95,"lower_bound":90.54786325595785,"upper_bound":90.58908899090167},"point_estimate":90.56616283441511,"standard_error":0.011320227622591699},"median_abs_dev":{"confidence_interval":{"confidence_level":0.95,"lower_bound":0.051796816194159705,"upper_bound":0.10356371313391292},"point_estimate":0.07288399493392264,"standard_error":0.014012471492293354},"slope":{"confidence_interval":{"confidence_level":0.95,"lower_bound":90.62764665513669,"upper_bound":90.78085686662203},"point_estimate":90.69548790267041,"standard_error":0.03962432699971813},"std_dev":{"confidence_interval":{"confidence_level":0.95,"lower_bound":0.1371616479263159,"upper_bound":0.8961459688153556},"point_estimate":0.5437279077393609,"standard_error":0.24254987547906187}}