{"mean":{"confidence_interval":{"confidence_level":0.95,"lower_bound":35842.53651627046,"upper_bound":36085.953727004526},"point_estimate":35966.34798669535,"standard_error":62.32906874014917},"median":{"confidence_interval":{"confidence_level":0.95,"lower_bound":35951.461734693876,"upper_bound":36342.237947388174},"point_estimate":36023.84063852814,"standard_error":105.7451359489526},"median_abs_dev":{"confidence_interval":{"confidence_level":0.95,"lower_bound":432.75153369796715,"upper_bound":816.9429626143506},"point_estimate":658.7457393665255,"standard_error":99.07893764955547},"slope":{"confidence_interval":{"confidence_level":0.95,"lower_bound":36111.351355025385,"upper_bound":36369.23735930868},"point_estimate":36248.13843304693,"standard_error":66.2441929433104},"std_dev":{"confidence_interval":{"confidence_level":0.95,"lower_bound":547.9006248137202,"upper_bound":690.9269677496814},"point_estimate":626.6394767053614,"standard_error":36.36994393994536}}