{"mean":{"confidence_interval":{"confidence_level":0.95,"lower_bound":683.62405377954,"upper_bound":684.8053145195721},"point_estimate":684.1996561774274,"standard_error":0.30151723876969905},"median":{"confidence_interval":{"confidence_level":0.95,"lower_bound":682.9135767658255,"upper_bound":683.979511881824},"point_estimate":683.5426207944272,"standard_error":0.2740784280847495},"median_abs_dev":{"confidence_interval":{"confidence_level":0.95,"lower_bound":1.619618053805714,"upper_bound":2.833787447820183},"point_estimate":2.2830715888232,"standard_error":0.31152201770658783},"slope":{"confidence_interval":{"confidence_level":0.95,"lower_bound":683.4914136058916,"upper_bound":685.6006080730226},"point_estimate":684.545242875077,"standard_error":0.5383432695064805},"std_dev":{"confidence_interval":{"confidence_level":0.95,"lower_bound":2.465404769800367,"upper_bound":3.5292071177608184},"point_estimate":3.0294467928715902,"standard_error":0.2703517711662711}}