{"mean":{"confidence_interval":{"confidence_level":0.95,"lower_bound":743.0471491438706,"upper_bound":744.5033722420299},"point_estimate":743.6512718402219,"standard_error":0.3792857190515169},"median":{"confidence_interval":{"confidence_level":0.95,"lower_bound":742.5011252813204,"upper_bound":742.9601864751902},"point_estimate":742.6727666765175,"standard_error":0.1311459055561195},"median_abs_dev":{"confidence_interval":{"confidence_level":0.95,"lower_bound":0.5098360734019716,"upper_bound":1.0059814620546388},"point_estimate":0.6748697251291257,"standard_error":0.12622257133871037},"slope":{"confidence_interval":{"confidence_level":0.95,"lower_bound":742.8773067259626,"upper_bound":743.5828849484311},"point_estimate":743.1936154527771,"standard_error":0.18079380851369542},"std_dev":{"confidence_interval":{"confidence_level":0.95,"lower_bound":1.384831880916268,"upper_bound":6.077478750678332},"point_estimate":3.8256514521074956,"standard_error":1.4369199103474197}}