{"mean":{"confidence_interval":{"confidence_level":0.95,"lower_bound":778.6216962148854,"upper_bound":785.381497349427},"point_estimate":781.4862708927998,"standard_error":1.75518073953224},"median":{"confidence_interval":{"confidence_level":0.95,"lower_bound":777.7646654949158,"upper_bound":778.2370603124727},"point_estimate":777.9844310699793,"standard_error":0.10677380382552355},"median_abs_dev":{"confidence_interval":{"confidence_level":0.95,"lower_bound":0.6646595194909928,"upper_bound":1.1426319422722917},"point_estimate":0.8433921831271589,"standard_error":0.12130954754187079},"slope":{"confidence_interval":{"confidence_level":0.95,"lower_bound":778.3779717983126,"upper_bound":786.8890882282172},"point_estimate":782.1077617024813,"standard_error":2.1554421423306627},"std_dev":{"confidence_interval":{"confidence_level":0.95,"lower_bound":3.811348173673681,"upper_bound":27.03457764851097},"point_estimate":17.585244997034955,"standard_error":6.13212152148924}}