{"mean":{"confidence_interval":{"confidence_level":0.95,"lower_bound":18501.742295736665,"upper_bound":18595.367832984786},"point_estimate":18539.69086986966,"standard_error":24.504954446362287},"median":{"confidence_interval":{"confidence_level":0.95,"lower_bound":18487.076514469936,"upper_bound":18512.516754850087},"point_estimate":18497.957098765433,"standard_error":7.619752351222599},"median_abs_dev":{"confidence_interval":{"confidence_level":0.95,"lower_bound":32.781146018719646,"upper_bound":59.12097397969183},"point_estimate":40.91119099132706,"standard_error":6.565653648622578},"slope":{"confidence_interval":{"confidence_level":0.95,"lower_bound":18494.835507418094,"upper_bound":18518.64299074738},"point_estimate":18505.530621972644,"standard_error":6.0680683782223},"std_dev":{"confidence_interval":{"confidence_level":0.95,"lower_bound":53.21998391949356,"upper_bound":397.9069791453993},"point_estimate":246.21582699352325,"standard_error":98.35864865411057}}