{"mean":{"confidence_interval":{"confidence_level":0.95,"lower_bound":18111.9170678215,"upper_bound":18190.049976080383},"point_estimate":18142.646886225717,"standard_error":20.87389929317472},"median":{"confidence_interval":{"confidence_level":0.95,"lower_bound":18103.208484848485,"upper_bound":18131.865034965034},"point_estimate":18116.49218447097,"standard_error":7.7028539617048795},"median_abs_dev":{"confidence_interval":{"confidence_level":0.95,"lower_bound":57.31420009669695,"upper_bound":90.60517769488511},"point_estimate":79.03490150594098,"standard_error":8.315672193878923},"slope":{"confidence_interval":{"confidence_level":0.95,"lower_bound":18115.690790827022,"upper_bound":18148.718774799774},"point_estimate":18131.943875062134,"standard_error":8.413719487612134},"std_dev":{"confidence_interval":{"confidence_level":0.95,"lower_bound":65.3693675568548,"upper_bound":345.3904617166267},"point_estimate":209.51642054609718,"standard_error":94.61782141207252}}