{"mean":{"confidence_interval":{"confidence_level":0.95,"lower_bound":667.1110701864834,"upper_bound":667.3972334022793},"point_estimate":667.2504351276294,"standard_error":0.07285955796794216},"median":{"confidence_interval":{"confidence_level":0.95,"lower_bound":667.0867955615802,"upper_bound":667.3078196774709},"point_estimate":667.2328658900835,"standard_error":0.06043450153304993},"median_abs_dev":{"confidence_interval":{"confidence_level":0.95,"lower_bound":0.3361784498027195,"upper_bound":0.6019906311224003},"point_estimate":0.45372690479703776,"standard_error":0.0693974491523324},"slope":{"confidence_interval":{"confidence_level":0.95,"lower_bound":667.1158769933284,"upper_bound":667.294650399084},"point_estimate":667.2053599556514,"standard_error":0.04565971228972698},"std_dev":{"confidence_interval":{"confidence_level":0.95,"lower_bound":0.5528374202165893,"upper_bound":0.8944470946109031},"point_estimate":0.7326298352246157,"standard_error":0.08763274270200273}}