{"mean":{"confidence_interval":{"confidence_level":0.95,"lower_bound":729.340917526132,"upper_bound":729.5812835335291},"point_estimate":729.4310977681288,"standard_error":0.06516564867919117},"median":{"confidence_interval":{"confidence_level":0.95,"lower_bound":729.333768688919,"upper_bound":729.3940895741556},"point_estimate":729.3574876964981,"standard_error":0.01397251102322774},"median_abs_dev":{"confidence_interval":{"confidence_level":0.95,"lower_bound":0.08209157865541879,"upper_bound":0.1448916939035778},"point_estimate":0.10513075847662971,"standard_error":0.015309049237043891},"slope":{"confidence_interval":{"confidence_level":0.95,"lower_bound":729.3552336415311,"upper_bound":729.4802159712747},"point_estimate":729.4031322560227,"standard_error":0.033807493464144134},"std_dev":{"confidence_interval":{"confidence_level":0.95,"lower_bound":0.13003854316298902,"upper_bound":1.0950705097174012},"point_estimate":0.6538239455400263,"standard_error":0.31804854761940243}}