{"mean":{"confidence_interval":{"confidence_level":0.95,"lower_bound":185.12532808033703,"upper_bound":185.34290288962708},"point_estimate":185.21071644339085,"standard_error":0.05777246603734633},"median":{"confidence_interval":{"confidence_level":0.95,"lower_bound":185.07219030991624,"upper_bound":185.14474422174337},"point_estimate":185.11550084908313,"standard_error":0.016997106522748613},"median_abs_dev":{"confidence_interval":{"confidence_level":0.95,"lower_bound":0.0849530660433465,"upper_bound":0.14870461065081267},"point_estimate":0.11251293877641662,"standard_error":0.015141352769480613},"slope":{"confidence_interval":{"confidence_level":0.95,"lower_bound":185.10537200535683,"upper_bound":185.35920615871098},"point_estimate":185.1974287804217,"standard_error":0.06957601140497291},"std_dev":{"confidence_interval":{"confidence_level":0.95,"lower_bound":0.14695856037500596,"upper_bound":0.9540015826372582},"point_estimate":0.5796686952170554,"standard_error":0.2556913151438007}}