{"mean":{"confidence_interval":{"confidence_level":0.95,"lower_bound":185.96873921944905,"upper_bound":186.01928037525366},"point_estimate":185.99183750434588,"standard_error":0.012947004289202254},"median":{"confidence_interval":{"confidence_level":0.95,"lower_bound":185.9467468069121,"upper_bound":185.99615254476436},"point_estimate":185.9831974000275,"standard_error":0.010565734927151677},"median_abs_dev":{"confidence_interval":{"confidence_level":0.95,"lower_bound":0.06575988808017755,"upper_bound":0.1028838272289567},"point_estimate":0.08517941008333386,"standard_error":0.010023162308279116},"slope":{"confidence_interval":{"confidence_level":0.95,"lower_bound":185.9662482002934,"upper_bound":185.99993368215394},"point_estimate":185.98315502254556,"standard_error":0.008606901812240761},"std_dev":{"confidence_interval":{"confidence_level":0.95,"lower_bound":0.07615023666824,"upper_bound":0.19009233116609456},"point_estimate":0.13004269233755253,"standard_error":0.03346113800896378}}