{"mean":{"confidence_interval":{"confidence_level":0.95,"lower_bound":213.05124530463092,"upper_bound":213.13723992160195},"point_estimate":213.09187387095193,"standard_error":0.022001414830564264},"median":{"confidence_interval":{"confidence_level":0.95,"lower_bound":213.05254978471476,"upper_bound":213.12722349300324},"point_estimate":213.08703782511827,"standard_error":0.01948306213732811},"median_abs_dev":{"confidence_interval":{"confidence_level":0.95,"lower_bound":0.11088422992436768,"upper_bound":0.18442913545232203},"point_estimate":0.14237158265845354,"standard_error":0.018270668780972884},"slope":{"confidence_interval":{"confidence_level":0.95,"lower_bound":213.0563471966381,"upper_bound":213.11356272283956},"point_estimate":213.08506557769508,"standard_error":0.014570307347934906},"std_dev":{"confidence_interval":{"confidence_level":0.95,"lower_bound":0.14369465970944684,"upper_bound":0.29513551763864704},"point_estimate":0.22131043964271327,"standard_error":0.03949910827062135}}