{"mean":{"confidence_interval":{"confidence_level":0.95,"lower_bound":213.10753056513025,"upper_bound":213.17453402502144},"point_estimate":213.1393438243452,"standard_error":0.017121819639403634},"median":{"confidence_interval":{"confidence_level":0.95,"lower_bound":213.09866842685915,"upper_bound":213.14989503629252},"point_estimate":213.1311744935215,"standard_error":0.013701311819057371},"median_abs_dev":{"confidence_interval":{"confidence_level":0.95,"lower_bound":0.069164625983351,"upper_bound":0.12060809960622938},"point_estimate":0.08673409145754366,"standard_error":0.012548330655444114},"slope":{"confidence_interval":{"confidence_level":0.95,"lower_bound":213.12219891537558,"upper_bound":213.15892022921054},"point_estimate":213.14017914480905,"standard_error":0.009385651282770973},"std_dev":{"confidence_interval":{"confidence_level":0.95,"lower_bound":0.11782861078968865,"upper_bound":0.22836800119290843},"point_estimate":0.1719006249705242,"standard_error":0.028973984223745117}}