{"mean":{"confidence_interval":{"confidence_level":0.95,"lower_bound":213.05971762641187,"upper_bound":213.10706063828596},"point_estimate":213.08204026555498,"standard_error":0.012096042339285972},"median":{"confidence_interval":{"confidence_level":0.95,"lower_bound":213.0528890210671,"upper_bound":213.08740468371366},"point_estimate":213.0755601120958,"standard_error":0.00797083488016605},"median_abs_dev":{"confidence_interval":{"confidence_level":0.95,"lower_bound":0.0622418715193518,"upper_bound":0.09919174304105659},"point_estimate":0.07811964710959965,"standard_error":0.009520202545877151},"slope":{"confidence_interval":{"confidence_level":0.95,"lower_bound":213.05198465148547,"upper_bound":213.07965278082509},"point_estimate":213.0658599828552,"standard_error":0.007053131106004752},"std_dev":{"confidence_interval":{"confidence_level":0.95,"lower_bound":0.07906578853231609,"upper_bound":0.16078570807230486},"point_estimate":0.12102843214176816,"standard_error":0.021159253404083544}}