{"mean":{"confidence_interval":{"confidence_level":0.95,"lower_bound":213.19256561538518,"upper_bound":213.24401746154305},"point_estimate":213.21773205642313,"standard_error":0.013099891750576088},"median":{"confidence_interval":{"confidence_level":0.95,"lower_bound":213.17860064585577,"upper_bound":213.22575583780275},"point_estimate":213.19316838683807,"standard_error":0.012139378984154372},"median_abs_dev":{"confidence_interval":{"confidence_level":0.95,"lower_bound":0.07950127185579217,"upper_bound":0.12393543414376704},"point_estimate":0.09666538149157809,"standard_error":0.01125087792200784},"slope":{"confidence_interval":{"confidence_level":0.95,"lower_bound":213.19009927876624,"upper_bound":213.24741601168594},"point_estimate":213.21649287183752,"standard_error":0.014688865063864801},"std_dev":{"confidence_interval":{"confidence_level":0.95,"lower_bound":0.10407271762483965,"upper_bound":0.15885009114805665},"point_estimate":0.1317738493609356,"standard_error":0.014101397897809127}}