{"mean":{"confidence_interval":{"confidence_level":0.95,"lower_bound":1724.507481528661,"upper_bound":1724.8563723745299},"point_estimate":1724.6813019919825,"standard_error":0.08902940111534567},"median":{"confidence_interval":{"confidence_level":0.95,"lower_bound":1724.1732848269744,"upper_bound":1725.046268115942},"point_estimate":1724.7771140883046,"standard_error":0.2653262186885433},"median_abs_dev":{"confidence_interval":{"confidence_level":0.95,"lower_bound":0.8928983893080066,"upper_bound":1.3084646559426878},"point_estimate":1.1254647138790892,"standard_error":0.10891104776447862},"slope":{"confidence_interval":{"confidence_level":0.95,"lower_bound":1724.0294440742844,"upper_bound":1724.3597801974418},"point_estimate":1724.1828201206622,"standard_error":0.08441439901522971},"std_dev":{"confidence_interval":{"confidence_level":0.95,"lower_bound":0.8035738828774871,"upper_bound":0.9736773619596917},"point_estimate":0.8943436053313715,"standard_error":0.04337504673170284}}