{"mean":{"confidence_interval":{"confidence_level":0.95,"lower_bound":1702.0591204016607,"upper_bound":1702.8062248567949},"point_estimate":1702.4602058365438,"standard_error":0.19072476679523725},"median":{"confidence_interval":{"confidence_level":0.95,"lower_bound":1702.3330151457299,"upper_bound":1703.1087279111148},"point_estimate":1702.7759811900887,"standard_error":0.1805330755739421},"median_abs_dev":{"confidence_interval":{"confidence_level":0.95,"lower_bound":1.2599916271153022,"upper_bound":1.8792848286062487},"point_estimate":1.703441478585316,"standard_error":0.15102963714763623},"slope":{"confidence_interval":{"confidence_level":0.95,"lower_bound":1701.585508908766,"upper_bound":1702.113653462966},"point_estimate":1701.8318539384327,"standard_error":0.1350640010020294},"std_dev":{"confidence_interval":{"confidence_level":0.95,"lower_bound":1.1962576662611233,"upper_bound":2.637102124397408},"point_estimate":1.925639141834184,"standard_error":0.382589343164121}}