{"mean":{"confidence_interval":{"confidence_level":0.95,"lower_bound":1762.0439408861837,"upper_bound":1764.167588658329},"point_estimate":1763.1430482378073,"standard_error":0.5433096688812739},"median":{"confidence_interval":{"confidence_level":0.95,"lower_bound":1763.091549332499,"upper_bound":1765.6331757835228},"point_estimate":1764.1876200811216,"standard_error":0.6404546882003074},"median_abs_dev":{"confidence_interval":{"confidence_level":0.95,"lower_bound":3.6468743613469057,"upper_bound":6.070328920891604},"point_estimate":4.892701263254057,"standard_error":0.6261415880290178},"slope":{"confidence_interval":{"confidence_level":0.95,"lower_bound":1765.2481275284708,"upper_bound":1766.4128183896937},"point_estimate":1765.842245696942,"standard_error":0.2969560005261899},"std_dev":{"confidence_interval":{"confidence_level":0.95,"lower_bound":4.2012176471445635,"upper_bound":6.731224514924227},"point_estimate":5.4555157293239,"standard_error":0.6558014703746218}}