{"mean":{"confidence_interval":{"confidence_level":0.95,"lower_bound":880.9480919872091,"upper_bound":883.0699128852917},"point_estimate":881.7293482881761,"standard_error":0.6085583123342583},"median":{"confidence_interval":{"confidence_level":0.95,"lower_bound":880.9689473095738,"upper_bound":881.2784880629758},"point_estimate":881.1230734830576,"standard_error":0.0883063764787543},"median_abs_dev":{"confidence_interval":{"confidence_level":0.95,"lower_bound":0.4208179656397001,"upper_bound":0.9073587145578247},"point_estimate":0.5616575978717004,"standard_error":0.1244740857015806},"slope":{"confidence_interval":{"confidence_level":0.95,"lower_bound":880.8994058462123,"upper_bound":881.3577286739716},"point_estimate":881.1407553388175,"standard_error":0.11701665907905248},"std_dev":{"confidence_interval":{"confidence_level":0.95,"lower_bound":0.9872221833563728,"upper_bound":10.431554812694477},"point_estimate":6.141386340962577,"standard_error":3.2905161660009368}}