{"mean":{"confidence_interval":{"confidence_level":0.95,"lower_bound":759.9345778840551,"upper_bound":762.7272645992871},"point_estimate":760.971462064996,"standard_error":0.770624896081538},"median":{"confidence_interval":{"confidence_level":0.95,"lower_bound":759.5797067565031,"upper_bound":759.8125678601268},"point_estimate":759.6314296578335,"standard_error":0.06102869974020866},"median_abs_dev":{"confidence_interval":{"confidence_level":0.95,"lower_bound":0.35504138627923315,"upper_bound":0.6426994337275519},"point_estimate":0.44775199513601366,"standard_error":0.07141853634113055},"slope":{"confidence_interval":{"confidence_level":0.95,"lower_bound":759.7562960354961,"upper_bound":761.2812170402702},"point_estimate":760.4391259848053,"standard_error":0.3872658893460229},"std_dev":{"confidence_interval":{"confidence_level":0.95,"lower_bound":1.2021163831891493,"upper_bound":13.056260838220368},"point_estimate":7.766233352926708,"standard_error":3.918867986343908}}