{"mean":{"confidence_interval":{"confidence_level":0.95,"lower_bound":1113.8402775264512,"upper_bound":1116.0300362601824},"point_estimate":1114.6995335103022,"standard_error":0.5837649699270586},"median":{"confidence_interval":{"confidence_level":0.95,"lower_bound":1113.9061200095625,"upper_bound":1114.750417338449},"point_estimate":1114.3958717779246,"standard_error":0.21470578713021818},"median_abs_dev":{"confidence_interval":{"confidence_level":0.95,"lower_bound":1.4160309954869614,"upper_bound":2.4483272068292092},"point_estimate":1.9397944599436674,"standard_error":0.2587219082238232},"slope":{"confidence_interval":{"confidence_level":0.95,"lower_bound":1113.5145218566229,"upper_bound":1114.3972368536226},"point_estimate":1113.9597763767656,"standard_error":0.2251799393477523},"std_dev":{"confidence_interval":{"confidence_level":0.95,"lower_bound":1.8736443837828411,"upper_bound":9.716209458583288},"point_estimate":5.8831025362906315,"standard_error":2.665250851279562}}