{"mean":{"confidence_interval":{"confidence_level":0.95,"lower_bound":4356.701487903805,"upper_bound":4369.995277710748},"point_estimate":4362.713147908748,"standard_error":3.404659280607364},"median":{"confidence_interval":{"confidence_level":0.95,"lower_bound":4348.881011380323,"upper_bound":4366.57767937644},"point_estimate":4359.897043667255,"standard_error":4.194233947793405},"median_abs_dev":{"confidence_interval":{"confidence_level":0.95,"lower_bound":22.035405992594765,"upper_bound":32.38107817850719},"point_estimate":28.994160114927723,"standard_error":2.5429181967108434},"slope":{"confidence_interval":{"confidence_level":0.95,"lower_bound":4354.922451022023,"upper_bound":4367.848005253946},"point_estimate":4360.98849554296,"standard_error":3.2944610451093284},"std_dev":{"confidence_interval":{"confidence_level":0.95,"lower_bound":21.061724207127995,"upper_bound":49.26025382858758},"point_estimate":34.23669658628873,"standard_error":8.4205255775066}}