{"mean":{"confidence_interval":{"confidence_level":0.95,"lower_bound":4308.597093793258,"upper_bound":4333.680119181068},"point_estimate":4317.67700733031,"standard_error":7.24336737262742},"median":{"confidence_interval":{"confidence_level":0.95,"lower_bound":4306.357724329325,"upper_bound":4310.885172613029},"point_estimate":4308.736186594203,"standard_error":1.2332043710404763},"median_abs_dev":{"confidence_interval":{"confidence_level":0.95,"lower_bound":6.391721447043026,"upper_bound":10.229384870342361},"point_estimate":8.014214270151836,"standard_error":1.0042166596159425},"slope":{"confidence_interval":{"confidence_level":0.95,"lower_bound":4308.635967165104,"upper_bound":4315.8055231350545},"point_estimate":4311.7937065040705,"standard_error":1.840525491048043},"std_dev":{"confidence_interval":{"confidence_level":0.95,"lower_bound":10.208467681796723,"upper_bound":123.63106764616839},"point_estimate":72.82909259158653,"standard_error":39.4580466989582}}