{"mean":{"confidence_interval":{"confidence_level":0.95,"lower_bound":4379.145329662718,"upper_bound":4391.78077261427},"point_estimate":4383.892650526438,"standard_error":3.4557240476647784},"median":{"confidence_interval":{"confidence_level":0.95,"lower_bound":4377.188868188169,"upper_bound":4380.945720170888},"point_estimate":4378.875391145195,"standard_error":1.0163498924896617},"median_abs_dev":{"confidence_interval":{"confidence_level":0.95,"lower_bound":5.500655340294765,"upper_bound":9.370878769303426},"point_estimate":7.178132533913639,"standard_error":1.0058243968398957},"slope":{"confidence_interval":{"confidence_level":0.95,"lower_bound":4379.8886811292205,"upper_bound":4383.51570071255},"point_estimate":4381.644147116865,"standard_error":0.9289749661788803},"std_dev":{"confidence_interval":{"confidence_level":0.95,"lower_bound":7.18492980218484,"upper_bound":58.231350424997714},"point_estimate":34.73062066610995,"standard_error":17.099091016615425}}