{"mean":{"confidence_interval":{"confidence_level":0.95,"lower_bound":72433.46441211659,"upper_bound":72712.33281157535},"point_estimate":72559.95818026116,"standard_error":71.53363400049362},"median":{"confidence_interval":{"confidence_level":0.95,"lower_bound":72375.8823169584,"upper_bound":72454.0823244552},"point_estimate":72402.77821620012,"standard_error":23.254457250683277},"median_abs_dev":{"confidence_interval":{"confidence_level":0.95,"lower_bound":176.2729982594266,"upper_bound":308.99808607261804},"point_estimate":239.57508881391422,"standard_error":32.23500001919662},"slope":{"confidence_interval":{"confidence_level":0.95,"lower_bound":72393.98614254793,"upper_bound":72478.34690897333},"point_estimate":72436.575209103,"standard_error":21.533797307592803},"std_dev":{"confidence_interval":{"confidence_level":0.95,"lower_bound":377.01866453835123,"upper_bound":983.819718348015},"point_estimate":716.0858675335497,"standard_error":154.19529763456165}}