{"mean":{"confidence_interval":{"confidence_level":0.95,"lower_bound":73301.75269537803,"upper_bound":73381.37914247853},"point_estimate":73340.77964792773,"standard_error":20.31562647649965},"median":{"confidence_interval":{"confidence_level":0.95,"lower_bound":73271.19937888198,"upper_bound":73405.06190476191},"point_estimate":73354.3665783747,"standard_error":39.18881151534487},"median_abs_dev":{"confidence_interval":{"confidence_level":0.95,"lower_bound":135.24518051363563,"upper_bound":225.19459883562354},"point_estimate":174.3354650867426,"standard_error":24.326750133644296},"slope":{"confidence_interval":{"confidence_level":0.95,"lower_bound":73283.78025106942,"upper_bound":73365.98373414156},"point_estimate":73324.51700542548,"standard_error":20.928063045445512},"std_dev":{"confidence_interval":{"confidence_level":0.95,"lower_bound":162.86923747460523,"upper_bound":242.54524948629518},"point_estimate":204.40368699041676,"standard_error":20.479845638200473}}