{"mean":{"confidence_interval":{"confidence_level":0.95,"lower_bound":72993.73399193707,"upper_bound":73102.03941739448},"point_estimate":73043.2418313743,"standard_error":27.730908998259984},"median":{"confidence_interval":{"confidence_level":0.95,"lower_bound":72974.84015376984,"upper_bound":73037.16396103895},"point_estimate":72999.33609132803,"standard_error":16.118258085086975},"median_abs_dev":{"confidence_interval":{"confidence_level":0.95,"lower_bound":102.99019492491063,"upper_bound":173.80969369146223},"point_estimate":129.94961586998477,"standard_error":18.39551359528592},"slope":{"confidence_interval":{"confidence_level":0.95,"lower_bound":73034.84962721587,"upper_bound":73189.93596614178},"point_estimate":73103.86180772235,"standard_error":39.9444561588539},"std_dev":{"confidence_interval":{"confidence_level":0.95,"lower_bound":156.4732547331829,"upper_bound":396.0320409898598},"point_estimate":278.33974393091347,"standard_error":63.63546403914969}}