{"mean":{"confidence_interval":{"confidence_level":0.95,"lower_bound":62.3582746307442,"upper_bound":62.44415899052981},"point_estimate":62.397027237958675,"standard_error":0.021950901086637904},"median":{"confidence_interval":{"confidence_level":0.95,"lower_bound":62.32673229891208,"upper_bound":62.40542805100182},"point_estimate":62.36918888518889,"standard_error":0.017311566497732724},"median_abs_dev":{"confidence_interval":{"confidence_level":0.95,"lower_bound":0.11479965732476108,"upper_bound":0.18343580680184796},"point_estimate":0.1503513658115198,"standard_error":0.017762630379199066},"slope":{"confidence_interval":{"confidence_level":0.95,"lower_bound":62.33986909712924,"upper_bound":62.41107697973675},"point_estimate":62.37397113048618,"standard_error":0.01822471398230184},"std_dev":{"confidence_interval":{"confidence_level":0.95,"lower_bound":0.13390922290638133,"upper_bound":0.31809998551251994},"point_estimate":0.22038390862222937,"standard_error":0.05515014818580265}}