{"mean":{"confidence_interval":{"confidence_level":0.95,"lower_bound":10.032855222311968,"upper_bound":10.040398940223316},"point_estimate":10.036724829231737,"standard_error":0.0019279012223029346},"median":{"confidence_interval":{"confidence_level":0.95,"lower_bound":10.033518908590093,"upper_bound":10.048347941606327},"point_estimate":10.042902207165142,"standard_error":0.0038386115609178708},"median_abs_dev":{"confidence_interval":{"confidence_level":0.95,"lower_bound":0.010207710503126133,"upper_bound":0.02468498372711644},"point_estimate":0.01776460546997036,"standard_error":0.003751711896279029},"slope":{"confidence_interval":{"confidence_level":0.95,"lower_bound":10.035926238417275,"upper_bound":10.043376114815343},"point_estimate":10.039802666602343,"standard_error":0.0019007050302561612},"std_dev":{"confidence_interval":{"confidence_level":0.95,"lower_bound":0.016029811918008147,"upper_bound":0.02245966036598304},"point_estimate":0.019346993904203247,"standard_error":0.0016480998669612214}}