{"mean":{"confidence_interval":{"confidence_level":0.95,"lower_bound":10.056012971252596,"upper_bound":10.057656382344238},"point_estimate":10.056811101133773,"standard_error":0.000418023824019648},"median":{"confidence_interval":{"confidence_level":0.95,"lower_bound":10.055905988703191,"upper_bound":10.057762677199511},"point_estimate":10.056562630578743,"standard_error":0.0004368998070170502},"median_abs_dev":{"confidence_interval":{"confidence_level":0.95,"lower_bound":0.0025556931207890415,"upper_bound":0.004112922218259285},"point_estimate":0.0031383096411935437,"standard_error":0.00039561727006421493},"slope":{"confidence_interval":{"confidence_level":0.95,"lower_bound":10.05616595224809,"upper_bound":10.057358917098863},"point_estimate":10.056770885868852,"standard_error":0.00030318995409314166},"std_dev":{"confidence_interval":{"confidence_level":0.95,"lower_bound":0.0031629027574218856,"upper_bound":0.00534437308453875},"point_estimate":0.004214470388731011,"standard_error":0.0005707137316698197}}