{"mean":{"confidence_interval":{"confidence_level":0.95,"lower_bound":9.949733061186517,"upper_bound":9.951816751326707},"point_estimate":9.95076324218394,"standard_error":0.0005323813269558371},"median":{"confidence_interval":{"confidence_level":0.95,"lower_bound":9.94962538216994,"upper_bound":9.951880746380796},"point_estimate":9.950558083967572,"standard_error":0.0005491965098122484},"median_abs_dev":{"confidence_interval":{"confidence_level":0.95,"lower_bound":0.0033361030205541417,"upper_bound":0.005304865567426482},"point_estimate":0.004401479819902226,"standard_error":0.0005012677713677744},"slope":{"confidence_interval":{"confidence_level":0.95,"lower_bound":9.950140975547138,"upper_bound":9.952464587332042},"point_estimate":9.95124469381067,"standard_error":0.000592152220739415},"std_dev":{"confidence_interval":{"confidence_level":0.95,"lower_bound":0.004282107525344344,"upper_bound":0.006342716696816222},"point_estimate":0.005357553905627811,"standard_error":0.0005270384701645305}}