{"mean":{"confidence_interval":{"confidence_level":0.95,"lower_bound":35.36736867504347,"upper_bound":35.49368639087921},"point_estimate":35.41623626492008,"standard_error":0.03382182179123567},"median":{"confidence_interval":{"confidence_level":0.95,"lower_bound":35.33771406099174,"upper_bound":35.40806988691922},"point_estimate":35.37532254702554,"standard_error":0.016518728280208887},"median_abs_dev":{"confidence_interval":{"confidence_level":0.95,"lower_bound":0.08686804906143895,"upper_bound":0.13341228455363044},"point_estimate":0.11067641068192136,"standard_error":0.01206166409004554},"slope":{"confidence_interval":{"confidence_level":0.95,"lower_bound":35.36057692986975,"upper_bound":35.40560900736988},"point_estimate":35.38265470490857,"standard_error":0.011493528518206802},"std_dev":{"confidence_interval":{"confidence_level":0.95,"lower_bound":0.09538262311039424,"upper_bound":0.5623699544990164},"point_estimate":0.33957166977872105,"standard_error":0.1567004115549972}}