{"mean":{"confidence_interval":{"confidence_level":0.95,"lower_bound":35.04676858576973,"upper_bound":35.20901574689589},"point_estimate":35.115279328882856,"standard_error":0.04198919853137914},"median":{"confidence_interval":{"confidence_level":0.95,"lower_bound":35.04279266809809,"upper_bound":35.08705515226629},"point_estimate":35.05976757139575,"standard_error":0.00948663432881866},"median_abs_dev":{"confidence_interval":{"confidence_level":0.95,"lower_bound":0.07520778721644378,"upper_bound":0.13717221429287857},"point_estimate":0.09148141961358695,"standard_error":0.01685736523107825},"slope":{"confidence_interval":{"confidence_level":0.95,"lower_bound":35.07089501111255,"upper_bound":35.30100572022307},"point_estimate":35.15422636442643,"standard_error":0.06439830463560174},"std_dev":{"confidence_interval":{"confidence_level":0.95,"lower_bound":0.1156870308539269,"upper_bound":0.6476783626031504},"point_estimate":0.42290173397896696,"standard_error":0.1442596457693431}}