{"mean":{"confidence_interval":{"confidence_level":0.95,"lower_bound":113.47422295243976,"upper_bound":113.50194935612053},"point_estimate":113.48740016473019,"standard_error":0.007068357282328906},"median":{"confidence_interval":{"confidence_level":0.95,"lower_bound":113.47074751759743,"upper_bound":113.49212913099116},"point_estimate":113.48243205465053,"standard_error":0.006420727452174661},"median_abs_dev":{"confidence_interval":{"confidence_level":0.95,"lower_bound":0.037334838284496796,"upper_bound":0.06385773102542128},"point_estimate":0.047100030144415383,"standard_error":0.006645215591965406},"slope":{"confidence_interval":{"confidence_level":0.95,"lower_bound":113.4751049275333,"upper_bound":113.49334555033747},"point_estimate":113.48434914172522,"standard_error":0.004661371314525554},"std_dev":{"confidence_interval":{"confidence_level":0.95,"lower_bound":0.049773161237996945,"upper_bound":0.0935546446419348},"point_estimate":0.07101492097986166,"standard_error":0.011544187302395816}}