{"mean":{"confidence_interval":{"confidence_level":0.95,"lower_bound":113.588736861106,"upper_bound":113.61510596249386},"point_estimate":113.60174489961506,"standard_error":0.006728910101835554},"median":{"confidence_interval":{"confidence_level":0.95,"lower_bound":113.58261052470552,"upper_bound":113.60821790646251},"point_estimate":113.5959658629576,"standard_error":0.006961648289939944},"median_abs_dev":{"confidence_interval":{"confidence_level":0.95,"lower_bound":0.03617777096292739,"upper_bound":0.061136915648663484},"point_estimate":0.04645160813213263,"standard_error":0.006350416374322567},"slope":{"confidence_interval":{"confidence_level":0.95,"lower_bound":113.5863592849704,"upper_bound":113.60687324904075},"point_estimate":113.59619022117771,"standard_error":0.00523448682210472},"std_dev":{"confidence_interval":{"confidence_level":0.95,"lower_bound":0.054472220806675645,"upper_bound":0.07961607973116273},"point_estimate":0.06763613919180635,"standard_error":0.006433537692171575}}