{"mean":{"confidence_interval":{"confidence_level":0.95,"lower_bound":113.76105377473343,"upper_bound":113.7995246445422},"point_estimate":113.77888039432713,"standard_error":0.009799113295989816},"median":{"confidence_interval":{"confidence_level":0.95,"lower_bound":113.75343044904963,"upper_bound":113.77819937909624},"point_estimate":113.76699220995746,"standard_error":0.006462847642862331},"median_abs_dev":{"confidence_interval":{"confidence_level":0.95,"lower_bound":0.038569657305566815,"upper_bound":0.07101650532774041},"point_estimate":0.05530778567594603,"standard_error":0.00824380043512625},"slope":{"confidence_interval":{"confidence_level":0.95,"lower_bound":113.76469031031387,"upper_bound":113.79295956465025},"point_estimate":113.77833921353243,"standard_error":0.0072260357885544895},"std_dev":{"confidence_interval":{"confidence_level":0.95,"lower_bound":0.06286612994809537,"upper_bound":0.13784578730495978},"point_estimate":0.09821539551907191,"standard_error":0.020902615326255928}}