{"mean":{"confidence_interval":{"confidence_level":0.95,"lower_bound":10.430834330423506,"upper_bound":10.506057227756765},"point_estimate":10.460929098786849,"standard_error":0.019810772084498933},"median":{"confidence_interval":{"confidence_level":0.95,"lower_bound":10.408984098879793,"upper_bound":10.455272539612002},"point_estimate":10.431990178155836,"standard_error":0.01237285972274051},"median_abs_dev":{"confidence_interval":{"confidence_level":0.95,"lower_bound":0.05910289043584583,"upper_bound":0.0914521505392773},"point_estimate":0.07725960505548934,"standard_error":0.008162322383722057},"slope":{"confidence_interval":{"confidence_level":0.95,"lower_bound":10.426907763190433,"upper_bound":10.45565264198404},"point_estimate":10.441092259899182,"standard_error":0.007331280092557332},"std_dev":{"confidence_interval":{"confidence_level":0.95,"lower_bound":0.06528157750130424,"upper_bound":0.32455806704831963},"point_estimate":0.19935934956666493,"standard_error":0.08443201943870912}}