{"mean":{"confidence_interval":{"confidence_level":0.95,"lower_bound":2684.2500457006154,"upper_bound":2688.4263936516113},"point_estimate":2686.1594031741015,"standard_error":1.067550066426372},"median":{"confidence_interval":{"confidence_level":0.95,"lower_bound":2682.9768622280817,"upper_bound":2687.2388108108107},"point_estimate":2684.4211711711714,"standard_error":0.9594435963166049},"median_abs_dev":{"confidence_interval":{"confidence_level":0.95,"lower_bound":6.079016774798633,"upper_bound":9.288547558767382},"point_estimate":7.7309648777623705,"standard_error":0.8297528553726303},"slope":{"confidence_interval":{"confidence_level":0.95,"lower_bound":2682.743530873501,"upper_bound":2685.9183564513614},"point_estimate":2684.319586355086,"standard_error":0.806480317960571},"std_dev":{"confidence_interval":{"confidence_level":0.95,"lower_bound":6.6287721234766055,"upper_bound":15.384610212729276},"point_estimate":10.747215447350788,"standard_error":2.5685428491591678}}