{"mean":{"confidence_interval":{"confidence_level":0.95,"lower_bound":2516.0614072513517,"upper_bound":2521.1162284316943},"point_estimate":2518.0972170106916,"standard_error":1.3314529564765365},"median":{"confidence_interval":{"confidence_level":0.95,"lower_bound":2515.343824027073,"upper_bound":2516.281879710814},"point_estimate":2515.792462762678,"standard_error":0.19800614200989952},"median_abs_dev":{"confidence_interval":{"confidence_level":0.95,"lower_bound":1.546381998193874,"upper_bound":2.553346619682681},"point_estimate":1.9173550464006133,"standard_error":0.2697281228460067},"slope":{"confidence_interval":{"confidence_level":0.95,"lower_bound":2516.0547682963747,"upper_bound":2518.3806120203812},"point_estimate":2517.0463640584835,"standard_error":0.5992880332167232},"std_dev":{"confidence_interval":{"confidence_level":0.95,"lower_bound":2.842131169081602,"upper_bound":21.827303947167405},"point_estimate":13.432936160206621,"standard_error":5.515299503140119}}