{"mean":{"confidence_interval":{"confidence_level":0.95,"lower_bound":1268.1668808031777,"upper_bound":1270.326199968616},"point_estimate":1269.1268462390265,"standard_error":0.556047530220283},"median":{"confidence_interval":{"confidence_level":0.95,"lower_bound":1267.5488558624475,"upper_bound":1267.995730826378},"point_estimate":1267.8689520040352,"standard_error":0.11703889850454384},"median_abs_dev":{"confidence_interval":{"confidence_level":0.95,"lower_bound":1.0196557238236372,"upper_bound":1.7538808127328198},"point_estimate":1.501741522634594,"standard_error":0.19211356350166012},"slope":{"confidence_interval":{"confidence_level":0.95,"lower_bound":1267.8439527569117,"upper_bound":1270.9897260698785},"point_estimate":1269.1959283954461,"standard_error":0.8172077376148679},"std_dev":{"confidence_interval":{"confidence_level":0.95,"lower_bound":2.278165592717626,"upper_bound":8.052591136048871},"point_estimate":5.611432394679225,"standard_error":1.4339900185096974}}