{"mean":{"confidence_interval":{"confidence_level":0.95,"lower_bound":1357.6245475389217,"upper_bound":1361.477738027772},"point_estimate":1359.0477452831246,"standard_error":1.0844440176639516},"median":{"confidence_interval":{"confidence_level":0.95,"lower_bound":1357.1678990185274,"upper_bound":1357.8642115504358},"point_estimate":1357.4518899429931,"standard_error":0.16924342770770073},"median_abs_dev":{"confidence_interval":{"confidence_level":0.95,"lower_bound":1.0296886096459905,"upper_bound":1.7116470864110067},"point_estimate":1.3192008654107579,"standard_error":0.18158187822477195},"slope":{"confidence_interval":{"confidence_level":0.95,"lower_bound":1357.3621504806151,"upper_bound":1358.545064021978},"point_estimate":1357.8910818253773,"standard_error":0.3030021630046633},"std_dev":{"confidence_interval":{"confidence_level":0.95,"lower_bound":1.9526231752914422,"upper_bound":18.44647862689231},"point_estimate":10.930635923159475,"standard_error":5.67613077645915}}