{"mean":{"confidence_interval":{"confidence_level":0.95,"lower_bound":86186.01444217734,"upper_bound":86502.41643436167},"point_estimate":86322.96040395944,"standard_error":81.5638602507105},"median":{"confidence_interval":{"confidence_level":0.95,"lower_bound":86081.73333333334,"upper_bound":86271.408045977},"point_estimate":86143.83273809524,"standard_error":45.11343015748181},"median_abs_dev":{"confidence_interval":{"confidence_level":0.95,"lower_bound":287.855579886959,"upper_bound":508.82414215617933},"point_estimate":402.54725339754884,"standard_error":60.19155526246284},"slope":{"confidence_interval":{"confidence_level":0.95,"lower_bound":86333.87143407643,"upper_bound":86559.13175643767},"point_estimate":86443.00475296784,"standard_error":57.6818448683877},"std_dev":{"confidence_interval":{"confidence_level":0.95,"lower_bound":411.92565386051393,"upper_bound":1251.0669822499701},"point_estimate":817.7802573900312,"standard_error":264.6313389905073}}