{"mean":{"confidence_interval":{"confidence_level":0.95,"lower_bound":88017.08343656911,"upper_bound":88169.05056693224},"point_estimate":88084.59411188323,"standard_error":39.0782894311078},"median":{"confidence_interval":{"confidence_level":0.95,"lower_bound":87956.27595628415,"upper_bound":88060.80866013071},"point_estimate":88008.3204431438,"standard_error":23.99717035661936},"median_abs_dev":{"confidence_interval":{"confidence_level":0.95,"lower_bound":138.67821236795075,"upper_bound":243.28993884801426},"point_estimate":190.47982595569306,"standard_error":25.62856770912123},"slope":{"confidence_interval":{"confidence_level":0.95,"lower_bound":87992.04270967227,"upper_bound":88088.85542131841},"point_estimate":88037.77717797153,"standard_error":24.59733103870664},"std_dev":{"confidence_interval":{"confidence_level":0.95,"lower_bound":213.31336084362172,"upper_bound":582.5515478552505},"point_estimate":392.97881421667876,"standard_error":109.31681718412906}}