{"mean":{"confidence_interval":{"confidence_level":0.95,"lower_bound":131528.3308683642,"upper_bound":132462.72706277287},"point_estimate":131923.18283645588,"standard_error":242.32772249969616},"median":{"confidence_interval":{"confidence_level":0.95,"lower_bound":131394.04734848486,"upper_bound":131466.94414015606},"point_estimate":131427.6371484698,"standard_error":18.219487563804808},"median_abs_dev":{"confidence_interval":{"confidence_level":0.95,"lower_bound":83.3839992195995,"upper_bound":154.79434613483727},"point_estimate":111.24795665153626,"standard_error":17.774368563053354},"slope":{"confidence_interval":{"confidence_level":0.95,"lower_bound":131539.51982524537,"upper_bound":133135.41083584874},"point_estimate":132182.03114784986,"standard_error":423.2464476451228},"std_dev":{"confidence_interval":{"confidence_level":0.95,"lower_bound":321.75990675754736,"upper_bound":3849.8114579442517},"point_estimate":2444.403290181035,"standard_error":887.6225374852016}}