{"mean":{"confidence_interval":{"confidence_level":0.95,"lower_bound":122256.2005065746,"upper_bound":122777.03473655267},"point_estimate":122448.15676203622,"standard_error":142.25723194376246},"median":{"confidence_interval":{"confidence_level":0.95,"lower_bound":122214.10806697108,"upper_bound":122284.50740740741},"point_estimate":122243.47131375826,"standard_error":16.948270935721514},"median_abs_dev":{"confidence_interval":{"confidence_level":0.95,"lower_bound":95.06708942000064,"upper_bound":155.80068525113603},"point_estimate":131.26528333624069,"standard_error":15.063673011641509},"slope":{"confidence_interval":{"confidence_level":0.95,"lower_bound":122248.41967206098,"upper_bound":122387.04352018675},"point_estimate":122303.25573584223,"standard_error":36.27928803775305},"std_dev":{"confidence_interval":{"confidence_level":0.95,"lower_bound":132.34259486363453,"upper_bound":2399.2021288247647},"point_estimate":1428.4292043694606,"standard_error":710.7926417539854}}