{"mean":{"confidence_interval":{"confidence_level":0.95,"lower_bound":122407.1413387135,"upper_bound":123317.50808050386},"point_estimate":122732.45891454384,"standard_error":267.144470063811},"median":{"confidence_interval":{"confidence_level":0.95,"lower_bound":122323.40189125296,"upper_bound":122420.20906432749},"point_estimate":122366.7202614379,"standard_error":25.49658641865339},"median_abs_dev":{"confidence_interval":{"confidence_level":0.95,"lower_bound":134.5261711576232,"upper_bound":248.65036562776498},"point_estimate":188.62512364882568,"standard_error":28.892310574091713},"slope":{"confidence_interval":{"confidence_level":0.95,"lower_bound":122393.6952571154,"upper_bound":122477.72048677248},"point_estimate":122434.08166986848,"standard_error":21.515033358457444},"std_dev":{"confidence_interval":{"confidence_level":0.95,"lower_bound":249.53990213672662,"upper_bound":4561.749069830892},"point_estimate":2680.3201074588,"standard_error":1486.212407506234}}