{"mean":{"confidence_interval":{"confidence_level":0.95,"lower_bound":131862.89974150877,"upper_bound":134861.04483520793},"point_estimate":133145.97059692992,"standard_error":778.0581070333927},"median":{"confidence_interval":{"confidence_level":0.95,"lower_bound":131415.27138157896,"upper_bound":131505.50585443038},"point_estimate":131459.0093972116,"standard_error":24.15653185245882},"median_abs_dev":{"confidence_interval":{"confidence_level":0.95,"lower_bound":126.54807274014857,"upper_bound":218.24706901878346},"point_estimate":169.6098975918917,"standard_error":22.092235251864537},"slope":{"confidence_interval":{"confidence_level":0.95,"lower_bound":131556.2857277531,"upper_bound":132429.0611348341},"point_estimate":131912.35100192108,"standard_error":229.05587464193013},"std_dev":{"confidence_interval":{"confidence_level":0.95,"lower_bound":2018.169040903865,"upper_bound":11976.763099188493},"point_estimate":7814.0836424731215,"standard_error":2607.0383784848495}}