{"mean":{"confidence_interval":{"confidence_level":0.95,"lower_bound":121507.3113031813,"upper_bound":121645.08427273271},"point_estimate":121561.08551592698,"standard_error":36.63186975025634},"median":{"confidence_interval":{"confidence_level":0.95,"lower_bound":121487.39930555556,"upper_bound":121521.80864197531},"point_estimate":121498.34967320261,"standard_error":9.789448774444717},"median_abs_dev":{"confidence_interval":{"confidence_level":0.95,"lower_bound":58.204635610098535,"upper_bound":93.21943012953614},"point_estimate":79.29028663259581,"standard_error":9.467532283080171},"slope":{"confidence_interval":{"confidence_level":0.95,"lower_bound":121499.72984234097,"upper_bound":121542.23679530606},"point_estimate":121519.54894340181,"standard_error":10.868779267474233},"std_dev":{"confidence_interval":{"confidence_level":0.95,"lower_bound":97.28955669704855,"upper_bound":602.3626262038113},"point_estimate":366.37693947228996,"standard_error":162.60642880394394}}