{"mean":{"confidence_interval":{"confidence_level":0.95,"lower_bound":89.60109884521172,"upper_bound":90.03374345041942},"point_estimate":89.81443488657219,"standard_error":0.1106262568708232},"median":{"confidence_interval":{"confidence_level":0.95,"lower_bound":89.44723380258998,"upper_bound":90.02614142146497},"point_estimate":89.64842063923629,"standard_error":0.1506046838072165},"median_abs_dev":{"confidence_interval":{"confidence_level":0.95,"lower_bound":0.8817807120883038,"upper_bound":1.4206965157604516},"point_estimate":1.1450718866550833,"standard_error":0.145752099255731},"slope":{"confidence_interval":{"confidence_level":0.95,"lower_bound":89.30440257619412,"upper_bound":89.72484402498499},"point_estimate":89.50689870574553,"standard_error":0.10704336209426268},"std_dev":{"confidence_interval":{"confidence_level":0.95,"lower_bound":0.9511483184936466,"upper_bound":1.2509531889387848},"point_estimate":1.1086098586449262,"standard_error":0.07676146172631285}}