{"mean":{"confidence_interval":{"confidence_level":0.95,"lower_bound":86.18153474198793,"upper_bound":86.31152622526287},"point_estimate":86.2447344334655,"standard_error":0.03310305927936879},"median":{"confidence_interval":{"confidence_level":0.95,"lower_bound":86.16738612249644,"upper_bound":86.30505942731241},"point_estimate":86.25616789681061,"standard_error":0.03341167211324585},"median_abs_dev":{"confidence_interval":{"confidence_level":0.95,"lower_bound":0.18363774581165504,"upper_bound":0.2912679541331786},"point_estimate":0.22515237158775062,"standard_error":0.027892559657251043},"slope":{"confidence_interval":{"confidence_level":0.95,"lower_bound":86.22059698791512,"upper_bound":86.30526471339222},"point_estimate":86.26294089879983,"standard_error":0.021512708546007564},"std_dev":{"confidence_interval":{"confidence_level":0.95,"lower_bound":0.24236836402233114,"upper_bound":0.4283677145978869},"point_estimate":0.332828605952988,"standard_error":0.04870971886393649}}