{"mean":{"confidence_interval":{"confidence_level":0.95,"lower_bound":90.6412407982062,"upper_bound":90.89306898090756},"point_estimate":90.75274029813842,"standard_error":0.06436011909614442},"median":{"confidence_interval":{"confidence_level":0.95,"lower_bound":90.67324438845625,"upper_bound":90.80310189123749},"point_estimate":90.73735009455348,"standard_error":0.03586854461166542},"median_abs_dev":{"confidence_interval":{"confidence_level":0.95,"lower_bound":0.24846107228002537,"upper_bound":0.48310962856253403},"point_estimate":0.3256315974653352,"standard_error":0.06076603437839021},"slope":{"confidence_interval":{"confidence_level":0.95,"lower_bound":90.68363137908308,"upper_bound":90.82256502636531},"point_estimate":90.75366221716352,"standard_error":0.0353908526965637},"std_dev":{"confidence_interval":{"confidence_level":0.95,"lower_bound":0.3544415480134686,"upper_bound":0.9771087054715902},"point_estimate":0.6481531995135196,"standard_error":0.19368719937319778}}