{"mean":{"confidence_interval":{"confidence_level":0.95,"lower_bound":407.3482793078041,"upper_bound":407.4306011454492},"point_estimate":407.3902533931745,"standard_error":0.02111916647832453},"median":{"confidence_interval":{"confidence_level":0.95,"lower_bound":407.4359743698281,"upper_bound":407.4694664664381},"point_estimate":407.45195083538755,"standard_error":0.007642776562371939},"median_abs_dev":{"confidence_interval":{"confidence_level":0.95,"lower_bound":0.052493476504789305,"upper_bound":0.11571116898721848},"point_estimate":0.07478657305076174,"standard_error":0.0173144284392649},"slope":{"confidence_interval":{"confidence_level":0.95,"lower_bound":407.4524556361164,"upper_bound":407.486403662685},"point_estimate":407.46890463155637,"standard_error":0.008698474755890967},"std_dev":{"confidence_interval":{"confidence_level":0.95,"lower_bound":0.17832584138000931,"upper_bound":0.24082827842818996},"point_estimate":0.21190511540416893,"standard_error":0.015874680697111187}}