{"mean":{"confidence_interval":{"confidence_level":0.95,"lower_bound":235.45365967739062,"upper_bound":235.5022203822242},"point_estimate":235.47633070393425,"standard_error":0.012443350525526921},"median":{"confidence_interval":{"confidence_level":0.95,"lower_bound":235.43341014696216,"upper_bound":235.45557550935257},"point_estimate":235.44602289834404,"standard_error":0.006615068591939464},"median_abs_dev":{"confidence_interval":{"confidence_level":0.95,"lower_bound":0.04008677789991982,"upper_bound":0.06767190826429019},"point_estimate":0.05183343390854746,"standard_error":0.00698400325703727},"slope":{"confidence_interval":{"confidence_level":0.95,"lower_bound":235.42678913725672,"upper_bound":235.4532181578826},"point_estimate":235.43854257765764,"standard_error":0.006743997155013795},"std_dev":{"confidence_interval":{"confidence_level":0.95,"lower_bound":0.07889182877119519,"upper_bound":0.16566880586569593},"point_estimate":0.1255309634041609,"standard_error":0.022229977047548626}}