{"mean":{"confidence_interval":{"confidence_level":0.95,"lower_bound":128.85537002734173,"upper_bound":128.91324797206678},"point_estimate":128.8848485917168,"standard_error":0.014789369766330116},"median":{"confidence_interval":{"confidence_level":0.95,"lower_bound":128.84700498668215,"upper_bound":128.88917980282258},"point_estimate":128.86999651689462,"standard_error":0.010335736477795924},"median_abs_dev":{"confidence_interval":{"confidence_level":0.95,"lower_bound":0.09262004884758532,"upper_bound":0.1614210360436314},"point_estimate":0.12964328099344766,"standard_error":0.016808227101915946},"slope":{"confidence_interval":{"confidence_level":0.95,"lower_bound":128.8519241106298,"upper_bound":128.90432904404557},"point_estimate":128.8777405504076,"standard_error":0.013383745983716612},"std_dev":{"confidence_interval":{"confidence_level":0.95,"lower_bound":0.11797239835036248,"upper_bound":0.17822998826902586},"point_estimate":0.14851128211751488,"standard_error":0.015502366852658048}}