{"mean":{"confidence_interval":{"confidence_level":0.95,"lower_bound":128.82291436365364,"upper_bound":128.88001173153955},"point_estimate":128.85085029999263,"standard_error":0.01451252244411384},"median":{"confidence_interval":{"confidence_level":0.95,"lower_bound":128.8203248397158,"upper_bound":128.87389787792193},"point_estimate":128.8469217555994,"standard_error":0.015790763400286064},"median_abs_dev":{"confidence_interval":{"confidence_level":0.95,"lower_bound":0.08479227423089694,"upper_bound":0.1390178658297104},"point_estimate":0.11554137403587199,"standard_error":0.013712968866969872},"slope":{"confidence_interval":{"confidence_level":0.95,"lower_bound":128.82008084436598,"upper_bound":128.8619496235026},"point_estimate":128.84123123308626,"standard_error":0.010695591628022883},"std_dev":{"confidence_interval":{"confidence_level":0.95,"lower_bound":0.09793892040646483,"upper_bound":0.19543481804059745},"point_estimate":0.1461021465945397,"standard_error":0.025518756497708798}}