{"mean":{"confidence_interval":{"confidence_level":0.95,"lower_bound":15.813065571256052,"upper_bound":15.862756508778928},"point_estimate":15.837233283945613,"standard_error":0.012682251457249159},"median":{"confidence_interval":{"confidence_level":0.95,"lower_bound":15.810480472388434,"upper_bound":15.852129249036633},"point_estimate":15.83582104953167,"standard_error":0.009026018228229592},"median_abs_dev":{"confidence_interval":{"confidence_level":0.95,"lower_bound":0.061276557288245125,"upper_bound":0.11300091913238193},"point_estimate":0.09115273267798729,"standard_error":0.013236665088114347},"slope":{"confidence_interval":{"confidence_level":0.95,"lower_bound":15.834690897127313,"upper_bound":15.868983290969462},"point_estimate":15.851742457548514,"standard_error":0.00875363230827719},"std_dev":{"confidence_interval":{"confidence_level":0.95,"lower_bound":0.09348116964919488,"upper_bound":0.15855855582438727},"point_estimate":0.1275448909447873,"standard_error":0.01672878506646955}}