{"mean":{"confidence_interval":{"confidence_level":0.95,"lower_bound":16.3029822871206,"upper_bound":16.318946072454676},"point_estimate":16.310944063838193,"standard_error":0.004064125039074747},"median":{"confidence_interval":{"confidence_level":0.95,"lower_bound":16.294499155424898,"upper_bound":16.318082678159023},"point_estimate":16.305610722526247,"standard_error":0.006955931697635261},"median_abs_dev":{"confidence_interval":{"confidence_level":0.95,"lower_bound":0.02692521002222952,"upper_bound":0.04938734934448493},"point_estimate":0.03493680872188541,"standard_error":0.005690567810567333},"slope":{"confidence_interval":{"confidence_level":0.95,"lower_bound":16.29464849722809,"upper_bound":16.306692768814884},"point_estimate":16.300217779964775,"standard_error":0.0030680167083355875},"std_dev":{"confidence_interval":{"confidence_level":0.95,"lower_bound":0.03563997120044011,"upper_bound":0.04541260738174923},"point_estimate":0.0408641872033239,"standard_error":0.00249361810596174}}