{"mean":{"confidence_interval":{"confidence_level":0.95,"lower_bound":655.4864815070953,"upper_bound":656.5724943725148},"point_estimate":655.9153229773605,"standard_error":0.2863115143688776},"median":{"confidence_interval":{"confidence_level":0.95,"lower_bound":655.4410439514986,"upper_bound":655.7138645603238},"point_estimate":655.5905038964951,"standard_error":0.07930835152929788},"median_abs_dev":{"confidence_interval":{"confidence_level":0.95,"lower_bound":0.5998199986775302,"upper_bound":1.0096241672139736},"point_estimate":0.8037015256884268,"standard_error":0.10250472653826964},"slope":{"confidence_interval":{"confidence_level":0.95,"lower_bound":655.5560485937235,"upper_bound":656.1860469357614},"point_estimate":655.8187086825083,"standard_error":0.16313917234869615},"std_dev":{"confidence_interval":{"confidence_level":0.95,"lower_bound":0.843374075593063,"upper_bound":4.702734500818952},"point_estimate":2.8692213597215956,"standard_error":1.238172315359472}}