{"mean":{"confidence_interval":{"confidence_level":0.95,"lower_bound":419.7239144250703,"upper_bound":427.39589703364106},"point_estimate":423.33252105410594,"standard_error":1.9528770637237909},"median":{"confidence_interval":{"confidence_level":0.95,"lower_bound":418.8468343597672,"upper_bound":425.36826798793624},"point_estimate":421.8819964869254,"standard_error":2.210279912604879},"median_abs_dev":{"confidence_interval":{"confidence_level":0.95,"lower_bound":8.116839169411637,"upper_bound":14.810863480673284},"point_estimate":10.8726948801248,"standard_error":1.7932532199733355},"slope":{"confidence_interval":{"confidence_level":0.95,"lower_bound":414.97970893292364,"upper_bound":424.3930908882403},"point_estimate":419.43689389296856,"standard_error":2.406130364009504},"std_dev":{"confidence_interval":{"confidence_level":0.95,"lower_bound":13.31887431971607,"upper_bound":25.711821009789663},"point_estimate":19.546317279640817,"standard_error":3.2274533861904753}}