{"mean":{"confidence_interval":{"confidence_level":0.95,"lower_bound":106.41317304748898,"upper_bound":106.46836495005063},"point_estimate":106.44126266955054,"standard_error":0.014054254500418991},"median":{"confidence_interval":{"confidence_level":0.95,"lower_bound":106.43083660706039,"upper_bound":106.45432934373318},"point_estimate":106.44415282684514,"standard_error":0.005845925857731686},"median_abs_dev":{"confidence_interval":{"confidence_level":0.95,"lower_bound":0.049383406351812285,"upper_bound":0.10566238614636853},"point_estimate":0.07488849830712746,"standard_error":0.014678874168455059},"slope":{"confidence_interval":{"confidence_level":0.95,"lower_bound":106.42917804103786,"upper_bound":106.47340769176559},"point_estimate":106.45090433028112,"standard_error":0.01130952142950931},"std_dev":{"confidence_interval":{"confidence_level":0.95,"lower_bound":0.09867338500178159,"upper_bound":0.1824027736532349},"point_estimate":0.1410592205256325,"standard_error":0.021564140196272796}}