{"mean":{"confidence_interval":{"confidence_level":0.95,"lower_bound":107.07027918931753,"upper_bound":107.09035208180529},"point_estimate":107.07982004381589,"standard_error":0.005100624767613134},"median":{"confidence_interval":{"confidence_level":0.95,"lower_bound":107.07175541846519,"upper_bound":107.08175260786354},"point_estimate":107.07769265076473,"standard_error":0.002612158563053313},"median_abs_dev":{"confidence_interval":{"confidence_level":0.95,"lower_bound":0.01898517381932942,"upper_bound":0.033788614385534245},"point_estimate":0.02672986509792427,"standard_error":0.003802275503777871},"slope":{"confidence_interval":{"confidence_level":0.95,"lower_bound":107.07067714531411,"upper_bound":107.08233307927145},"point_estimate":107.07648237489934,"standard_error":0.002963742418743939},"std_dev":{"confidence_interval":{"confidence_level":0.95,"lower_bound":0.03160585104040661,"upper_bound":0.07259635866851435},"point_estimate":0.05158721245024058,"standard_error":0.011051662882848153}}