{"mean":{"confidence_interval":{"confidence_level":0.95,"lower_bound":106.03640971300861,"upper_bound":106.1874134049878},"point_estimate":106.11523321820809,"standard_error":0.03850064981668746},"median":{"confidence_interval":{"confidence_level":0.95,"lower_bound":106.13648978323481,"upper_bound":106.26066907791453},"point_estimate":106.19608841711279,"standard_error":0.039326572263191},"median_abs_dev":{"confidence_interval":{"confidence_level":0.95,"lower_bound":0.19617519557708743,"upper_bound":0.34084763186685724},"point_estimate":0.2682822694773454,"standard_error":0.03910073280696683},"slope":{"confidence_interval":{"confidence_level":0.95,"lower_bound":106.08156723734534,"upper_bound":106.21311789610354},"point_estimate":106.15042274543383,"standard_error":0.03355647772933366},"std_dev":{"confidence_interval":{"confidence_level":0.95,"lower_bound":0.28363517230215557,"upper_bound":0.4830458766730907},"point_estimate":0.38710965580102547,"standard_error":0.05121767903450564}}