{"mean":{"confidence_interval":{"confidence_level":0.95,"lower_bound":9.04082770360269,"upper_bound":9.073108437483183},"point_estimate":9.05599202306761,"standard_error":0.008244595120788714},"median":{"confidence_interval":{"confidence_level":0.95,"lower_bound":9.039783933832878,"upper_bound":9.061074599542334},"point_estimate":9.04685667987777,"standard_error":0.0061347522883885616},"median_abs_dev":{"confidence_interval":{"confidence_level":0.95,"lower_bound":0.04036293338714841,"upper_bound":0.07351439861702198},"point_estimate":0.061317496571405325,"standard_error":0.008411261726673494},"slope":{"confidence_interval":{"confidence_level":0.95,"lower_bound":9.037529511312822,"upper_bound":9.062337721967328},"point_estimate":9.049470427809748,"standard_error":0.00633187952503073},"std_dev":{"confidence_interval":{"confidence_level":0.95,"lower_bound":0.054942609442516395,"upper_bound":0.1113570015072917},"point_estimate":0.0829355725590057,"standard_error":0.014875604144870208}}