{"mean":{"confidence_interval":{"confidence_level":0.95,"lower_bound":30.406488531536404,"upper_bound":30.42566819022067},"point_estimate":30.41601675162406,"standard_error":0.004890566198463063},"median":{"confidence_interval":{"confidence_level":0.95,"lower_bound":30.40422477715469,"upper_bound":30.418822141713708},"point_estimate":30.411098308234344,"standard_error":0.004150441858981234},"median_abs_dev":{"confidence_interval":{"confidence_level":0.95,"lower_bound":0.026562145117094857,"upper_bound":0.046828074626206376},"point_estimate":0.03902808317368064,"standard_error":0.005268525396130743},"slope":{"confidence_interval":{"confidence_level":0.95,"lower_bound":30.406024053498435,"upper_bound":30.420103715695372},"point_estimate":30.412851583864597,"standard_error":0.0035893594255811175},"std_dev":{"confidence_interval":{"confidence_level":0.95,"lower_bound":0.039444208244427764,"upper_bound":0.05837727068980142},"point_estimate":0.0492201367069796,"standard_error":0.0048411087764302614}}