{"mean":{"confidence_interval":{"confidence_level":0.95,"lower_bound":31.491741294323628,"upper_bound":31.5642492866863},"point_estimate":31.519800134501292,"standard_error":0.01947788246114079},"median":{"confidence_interval":{"confidence_level":0.95,"lower_bound":31.46683582469043,"upper_bound":31.5082178860783},"point_estimate":31.48067569285533,"standard_error":0.009768593327136033},"median_abs_dev":{"confidence_interval":{"confidence_level":0.95,"lower_bound":0.03949803464844513,"upper_bound":0.0874731424589749},"point_estimate":0.058283120527754265,"standard_error":0.011719839254815647},"slope":{"confidence_interval":{"confidence_level":0.95,"lower_bound":31.476348350289147,"upper_bound":31.504478606417706},"point_estimate":31.489571658777955,"standard_error":0.0071782512890206296},"std_dev":{"confidence_interval":{"confidence_level":0.95,"lower_bound":0.06009781332708731,"upper_bound":0.32431989203948236},"point_estimate":0.19595718463507697,"standard_error":0.09087036768871509}}