{"mean":{"confidence_interval":{"confidence_level":0.95,"lower_bound":31.71390468389034,"upper_bound":31.73516167534146},"point_estimate":31.724322045688982,"standard_error":0.005405843286156513},"median":{"confidence_interval":{"confidence_level":0.95,"lower_bound":31.711227821261268,"upper_bound":31.734880754673654},"point_estimate":31.723078430739598,"standard_error":0.006156800464433153},"median_abs_dev":{"confidence_interval":{"confidence_level":0.95,"lower_bound":0.043445670977671366,"upper_bound":0.06638603337299703},"point_estimate":0.053830065839329956,"standard_error":0.005733031134858833},"slope":{"confidence_interval":{"confidence_level":0.95,"lower_bound":31.71524494934947,"upper_bound":31.738926829054943},"point_estimate":31.72655062565388,"standard_error":0.006040000615090593},"std_dev":{"confidence_interval":{"confidence_level":0.95,"lower_bound":0.04564783733596317,"upper_bound":0.062438274931273685},"point_estimate":0.05436147129388399,"standard_error":0.004294901720579808}}