{"mean":{"confidence_interval":{"confidence_level":0.95,"lower_bound":573.9029252836043,"upper_bound":573.9615116653307},"point_estimate":573.9307607005583,"standard_error":0.01495466482036323},"median":{"confidence_interval":{"confidence_level":0.95,"lower_bound":573.8851090523065,"upper_bound":573.9324630204769},"point_estimate":573.9094385813407,"standard_error":0.011466514934489564},"median_abs_dev":{"confidence_interval":{"confidence_level":0.95,"lower_bound":0.07487911833029212,"upper_bound":0.13678323132182532},"point_estimate":0.10907935796240902,"standard_error":0.016195566472866848},"slope":{"confidence_interval":{"confidence_level":0.95,"lower_bound":573.9004419116907,"upper_bound":573.9388713350046},"point_estimate":573.9195528985354,"standard_error":0.009821949895993198},"std_dev":{"confidence_interval":{"confidence_level":0.95,"lower_bound":0.10375794968443386,"upper_bound":0.19134413104457107},"point_estimate":0.14992133079377648,"standard_error":0.022319073696148366}}