{"mean":{"confidence_interval":{"confidence_level":0.95,"lower_bound":11.792641493587702,"upper_bound":11.795488691658282},"point_estimate":11.794052915058057,"standard_error":0.0007259223723303503},"median":{"confidence_interval":{"confidence_level":0.95,"lower_bound":11.792609011029608,"upper_bound":11.794709804576051},"point_estimate":11.793747119762003,"standard_error":0.0006398705881882447},"median_abs_dev":{"confidence_interval":{"confidence_level":0.95,"lower_bound":0.003383298742837047,"upper_bound":0.0060881422973630105},"point_estimate":0.004442585440630074,"standard_error":0.0007172747924433286},"slope":{"confidence_interval":{"confidence_level":0.95,"lower_bound":11.791066898392094,"upper_bound":11.7942521933895},"point_estimate":11.792642153478708,"standard_error":0.0008117986967528414},"std_dev":{"confidence_interval":{"confidence_level":0.95,"lower_bound":0.0058532621721326,"upper_bound":0.008628917481977716},"point_estimate":0.007280651384141128,"standard_error":0.0007099515456230458}}