{"mean":{"confidence_interval":{"confidence_level":0.95,"lower_bound":1178.060025985143,"upper_bound":1181.3625097559761},"point_estimate":1179.6463402244467,"standard_error":0.8441830916984862},"median":{"confidence_interval":{"confidence_level":0.95,"lower_bound":1175.4709677419355,"upper_bound":1176.1665024630543},"point_estimate":1175.7661467785842,"standard_error":0.16296466191990994},"median_abs_dev":{"confidence_interval":{"confidence_level":0.95,"lower_bound":1.4274049651302376,"upper_bound":2.645306443740684},"point_estimate":1.9175246769766077,"standard_error":0.32314884357227036},"slope":{"confidence_interval":{"confidence_level":0.95,"lower_bound":1181.33459393592,"upper_bound":1186.5575541818823},"point_estimate":1184.0673700055543,"standard_error":1.331172445573974},"std_dev":{"confidence_interval":{"confidence_level":0.95,"lower_bound":6.908557791629076,"upper_bound":9.797096497967003},"point_estimate":8.48510535356745,"standard_error":0.737034528846734}}