{"mean":{"confidence_interval":{"confidence_level":0.95,"lower_bound":575.3144837391416,"upper_bound":575.3817352457451},"point_estimate":575.3457801710664,"standard_error":0.01721978514339085},"median":{"confidence_interval":{"confidence_level":0.95,"lower_bound":575.2886178861788,"upper_bound":575.3169132682272},"point_estimate":575.2989914331378,"standard_error":0.007042244805454317},"median_abs_dev":{"confidence_interval":{"confidence_level":0.95,"lower_bound":0.05197535822864084,"upper_bound":0.09398152765472916},"point_estimate":0.07126357762111785,"standard_error":0.011076017219425313},"slope":{"confidence_interval":{"confidence_level":0.95,"lower_bound":575.308450429387,"upper_bound":575.351164889845},"point_estimate":575.3285543991499,"standard_error":0.010913320176836754},"std_dev":{"confidence_interval":{"confidence_level":0.95,"lower_bound":0.10654219575810892,"upper_bound":0.22792236554508813},"point_estimate":0.1725968773978623,"standard_error":0.030961516210062785}}