{"mean":{"confidence_interval":{"confidence_level":0.95,"lower_bound":6419.74677482463,"upper_bound":6420.860028554605},"point_estimate":6420.277904866333,"standard_error":0.2850768774293138},"median":{"confidence_interval":{"confidence_level":0.95,"lower_bound":6418.977543424317,"upper_bound":6419.901098146877},"point_estimate":6419.401216751556,"standard_error":0.2674832176970837},"median_abs_dev":{"confidence_interval":{"confidence_level":0.95,"lower_bound":1.0569948336666555,"upper_bound":2.0238818135305636},"point_estimate":1.4844768463951692,"standard_error":0.2564705404109558},"slope":{"confidence_interval":{"confidence_level":0.95,"lower_bound":6419.323593630378,"upper_bound":6420.208424302075},"point_estimate":6419.749248068187,"standard_error":0.22634385326747783},"std_dev":{"confidence_interval":{"confidence_level":0.95,"lower_bound":2.089909412192986,"upper_bound":3.5892860277849716},"point_estimate":2.8649119054918186,"standard_error":0.38544595573136914}}