{"mean":{"confidence_interval":{"confidence_level":0.95,"lower_bound":6425.098769775742,"upper_bound":6426.011598869374},"point_estimate":6425.542847900373,"standard_error":0.23379853581574592},"median":{"confidence_interval":{"confidence_level":0.95,"lower_bound":6424.506451612903,"upper_bound":6425.665806451613},"point_estimate":6425.1242525570415,"standard_error":0.29459773977393794},"median_abs_dev":{"confidence_interval":{"confidence_level":0.95,"lower_bound":1.6300938013137605,"upper_bound":2.6253113819633502},"point_estimate":2.0613331672943556,"standard_error":0.2434631006485205},"slope":{"confidence_interval":{"confidence_level":0.95,"lower_bound":6424.956996163941,"upper_bound":6425.9453177870455},"point_estimate":6425.442803186241,"standard_error":0.25197351941177326},"std_dev":{"confidence_interval":{"confidence_level":0.95,"lower_bound":1.9111343816310111,"upper_bound":2.761039731071679},"point_estimate":2.3417112818817403,"standard_error":0.21793937923677217}}