{"mean":{"confidence_interval":{"confidence_level":0.95,"lower_bound":6417.034280006131,"upper_bound":6418.346120521631},"point_estimate":6417.6443988319525,"standard_error":0.33517580191301916},"median":{"confidence_interval":{"confidence_level":0.95,"lower_bound":6416.416617790811,"upper_bound":6417.378788289509},"point_estimate":6416.737054475016,"standard_error":0.23536050545800252},"median_abs_dev":{"confidence_interval":{"confidence_level":0.95,"lower_bound":1.2218222164002905,"upper_bound":2.104779543277361},"point_estimate":1.5355075738379573,"standard_error":0.22503355573496928},"slope":{"confidence_interval":{"confidence_level":0.95,"lower_bound":6416.835791266553,"upper_bound":6418.147722863412},"point_estimate":6417.42010344318,"standard_error":0.3369056093927248},"std_dev":{"confidence_interval":{"confidence_level":0.95,"lower_bound":2.0399455915436824,"upper_bound":4.452538675322926},"point_estimate":3.371789940751683,"standard_error":0.6022951474286775}}