{"mean":{"confidence_interval":{"confidence_level":0.95,"lower_bound":6409.341051019549,"upper_bound":6410.39060693914},"point_estimate":6409.832383824829,"standard_error":0.2686418822883755},"median":{"confidence_interval":{"confidence_level":0.95,"lower_bound":6408.863199473338,"upper_bound":6409.6689669252755},"point_estimate":6409.330278592375,"standard_error":0.2340894198461447},"median_abs_dev":{"confidence_interval":{"confidence_level":0.95,"lower_bound":1.159004918566831,"upper_bound":2.0060562298664966},"point_estimate":1.4988441669883734,"standard_error":0.22503263943925456},"slope":{"confidence_interval":{"confidence_level":0.95,"lower_bound":6409.060273867922,"upper_bound":6410.267289268602},"point_estimate":6409.594502657584,"standard_error":0.310564903018009},"std_dev":{"confidence_interval":{"confidence_level":0.95,"lower_bound":1.8534866081083639,"upper_bound":3.4525380189369073},"point_estimate":2.6920952027582703,"standard_error":0.41037984789643406}}