{"mean":{"confidence_interval":{"confidence_level":0.95,"lower_bound":636.1547257030958,"upper_bound":637.5772673959824},"point_estimate":636.7020910651545,"standard_error":0.3830259868595094},"median":{"confidence_interval":{"confidence_level":0.95,"lower_bound":636.0110674976286,"upper_bound":636.7590388921137},"point_estimate":636.3704964038561,"standard_error":0.170440100636393},"median_abs_dev":{"confidence_interval":{"confidence_level":0.95,"lower_bound":0.8499682758981039,"upper_bound":1.3897217511953903},"point_estimate":1.1314842627050237,"standard_error":0.13861727017677805},"slope":{"confidence_interval":{"confidence_level":0.95,"lower_bound":636.2831249245831,"upper_bound":636.8485148855906},"point_estimate":636.5527208443516,"standard_error":0.14462306934630434},"std_dev":{"confidence_interval":{"confidence_level":0.95,"lower_bound":1.0575398356443484,"upper_bound":6.414950306476948},"point_estimate":3.8555606878359825,"standard_error":1.8206186348942184}}