{"mean":{"confidence_interval":{"confidence_level":0.95,"lower_bound":664.8998409904514,"upper_bound":666.0564319068131},"point_estimate":665.3968425598125,"standard_error":0.29750607478041885},"median":{"confidence_interval":{"confidence_level":0.95,"lower_bound":664.6892362171072,"upper_bound":665.0699912770277},"point_estimate":664.8695677313908,"standard_error":0.09465731191232432},"median_abs_dev":{"confidence_interval":{"confidence_level":0.95,"lower_bound":0.6963351180355924,"upper_bound":1.3241994046904118},"point_estimate":1.0030894352745818,"standard_error":0.15389364011655954},"slope":{"confidence_interval":{"confidence_level":0.95,"lower_bound":664.6301429036585,"upper_bound":665.1068030318011},"point_estimate":664.865358604844,"standard_error":0.12138189910370033},"std_dev":{"confidence_interval":{"confidence_level":0.95,"lower_bound":1.1313011494397252,"upper_bound":4.628854614454752},"point_estimate":2.9910363093518666,"standard_error":0.9673882131246105}}