{"mean":{"confidence_interval":{"confidence_level":0.95,"lower_bound":638.6921774168311,"upper_bound":639.7542393079734},"point_estimate":639.1494141492316,"standard_error":0.2746739309450806},"median":{"confidence_interval":{"confidence_level":0.95,"lower_bound":638.4578969354043,"upper_bound":638.8174215923251},"point_estimate":638.6493936251807,"standard_error":0.08909866181544988},"median_abs_dev":{"confidence_interval":{"confidence_level":0.95,"lower_bound":0.5193710272078587,"upper_bound":0.8623162005715237},"point_estimate":0.6587973908887568,"standard_error":0.08706631779912738},"slope":{"confidence_interval":{"confidence_level":0.95,"lower_bound":638.4524535473747,"upper_bound":638.8046793980369},"point_estimate":638.6211049330558,"standard_error":0.08938420751960274},"std_dev":{"confidence_interval":{"confidence_level":0.95,"lower_bound":0.9280594632649822,"upper_bound":4.112017067321203},"point_estimate":2.751538697702671,"standard_error":0.8507001192329233}}