{"mean":{"confidence_interval":{"confidence_level":0.95,"lower_bound":666.5766245114388,"upper_bound":668.3858279049367},"point_estimate":667.4024108607424,"standard_error":0.46251366659659804},"median":{"confidence_interval":{"confidence_level":0.95,"lower_bound":668.0115895372234,"upper_bound":668.5309387187322},"point_estimate":668.2843025544572,"standard_error":0.12217475510436882},"median_abs_dev":{"confidence_interval":{"confidence_level":0.95,"lower_bound":0.7435857651782537,"upper_bound":2.1454043325782295},"point_estimate":1.284579835561918,"standard_error":0.3520280872536016},"slope":{"confidence_interval":{"confidence_level":0.95,"lower_bound":668.4271652681165,"upper_bound":668.8844823059289},"point_estimate":668.6476026128695,"standard_error":0.11579136111160536},"std_dev":{"confidence_interval":{"confidence_level":0.95,"lower_bound":2.6201177515961045,"upper_bound":6.839829852331856},"point_estimate":4.6607420395105095,"standard_error":1.2078277752039313}}