{"mean":{"confidence_interval":{"confidence_level":0.95,"lower_bound":639.0971686410786,"upper_bound":643.6959008608885},"point_estimate":640.990588336734,"standard_error":1.1955290017409985},"median":{"confidence_interval":{"confidence_level":0.95,"lower_bound":637.8476760211724,"upper_bound":638.8662150537634},"point_estimate":638.1326929879187,"standard_error":0.2785735092299416},"median_abs_dev":{"confidence_interval":{"confidence_level":0.95,"lower_bound":1.4102001671804183,"upper_bound":2.595714305649218},"point_estimate":1.846930433892782,"standard_error":0.31732347885134315},"slope":{"confidence_interval":{"confidence_level":0.95,"lower_bound":639.1028010980139,"upper_bound":641.7800437808847},"point_estimate":640.3357517554356,"standard_error":0.6834941001603099},"std_dev":{"confidence_interval":{"confidence_level":0.95,"lower_bound":3.930855379497594,"upper_bound":19.108433982660106},"point_estimate":11.988859268572801,"standard_error":4.5147967946298415}}