{"mean":{"confidence_interval":{"confidence_level":0.95,"lower_bound":69205.69582890386,"upper_bound":69400.29148513758},"point_estimate":69284.85100292154,"standard_error":51.094023780752046},"median":{"confidence_interval":{"confidence_level":0.95,"lower_bound":69163.38392857142,"upper_bound":69257.45166122005},"point_estimate":69191.89502262443,"standard_error":25.264475252030994},"median_abs_dev":{"confidence_interval":{"confidence_level":0.95,"lower_bound":66.60404054433695,"upper_bound":159.8175380717644},"point_estimate":113.22376166634929,"standard_error":25.258998373378432},"slope":{"confidence_interval":{"confidence_level":0.95,"lower_bound":69196.40101507616,"upper_bound":69267.32712486634},"point_estimate":69229.671479667,"standard_error":18.087519441599003},"std_dev":{"confidence_interval":{"confidence_level":0.95,"lower_bound":122.43752137176855,"upper_bound":582.1322864455343},"point_estimate":364.533514305523,"standard_error":146.3393730271842}}