{"mean":{"confidence_interval":{"confidence_level":0.95,"lower_bound":68690.14760805853,"upper_bound":68973.03031373174},"point_estimate":68799.48569168485,"standard_error":75.76291661376696},"median":{"confidence_interval":{"confidence_level":0.95,"lower_bound":68640.6,"upper_bound":68745.82236024845},"point_estimate":68692.93491906411,"standard_error":28.302931528931367},"median_abs_dev":{"confidence_interval":{"confidence_level":0.95,"lower_bound":78.58344660485838,"upper_bound":170.3042363819004},"point_estimate":120.76129785605941,"standard_error":22.137964739881856},"slope":{"confidence_interval":{"confidence_level":0.95,"lower_bound":68686.92584793667,"upper_bound":68778.50435455386},"point_estimate":68729.08753273982,"standard_error":23.479073427400348},"std_dev":{"confidence_interval":{"confidence_level":0.95,"lower_bound":123.1767093494026,"upper_bound":888.7135886863949},"point_estimate":541.9833913438081,"standard_error":247.60297462919354}}