{"mean":{"confidence_interval":{"confidence_level":0.95,"lower_bound":67763.29228671303,"upper_bound":67953.45190605958},"point_estimate":67838.24121948941,"standard_error":50.55133309210499},"median":{"confidence_interval":{"confidence_level":0.95,"lower_bound":67742.56734693877,"upper_bound":67833.82585034013},"point_estimate":67790.78056835636,"standard_error":21.05173971310192},"median_abs_dev":{"confidence_interval":{"confidence_level":0.95,"lower_bound":83.2872004270481,"upper_bound":178.38688026307796},"point_estimate":118.45973789692141,"standard_error":23.272268168566825},"slope":{"confidence_interval":{"confidence_level":0.95,"lower_bound":67757.95333475906,"upper_bound":67823.56295450054},"point_estimate":67790.06010616524,"standard_error":16.780732075161655},"std_dev":{"confidence_interval":{"confidence_level":0.95,"lower_bound":110.40855145043052,"upper_bound":587.7864454120393},"point_estimate":360.0575829581663,"standard_error":158.09121451466754}}