{"mean":{"confidence_interval":{"confidence_level":0.95,"lower_bound":28.55961813604843,"upper_bound":28.61359777129364},"point_estimate":28.585373936419675,"standard_error":0.013759937976892272},"median":{"confidence_interval":{"confidence_level":0.95,"lower_bound":28.54539799728013,"upper_bound":28.587708720744047},"point_estimate":28.567884723706086,"standard_error":0.010105221839787208},"median_abs_dev":{"confidence_interval":{"confidence_level":0.95,"lower_bound":0.06735402794094815,"upper_bound":0.12038576565860148},"point_estimate":0.09480308785809217,"standard_error":0.013214658567289997},"slope":{"confidence_interval":{"confidence_level":0.95,"lower_bound":28.547294055872204,"upper_bound":28.587199363843116},"point_estimate":28.566667488056588,"standard_error":0.010197409738912016},"std_dev":{"confidence_interval":{"confidence_level":0.95,"lower_bound":0.09962970509208785,"upper_bound":0.18395207571910205},"point_estimate":0.13856027531857762,"standard_error":0.02307930833767862}}