{"mean":{"confidence_interval":{"confidence_level":0.95,"lower_bound":28.540484694432216,"upper_bound":28.60838000904498},"point_estimate":28.573401213512295,"standard_error":0.01732091939806378},"median":{"confidence_interval":{"confidence_level":0.95,"lower_bound":28.509637677987616,"upper_bound":28.576081619325446},"point_estimate":28.549038091437815,"standard_error":0.0171840379960936},"median_abs_dev":{"confidence_interval":{"confidence_level":0.95,"lower_bound":0.10454247881578292,"upper_bound":0.19389471565033747},"point_estimate":0.14373739204902086,"standard_error":0.023192435772477482},"slope":{"confidence_interval":{"confidence_level":0.95,"lower_bound":28.530001445607464,"upper_bound":28.60093693327249},"point_estimate":28.56407816897462,"standard_error":0.01809373174516286},"std_dev":{"confidence_interval":{"confidence_level":0.95,"lower_bound":0.13778313096191966,"upper_bound":0.20969982249674068},"point_estimate":0.17421607504794528,"standard_error":0.0184966198027456}}