{"mean":{"confidence_interval":{"confidence_level":0.95,"lower_bound":6384.650095464125,"upper_bound":6386.634458801905},"point_estimate":6385.584284705948,"standard_error":0.5093112193862981},"median":{"confidence_interval":{"confidence_level":0.95,"lower_bound":6383.519631410257,"upper_bound":6384.508547008547},"point_estimate":6383.931711410736,"standard_error":0.2522050918431254},"median_abs_dev":{"confidence_interval":{"confidence_level":0.95,"lower_bound":1.2799362853757699,"upper_bound":2.3857286452419633},"point_estimate":1.577536373328323,"standard_error":0.29101923854846856},"slope":{"confidence_interval":{"confidence_level":0.95,"lower_bound":6383.8392325835885,"upper_bound":6385.919661225288},"point_estimate":6384.758024254205,"standard_error":0.5381192116063834},"std_dev":{"confidence_interval":{"confidence_level":0.95,"lower_bound":3.6263076312637916,"upper_bound":6.362692081016007},"point_estimate":5.130552811562665,"standard_error":0.6991446428872249}}