{"mean":{"confidence_interval":{"confidence_level":0.95,"lower_bound":6393.5950004502665,"upper_bound":6394.868610624823},"point_estimate":6394.165970238016,"standard_error":0.32791696787761476},"median":{"confidence_interval":{"confidence_level":0.95,"lower_bound":6393.132775786539,"upper_bound":6393.945901558976},"point_estimate":6393.570919076752,"standard_error":0.22396090478484998},"median_abs_dev":{"confidence_interval":{"confidence_level":0.95,"lower_bound":1.0335073605456557,"upper_bound":1.7242866092761784},"point_estimate":1.3881391274287347,"standard_error":0.17359643045790632},"slope":{"confidence_interval":{"confidence_level":0.95,"lower_bound":6393.344605684154,"upper_bound":6393.975840154608},"point_estimate":6393.652413734585,"standard_error":0.16115937873371305},"std_dev":{"confidence_interval":{"confidence_level":0.95,"lower_bound":1.5618261808318468,"upper_bound":4.748753749612421},"point_estimate":3.299801082332856,"standard_error":0.8427559597732336}}