{"mean":{"confidence_interval":{"confidence_level":0.95,"lower_bound":6381.896475442425,"upper_bound":6382.695547344243},"point_estimate":6382.2490131385985,"standard_error":0.2055095298295015},"median":{"confidence_interval":{"confidence_level":0.95,"lower_bound":6381.778846153846,"upper_bound":6381.9963159445915},"point_estimate":6381.873390550552,"standard_error":0.05320866827903695},"median_abs_dev":{"confidence_interval":{"confidence_level":0.95,"lower_bound":0.47672517764035066,"upper_bound":0.8811812895935665},"point_estimate":0.7381877504403467,"standard_error":0.104565734680603},"slope":{"confidence_interval":{"confidence_level":0.95,"lower_bound":6381.913342220681,"upper_bound":6382.967633915959},"point_estimate":6382.3423613652985,"standard_error":0.2768553533697857},"std_dev":{"confidence_interval":{"confidence_level":0.95,"lower_bound":0.8786070208628641,"upper_bound":3.038134739934107},"point_estimate":2.0684218322116696,"standard_error":0.5652975464269807}}