{"mean":{"confidence_interval":{"confidence_level":0.95,"lower_bound":9.963089973450243,"upper_bound":10.010261608469962},"point_estimate":9.984083759811108,"standard_error":0.012102442848875773},"median":{"confidence_interval":{"confidence_level":0.95,"lower_bound":9.949485213934645,"upper_bound":9.969708845419204},"point_estimate":9.95732672052382,"standard_error":0.005562408520326758},"median_abs_dev":{"confidence_interval":{"confidence_level":0.95,"lower_bound":0.03341440127126452,"upper_bound":0.06323140533215833},"point_estimate":0.04289815231155424,"standard_error":0.00744894586236674},"slope":{"confidence_interval":{"confidence_level":0.95,"lower_bound":9.954896748911482,"upper_bound":9.973561976964827},"point_estimate":9.963906175051164,"standard_error":0.004761651968390452},"std_dev":{"confidence_interval":{"confidence_level":0.95,"lower_bound":0.058641682477545407,"upper_bound":0.17747367902576527},"point_estimate":0.12136085693606255,"standard_error":0.031281631713226295}}