{"mean":{"confidence_interval":{"confidence_level":0.95,"lower_bound":9.977549710719144,"upper_bound":10.0192124553092},"point_estimate":9.995694190648626,"standard_error":0.010721100392874269},"median":{"confidence_interval":{"confidence_level":0.95,"lower_bound":9.962688028579331,"upper_bound":9.982756609364992},"point_estimate":9.971350607094537,"standard_error":0.005748899549812338},"median_abs_dev":{"confidence_interval":{"confidence_level":0.95,"lower_bound":0.030981468465239703,"upper_bound":0.06308186573490408},"point_estimate":0.04360480732732571,"standard_error":0.008850425436844778},"slope":{"confidence_interval":{"confidence_level":0.95,"lower_bound":9.972007502914025,"upper_bound":9.99312718682507},"point_estimate":9.982466470166466,"standard_error":0.005394991901476975},"std_dev":{"confidence_interval":{"confidence_level":0.95,"lower_bound":0.046444311614800574,"upper_bound":0.16329585028901347},"point_estimate":0.10791655691384638,"standard_error":0.031833937058183985}}