{"mean":{"confidence_interval":{"confidence_level":0.95,"lower_bound":9.977067719226728,"upper_bound":10.006051646963455},"point_estimate":9.990349801787954,"standard_error":0.007423433213329169},"median":{"confidence_interval":{"confidence_level":0.95,"lower_bound":9.962959117276515,"upper_bound":9.975675696723014},"point_estimate":9.96972944819063,"standard_error":0.0031008449454377374},"median_abs_dev":{"confidence_interval":{"confidence_level":0.95,"lower_bound":0.02525066893070087,"upper_bound":0.056802003737468465},"point_estimate":0.03616473501241606,"standard_error":0.008628687911385343},"slope":{"confidence_interval":{"confidence_level":0.95,"lower_bound":9.972877772942379,"upper_bound":9.994782167857627},"point_estimate":9.983211476167673,"standard_error":0.005585098875496016},"std_dev":{"confidence_interval":{"confidence_level":0.95,"lower_bound":0.047180343046558576,"upper_bound":0.1052131444255067},"point_estimate":0.07464355997719532,"standard_error":0.016914215406280866}}