{"mean":{"confidence_interval":{"confidence_level":0.95,"lower_bound":8.841010726164384,"upper_bound":8.86772848030028},"point_estimate":8.853019857335257,"standard_error":0.006829296796515634},"median":{"confidence_interval":{"confidence_level":0.95,"lower_bound":8.82853340722718,"upper_bound":8.853062216281682},"point_estimate":8.838242610223338,"standard_error":0.006446585856870454},"median_abs_dev":{"confidence_interval":{"confidence_level":0.95,"lower_bound":0.031189490069585112,"upper_bound":0.054197181619422205},"point_estimate":0.0407482080999809,"standard_error":0.006101675657927498},"slope":{"confidence_interval":{"confidence_level":0.95,"lower_bound":8.834823120544591,"upper_bound":8.864400156776389},"point_estimate":8.848173041749469,"standard_error":0.007587340911306251},"std_dev":{"confidence_interval":{"confidence_level":0.95,"lower_bound":0.039570934480381126,"upper_bound":0.09977169740645714},"point_estimate":0.06868941968324321,"standard_error":0.0171717951132752}}