{"mean":{"confidence_interval":{"confidence_level":0.95,"lower_bound":10.015117307469506,"upper_bound":10.066207581911973},"point_estimate":10.035021262183815,"standard_error":0.01364994299659435},"median":{"confidence_interval":{"confidence_level":0.95,"lower_bound":10.005610092413795,"upper_bound":10.022779335687865},"point_estimate":10.01226123421813,"standard_error":0.00433421748183032},"median_abs_dev":{"confidence_interval":{"confidence_level":0.95,"lower_bound":0.026245317292062732,"upper_bound":0.0422347268356616},"point_estimate":0.03354087601823017,"standard_error":0.003984033935334909},"slope":{"confidence_interval":{"confidence_level":0.95,"lower_bound":10.011980956891861,"upper_bound":10.035922593945505},"point_estimate":10.022511651372035,"standard_error":0.006144940744854127},"std_dev":{"confidence_interval":{"confidence_level":0.95,"lower_bound":0.039952016261594205,"upper_bound":0.22598308789525873},"point_estimate":0.13719668717576525,"standard_error":0.06194544579996261}}