{"mean":{"confidence_interval":{"confidence_level":0.95,"lower_bound":21.876200622823067,"upper_bound":21.882675085130938},"point_estimate":21.879411266698504,"standard_error":0.001650870105322597},"median":{"confidence_interval":{"confidence_level":0.95,"lower_bound":21.873408143622715,"upper_bound":21.880356248987823},"point_estimate":21.878320225859973,"standard_error":0.001898276400697234},"median_abs_dev":{"confidence_interval":{"confidence_level":0.95,"lower_bound":0.01092314403936089,"upper_bound":0.018928525856187425},"point_estimate":0.01489352591462032,"standard_error":0.0021031722279473623},"slope":{"confidence_interval":{"confidence_level":0.95,"lower_bound":21.875621924339004,"upper_bound":21.882863001183456},"point_estimate":21.879118951511565,"standard_error":0.0018459812251944078},"std_dev":{"confidence_interval":{"confidence_level":0.95,"lower_bound":0.01420013310704588,"upper_bound":0.018765075611808287},"point_estimate":0.0166104003166825,"standard_error":0.0011713439539104643}}