{"mean":{"confidence_interval":{"confidence_level":0.95,"lower_bound":21.867954675697458,"upper_bound":21.87305061526207},"point_estimate":21.870598996992932,"standard_error":0.0012952034442146603},"median":{"confidence_interval":{"confidence_level":0.95,"lower_bound":21.870515426711155,"upper_bound":21.875014039298918},"point_estimate":21.8722269824162,"standard_error":0.0012889321658613002},"median_abs_dev":{"confidence_interval":{"confidence_level":0.95,"lower_bound":0.007238841340463159,"upper_bound":0.012863608155597932},"point_estimate":0.010948297249239363,"standard_error":0.0014239409225336205},"slope":{"confidence_interval":{"confidence_level":0.95,"lower_bound":21.871288230145804,"upper_bound":21.875337507935324},"point_estimate":21.873340320885607,"standard_error":0.0010304638564763787},"std_dev":{"confidence_interval":{"confidence_level":0.95,"lower_bound":0.009624249969469017,"upper_bound":0.016932709215962526},"point_estimate":0.013073166678002106,"standard_error":0.0019479487105858175}}