{"mean":{"confidence_interval":{"confidence_level":0.95,"lower_bound":21.92405108405569,"upper_bound":21.93270709978451},"point_estimate":21.92820607858416,"standard_error":0.0022069011975188978},"median":{"confidence_interval":{"confidence_level":0.95,"lower_bound":21.91948650444102,"upper_bound":21.93333038237095},"point_estimate":21.924322030579916,"standard_error":0.003717670560066299},"median_abs_dev":{"confidence_interval":{"confidence_level":0.95,"lower_bound":0.016067565604202274,"upper_bound":0.023400867382591693},"point_estimate":0.020062655396341382,"standard_error":0.0019287768831724446},"slope":{"confidence_interval":{"confidence_level":0.95,"lower_bound":21.922031991930687,"upper_bound":21.929014299077316},"point_estimate":21.925564452715857,"standard_error":0.0017841140529482635},"std_dev":{"confidence_interval":{"confidence_level":0.95,"lower_bound":0.016729913500967086,"upper_bound":0.028882161390647306},"point_estimate":0.022304901200186703,"standard_error":0.0033192982663296463}}