{"mean":{"confidence_interval":{"confidence_level":0.95,"lower_bound":131.8119532054097,"upper_bound":131.84753850462795},"point_estimate":131.82909597031997,"standard_error":0.009067824841243565},"median":{"confidence_interval":{"confidence_level":0.95,"lower_bound":131.79437258301107,"upper_bound":131.83278241502347},"point_estimate":131.8180614052822,"standard_error":0.008984219906186574},"median_abs_dev":{"confidence_interval":{"confidence_level":0.95,"lower_bound":0.05334763147468616,"upper_bound":0.08414312805924033},"point_estimate":0.0704984031840192,"standard_error":0.007442573245809393},"slope":{"confidence_interval":{"confidence_level":0.95,"lower_bound":131.80566991969383,"upper_bound":131.83674624473383},"point_estimate":131.82072928141565,"standard_error":0.007899689300455653},"std_dev":{"confidence_interval":{"confidence_level":0.95,"lower_bound":0.06817217530350575,"upper_bound":0.11254720785609233},"point_estimate":0.09101719592955278,"standard_error":0.011434329735641277}}