{"mean":{"confidence_interval":{"confidence_level":0.95,"lower_bound":135.817289886451,"upper_bound":136.14370671456453},"point_estimate":135.98534881015877,"standard_error":0.08349263453254875},"median":{"confidence_interval":{"confidence_level":0.95,"lower_bound":135.92776742756186,"upper_bound":136.21826791856137},"point_estimate":136.10871015856918,"standard_error":0.07176766995922426},"median_abs_dev":{"confidence_interval":{"confidence_level":0.95,"lower_bound":0.46749786616921307,"upper_bound":0.7410882209463387},"point_estimate":0.5992571140563251,"standard_error":0.06886167493972103},"slope":{"confidence_interval":{"confidence_level":0.95,"lower_bound":135.88749242218674,"upper_bound":136.1104546425816},"point_estimate":135.99708098165775,"standard_error":0.05689998875343995},"std_dev":{"confidence_interval":{"confidence_level":0.95,"lower_bound":0.6341379095935024,"upper_bound":1.019564482439296},"point_estimate":0.8383738078359818,"standard_error":0.09861165629693071}}