{"mean":{"confidence_interval":{"confidence_level":0.95,"lower_bound":134.31681325931356,"upper_bound":134.45120157710835},"point_estimate":134.3808493186865,"standard_error":0.034230175164242954},"median":{"confidence_interval":{"confidence_level":0.95,"lower_bound":134.2824821540906,"upper_bound":134.38654086550167},"point_estimate":134.33395912633677,"standard_error":0.02959989790682296},"median_abs_dev":{"confidence_interval":{"confidence_level":0.95,"lower_bound":0.1498555288498046,"upper_bound":0.24743359875036336},"point_estimate":0.19444533707579487,"standard_error":0.02495117402612051},"slope":{"confidence_interval":{"confidence_level":0.95,"lower_bound":134.31942373849998,"upper_bound":134.4256478947583},"point_estimate":134.37090329127383,"standard_error":0.027083529564619242},"std_dev":{"confidence_interval":{"confidence_level":0.95,"lower_bound":0.24796015490097675,"upper_bound":0.43670756976311476},"point_estimate":0.3428127636393936,"standard_error":0.048923602144434176}}