{"mean":{"confidence_interval":{"confidence_level":0.95,"lower_bound":133.69249290164592,"upper_bound":133.85484659736272},"point_estimate":133.77107617898557,"standard_error":0.04145637994809765},"median":{"confidence_interval":{"confidence_level":0.95,"lower_bound":133.64737435203966,"upper_bound":133.84153430717382},"point_estimate":133.76728759289074,"standard_error":0.04850801411238023},"median_abs_dev":{"confidence_interval":{"confidence_level":0.95,"lower_bound":0.27975844531045646,"upper_bound":0.4522872919847069},"point_estimate":0.3687861597035984,"standard_error":0.04460676528662373},"slope":{"confidence_interval":{"confidence_level":0.95,"lower_bound":133.64363091847227,"upper_bound":133.78415992433108},"point_estimate":133.7134131911087,"standard_error":0.03590639700286322},"std_dev":{"confidence_interval":{"confidence_level":0.95,"lower_bound":0.3198566847403845,"upper_bound":0.5220825858936848},"point_estimate":0.41793055712917043,"standard_error":0.052900369608224966}}