{"mean":{"confidence_interval":{"confidence_level":0.95,"lower_bound":56.63522586092345,"upper_bound":56.90256664437112},"point_estimate":56.75303998288613,"standard_error":0.0688370947337178},"median":{"confidence_interval":{"confidence_level":0.95,"lower_bound":56.56935232365997,"upper_bound":56.73956743438047},"point_estimate":56.64609966952554,"standard_error":0.05021692026808283},"median_abs_dev":{"confidence_interval":{"confidence_level":0.95,"lower_bound":0.191015664097599,"upper_bound":0.31724574222539176},"point_estimate":0.2283405356200008,"standard_error":0.03428265603946113},"slope":{"confidence_interval":{"confidence_level":0.95,"lower_bound":56.64668353774785,"upper_bound":57.16193188121808},"point_estimate":56.86461734033872,"standard_error":0.13445462312833645},"std_dev":{"confidence_interval":{"confidence_level":0.95,"lower_bound":0.29162124797041916,"upper_bound":1.029540540517027},"point_estimate":0.6905595834467374,"standard_error":0.19652130096688886}}