{"mean":{"confidence_interval":{"confidence_level":0.95,"lower_bound":885.1808505731564,"upper_bound":887.3175517805646},"point_estimate":886.1014455858781,"standard_error":0.5502278998158764},"median":{"confidence_interval":{"confidence_level":0.95,"lower_bound":884.6411519031205,"upper_bound":885.0421044289421},"point_estimate":884.888607431355,"standard_error":0.09809348297153382},"median_abs_dev":{"confidence_interval":{"confidence_level":0.95,"lower_bound":0.621982061553231,"upper_bound":1.1599258620136532},"point_estimate":0.9385193314980622,"standard_error":0.14449329765798788},"slope":{"confidence_interval":{"confidence_level":0.95,"lower_bound":885.0123671750318,"upper_bound":889.7837729494623},"point_estimate":887.0421960064039,"standard_error":1.2482977839488596},"std_dev":{"confidence_interval":{"confidence_level":0.95,"lower_bound":1.6135984379657418,"upper_bound":8.2982188857759},"point_estimate":5.534732964164691,"standard_error":1.6463825339896123}}