{"mean":{"confidence_interval":{"confidence_level":0.95,"lower_bound":884.3009993426209,"upper_bound":885.1217196639473},"point_estimate":884.6475212701902,"standard_error":0.21216398484652382},"median":{"confidence_interval":{"confidence_level":0.95,"lower_bound":884.16664445629,"upper_bound":884.4302662037037},"point_estimate":884.273119609686,"standard_error":0.07161197572805948},"median_abs_dev":{"confidence_interval":{"confidence_level":0.95,"lower_bound":0.43128214057105524,"upper_bound":0.9319793575349322},"point_estimate":0.6723379723753312,"standard_error":0.1317321842150573},"slope":{"confidence_interval":{"confidence_level":0.95,"lower_bound":884.3289753130282,"upper_bound":884.9311827893663},"point_estimate":884.5956148166522,"standard_error":0.15467639596229812},"std_dev":{"confidence_interval":{"confidence_level":0.95,"lower_bound":0.8815192498829535,"upper_bound":3.340614238045925},"point_estimate":2.12796643223367,"standard_error":0.7516529075624333}}