{"mean":{"confidence_interval":{"confidence_level":0.95,"lower_bound":62.259858812887245,"upper_bound":62.428961166698166},"point_estimate":62.33506563527823,"standard_error":0.043408682775670955},"median":{"confidence_interval":{"confidence_level":0.95,"lower_bound":62.202063601856096,"upper_bound":62.27775962193333},"point_estimate":62.231239926815675,"standard_error":0.01829296556572963},"median_abs_dev":{"confidence_interval":{"confidence_level":0.95,"lower_bound":0.10551688935357809,"upper_bound":0.1886389736766696},"point_estimate":0.13134605477566036,"standard_error":0.02217181452962763},"slope":{"confidence_interval":{"confidence_level":0.95,"lower_bound":62.21764718133136,"upper_bound":62.330825839956994},"point_estimate":62.26502598819292,"standard_error":0.02916387548151678},"std_dev":{"confidence_interval":{"confidence_level":0.95,"lower_bound":0.19937776529429763,"upper_bound":0.6319287448255658},"point_estimate":0.4358461669429552,"standard_error":0.11311134313877236}}