{"mean":{"confidence_interval":{"confidence_level":0.95,"lower_bound":63.90789464904953,"upper_bound":64.05865911306665},"point_estimate":63.964752812989865,"standard_error":0.041206511275357564},"median":{"confidence_interval":{"confidence_level":0.95,"lower_bound":63.89100826496852,"upper_bound":63.92135409941898},"point_estimate":63.90994465849653,"standard_error":0.007803006158619356},"median_abs_dev":{"confidence_interval":{"confidence_level":0.95,"lower_bound":0.05496579730996804,"upper_bound":0.10270022447323685},"point_estimate":0.07084247207412941,"standard_error":0.01184239086120021},"slope":{"confidence_interval":{"confidence_level":0.95,"lower_bound":63.89589510573724,"upper_bound":63.930200767801985},"point_estimate":63.91209323414058,"standard_error":0.008712641130539019},"std_dev":{"confidence_interval":{"confidence_level":0.95,"lower_bound":0.09539178442786696,"upper_bound":0.6917622703913613},"point_estimate":0.41353317547651874,"standard_error":0.20284923818569772}}