{"mean":{"confidence_interval":{"confidence_level":0.95,"lower_bound":131975.47833468104,"upper_bound":132237.97244124528},"point_estimate":132076.01673407896,"standard_error":70.77286146232053},"median":{"confidence_interval":{"confidence_level":0.95,"lower_bound":131950.18168218085,"upper_bound":131989.1599702381},"point_estimate":131970.46049326903,"standard_error":10.724289949560893},"median_abs_dev":{"confidence_interval":{"confidence_level":0.95,"lower_bound":80.73572118570185,"upper_bound":151.4660099344585},"point_estimate":110.99511177944778,"standard_error":17.388924285892738},"slope":{"confidence_interval":{"confidence_level":0.95,"lower_bound":132008.90053484117,"upper_bound":132156.25045763518},"point_estimate":132068.9912756761,"standard_error":38.83605601002713},"std_dev":{"confidence_interval":{"confidence_level":0.95,"lower_bound":153.90850576760576,"upper_bound":1183.1285597514097},"point_estimate":711.1213467841375,"standard_error":335.3312412507941}}