{"mean":{"confidence_interval":{"confidence_level":0.95,"lower_bound":75958.45336043283,"upper_bound":76245.3370027474},"point_estimate":76065.77387921463,"standard_error":79.68451804479409},"median":{"confidence_interval":{"confidence_level":0.95,"lower_bound":75926.21863965527,"upper_bound":75983.9030612245},"point_estimate":75949.78368506493,"standard_error":16.421657194306924},"median_abs_dev":{"confidence_interval":{"confidence_level":0.95,"lower_bound":100.80482556653386,"upper_bound":184.1206062795815},"point_estimate":130.64321810525522,"standard_error":21.43569247367693},"slope":{"confidence_interval":{"confidence_level":0.95,"lower_bound":75943.60641124847,"upper_bound":76004.78962932894},"point_estimate":75973.01165846862,"standard_error":15.582734442969707},"std_dev":{"confidence_interval":{"confidence_level":0.95,"lower_bound":168.90288230256445,"upper_bound":1353.5434182684655},"point_estimate":804.6795599570671,"standard_error":406.8529215885786}}