{"mean":{"confidence_interval":{"confidence_level":0.95,"lower_bound":885717.1515317099,"upper_bound":888479.4511729889},"point_estimate":886789.0494350971,"standard_error":736.3830400907118},"median":{"confidence_interval":{"confidence_level":0.95,"lower_bound":885137.6517857143,"upper_bound":886213.2190130623},"point_estimate":885784.6628787878,"standard_error":250.71367819910694},"median_abs_dev":{"confidence_interval":{"confidence_level":0.95,"lower_bound":1539.0659564996602,"upper_bound":2657.1606431304504},"point_estimate":2089.826801522107,"standard_error":287.42588530803147},"slope":{"confidence_interval":{"confidence_level":0.95,"lower_bound":885423.7209083894,"upper_bound":886441.3157798967},"point_estimate":885920.089268509,"standard_error":259.43729226842885},"std_dev":{"confidence_interval":{"confidence_level":0.95,"lower_bound":2085.620123970808,"upper_bound":12219.222848756637},"point_estimate":7391.192424824421,"standard_error":3376.41352405886}}