{"mean":{"confidence_interval":{"confidence_level":0.95,"lower_bound":2102.6490696729466,"upper_bound":2146.329417376615},"point_estimate":2123.8405254145055,"standard_error":11.142414159432159},"median":{"confidence_interval":{"confidence_level":0.95,"lower_bound":2126.814678056764,"upper_bound":2184.545744680851},"point_estimate":2183.2859511889865,"standard_error":20.89844612261658},"median_abs_dev":{"confidence_interval":{"confidence_level":0.95,"lower_bound":5.030541907355145,"upper_bound":195.79238718564042},"point_estimate":13.505397497135391,"standard_error":44.40231712710229},"slope":{"confidence_interval":{"confidence_level":0.95,"lower_bound":2082.520068883476,"upper_bound":2135.0251230332287},"point_estimate":2106.969650255149,"standard_error":13.455718038484772},"std_dev":{"confidence_interval":{"confidence_level":0.95,"lower_bound":89.1035809464915,"upper_bound":137.3627641228598},"point_estimate":112.10802174310822,"standard_error":12.725877091019058}}