{"mean":{"confidence_interval":{"confidence_level":0.95,"lower_bound":7132.188222770412,"upper_bound":7133.818730802716},"point_estimate":7132.984293188655,"standard_error":0.4175674007723283},"median":{"confidence_interval":{"confidence_level":0.95,"lower_bound":7132.28441904011,"upper_bound":7133.6211171531},"point_estimate":7133.218683979646,"standard_error":0.3074534299477779},"median_abs_dev":{"confidence_interval":{"confidence_level":0.95,"lower_bound":2.1529372931510196,"upper_bound":5.046202626951322},"point_estimate":3.611096848810515,"standard_error":0.6863161906477129},"slope":{"confidence_interval":{"confidence_level":0.95,"lower_bound":7130.051531580882,"upper_bound":7132.291444895116},"point_estimate":7131.049871966473,"standard_error":0.5732426705497248},"std_dev":{"confidence_interval":{"confidence_level":0.95,"lower_bound":3.397824766965053,"upper_bound":5.019533107351466},"point_estimate":4.209938428387592,"standard_error":0.4184579297061976}}