{"mean":{"confidence_interval":{"confidence_level":0.95,"lower_bound":4231.211483415622,"upper_bound":4235.217462412349},"point_estimate":4233.036172909912,"standard_error":1.0222868232027935},"median":{"confidence_interval":{"confidence_level":0.95,"lower_bound":4228.324994627123,"upper_bound":4232.51334622824},"point_estimate":4228.778594455191,"standard_error":1.1586005026944222},"median_abs_dev":{"confidence_interval":{"confidence_level":0.95,"lower_bound":2.9031909754034153,"upper_bound":7.4313879441325055},"point_estimate":4.447987277319301,"standard_error":1.1734560869415431},"slope":{"confidence_interval":{"confidence_level":0.95,"lower_bound":4233.690890421929,"upper_bound":4237.123149628802},"point_estimate":4235.368985571406,"standard_error":0.8737158056773221},"std_dev":{"confidence_interval":{"confidence_level":0.95,"lower_bound":5.676894295138594,"upper_bound":14.510744663473409},"point_estimate":10.337670478396555,"standard_error":2.3130512373043737}}