{"mean":{"confidence_interval":{"confidence_level":0.95,"lower_bound":4731.324490934016,"upper_bound":4733.497256783217},"point_estimate":4732.3246351103635,"standard_error":0.5554493884905477},"median":{"confidence_interval":{"confidence_level":0.95,"lower_bound":4730.538020769948,"upper_bound":4731.790715950716},"point_estimate":4731.219145173269,"standard_error":0.35490397096204124},"median_abs_dev":{"confidence_interval":{"confidence_level":0.95,"lower_bound":1.8084212502218726,"upper_bound":3.063822535969882},"point_estimate":2.5871520694318457,"standard_error":0.3166830893848222},"slope":{"confidence_interval":{"confidence_level":0.95,"lower_bound":4731.005836226477,"upper_bound":4732.12351036785},"point_estimate":4731.5345114456,"standard_error":0.2850332582599348},"std_dev":{"confidence_interval":{"confidence_level":0.95,"lower_bound":3.218770476971691,"upper_bound":7.633311061634002},"point_estimate":5.599124363844594,"standard_error":1.1324773243502055}}