{"mean":{"confidence_interval":{"confidence_level":0.95,"lower_bound":204.95612449526746,"upper_bound":205.72602168833384},"point_estimate":205.2428397133042,"standard_error":0.2146684409516211},"median":{"confidence_interval":{"confidence_level":0.95,"lower_bound":204.86557777971876,"upper_bound":205.01227426937268},"point_estimate":204.90717529915275,"standard_error":0.03734292616199062},"median_abs_dev":{"confidence_interval":{"confidence_level":0.95,"lower_bound":0.15427959316879244,"upper_bound":0.3547508143075328},"point_estimate":0.24036983220103206,"standard_error":0.05004013539190637},"slope":{"confidence_interval":{"confidence_level":0.95,"lower_bound":204.88931773937094,"upper_bound":205.07379482349106},"point_estimate":204.9725890712925,"standard_error":0.047298510700199914},"std_dev":{"confidence_interval":{"confidence_level":0.95,"lower_bound":0.25045307130393346,"upper_bound":2.5521313741215685},"point_estimate":1.5323503021251,"standard_error":0.7708134348565985}}