{"mean":{"confidence_interval":{"confidence_level":0.95,"lower_bound":284.74677479466794,"upper_bound":285.7318982949253},"point_estimate":285.1068563952095,"standard_error":0.28332463500251553},"median":{"confidence_interval":{"confidence_level":0.95,"lower_bound":284.63790652310473,"upper_bound":284.8615002609012},"point_estimate":284.75850338761603,"standard_error":0.06432148674522187},"median_abs_dev":{"confidence_interval":{"confidence_level":0.95,"lower_bound":0.2066308436059731,"upper_bound":0.4408869267931788},"point_estimate":0.314270904111768,"standard_error":0.05706537318560028},"slope":{"confidence_interval":{"confidence_level":0.95,"lower_bound":284.7099119836956,"upper_bound":284.87952055231943},"point_estimate":284.79098734192945,"standard_error":0.04318400999483591},"std_dev":{"confidence_interval":{"confidence_level":0.95,"lower_bound":0.3025640395288084,"upper_bound":3.4019933260871773},"point_estimate":2.02367034745933,"standard_error":1.0770866477247216}}