{"mean":{"confidence_interval":{"confidence_level":0.95,"lower_bound":285.84237342405703,"upper_bound":289.2647306995031},"point_estimate":287.15411720131095,"standard_error":0.9213768381512022},"median":{"confidence_interval":{"confidence_level":0.95,"lower_bound":285.3531307221332,"upper_bound":285.806256308575},"point_estimate":285.52428191201903,"standard_error":0.10868814063494907},"median_abs_dev":{"confidence_interval":{"confidence_level":0.95,"lower_bound":0.38238639611250946,"upper_bound":0.9119072468755939},"point_estimate":0.5901011003794439,"standard_error":0.13096081243236596},"slope":{"confidence_interval":{"confidence_level":0.95,"lower_bound":285.57036281348576,"upper_bound":293.7133293372206},"point_estimate":288.41270964253096,"standard_error":2.3011713919283947},"std_dev":{"confidence_interval":{"confidence_level":0.95,"lower_bound":1.2263762193556123,"upper_bound":10.815849411908466},"point_estimate":6.593634342724043,"standard_error":3.0636346711048317}}