{"mean":{"confidence_interval":{"confidence_level":0.95,"lower_bound":284.2060736234301,"upper_bound":285.5733083465902},"point_estimate":284.7499383624861,"standard_error":0.35968200758174584},"median":{"confidence_interval":{"confidence_level":0.95,"lower_bound":283.96459266432635,"upper_bound":284.2235953531196},"point_estimate":284.05742506494835,"standard_error":0.07149279784923213},"median_abs_dev":{"confidence_interval":{"confidence_level":0.95,"lower_bound":0.2173644516495719,"upper_bound":0.5063740256305932},"point_estimate":0.29527577396964966,"standard_error":0.07665843465149433},"slope":{"confidence_interval":{"confidence_level":0.95,"lower_bound":284.154807044806,"upper_bound":285.07462958590514},"point_estimate":284.5650791218387,"standard_error":0.2393817393778944},"std_dev":{"confidence_interval":{"confidence_level":0.95,"lower_bound":0.6087383217117076,"upper_bound":4.109770024175901},"point_estimate":2.557661574735478,"standard_error":1.060666614159132}}