{"mean":{"confidence_interval":{"confidence_level":0.95,"lower_bound":286.01218498819617,"upper_bound":290.9926126487715},"point_estimate":288.0767529037073,"standard_error":1.296246926744768},"median":{"confidence_interval":{"confidence_level":0.95,"lower_bound":285.5953027770255,"upper_bound":285.78281644098456},"point_estimate":285.70291343440374,"standard_error":0.06504143618225743},"median_abs_dev":{"confidence_interval":{"confidence_level":0.95,"lower_bound":0.20579273945678447,"upper_bound":0.5130444100866297},"point_estimate":0.3331618016353998,"standard_error":0.0794234579063539},"slope":{"confidence_interval":{"confidence_level":0.95,"lower_bound":285.8062699539914,"upper_bound":290.3000541075469},"point_estimate":287.60633275045075,"standard_error":1.1591294748111272},"std_dev":{"confidence_interval":{"confidence_level":0.95,"lower_bound":1.2410437471663338,"upper_bound":14.526077874646678},"point_estimate":9.242724125796599,"standard_error":3.4835095497632618}}