{"mean":{"confidence_interval":{"confidence_level":0.95,"lower_bound":17260.25247691792,"upper_bound":17293.094456981842},"point_estimate":17272.696131526645,"standard_error":8.927544359163914},"median":{"confidence_interval":{"confidence_level":0.95,"lower_bound":17256.601413041328,"upper_bound":17269.100513573},"point_estimate":17261.38549996801,"standard_error":3.440357430483893},"median_abs_dev":{"confidence_interval":{"confidence_level":0.95,"lower_bound":17.974862678233343,"upper_bound":28.790918677103186},"point_estimate":23.81861924798206,"standard_error":2.75064069839299},"slope":{"confidence_interval":{"confidence_level":0.95,"lower_bound":17263.35096987742,"upper_bound":17273.39013170544},"point_estimate":17268.344102362887,"standard_error":2.554871839870615},"std_dev":{"confidence_interval":{"confidence_level":0.95,"lower_bound":21.754423061551524,"upper_bound":149.2044969337215},"point_estimate":89.33719895859349,"standard_error":43.2962522913095}}