{"mean":{"confidence_interval":{"confidence_level":0.95,"lower_bound":21412.357107920918,"upper_bound":21549.618900454374},"point_estimate":21480.094121774408,"standard_error":34.99851579278241},"median":{"confidence_interval":{"confidence_level":0.95,"lower_bound":21430.991329310014,"upper_bound":21530.84427342689},"point_estimate":21485.58743351064,"standard_error":26.58232030720654},"median_abs_dev":{"confidence_interval":{"confidence_level":0.95,"lower_bound":141.80347177413313,"upper_bound":286.7259801260289},"point_estimate":201.7811253500847,"standard_error":36.21025399035757},"slope":{"confidence_interval":{"confidence_level":0.95,"lower_bound":21474.377965193446,"upper_bound":21559.80452055264},"point_estimate":21516.97007247311,"standard_error":21.798580970229104},"std_dev":{"confidence_interval":{"confidence_level":0.95,"lower_bound":265.5614495566682,"upper_bound":431.10112628319735},"point_estimate":352.59628192922474,"standard_error":42.23078094592415}}