{"mean":{"confidence_interval":{"confidence_level":0.95,"lower_bound":17964.967132756607,"upper_bound":18036.40039592617},"point_estimate":17996.566486484193,"standard_error":18.362585627395738},"median":{"confidence_interval":{"confidence_level":0.95,"lower_bound":17945.55888429752,"upper_bound":17978.25974025974},"point_estimate":17962.466995614035,"standard_error":8.743261821156164},"median_abs_dev":{"confidence_interval":{"confidence_level":0.95,"lower_bound":49.081274720918856,"upper_bound":86.06523142817277},"point_estimate":68.55177914761654,"standard_error":9.615840977900529},"slope":{"confidence_interval":{"confidence_level":0.95,"lower_bound":17958.598012919796,"upper_bound":17990.381857196404},"point_estimate":17973.80561699155,"standard_error":8.107258849942165},"std_dev":{"confidence_interval":{"confidence_level":0.95,"lower_bound":88.61465863404833,"upper_bound":275.73639832169226},"point_estimate":184.7572110632388,"standard_error":51.627794384780785}}