{"mean":{"confidence_interval":{"confidence_level":0.95,"lower_bound":2090.3026628208445,"upper_bound":2090.7036412683697},"point_estimate":2090.5024592069103,"standard_error":0.10231771476430405},"median":{"confidence_interval":{"confidence_level":0.95,"lower_bound":2090.3732065578815,"upper_bound":2090.6910451185736},"point_estimate":2090.505253402928,"standard_error":0.07972839520312805},"median_abs_dev":{"confidence_interval":{"confidence_level":0.95,"lower_bound":0.46329789024884177,"upper_bound":0.8617825324645993},"point_estimate":0.6123783368635397,"standard_error":0.10690198811145697},"slope":{"confidence_interval":{"confidence_level":0.95,"lower_bound":2090.0696409738243,"upper_bound":2090.549859076622},"point_estimate":2090.3224714203457,"standard_error":0.12295184576047821},"std_dev":{"confidence_interval":{"confidence_level":0.95,"lower_bound":0.7895452380155423,"upper_bound":1.2380479195539524},"point_estimate":1.0237778127264483,"standard_error":0.1148962229966174}}