{"mean":{"confidence_interval":{"confidence_level":0.95,"lower_bound":2082.147324883943,"upper_bound":2082.4009055504416},"point_estimate":2082.2650733180108,"standard_error":0.06459708499870442},"median":{"confidence_interval":{"confidence_level":0.95,"lower_bound":2082.104214413038,"upper_bound":2082.3097444911955},"point_estimate":2082.208711417259,"standard_error":0.04646133179187667},"median_abs_dev":{"confidence_interval":{"confidence_level":0.95,"lower_bound":0.326862986023294,"upper_bound":0.5052409810671685},"point_estimate":0.40494106254509493,"standard_error":0.044758241347799606},"slope":{"confidence_interval":{"confidence_level":0.95,"lower_bound":2082.262704642218,"upper_bound":2082.4613761809983},"point_estimate":2082.3609253135273,"standard_error":0.05054013559743646},"std_dev":{"confidence_interval":{"confidence_level":0.95,"lower_bound":0.41338286345545205,"upper_bound":0.9098519970623211},"point_estimate":0.6491480153417548,"standard_error":0.1371042594529292}}