{"mean":{"confidence_interval":{"confidence_level":0.95,"lower_bound":2079.741569811383,"upper_bound":2080.0159658311613},"point_estimate":2079.8667139013055,"standard_error":0.07028014308577231},"median":{"confidence_interval":{"confidence_level":0.95,"lower_bound":2079.666142557652,"upper_bound":2079.824825703281},"point_estimate":2079.7603276670225,"standard_error":0.034833614737328066},"median_abs_dev":{"confidence_interval":{"confidence_level":0.95,"lower_bound":0.24282912189619324,"upper_bound":0.4197308362785208},"point_estimate":0.33566070341082843,"standard_error":0.0431186298136956},"slope":{"confidence_interval":{"confidence_level":0.95,"lower_bound":2079.788241987952,"upper_bound":2080.1324108288536},"point_estimate":2079.9314353879768,"standard_error":0.08973001926926233},"std_dev":{"confidence_interval":{"confidence_level":0.95,"lower_bound":0.399614136704596,"upper_bound":1.016427287262374},"point_estimate":0.7055230200973179,"standard_error":0.16773394708042894}}