{"mean":{"confidence_interval":{"confidence_level":0.95,"lower_bound":2066.7225753191465,"upper_bound":2067.0849997503933},"point_estimate":2066.8973663553393,"standard_error":0.09289109996413049},"median":{"confidence_interval":{"confidence_level":0.95,"lower_bound":2066.6829877804485,"upper_bound":2066.9999906341372},"point_estimate":2066.8396746482686,"standard_error":0.08207140388623489},"median_abs_dev":{"confidence_interval":{"confidence_level":0.95,"lower_bound":0.48690073248698684,"upper_bound":0.864489630485501},"point_estimate":0.6386535116242203,"standard_error":0.10083311419267951},"slope":{"confidence_interval":{"confidence_level":0.95,"lower_bound":2066.6830676400727,"upper_bound":2067.051167442941},"point_estimate":2066.854913261662,"standard_error":0.09386813498668894},"std_dev":{"confidence_interval":{"confidence_level":0.95,"lower_bound":0.6845568880787484,"upper_bound":1.1680053136977282},"point_estimate":0.9351082357692719,"standard_error":0.12387978097867124}}