{"mean":{"confidence_interval":{"confidence_level":0.95,"lower_bound":1355.1713839124757,"upper_bound":1355.3642136805495},"point_estimate":1355.2557352752528,"standard_error":0.04951052858893719},"median":{"confidence_interval":{"confidence_level":0.95,"lower_bound":1355.134154420958,"upper_bound":1355.1998862439805},"point_estimate":1355.1655189031214,"standard_error":0.016544947639008944},"median_abs_dev":{"confidence_interval":{"confidence_level":0.95,"lower_bound":0.10945674102382812,"upper_bound":0.20303833949231373},"point_estimate":0.15536457308317805,"standard_error":0.023452725702484592},"slope":{"confidence_interval":{"confidence_level":0.95,"lower_bound":1355.1602513840814,"upper_bound":1355.4221490664888},"point_estimate":1355.2598246661344,"standard_error":0.06998122852827345},"std_dev":{"confidence_interval":{"confidence_level":0.95,"lower_bound":0.24768339457850366,"upper_bound":0.7430917605765743},"point_estimate":0.496144649859843,"standard_error":0.14192517808916105}}