{"mean":{"confidence_interval":{"confidence_level":0.95,"lower_bound":1355.0506146468083,"upper_bound":1355.313401976493},"point_estimate":1355.1626143868928,"standard_error":0.06796977212668302},"median":{"confidence_interval":{"confidence_level":0.95,"lower_bound":1355.0072287421701,"upper_bound":1355.0710670314638},"point_estimate":1355.0357320567464,"standard_error":0.0142977531254864},"median_abs_dev":{"confidence_interval":{"confidence_level":0.95,"lower_bound":0.10323961178744828,"upper_bound":0.17887857855705294},"point_estimate":0.14235807046036686,"standard_error":0.019249251232771436},"slope":{"confidence_interval":{"confidence_level":0.95,"lower_bound":1355.0167217854307,"upper_bound":1355.0853580976043},"point_estimate":1355.0470972614546,"standard_error":0.017572140593067505},"std_dev":{"confidence_interval":{"confidence_level":0.95,"lower_bound":0.20649801620747177,"upper_bound":1.0661978527856484},"point_estimate":0.6860726225960274,"standard_error":0.22888453600307093}}