{"mean":{"confidence_interval":{"confidence_level":0.95,"lower_bound":136.6142173432778,"upper_bound":136.67394718586672},"point_estimate":136.64237736990304,"standard_error":0.015294092759019932},"median":{"confidence_interval":{"confidence_level":0.95,"lower_bound":136.6044461869083,"upper_bound":136.64562157557452},"point_estimate":136.62626458075283,"standard_error":0.008412999623956613},"median_abs_dev":{"confidence_interval":{"confidence_level":0.95,"lower_bound":0.039630914477123476,"upper_bound":0.10099812908445163},"point_estimate":0.07841797628301042,"standard_error":0.01613208128154572},"slope":{"confidence_interval":{"confidence_level":0.95,"lower_bound":136.60940402784877,"upper_bound":136.66289474478563},"point_estimate":136.63526745331586,"standard_error":0.013551419840083248},"std_dev":{"confidence_interval":{"confidence_level":0.95,"lower_bound":0.06736124979112092,"upper_bound":0.145364322985474},"point_estimate":0.10947016543096874,"standard_error":0.02000610346586969}}