{"mean":{"confidence_interval":{"confidence_level":0.95,"lower_bound":136.391412056945,"upper_bound":136.44208037583638},"point_estimate":136.41505796144858,"standard_error":0.012936642122159404},"median":{"confidence_interval":{"confidence_level":0.95,"lower_bound":136.3887369806187,"upper_bound":136.41560730812836},"point_estimate":136.39910887652985,"standard_error":0.005700579073213812},"median_abs_dev":{"confidence_interval":{"confidence_level":0.95,"lower_bound":0.025945779648337646,"upper_bound":0.07245036275518224},"point_estimate":0.03793238137475754,"standard_error":0.01297038039648155},"slope":{"confidence_interval":{"confidence_level":0.95,"lower_bound":136.38563229348904,"upper_bound":136.4286179643795},"point_estimate":136.40404614506784,"standard_error":0.011132916639434505},"std_dev":{"confidence_interval":{"confidence_level":0.95,"lower_bound":0.05426818934519641,"upper_bound":0.12256970443255427},"point_estimate":0.09176597135852782,"standard_error":0.017485279199643673}}