{"mean":{"confidence_interval":{"confidence_level":0.95,"lower_bound":129.11347969114084,"upper_bound":129.3579924375205},"point_estimate":129.21663682227165,"standard_error":0.06358923490081553},"median":{"confidence_interval":{"confidence_level":0.95,"lower_bound":129.0838642778323,"upper_bound":129.2073343467026},"point_estimate":129.11872336442423,"standard_error":0.03578822595676526},"median_abs_dev":{"confidence_interval":{"confidence_level":0.95,"lower_bound":0.18429089179463004,"upper_bound":0.2830523651952615},"point_estimate":0.24391438984657018,"standard_error":0.02484356752924788},"slope":{"confidence_interval":{"confidence_level":0.95,"lower_bound":129.1066589975245,"upper_bound":129.23243426174665},"point_estimate":129.16378340148088,"standard_error":0.03230970669845013},"std_dev":{"confidence_interval":{"confidence_level":0.95,"lower_bound":0.2298408555458661,"upper_bound":1.0058165631083595},"point_estimate":0.6367999695733959,"standard_error":0.2246087240767096}}