{"mean":{"confidence_interval":{"confidence_level":0.95,"lower_bound":100.89916284216609,"upper_bound":101.33147447364591},"point_estimate":101.08209949955172,"standard_error":0.11248223107606313},"median":{"confidence_interval":{"confidence_level":0.95,"lower_bound":100.8331818117584,"upper_bound":100.9394115859834},"point_estimate":100.9025726934064,"standard_error":0.025908340790704528},"median_abs_dev":{"confidence_interval":{"confidence_level":0.95,"lower_bound":0.17433935723443286,"upper_bound":0.28671982932351664},"point_estimate":0.24514139901910212,"standard_error":0.029531397256517083},"slope":{"confidence_interval":{"confidence_level":0.95,"lower_bound":100.91023744475937,"upper_bound":101.79335266028559},"point_estimate":101.28497281050831,"standard_error":0.22993747957789215},"std_dev":{"confidence_interval":{"confidence_level":0.95,"lower_bound":0.3473548656272143,"upper_bound":1.7746596070200193},"point_estimate":1.1345854593720919,"standard_error":0.38772069278050314}}