{"mean":{"confidence_interval":{"confidence_level":0.95,"lower_bound":114.5073466932698,"upper_bound":114.73093590909015},"point_estimate":114.59424525953449,"standard_error":0.059486515476692814},"median":{"confidence_interval":{"confidence_level":0.95,"lower_bound":114.48125810182745,"upper_bound":114.57633897519128},"point_estimate":114.52604369621358,"standard_error":0.025498925631696985},"median_abs_dev":{"confidence_interval":{"confidence_level":0.95,"lower_bound":0.11393109582104878,"upper_bound":0.17363059733688047},"point_estimate":0.1409928972484496,"standard_error":0.015339054176830036},"slope":{"confidence_interval":{"confidence_level":0.95,"lower_bound":114.52561458513797,"upper_bound":114.67936984651716},"point_estimate":114.58674243580097,"standard_error":0.04085733286029247},"std_dev":{"confidence_interval":{"confidence_level":0.95,"lower_bound":0.15006320345690932,"upper_bound":0.9864367136862608},"point_estimate":0.596433336002787,"standard_error":0.26855646376512676}}