{"mean":{"confidence_interval":{"confidence_level":0.95,"lower_bound":114.10094715955923,"upper_bound":114.26144962075294},"point_estimate":114.16581591604336,"standard_error":0.042345857618418734},"median":{"confidence_interval":{"confidence_level":0.95,"lower_bound":114.065307430805,"upper_bound":114.14061039084086},"point_estimate":114.09380747302251,"standard_error":0.01798664786654826},"median_abs_dev":{"confidence_interval":{"confidence_level":0.95,"lower_bound":0.0946738105687141,"upper_bound":0.16500000809988974},"point_estimate":0.13754038081096623,"standard_error":0.01788670319650291},"slope":{"confidence_interval":{"confidence_level":0.95,"lower_bound":114.09644915690514,"upper_bound":114.16725307272212},"point_estimate":114.12805826373669,"standard_error":0.018114474332771247},"std_dev":{"confidence_interval":{"confidence_level":0.95,"lower_bound":0.15006620459238104,"upper_bound":0.691960859371255},"point_estimate":0.42674455838680725,"standard_error":0.17791294234412539}}