{"mean":{"confidence_interval":{"confidence_level":0.95,"lower_bound":127.92145747249813,"upper_bound":128.26260542184366},"point_estimate":128.07232252749728,"standard_error":0.08789664874080542},"median":{"confidence_interval":{"confidence_level":0.95,"lower_bound":127.85718309820066,"upper_bound":127.95973394349895},"point_estimate":127.87972928406532,"standard_error":0.029031997620005683},"median_abs_dev":{"confidence_interval":{"confidence_level":0.95,"lower_bound":0.1819705909278585,"upper_bound":0.30251974468836873},"point_estimate":0.23172054894345492,"standard_error":0.0299142036012014},"slope":{"confidence_interval":{"confidence_level":0.95,"lower_bound":127.85399784017116,"upper_bound":127.9574880519219},"point_estimate":127.90350706154221,"standard_error":0.02631569091375662},"std_dev":{"confidence_interval":{"confidence_level":0.95,"lower_bound":0.26707018121019643,"upper_bound":1.2814726363998503},"point_estimate":0.8857507314421579,"standard_error":0.2428916566693791}}