{"mean":{"confidence_interval":{"confidence_level":0.95,"lower_bound":132.12254130652795,"upper_bound":132.3975095627224},"point_estimate":132.2337158528731,"standard_error":0.07230867633965826},"median":{"confidence_interval":{"confidence_level":0.95,"lower_bound":132.09417435962067,"upper_bound":132.13044132330867},"point_estimate":132.108425659626,"standard_error":0.00858090871923033},"median_abs_dev":{"confidence_interval":{"confidence_level":0.95,"lower_bound":0.06989459317561227,"upper_bound":0.13988410492216957},"point_estimate":0.09978343329057172,"standard_error":0.019380684770057343},"slope":{"confidence_interval":{"confidence_level":0.95,"lower_bound":132.14640887781596,"upper_bound":132.39507312470863},"point_estimate":132.24080206615662,"standard_error":0.06700661586461008},"std_dev":{"confidence_interval":{"confidence_level":0.95,"lower_bound":0.1307214675167913,"upper_bound":1.1726337735948942},"point_estimate":0.724681555256862,"standard_error":0.2927932390820894}}