{"mean":{"confidence_interval":{"confidence_level":0.95,"lower_bound":121.98588076202542,"upper_bound":122.59379205249755},"point_estimate":122.20963502796667,"standard_error":0.1719155712124271},"median":{"confidence_interval":{"confidence_level":0.95,"lower_bound":121.91245282359519,"upper_bound":122.00071691192043},"point_estimate":121.94976260493775,"standard_error":0.020651325013759},"median_abs_dev":{"confidence_interval":{"confidence_level":0.95,"lower_bound":0.14718374412634305,"upper_bound":0.3034645187677364},"point_estimate":0.2348154224488997,"standard_error":0.042856608098281096},"slope":{"confidence_interval":{"confidence_level":0.95,"lower_bound":121.95128389034375,"upper_bound":122.09721551478232},"point_estimate":122.01974374099355,"standard_error":0.03725119706282982},"std_dev":{"confidence_interval":{"confidence_level":0.95,"lower_bound":0.2944914593514818,"upper_bound":2.9127306666567336},"point_estimate":1.7245590189245243,"standard_error":0.9016010520063089}}