{"mean":{"confidence_interval":{"confidence_level":0.95,"lower_bound":120.92724368969316,"upper_bound":121.44915189311394},"point_estimate":121.11747853947831,"standard_error":0.14724505086443146},"median":{"confidence_interval":{"confidence_level":0.95,"lower_bound":120.87527311731134,"upper_bound":120.95334283550844},"point_estimate":120.91861108636587,"standard_error":0.022203440246248724},"median_abs_dev":{"confidence_interval":{"confidence_level":0.95,"lower_bound":0.09344640433059881,"upper_bound":0.1783856708507358},"point_estimate":0.13402826396920786,"standard_error":0.02143565698989484},"slope":{"confidence_interval":{"confidence_level":0.95,"lower_bound":120.92119323646646,"upper_bound":120.98573444077735},"point_estimate":120.95171214247138,"standard_error":0.016448127257877126},"std_dev":{"confidence_interval":{"confidence_level":0.95,"lower_bound":0.17334875328935712,"upper_bound":2.500957176530905},"point_estimate":1.4777732380895372,"standard_error":0.7749648930702048}}