{"mean":{"confidence_interval":{"confidence_level":0.95,"lower_bound":17.12959304720175,"upper_bound":17.226527665640194},"point_estimate":17.170023758241044,"standard_error":0.02520403571420483},"median":{"confidence_interval":{"confidence_level":0.95,"lower_bound":17.113342083365502,"upper_bound":17.12926636917949},"point_estimate":17.11987750509816,"standard_error":0.004139745247221094},"median_abs_dev":{"confidence_interval":{"confidence_level":0.95,"lower_bound":0.02271585706109411,"upper_bound":0.036089524206172154},"point_estimate":0.0299738273631239,"standard_error":0.003311862277278849},"slope":{"confidence_interval":{"confidence_level":0.95,"lower_bound":17.126611259472725,"upper_bound":17.153297441216516},"point_estimate":17.137612026688288,"standard_error":0.006877222338805091},"std_dev":{"confidence_interval":{"confidence_level":0.95,"lower_bound":0.06216157317585819,"upper_bound":0.4014304072056049},"point_estimate":0.25307185520813247,"standard_error":0.09163220249652172}}