{"mean":{"confidence_interval":{"confidence_level":0.95,"lower_bound":17.42322135988958,"upper_bound":17.499004333289616},"point_estimate":17.45971093252223,"standard_error":0.01939804899199583},"median":{"confidence_interval":{"confidence_level":0.95,"lower_bound":17.36569044887784,"upper_bound":17.43755012595719},"point_estimate":17.389141786211226,"standard_error":0.019790473312272662},"median_abs_dev":{"confidence_interval":{"confidence_level":0.95,"lower_bound":0.10424336301746001,"upper_bound":0.22045679422968242},"point_estimate":0.17824469739202808,"standard_error":0.03194624860986267},"slope":{"confidence_interval":{"confidence_level":0.95,"lower_bound":17.42600278952966,"upper_bound":17.521769777605417},"point_estimate":17.473166985046777,"standard_error":0.024524602625827136},"std_dev":{"confidence_interval":{"confidence_level":0.95,"lower_bound":0.15578080020701354,"upper_bound":0.2363883831207677},"point_estimate":0.19530051832731307,"standard_error":0.02094450343913559}}