{"mean":{"confidence_interval":{"confidence_level":0.95,"lower_bound":17.295882793121653,"upper_bound":17.37934440719043},"point_estimate":17.32582316646756,"standard_error":0.024599847524434608},"median":{"confidence_interval":{"confidence_level":0.95,"lower_bound":17.29114081238622,"upper_bound":17.301830360192277},"point_estimate":17.297823115630386,"standard_error":0.003094002256714792},"median_abs_dev":{"confidence_interval":{"confidence_level":0.95,"lower_bound":0.018729859790699098,"upper_bound":0.03467778477647626},"point_estimate":0.02724802069541655,"standard_error":0.004196324830844032},"slope":{"confidence_interval":{"confidence_level":0.95,"lower_bound":17.296319337604988,"upper_bound":17.313268774882474},"point_estimate":17.303728351304525,"standard_error":0.00435360269204451},"std_dev":{"confidence_interval":{"confidence_level":0.95,"lower_bound":0.02782029153283523,"upper_bound":0.42421097416392317},"point_estimate":0.2489631106067307,"standard_error":0.1389329801289853}}