{"mean":{"confidence_interval":{"confidence_level":0.95,"lower_bound":13.23310479025792,"upper_bound":13.251334328139295},"point_estimate":13.241652266270396,"standard_error":0.004644630024955095},"median":{"confidence_interval":{"confidence_level":0.95,"lower_bound":13.235254225943791,"upper_bound":13.243354597731798},"point_estimate":13.239197710283896,"standard_error":0.0024490476327035113},"median_abs_dev":{"confidence_interval":{"confidence_level":0.95,"lower_bound":0.015406691696426623,"upper_bound":0.028145393824925587},"point_estimate":0.020449020908926557,"standard_error":0.0031546816659793857},"slope":{"confidence_interval":{"confidence_level":0.95,"lower_bound":13.238701334609905,"upper_bound":13.259788961532017},"point_estimate":13.248121786510941,"standard_error":0.005435572006720843},"std_dev":{"confidence_interval":{"confidence_level":0.95,"lower_bound":0.02952426499761797,"upper_bound":0.06411563130198092},"point_estimate":0.046627656066301,"standard_error":0.009204756868693613}}