{"mean":{"confidence_interval":{"confidence_level":0.95,"lower_bound":144628.44169885755,"upper_bound":144688.16398044603},"point_estimate":144656.47681363282,"standard_error":15.281854540233663},"median":{"confidence_interval":{"confidence_level":0.95,"lower_bound":144611.5692626107,"upper_bound":144657.29358974358},"point_estimate":144630.46060924372,"standard_error":11.11309782597342},"median_abs_dev":{"confidence_interval":{"confidence_level":0.95,"lower_bound":76.607106777234,"upper_bound":133.47310265211325},"point_estimate":103.83009522530084,"standard_error":14.813693893198481},"slope":{"confidence_interval":{"confidence_level":0.95,"lower_bound":144603.2848352088,"upper_bound":144655.64257023847},"point_estimate":144628.88882349216,"standard_error":13.334789502199323},"std_dev":{"confidence_interval":{"confidence_level":0.95,"lower_bound":104.22384361017606,"upper_bound":210.78766804741497},"point_estimate":154.03945250133688,"standard_error":30.038647201355687}}