{"mean":{"confidence_interval":{"confidence_level":0.95,"lower_bound":144684.71131505273,"upper_bound":144749.5876677575},"point_estimate":144715.91668451912,"standard_error":16.576331956294634},"median":{"confidence_interval":{"confidence_level":0.95,"lower_bound":144648.89285714287,"upper_bound":144701.47212081554},"point_estimate":144666.52494629432,"standard_error":13.85739315171215},"median_abs_dev":{"confidence_interval":{"confidence_level":0.95,"lower_bound":68.35545063792819,"upper_bound":124.80569959147606},"point_estimate":95.05870255738128,"standard_error":14.402606370677839},"slope":{"confidence_interval":{"confidence_level":0.95,"lower_bound":144679.6780253413,"upper_bound":144758.67204584763},"point_estimate":144716.16393886297,"standard_error":20.207921717859726},"std_dev":{"confidence_interval":{"confidence_level":0.95,"lower_bound":126.53184839816412,"upper_bound":203.09327478946201},"point_estimate":166.96231714552212,"standard_error":19.597344871807454}}