{"mean":{"confidence_interval":{"confidence_level":0.95,"lower_bound":3607.5415344749376,"upper_bound":3607.846092628717},"point_estimate":3607.679636701647,"standard_error":0.07809219536837704},"median":{"confidence_interval":{"confidence_level":0.95,"lower_bound":3607.4459622195986,"upper_bound":3607.5992528019924},"point_estimate":3607.5342045454545,"standard_error":0.04091442712218098},"median_abs_dev":{"confidence_interval":{"confidence_level":0.95,"lower_bound":0.2263817039351715,"upper_bound":0.38873646677726376},"point_estimate":0.29936811148937686,"standard_error":0.04021407238447516},"slope":{"confidence_interval":{"confidence_level":0.95,"lower_bound":3607.5089107069,"upper_bound":3607.68380706465},"point_estimate":3607.590318341685,"standard_error":0.04477099505551905},"std_dev":{"confidence_interval":{"confidence_level":0.95,"lower_bound":0.4632068607467317,"upper_bound":1.1134619736108047},"point_estimate":0.786279149061147,"standard_error":0.1758334137752546}}