{"mean":{"confidence_interval":{"confidence_level":0.95,"lower_bound":57908.85163885229,"upper_bound":57932.944429130825},"point_estimate":57920.379075903904,"standard_error":6.139012454278658},"median":{"confidence_interval":{"confidence_level":0.95,"lower_bound":57899.14859437751,"upper_bound":57924.451317296676},"point_estimate":57911.04876053051,"standard_error":6.260620165073881},"median_abs_dev":{"confidence_interval":{"confidence_level":0.95,"lower_bound":36.691715856524524,"upper_bound":64.90131960800463},"point_estimate":46.699680874036844,"standard_error":7.374733343201749},"slope":{"confidence_interval":{"confidence_level":0.95,"lower_bound":57892.453875725165,"upper_bound":57919.196709567215},"point_estimate":57905.466235817614,"standard_error":6.824457806956684},"std_dev":{"confidence_interval":{"confidence_level":0.95,"lower_bound":46.057856784087114,"upper_bound":79.76216320123709},"point_estimate":61.558682009497424,"standard_error":9.219257575262507}}