{"mean":{"confidence_interval":{"confidence_level":0.95,"lower_bound":57801.425253315756,"upper_bound":57823.93117026594},"point_estimate":57812.19937610915,"standard_error":5.758400748090531},"median":{"confidence_interval":{"confidence_level":0.95,"lower_bound":57792.69521604938,"upper_bound":57816.404471544716},"point_estimate":57804.257067076454,"standard_error":5.20075658932156},"median_abs_dev":{"confidence_interval":{"confidence_level":0.95,"lower_bound":33.275628970994994,"upper_bound":50.98572841581092},"point_estimate":44.039889801732556,"standard_error":4.599450942974717},"slope":{"confidence_interval":{"confidence_level":0.95,"lower_bound":57802.66514488882,"upper_bound":57819.97836477566},"point_estimate":57811.281717320984,"standard_error":4.414580351707582},"std_dev":{"confidence_interval":{"confidence_level":0.95,"lower_bound":41.44291655294931,"upper_bound":72.39125773198776},"point_estimate":57.836922281232845,"standard_error":7.934294411326933}}