{"mean":{"confidence_interval":{"confidence_level":0.95,"lower_bound":1774.3997037428842,"upper_bound":1774.7054571746428},"point_estimate":1774.5443474238557,"standard_error":0.07820433036519656},"median":{"confidence_interval":{"confidence_level":0.95,"lower_bound":1774.3422171018944,"upper_bound":1774.6322766036337},"point_estimate":1774.453664874552,"standard_error":0.0710788407679514},"median_abs_dev":{"confidence_interval":{"confidence_level":0.95,"lower_bound":0.47385646917741675,"upper_bound":0.7936369298800424},"point_estimate":0.6340066509304964,"standard_error":0.08571367279347845},"slope":{"confidence_interval":{"confidence_level":0.95,"lower_bound":1774.35964111651,"upper_bound":1774.6160432390686},"point_estimate":1774.4797365615232,"standard_error":0.06551293496233644},"std_dev":{"confidence_interval":{"confidence_level":0.95,"lower_bound":0.5658992812741626,"upper_bound":1.040997131857798},"point_estimate":0.7864019919190277,"standard_error":0.12986924417995935}}