{"mean":{"confidence_interval":{"confidence_level":0.95,"lower_bound":1772.3072877708064,"upper_bound":1772.5908384349239},"point_estimate":1772.4417779810947,"standard_error":0.0720571893690813},"median":{"confidence_interval":{"confidence_level":0.95,"lower_bound":1772.237030411449,"upper_bound":1772.4753254820116},"point_estimate":1772.3332353208807,"standard_error":0.0650346654408666},"median_abs_dev":{"confidence_interval":{"confidence_level":0.95,"lower_bound":0.41836647760557427,"upper_bound":0.682037703819064},"point_estimate":0.5803650283815323,"standard_error":0.06544120081760117},"slope":{"confidence_interval":{"confidence_level":0.95,"lower_bound":1772.3489225508324,"upper_bound":1772.6117194260942},"point_estimate":1772.4706275403125,"standard_error":0.06716747826963261},"std_dev":{"confidence_interval":{"confidence_level":0.95,"lower_bound":0.5144304607760576,"upper_bound":0.9275704407109827},"point_estimate":0.7228323930427326,"standard_error":0.10707559004918715}}