{"mean":{"confidence_interval":{"confidence_level":0.95,"lower_bound":170.88844678648695,"upper_bound":170.91704314589643},"point_estimate":170.90229841930852,"standard_error":0.007277824813668172},"median":{"confidence_interval":{"confidence_level":0.95,"lower_bound":170.88794438807088,"upper_bound":170.90513277773465},"point_estimate":170.89686190445224,"standard_error":0.003951140437031667},"median_abs_dev":{"confidence_interval":{"confidence_level":0.95,"lower_bound":0.029477317563737674,"upper_bound":0.049157572125438746},"point_estimate":0.03643448736810623,"standard_error":0.004950884438974605},"slope":{"confidence_interval":{"confidence_level":0.95,"lower_bound":170.89189176468165,"upper_bound":170.91104602608473},"point_estimate":170.9004990951081,"standard_error":0.004889017059429651},"std_dev":{"confidence_interval":{"confidence_level":0.95,"lower_bound":0.04989038866238836,"upper_bound":0.09491758034832995},"point_estimate":0.07295972083048204,"standard_error":0.011617418440388012}}