{"mean":{"confidence_interval":{"confidence_level":0.95,"lower_bound":171.1998104281269,"upper_bound":171.22337655121459},"point_estimate":171.2115669832369,"standard_error":0.006010802947666367},"median":{"confidence_interval":{"confidence_level":0.95,"lower_bound":171.19881584002815,"upper_bound":171.22172258734003},"point_estimate":171.21186314830385,"standard_error":0.006204113848472941},"median_abs_dev":{"confidence_interval":{"confidence_level":0.95,"lower_bound":0.03270606357039423,"upper_bound":0.05170754475666607},"point_estimate":0.04200865414059607,"standard_error":0.004901637071120202},"slope":{"confidence_interval":{"confidence_level":0.95,"lower_bound":171.20447242497127,"upper_bound":171.2222153976243},"point_estimate":171.21320634499213,"standard_error":0.004515040660305184},"std_dev":{"confidence_interval":{"confidence_level":0.95,"lower_bound":0.04379666839738165,"upper_bound":0.07658744039329884},"point_estimate":0.06061757021313503,"standard_error":0.00839922300616474}}