{"mean":{"confidence_interval":{"confidence_level":0.95,"lower_bound":370.09917635640477,"upper_bound":370.34363442081917},"point_estimate":370.19696789916173,"standard_error":0.06432332147218278},"median":{"confidence_interval":{"confidence_level":0.95,"lower_bound":370.037960417812,"upper_bound":370.15857029711935},"point_estimate":370.08259558198813,"standard_error":0.03156251854619591},"median_abs_dev":{"confidence_interval":{"confidence_level":0.95,"lower_bound":0.14720401150383167,"upper_bound":0.2616722135159194},"point_estimate":0.18894169444558048,"standard_error":0.028963147829733398},"slope":{"confidence_interval":{"confidence_level":0.95,"lower_bound":370.09719884387874,"upper_bound":370.1775499908563},"point_estimate":370.13720248318873,"standard_error":0.02048973373220563},"std_dev":{"confidence_interval":{"confidence_level":0.95,"lower_bound":0.21983039133635007,"upper_bound":1.0479993162505343},"point_estimate":0.6449517751160332,"standard_error":0.2719711658784759}}