{"mean":{"confidence_interval":{"confidence_level":0.95,"lower_bound":337.57881563589325,"upper_bound":338.8035694377992},"point_estimate":338.10327168779537,"standard_error":0.31617948006099994},"median":{"confidence_interval":{"confidence_level":0.95,"lower_bound":337.426639899875,"upper_bound":337.5204118514291},"point_estimate":337.46609477687355,"standard_error":0.027944912933038007},"median_abs_dev":{"confidence_interval":{"confidence_level":0.95,"lower_bound":0.17995706768115813,"upper_bound":0.3062353117787778},"point_estimate":0.23198596520655795,"standard_error":0.03232666445317658},"slope":{"confidence_interval":{"confidence_level":0.95,"lower_bound":337.5644175001034,"upper_bound":339.10972372539527},"point_estimate":338.2148077577651,"standard_error":0.3967261837215083},"std_dev":{"confidence_interval":{"confidence_level":0.95,"lower_bound":0.7057505175647603,"upper_bound":4.823171863148033},"point_estimate":3.175024907200513,"standard_error":1.0235929280019722}}