{"mean":{"confidence_interval":{"confidence_level":0.95,"lower_bound":370.48673515143406,"upper_bound":372.39543408864705},"point_estimate":371.3127802466872,"standard_error":0.4904893068871627},"median":{"confidence_interval":{"confidence_level":0.95,"lower_bound":370.1122635058126,"upper_bound":370.20753798226696},"point_estimate":370.1609976938949,"standard_error":0.022789170126744356},"median_abs_dev":{"confidence_interval":{"confidence_level":0.95,"lower_bound":0.1537248331586967,"upper_bound":0.25237373087558745},"point_estimate":0.195076260996015,"standard_error":0.02411169934134615},"slope":{"confidence_interval":{"confidence_level":0.95,"lower_bound":370.2726798811095,"upper_bound":370.84498168177845},"point_estimate":370.51222263292584,"standard_error":0.1469588039527359},"std_dev":{"confidence_interval":{"confidence_level":0.95,"lower_bound":1.6960599402368493,"upper_bound":7.3823108605982615},"point_estimate":4.914068995147042,"standard_error":1.4668446829339512}}