{"mean":{"confidence_interval":{"confidence_level":0.95,"lower_bound":337.44639563694284,"upper_bound":337.6051258566595},"point_estimate":337.513409750851,"standard_error":0.04115229475122984},"median":{"confidence_interval":{"confidence_level":0.95,"lower_bound":337.39903311448353,"upper_bound":337.48094192956773},"point_estimate":337.45779815108415,"standard_error":0.02298865815246553},"median_abs_dev":{"confidence_interval":{"confidence_level":0.95,"lower_bound":0.11338687567588113,"upper_bound":0.19107962420026342},"point_estimate":0.1432903993752304,"standard_error":0.01921224770013698},"slope":{"confidence_interval":{"confidence_level":0.95,"lower_bound":337.45611649821797,"upper_bound":337.52961678787375},"point_estimate":337.49263637873725,"standard_error":0.018751528711749774},"std_dev":{"confidence_interval":{"confidence_level":0.95,"lower_bound":0.17126896693435323,"upper_bound":0.6446385391699533},"point_estimate":0.4117835607443851,"standard_error":0.1431288561087109}}