{"mean":{"confidence_interval":{"confidence_level":0.95,"lower_bound":3644.0015104514796,"upper_bound":3644.4599303482323},"point_estimate":3644.2082652509007,"standard_error":0.11798026978526732},"median":{"confidence_interval":{"confidence_level":0.95,"lower_bound":3643.850490196078,"upper_bound":3644.0475619195045},"point_estimate":3643.9358288770054,"standard_error":0.04566053008514742},"median_abs_dev":{"confidence_interval":{"confidence_level":0.95,"lower_bound":0.26921416665288767,"upper_bound":0.4404635959022833},"point_estimate":0.3425080047125127,"standard_error":0.04149118233397649},"slope":{"confidence_interval":{"confidence_level":0.95,"lower_bound":3643.896896959057,"upper_bound":3644.085696491643},"point_estimate":3643.9859261859024,"standard_error":0.04820641923615537},"std_dev":{"confidence_interval":{"confidence_level":0.95,"lower_bound":0.611563192386984,"upper_bound":1.6955985708149444},"point_estimate":1.1869647833412038,"standard_error":0.28357711949433084}}