{"mean":{"confidence_interval":{"confidence_level":0.95,"lower_bound":995.5851521845079,"upper_bound":996.6375264572096},"point_estimate":996.0312889604339,"standard_error":0.27357769617066396},"median":{"confidence_interval":{"confidence_level":0.95,"lower_bound":995.4022877545623,"upper_bound":995.7481742043551},"point_estimate":995.6265439478092,"standard_error":0.09806800135543493},"median_abs_dev":{"confidence_interval":{"confidence_level":0.95,"lower_bound":0.44920792948253363,"upper_bound":0.886262271196825},"point_estimate":0.645793355606208,"standard_error":0.11172217969452203},"slope":{"confidence_interval":{"confidence_level":0.95,"lower_bound":995.4438610659108,"upper_bound":995.9766929382627},"point_estimate":995.6718224222932,"standard_error":0.1359042306021515},"std_dev":{"confidence_interval":{"confidence_level":0.95,"lower_bound":0.8021592704945941,"upper_bound":4.187115720288205},"point_estimate":2.7389659828428266,"standard_error":0.9130828626130076}}