{"mean":{"confidence_interval":{"confidence_level":0.95,"lower_bound":1087.716323464124,"upper_bound":1088.6095331287056},"point_estimate":1088.1156880070384,"standard_error":0.22939081371854073},"median":{"confidence_interval":{"confidence_level":0.95,"lower_bound":1087.3063736263737,"upper_bound":1087.7588465797767},"point_estimate":1087.554547146402,"standard_error":0.1139203643977895},"median_abs_dev":{"confidence_interval":{"confidence_level":0.95,"lower_bound":0.5758592421802307,"upper_bound":1.000634152377991},"point_estimate":0.8010416638490165,"standard_error":0.10872951937871758},"slope":{"confidence_interval":{"confidence_level":0.95,"lower_bound":1087.2532897662843,"upper_bound":1087.5991906704478},"point_estimate":1087.4046788958049,"standard_error":0.08857884424265611},"std_dev":{"confidence_interval":{"confidence_level":0.95,"lower_bound":0.9991893614743311,"upper_bound":3.3499553897990477},"point_estimate":2.3235687927785245,"standard_error":0.6050741036099778}}