{"mean":{"confidence_interval":{"confidence_level":0.95,"lower_bound":995.4504941635877,"upper_bound":996.5822557844032},"point_estimate":995.9430504423475,"standard_error":0.292075662725901},"median":{"confidence_interval":{"confidence_level":0.95,"lower_bound":995.0898090452262,"upper_bound":995.3921033740129},"point_estimate":995.227027284828,"standard_error":0.0778210579353872},"median_abs_dev":{"confidence_interval":{"confidence_level":0.95,"lower_bound":0.5231123991350916,"upper_bound":0.9639917698580249},"point_estimate":0.7812078451628348,"standard_error":0.11323689409138978},"slope":{"confidence_interval":{"confidence_level":0.95,"lower_bound":995.1879392319144,"upper_bound":995.7493044971268},"point_estimate":995.4315983077795,"standard_error":0.14383518296547285},"std_dev":{"confidence_interval":{"confidence_level":0.95,"lower_bound":1.288019068462197,"upper_bound":4.474367057629063},"point_estimate":2.9374534672924097,"standard_error":0.8860683999302459}}