{"mean":{"confidence_interval":{"confidence_level":0.95,"lower_bound":671.9386786047558,"upper_bound":672.8048471474079},"point_estimate":672.3212368369963,"standard_error":0.22245310111126596},"median":{"confidence_interval":{"confidence_level":0.95,"lower_bound":671.5496057985339,"upper_bound":672.1047073365231},"point_estimate":671.8189041733121,"standard_error":0.13875580358248976},"median_abs_dev":{"confidence_interval":{"confidence_level":0.95,"lower_bound":0.7974170820857103,"upper_bound":1.3558831273118885},"point_estimate":1.0519183450822178,"standard_error":0.14761980744021463},"slope":{"confidence_interval":{"confidence_level":0.95,"lower_bound":671.7497483927318,"upper_bound":672.2728404881277},"point_estimate":671.9912430240668,"standard_error":0.13330285502241626},"std_dev":{"confidence_interval":{"confidence_level":0.95,"lower_bound":1.1844377808086284,"upper_bound":3.32319200697644},"point_estimate":2.242677130056328,"standard_error":0.6158071734875915}}