{"mean":{"confidence_interval":{"confidence_level":0.95,"lower_bound":710.2240921720822,"upper_bound":711.8131400909118},"point_estimate":710.8328644358371,"standard_error":0.42790917349999347},"median":{"confidence_interval":{"confidence_level":0.95,"lower_bound":710.0730098437268,"upper_bound":710.647675955843},"point_estimate":710.3378510907783,"standard_error":0.1577691276780006},"median_abs_dev":{"confidence_interval":{"confidence_level":0.95,"lower_bound":1.0875785785374568,"upper_bound":1.6979406057899444},"point_estimate":1.5205134601232995,"standard_error":0.15539191927949111},"slope":{"confidence_interval":{"confidence_level":0.95,"lower_bound":709.7778451785849,"upper_bound":710.247302111062},"point_estimate":710.0042643277983,"standard_error":0.11963478736902969},"std_dev":{"confidence_interval":{"confidence_level":0.95,"lower_bound":1.1807502447613067,"upper_bound":7.149315653951371},"point_estimate":4.291021409036318,"standard_error":2.0356803402704347}}