{"mean":{"confidence_interval":{"confidence_level":0.95,"lower_bound":330.1276345181281,"upper_bound":330.1946857443585},"point_estimate":330.1601159540015,"standard_error":0.017110910253651145},"median":{"confidence_interval":{"confidence_level":0.95,"lower_bound":330.13162165166165,"upper_bound":330.1862952634043},"point_estimate":330.15922430139733,"standard_error":0.012668840632585495},"median_abs_dev":{"confidence_interval":{"confidence_level":0.95,"lower_bound":0.08089256396166142,"upper_bound":0.1584305291282155},"point_estimate":0.12219395660115688,"standard_error":0.020890047176190547},"slope":{"confidence_interval":{"confidence_level":0.95,"lower_bound":330.1198618817719,"upper_bound":330.16261642714926},"point_estimate":330.1408779824298,"standard_error":0.010892294418954633},"std_dev":{"confidence_interval":{"confidence_level":0.95,"lower_bound":0.12734332815837585,"upper_bound":0.21706366940887564},"point_estimate":0.1719756028399114,"standard_error":0.023309880282716824}}