{"mean":{"confidence_interval":{"confidence_level":0.95,"lower_bound":2098.0962763736243,"upper_bound":2103.4435579238907},"point_estimate":2100.056823523665,"standard_error":1.5077141631073057},"median":{"confidence_interval":{"confidence_level":0.95,"lower_bound":2097.218562963404,"upper_bound":2098.2952500141755},"point_estimate":2097.9105679771637,"standard_error":0.2600788213410069},"median_abs_dev":{"confidence_interval":{"confidence_level":0.95,"lower_bound":1.3626133434978447,"upper_bound":2.352697636384482},"point_estimate":1.7855014915105392,"standard_error":0.25499582075492705},"slope":{"confidence_interval":{"confidence_level":0.95,"lower_bound":2097.7317890864542,"upper_bound":2098.663656516754},"point_estimate":2098.182797071099,"standard_error":0.23758526824903625},"std_dev":{"confidence_interval":{"confidence_level":0.95,"lower_bound":2.2654196386049046,"upper_bound":25.520282975024752},"point_estimate":15.114431557116944,"standard_error":7.887392345162571}}