{"mean":{"confidence_interval":{"confidence_level":0.95,"lower_bound":7758.435107772218,"upper_bound":7795.346171228241},"point_estimate":7772.422568298138,"standard_error":9.926237182959039},"median":{"confidence_interval":{"confidence_level":0.95,"lower_bound":7753.658639705883,"upper_bound":7760.490234375},"point_estimate":7756.607532132057,"standard_error":1.8210087015087455},"median_abs_dev":{"confidence_interval":{"confidence_level":0.95,"lower_bound":11.194814169917818,"upper_bound":19.433628744397648},"point_estimate":14.247077838282337,"standard_error":2.12774131721325},"slope":{"confidence_interval":{"confidence_level":0.95,"lower_bound":7756.560686507891,"upper_bound":7781.088469012187},"point_estimate":7767.090923345832,"standard_error":6.358694737473062},"std_dev":{"confidence_interval":{"confidence_level":0.95,"lower_bound":19.46595466115121,"upper_bound":164.81185390834887},"point_estimate":99.06676647536447,"standard_error":46.52245677846142}}