{"mean":{"confidence_interval":{"confidence_level":0.95,"lower_bound":44176.79875764152,"upper_bound":45157.77464301769},"point_estimate":44535.55548990124,"standard_error":280.9930101610949},"median":{"confidence_interval":{"confidence_level":0.95,"lower_bound":44005.6218733226,"upper_bound":44164.0787147635},"point_estimate":44075.13688513197,"standard_error":40.60251016231303},"median_abs_dev":{"confidence_interval":{"confidence_level":0.95,"lower_bound":279.7138030433774,"upper_bound":504.43409235930216},"point_estimate":371.79773145094265,"standard_error":58.68917569788654},"slope":{"confidence_interval":{"confidence_level":0.95,"lower_bound":44039.083541044536,"upper_bound":44297.92957540051},"point_estimate":44153.91654050026,"standard_error":66.69249221387787},"std_dev":{"confidence_interval":{"confidence_level":0.95,"lower_bound":467.72964174204174,"upper_bound":4799.16461022447},"point_estimate":2831.758279619441,"standard_error":1516.0509561187594}}