{"mean":{"confidence_interval":{"confidence_level":0.95,"lower_bound":136024.2802188723,"upper_bound":137440.01124945653},"point_estimate":136671.0327348806,"standard_error":362.6742018267249},"median":{"confidence_interval":{"confidence_level":0.95,"lower_bound":135258.4839785296,"upper_bound":136136.60882352942},"point_estimate":135639.1362401186,"standard_error":237.57910721578997},"median_abs_dev":{"confidence_interval":{"confidence_level":0.95,"lower_bound":1168.9368787068947,"upper_bound":2029.4232743249986},"point_estimate":1494.685623993674,"standard_error":214.41337150973698},"slope":{"confidence_interval":{"confidence_level":0.95,"lower_bound":135598.02902279448,"upper_bound":136452.98918314648},"point_estimate":135998.0141388355,"standard_error":218.4085751439068},"std_dev":{"confidence_interval":{"confidence_level":0.95,"lower_bound":2136.8938916571256,"upper_bound":5062.108244847833},"point_estimate":3629.1124283302825,"standard_error":769.4314532880218}}