{"mean":{"confidence_interval":{"confidence_level":0.95,"lower_bound":84537.34072090988,"upper_bound":84832.69825715825},"point_estimate":84679.471020537,"standard_error":75.19501095305806},"median":{"confidence_interval":{"confidence_level":0.95,"lower_bound":84562.45192307692,"upper_bound":84678.0325203252},"point_estimate":84615.87709614946,"standard_error":26.02124782931624},"median_abs_dev":{"confidence_interval":{"confidence_level":0.95,"lower_bound":184.40157246013237,"upper_bound":338.6302189100323},"point_estimate":233.24932192513666,"standard_error":38.95181565751173},"slope":{"confidence_interval":{"confidence_level":0.95,"lower_bound":84563.21520323849,"upper_bound":84777.75096372761},"point_estimate":84664.6273952022,"standard_error":55.056843992890485},"std_dev":{"confidence_interval":{"confidence_level":0.95,"lower_bound":545.7753613053234,"upper_bound":959.5504809917119},"point_estimate":760.5831556657307,"standard_error":106.38613516866396}}