{"mean":{"confidence_interval":{"confidence_level":0.95,"lower_bound":112.81786416572194,"upper_bound":113.09589743146478},"point_estimate":112.91971938556415,"standard_error":0.07896734527610884},"median":{"confidence_interval":{"confidence_level":0.95,"lower_bound":112.7919761704496,"upper_bound":112.84533795828307},"point_estimate":112.81549548374474,"standard_error":0.013897779041147437},"median_abs_dev":{"confidence_interval":{"confidence_level":0.95,"lower_bound":0.09570702104919564,"upper_bound":0.165389719008583},"point_estimate":0.13664775822921,"standard_error":0.01704412093497422},"slope":{"confidence_interval":{"confidence_level":0.95,"lower_bound":112.82124229815928,"upper_bound":112.89150363483206},"point_estimate":112.8544408332298,"standard_error":0.017954115035125513},"std_dev":{"confidence_interval":{"confidence_level":0.95,"lower_bound":0.14014618204482182,"upper_bound":1.342957745595598},"point_estimate":0.7932765894862839,"standard_error":0.4192597346906117}}