{"mean":{"confidence_interval":{"confidence_level":0.95,"lower_bound":36136.969084329496,"upper_bound":36393.58470238094},"point_estimate":36265.41123987212,"standard_error":65.66191093494712},"median":{"confidence_interval":{"confidence_level":0.95,"lower_bound":36123.91581632653,"upper_bound":36433.96812996032},"point_estimate":36243.08012218046,"standard_error":89.03392547505703},"median_abs_dev":{"confidence_interval":{"confidence_level":0.95,"lower_bound":475.1970159142231,"upper_bound":798.391092004708},"point_estimate":617.5237555170189,"standard_error":78.57751507741202},"slope":{"confidence_interval":{"confidence_level":0.95,"lower_bound":36377.31951022479,"upper_bound":36711.43279790939},"point_estimate":36550.128156811414,"standard_error":85.35655989385143},"std_dev":{"confidence_interval":{"confidence_level":0.95,"lower_bound":569.215783631307,"upper_bound":744.8409915485564},"point_estimate":662.0546583342823,"standard_error":44.86749378032804}}