{"mean":{"confidence_interval":{"confidence_level":0.95,"lower_bound":36379.986627370534,"upper_bound":36502.236137770684},"point_estimate":36444.37438971166,"standard_error":31.191936475144885},"median":{"confidence_interval":{"confidence_level":0.95,"lower_bound":36441.4010989011,"upper_bound":36535.21359262883},"point_estimate":36493.664838435376,"standard_error":27.526653672195714},"median_abs_dev":{"confidence_interval":{"confidence_level":0.95,"lower_bound":139.24225002763706,"upper_bound":228.29524495913506},"point_estimate":175.04902300638489,"standard_error":21.96263874501504},"slope":{"confidence_interval":{"confidence_level":0.95,"lower_bound":36325.90833090884,"upper_bound":36555.191622391314},"point_estimate":36445.283981506895,"standard_error":58.478816946368006},"std_dev":{"confidence_interval":{"confidence_level":0.95,"lower_bound":220.23834147144058,"upper_bound":394.9384938181589},"point_estimate":313.52710838710607,"standard_error":44.72429579250007}}