{"mean":{"confidence_interval":{"confidence_level":0.95,"lower_bound":12.280488833145165,"upper_bound":12.283381948172064},"point_estimate":12.281967807974018,"standard_error":0.0007391603496760748},"median":{"confidence_interval":{"confidence_level":0.95,"lower_bound":12.281070190360655,"upper_bound":12.283381188502604},"point_estimate":12.282096561933862,"standard_error":0.0006503460740637024},"median_abs_dev":{"confidence_interval":{"confidence_level":0.95,"lower_bound":0.004239054933091944,"upper_bound":0.006236525335800746},"point_estimate":0.005446928858303144,"standard_error":0.0005185801849830156},"slope":{"confidence_interval":{"confidence_level":0.95,"lower_bound":12.281261686332007,"upper_bound":12.283252701084137},"point_estimate":12.282259166512437,"standard_error":0.0005077080031354536},"std_dev":{"confidence_interval":{"confidence_level":0.95,"lower_bound":0.0052421076012745095,"upper_bound":0.009555860473403989},"point_estimate":0.007458188570475171,"standard_error":0.0011086781548671936}}