{"mean":{"confidence_interval":{"confidence_level":0.95,"lower_bound":12.329229378356212,"upper_bound":12.332229461275992},"point_estimate":12.330707287479063,"standard_error":0.0007657455019440165},"median":{"confidence_interval":{"confidence_level":0.95,"lower_bound":12.32944770021801,"upper_bound":12.332444391949528},"point_estimate":12.331213945693232,"standard_error":0.0007166394117805591},"median_abs_dev":{"confidence_interval":{"confidence_level":0.95,"lower_bound":0.004596558619500952,"upper_bound":0.0075982703668848435},"point_estimate":0.006100657269658917,"standard_error":0.0007536918475521236},"slope":{"confidence_interval":{"confidence_level":0.95,"lower_bound":12.330453209480776,"upper_bound":12.333121299873968},"point_estimate":12.331764045941851,"standard_error":0.0006810238182765813},"std_dev":{"confidence_interval":{"confidence_level":0.95,"lower_bound":0.006200315631601677,"upper_bound":0.009037370304829411},"point_estimate":0.0076768858389625475,"standard_error":0.0007276090344242498}}