{"mean":{"confidence_interval":{"confidence_level":0.95,"lower_bound":12.25030021828275,"upper_bound":12.256000195991113},"point_estimate":12.253084267548152,"standard_error":0.0014529612658164314},"median":{"confidence_interval":{"confidence_level":0.95,"lower_bound":12.246585592605028,"upper_bound":12.255797133327468},"point_estimate":12.249463404964123,"standard_error":0.0024316670880143573},"median_abs_dev":{"confidence_interval":{"confidence_level":0.95,"lower_bound":0.011252731492676143,"upper_bound":0.016631059840201336},"point_estimate":0.013759362946894706,"standard_error":0.0013428956426705819},"slope":{"confidence_interval":{"confidence_level":0.95,"lower_bound":12.248129007387794,"upper_bound":12.254031435344189},"point_estimate":12.25092519351672,"standard_error":0.001507080891749787},"std_dev":{"confidence_interval":{"confidence_level":0.95,"lower_bound":0.011915664037071212,"upper_bound":0.016982642867800532},"point_estimate":0.014575925602183524,"standard_error":0.0013011951073595568}}