{"mean":{"confidence_interval":{"confidence_level":0.95,"lower_bound":4618.760424551823,"upper_bound":4619.137764010565},"point_estimate":4618.9397562026115,"standard_error":0.09675728005907408},"median":{"confidence_interval":{"confidence_level":0.95,"lower_bound":4618.706663398692,"upper_bound":4619.03022875817},"point_estimate":4618.83598541981,"standard_error":0.08149625629806954},"median_abs_dev":{"confidence_interval":{"confidence_level":0.95,"lower_bound":0.31421303667154316,"upper_bound":0.7786072410787728},"point_estimate":0.5685760172562093,"standard_error":0.11855116544590708},"slope":{"confidence_interval":{"confidence_level":0.95,"lower_bound":4618.679886986424,"upper_bound":4619.044899121213},"point_estimate":4618.852435186771,"standard_error":0.0930583401527398},"std_dev":{"confidence_interval":{"confidence_level":0.95,"lower_bound":0.4681145881248863,"upper_bound":0.9157546094894176},"point_estimate":0.689820714675332,"standard_error":0.11924762567308644}}