{"mean":{"confidence_interval":{"confidence_level":0.95,"lower_bound":4620.707937024022,"upper_bound":4622.902205537366},"point_estimate":4621.692456974678,"standard_error":0.565072825211086},"median":{"confidence_interval":{"confidence_level":0.95,"lower_bound":4619.886114845401,"upper_bound":4620.490157480315},"point_estimate":4620.061949458165,"standard_error":0.15113909553044924},"median_abs_dev":{"confidence_interval":{"confidence_level":0.95,"lower_bound":0.3947778556882949,"upper_bound":1.2583482984400043},"point_estimate":0.6892767196676872,"standard_error":0.21286350058365697},"slope":{"confidence_interval":{"confidence_level":0.95,"lower_bound":4620.008567473274,"upper_bound":4621.065987805988},"point_estimate":4620.452684456959,"standard_error":0.27443614114762166},"std_dev":{"confidence_interval":{"confidence_level":0.95,"lower_bound":1.960368817903248,"upper_bound":5.605679594504047},"point_estimate":4.017985622113387,"standard_error":0.949635292032393}}