{"mean":{"confidence_interval":{"confidence_level":0.95,"lower_bound":71161.97294214997,"upper_bound":71553.3115528365},"point_estimate":71335.54709663823,"standard_error":100.06670640766276},"median":{"confidence_interval":{"confidence_level":0.95,"lower_bound":71238.48964803312,"upper_bound":71423.32692307692},"point_estimate":71316.73477891157,"standard_error":50.28949552618607},"median_abs_dev":{"confidence_interval":{"confidence_level":0.95,"lower_bound":271.1457869892768,"upper_bound":538.7418857276192},"point_estimate":370.32677780038443,"standard_error":70.23113181182008},"slope":{"confidence_interval":{"confidence_level":0.95,"lower_bound":70761.29245751453,"upper_bound":71145.8183123934},"point_estimate":70938.45511959298,"standard_error":98.26316804541565},"std_dev":{"confidence_interval":{"confidence_level":0.95,"lower_bound":536.690952729659,"upper_bound":1515.4070931705057},"point_estimate":1007.4137420807004,"standard_error":296.08413520126015}}