{"mean":{"confidence_interval":{"confidence_level":0.95,"lower_bound":69802.15443836992,"upper_bound":69941.20934835316},"point_estimate":69865.26234451868,"standard_error":35.47313869100679},"median":{"confidence_interval":{"confidence_level":0.95,"lower_bound":69708.21746031746,"upper_bound":69825.02110745614},"point_estimate":69756.06374001454,"standard_error":29.803171061922487},"median_abs_dev":{"confidence_interval":{"confidence_level":0.95,"lower_bound":111.90024922549372,"upper_bound":238.52824209730255},"point_estimate":172.50571453320993,"standard_error":32.755289389843256},"slope":{"confidence_interval":{"confidence_level":0.95,"lower_bound":69778.66978195882,"upper_bound":69935.03635488659},"point_estimate":69843.28806817398,"standard_error":40.92712000479902},"std_dev":{"confidence_interval":{"confidence_level":0.95,"lower_bound":200.49847060876561,"upper_bound":504.2331824687481},"point_estimate":356.91527390308994,"standard_error":80.36179887774631}}