{"mean":{"confidence_interval":{"confidence_level":0.95,"lower_bound":29.280865122208187,"upper_bound":29.40159824248328},"point_estimate":29.336886455444745,"standard_error":0.03087632110242524},"median":{"confidence_interval":{"confidence_level":0.95,"lower_bound":29.246363639357327,"upper_bound":29.35754680260415},"point_estimate":29.310334270957107,"standard_error":0.025146558325219247},"median_abs_dev":{"confidence_interval":{"confidence_level":0.95,"lower_bound":0.16870637671958524,"upper_bound":0.29108863628804826},"point_estimate":0.22313159205120378,"standard_error":0.030196690897954098},"slope":{"confidence_interval":{"confidence_level":0.95,"lower_bound":29.270070379741075,"upper_bound":29.37029853329075},"point_estimate":29.31886771625053,"standard_error":0.0254901519473809},"std_dev":{"confidence_interval":{"confidence_level":0.95,"lower_bound":0.2038418602140065,"upper_bound":0.4352377337023411},"point_estimate":0.31080455745687197,"standard_error":0.067858664366853}}