{"mean":{"confidence_interval":{"confidence_level":0.95,"lower_bound":30.303106307852943,"upper_bound":30.396035950428438},"point_estimate":30.34400032613464,"standard_error":0.023873210941898995},"median":{"confidence_interval":{"confidence_level":0.95,"lower_bound":30.280636370585537,"upper_bound":30.334907089547052},"point_estimate":30.315850382785683,"standard_error":0.011910142605300711},"median_abs_dev":{"confidence_interval":{"confidence_level":0.95,"lower_bound":0.08026357303871548,"upper_bound":0.12640326299936072},"point_estimate":0.10068846473994675,"standard_error":0.011786036355016117},"slope":{"confidence_interval":{"confidence_level":0.95,"lower_bound":30.276806913190274,"upper_bound":30.337491965453847},"point_estimate":30.30604233902456,"standard_error":0.015459436371553264},"std_dev":{"confidence_interval":{"confidence_level":0.95,"lower_bound":0.11851035192232863,"upper_bound":0.361946497000539},"point_estimate":0.24082837142310523,"standard_error":0.06955097793945866}}