{"mean":{"confidence_interval":{"confidence_level":0.95,"lower_bound":89.6282643030871,"upper_bound":89.65350307104733},"point_estimate":89.64024281022883,"standard_error":0.006461649648786006},"median":{"confidence_interval":{"confidence_level":0.95,"lower_bound":89.6211439479638,"upper_bound":89.63843137254902},"point_estimate":89.62730446024564,"standard_error":0.004690064851730508},"median_abs_dev":{"confidence_interval":{"confidence_level":0.95,"lower_bound":0.029172136166419758,"upper_bound":0.04716103769626945},"point_estimate":0.03777179797194738,"standard_error":0.004234637692129795},"slope":{"confidence_interval":{"confidence_level":0.95,"lower_bound":89.62640438156357,"upper_bound":89.64527524274067},"point_estimate":89.63541479859339,"standard_error":0.004807046482426762},"std_dev":{"confidence_interval":{"confidence_level":0.95,"lower_bound":0.04460211805978757,"upper_bound":0.08332963238649797},"point_estimate":0.06511556263263202,"standard_error":0.009910680556064368}}