{"mean":{"confidence_interval":{"confidence_level":0.95,"lower_bound":89.40192925765648,"upper_bound":89.43086142914733},"point_estimate":89.41571893667437,"standard_error":0.0073875235977651455},"median":{"confidence_interval":{"confidence_level":0.95,"lower_bound":89.39540632054177,"upper_bound":89.41595003363203},"point_estimate":89.40354157769508,"standard_error":0.00478877449196355},"median_abs_dev":{"confidence_interval":{"confidence_level":0.95,"lower_bound":0.035521591500478095,"upper_bound":0.0593725271626393},"point_estimate":0.04753599476452316,"standard_error":0.005916850303577606},"slope":{"confidence_interval":{"confidence_level":0.95,"lower_bound":89.39964059938536,"upper_bound":89.41938895201933},"point_estimate":89.40891236551302,"standard_error":0.005034639127887785},"std_dev":{"confidence_interval":{"confidence_level":0.95,"lower_bound":0.05243734406151471,"upper_bound":0.09407298417313513},"point_estimate":0.07400156821631422,"standard_error":0.010700719939589777}}