{"mean":{"confidence_interval":{"confidence_level":0.95,"lower_bound":73.4962197235017,"upper_bound":73.52717386725875},"point_estimate":73.51108011769139,"standard_error":0.0079150114225126},"median":{"confidence_interval":{"confidence_level":0.95,"lower_bound":73.49400606157224,"upper_bound":73.52725659229209},"point_estimate":73.51413232526491,"standard_error":0.009191646427262137},"median_abs_dev":{"confidence_interval":{"confidence_level":0.95,"lower_bound":0.04020215054852221,"upper_bound":0.07010559534368212},"point_estimate":0.049003037508712016,"standard_error":0.007556995190007975},"slope":{"confidence_interval":{"confidence_level":0.95,"lower_bound":73.49426015559641,"upper_bound":73.52199513511613},"point_estimate":73.50856441595896,"standard_error":0.007090315335112047},"std_dev":{"confidence_interval":{"confidence_level":0.95,"lower_bound":0.05689749470997349,"upper_bound":0.10421463136951237},"point_estimate":0.07935102127448053,"standard_error":0.012575663708030585}}