{"mean":{"confidence_interval":{"confidence_level":0.95,"lower_bound":71.68473272144145,"upper_bound":71.82420625104173},"point_estimate":71.75363441384303,"standard_error":0.035510770770034145},"median":{"confidence_interval":{"confidence_level":0.95,"lower_bound":71.66351897174349,"upper_bound":71.79775422867831},"point_estimate":71.7352773190586,"standard_error":0.0331841351854296},"median_abs_dev":{"confidence_interval":{"confidence_level":0.95,"lower_bound":0.19627756829765322,"upper_bound":0.3265164322193378},"point_estimate":0.24628577742216196,"standard_error":0.03339172189463063},"slope":{"confidence_interval":{"confidence_level":0.95,"lower_bound":71.64614411692747,"upper_bound":71.73296312698172},"point_estimate":71.6878812373918,"standard_error":0.022123302213171187},"std_dev":{"confidence_interval":{"confidence_level":0.95,"lower_bound":0.27588497020953107,"upper_bound":0.43304114785128456},"point_estimate":0.35557877284796235,"standard_error":0.04030104473028754}}