{"mean":{"confidence_interval":{"confidence_level":0.95,"lower_bound":171.35369196714822,"upper_bound":171.7444160657718},"point_estimate":171.52872413381203,"standard_error":0.10030726897927465},"median":{"confidence_interval":{"confidence_level":0.95,"lower_bound":171.26331967605444,"upper_bound":171.38738751847518},"point_estimate":171.30942030868368,"standard_error":0.03146036326033873},"median_abs_dev":{"confidence_interval":{"confidence_level":0.95,"lower_bound":0.10516131770378083,"upper_bound":0.26562391114706735},"point_estimate":0.1567165147666832,"standard_error":0.04215080679521802},"slope":{"confidence_interval":{"confidence_level":0.95,"lower_bound":171.3100281805347,"upper_bound":171.96792323392552},"point_estimate":171.5969605212506,"standard_error":0.17394133626944075},"std_dev":{"confidence_interval":{"confidence_level":0.95,"lower_bound":0.3347888434284045,"upper_bound":0.989708630006801},"point_estimate":0.7163983589683988,"standard_error":0.16723448841747943}}