{"mean":{"confidence_interval":{"confidence_level":0.95,"lower_bound":164.39856426132042,"upper_bound":164.75293562166306},"point_estimate":164.53902278579267,"standard_error":0.09446489463542927},"median":{"confidence_interval":{"confidence_level":0.95,"lower_bound":164.36333226771907,"upper_bound":164.45579687390972},"point_estimate":164.40330969576445,"standard_error":0.021776742476230876},"median_abs_dev":{"confidence_interval":{"confidence_level":0.95,"lower_bound":0.09953474099838566,"upper_bound":0.22660295139770598},"point_estimate":0.16386399170517985,"standard_error":0.03298769121284479},"slope":{"confidence_interval":{"confidence_level":0.95,"lower_bound":164.3679912442227,"upper_bound":164.49289412868833},"point_estimate":164.42235590870592,"standard_error":0.031995484900487335},"std_dev":{"confidence_interval":{"confidence_level":0.95,"lower_bound":0.16689710245608386,"upper_bound":1.0922464819337276},"point_estimate":0.6730012334854091,"standard_error":0.2917408440196046}}