{"mean":{"confidence_interval":{"confidence_level":0.95,"lower_bound":333.05074111367236,"upper_bound":334.19161585104393},"point_estimate":333.4807656853186,"standard_error":0.3096281849308631},"median":{"confidence_interval":{"confidence_level":0.95,"lower_bound":332.89609411764707,"upper_bound":333.2383219374707},"point_estimate":333.14218094660544,"standard_error":0.0911656210716738},"median_abs_dev":{"confidence_interval":{"confidence_level":0.95,"lower_bound":0.4226234008597943,"upper_bound":0.7066460240691775},"point_estimate":0.5635804141343846,"standard_error":0.069113013198239},"slope":{"confidence_interval":{"confidence_level":0.95,"lower_bound":333.03004573970446,"upper_bound":333.2893203572362},"point_estimate":333.15510872660576,"standard_error":0.06606092614042203},"std_dev":{"confidence_interval":{"confidence_level":0.95,"lower_bound":0.6745877069203128,"upper_bound":5.17361802193984},"point_estimate":3.09823877799914,"standard_error":1.4945543210581025}}