{"mean":{"confidence_interval":{"confidence_level":0.95,"lower_bound":343.12433887768896,"upper_bound":348.04424649866183},"point_estimate":345.1333207678927,"standard_error":1.2863729826175188},"median":{"confidence_interval":{"confidence_level":0.95,"lower_bound":342.5915582866006,"upper_bound":342.8319038917616},"point_estimate":342.7007577766288,"standard_error":0.0652550726543127},"median_abs_dev":{"confidence_interval":{"confidence_level":0.95,"lower_bound":0.35234727964424234,"upper_bound":0.5930835812977916},"point_estimate":0.43995537385014194,"standard_error":0.06003982084279513},"slope":{"confidence_interval":{"confidence_level":0.95,"lower_bound":342.86696715702163,"upper_bound":346.0240631700788},"point_estimate":344.23234242300435,"standard_error":0.8085044093972921},"std_dev":{"confidence_interval":{"confidence_level":0.95,"lower_bound":2.044398062995446,"upper_bound":20.36665790271507},"point_estimate":12.877033977799808,"standard_error":4.939878281390022}}