{"mean":{"confidence_interval":{"confidence_level":0.95,"lower_bound":262.240468647285,"upper_bound":262.9262703636451},"point_estimate":262.52411706030307,"standard_error":0.1777989974935739},"median":{"confidence_interval":{"confidence_level":0.95,"lower_bound":262.20182067666093,"upper_bound":262.3197661519347},"point_estimate":262.2418847417199,"standard_error":0.031123469013969438},"median_abs_dev":{"confidence_interval":{"confidence_level":0.95,"lower_bound":0.22319423392631696,"upper_bound":0.39316713559178046},"point_estimate":0.3225918073719004,"standard_error":0.042026818029089655},"slope":{"confidence_interval":{"confidence_level":0.95,"lower_bound":262.28058411424547,"upper_bound":262.6743461383779},"point_estimate":262.4394435455658,"standard_error":0.1026795652920914},"std_dev":{"confidence_interval":{"confidence_level":0.95,"lower_bound":0.45627585914282426,"upper_bound":2.8378238609422435},"point_estimate":1.7816651293226595,"standard_error":0.6480309707078368}}