{"mean":{"confidence_interval":{"confidence_level":0.95,"lower_bound":9.065107149577551,"upper_bound":9.067514270576886},"point_estimate":9.06623519215611,"standard_error":0.0006167776787501671},"median":{"confidence_interval":{"confidence_level":0.95,"lower_bound":9.064635657131564,"upper_bound":9.067158527315213},"point_estimate":9.06642857245957,"standard_error":0.0006599518392314036},"median_abs_dev":{"confidence_interval":{"confidence_level":0.95,"lower_bound":0.0034905498942132684,"upper_bound":0.0059462683471245064},"point_estimate":0.004426229849400961,"standard_error":0.0006226461156526813},"slope":{"confidence_interval":{"confidence_level":0.95,"lower_bound":9.06470379704209,"upper_bound":9.066829391545184},"point_estimate":9.06577075051015,"standard_error":0.0005448936350448858},"std_dev":{"confidence_interval":{"confidence_level":0.95,"lower_bound":0.004005988309140727,"upper_bound":0.008513526105844974},"point_estimate":0.006197142579546202,"standard_error":0.0012069803934212726}}