{"mean":{"confidence_interval":{"confidence_level":0.95,"lower_bound":55061.29348643779,"upper_bound":55602.831941884215},"point_estimate":55285.0527365711,"standard_error":140.64778706104445},"median":{"confidence_interval":{"confidence_level":0.95,"lower_bound":54884.0,"upper_bound":55113.366041814734},"point_estimate":54957.95767450143,"standard_error":55.484107462876125},"median_abs_dev":{"confidence_interval":{"confidence_level":0.95,"lower_bound":337.60824441560766,"upper_bound":595.0359824234223},"point_estimate":473.85581611438533,"standard_error":67.67401415482507},"slope":{"confidence_interval":{"confidence_level":0.95,"lower_bound":54955.848543256274,"upper_bound":55187.55860119183},"point_estimate":55058.78162455052,"standard_error":59.24571932066242},"std_dev":{"confidence_interval":{"confidence_level":0.95,"lower_bound":578.6943104266815,"upper_bound":2231.1624472273165},"point_estimate":1407.9274671054018,"standard_error":532.1064204319501}}