{"mean":{"confidence_interval":{"confidence_level":0.95,"lower_bound":53353.51969644102,"upper_bound":53490.40589428465},"point_estimate":53415.37523058432,"standard_error":34.97693266383241},"median":{"confidence_interval":{"confidence_level":0.95,"lower_bound":53310.05209452202,"upper_bound":53401.80676598991},"point_estimate":53349.06802827965,"standard_error":24.523477152296778},"median_abs_dev":{"confidence_interval":{"confidence_level":0.95,"lower_bound":103.71783426083795,"upper_bound":188.54986466309288},"point_estimate":145.0173518113909,"standard_error":21.88193890417699},"slope":{"confidence_interval":{"confidence_level":0.95,"lower_bound":53337.54188497725,"upper_bound":53425.38737820956},"point_estimate":53378.92810870089,"standard_error":22.395685751599757},"std_dev":{"confidence_interval":{"confidence_level":0.95,"lower_bound":172.9638815404665,"upper_bound":501.55183730382714},"point_estimate":351.1904647635429,"standard_error":83.25526181247126}}