{"mean":{"confidence_interval":{"confidence_level":0.95,"lower_bound":145962.0543762116,"upper_bound":146018.86864352872},"point_estimate":145989.46408302605,"standard_error":14.53773490504026},"median":{"confidence_interval":{"confidence_level":0.95,"lower_bound":145933.02290182936,"upper_bound":145998.100048216},"point_estimate":145953.89109052712,"standard_error":16.21919681229194},"median_abs_dev":{"confidence_interval":{"confidence_level":0.95,"lower_bound":95.45944776179375,"upper_bound":152.0728936876162},"point_estimate":122.11456225461983,"standard_error":13.636482105873398},"slope":{"confidence_interval":{"confidence_level":0.95,"lower_bound":145941.7334648122,"upper_bound":146020.42371233104},"point_estimate":145977.5713855053,"standard_error":20.127535592738308},"std_dev":{"confidence_interval":{"confidence_level":0.95,"lower_bound":113.17895030610615,"upper_bound":179.25979922214728},"point_estimate":146.2179454685918,"standard_error":17.047325398317927}}