{"mean":{"confidence_interval":{"confidence_level":0.95,"lower_bound":1046.9663822182767,"upper_bound":1049.4992835716478},"point_estimate":1048.001392196397,"standard_error":0.664078608227528},"median":{"confidence_interval":{"confidence_level":0.95,"lower_bound":1046.5573665120976,"upper_bound":1047.0895583576619},"point_estimate":1046.8144047853825,"standard_error":0.13613644665132574},"median_abs_dev":{"confidence_interval":{"confidence_level":0.95,"lower_bound":0.670355666624831,"upper_bound":1.1399572222683203},"point_estimate":0.9079134602272968,"standard_error":0.1204927365855179},"slope":{"confidence_interval":{"confidence_level":0.95,"lower_bound":1046.716992912005,"upper_bound":1047.2210866840235},"point_estimate":1046.9366055281946,"standard_error":0.12877771441602798},"std_dev":{"confidence_interval":{"confidence_level":0.95,"lower_bound":1.8384431110678716,"upper_bound":10.734003584315966},"point_estimate":6.67801894542991,"standard_error":2.6112359480464704}}