{"mean":{"confidence_interval":{"confidence_level":0.95,"lower_bound":1344.4121126258924,"upper_bound":1346.534842735731},"point_estimate":1345.338726138372,"standard_error":0.5463077860749682},"median":{"confidence_interval":{"confidence_level":0.95,"lower_bound":1343.8030576906087,"upper_bound":1344.4686834733893},"point_estimate":1344.1898754184213,"standard_error":0.17904376075486786},"median_abs_dev":{"confidence_interval":{"confidence_level":0.95,"lower_bound":0.7899581926623773,"upper_bound":1.3745130270050097},"point_estimate":1.0169281452111985,"standard_error":0.14887632917852806},"slope":{"confidence_interval":{"confidence_level":0.95,"lower_bound":1344.4736679645741,"upper_bound":1347.8830823741894},"point_estimate":1345.8347014090991,"standard_error":0.9080389094682987},"std_dev":{"confidence_interval":{"confidence_level":0.95,"lower_bound":1.9972992660176263,"upper_bound":8.134569685676553},"point_estimate":5.498515907185908,"standard_error":1.5847291771802847}}