{"mean":{"confidence_interval":{"confidence_level":0.95,"lower_bound":1304.4871224364495,"upper_bound":1306.699650648902},"point_estimate":1305.4618294954537,"standard_error":0.5644990815280765},"median":{"confidence_interval":{"confidence_level":0.95,"lower_bound":1305.1703625744865,"upper_bound":1306.725},"point_estimate":1305.8933197409451,"standard_error":0.38414943331781665},"median_abs_dev":{"confidence_interval":{"confidence_level":0.95,"lower_bound":1.9696322680196072,"upper_bound":3.4862044802917076},"point_estimate":2.490956225265803,"standard_error":0.4098768476146141},"slope":{"confidence_interval":{"confidence_level":0.95,"lower_bound":1304.4271789215684,"upper_bound":1306.2345658325728},"point_estimate":1305.3640543566032,"standard_error":0.46181239299728943},"std_dev":{"confidence_interval":{"confidence_level":0.95,"lower_bound":2.912153133803258,"upper_bound":8.762005637615777},"point_estimate":5.704241617478469,"standard_error":1.8055800979185677}}