{"mean":{"confidence_interval":{"confidence_level":0.95,"lower_bound":128.97161531291601,"upper_bound":129.02685402722676},"point_estimate":128.99858522928452,"standard_error":0.014155185433358013},"median":{"confidence_interval":{"confidence_level":0.95,"lower_bound":128.94589336907555,"upper_bound":129.0163688189001},"point_estimate":128.97520570386092,"standard_error":0.017007822191594066},"median_abs_dev":{"confidence_interval":{"confidence_level":0.95,"lower_bound":0.09442959695646824,"upper_bound":0.15532232706947185},"point_estimate":0.11717336617616528,"standard_error":0.01539304230859223},"slope":{"confidence_interval":{"confidence_level":0.95,"lower_bound":128.93946323214624,"upper_bound":128.98252701791253},"point_estimate":128.96076874200438,"standard_error":0.011018888433034724},"std_dev":{"confidence_interval":{"confidence_level":0.95,"lower_bound":0.11269740361257896,"upper_bound":0.17317241972456726},"point_estimate":0.1423493370680503,"standard_error":0.015630337514710206}}