{"mean":{"confidence_interval":{"confidence_level":0.95,"lower_bound":129.13881496420987,"upper_bound":129.17137605912},"point_estimate":129.1548397653555,"standard_error":0.008307481163043655},"median":{"confidence_interval":{"confidence_level":0.95,"lower_bound":129.141379567348,"upper_bound":129.17146948815136},"point_estimate":129.15804032428852,"standard_error":0.0073643183304219085},"median_abs_dev":{"confidence_interval":{"confidence_level":0.95,"lower_bound":0.04997422154922329,"upper_bound":0.08113165605531515},"point_estimate":0.06751721500931154,"standard_error":0.007630851446929693},"slope":{"confidence_interval":{"confidence_level":0.95,"lower_bound":129.1471220039689,"upper_bound":129.1783915865247},"point_estimate":129.16251665428646,"standard_error":0.007973846217660509},"std_dev":{"confidence_interval":{"confidence_level":0.95,"lower_bound":0.06461394341687658,"upper_bound":0.10123526732034692},"point_estimate":0.08312911691154426,"standard_error":0.009397186260281765}}