{"mean":{"confidence_interval":{"confidence_level":0.95,"lower_bound":128.8839021950997,"upper_bound":128.94106602275366},"point_estimate":128.91248283213577,"standard_error":0.01455163738089561},"median":{"confidence_interval":{"confidence_level":0.95,"lower_bound":128.8790864518922,"upper_bound":128.9421242021623},"point_estimate":128.91741631636432,"standard_error":0.01529352331888529},"median_abs_dev":{"confidence_interval":{"confidence_level":0.95,"lower_bound":0.08609054160930511,"upper_bound":0.13718342984087836},"point_estimate":0.1055582855404592,"standard_error":0.012910567192515161},"slope":{"confidence_interval":{"confidence_level":0.95,"lower_bound":128.88561747717966,"upper_bound":128.9292116592174},"point_estimate":128.90735346940232,"standard_error":0.011116644695739584},"std_dev":{"confidence_interval":{"confidence_level":0.95,"lower_bound":0.1170837312636345,"upper_bound":0.17360920146012018},"point_estimate":0.14640110016259905,"standard_error":0.014465531522718487}}