{"mean":{"confidence_interval":{"confidence_level":0.95,"lower_bound":27907.18615735102,"upper_bound":27957.296328115084},"point_estimate":27932.743921279292,"standard_error":12.783669438441004},"median":{"confidence_interval":{"confidence_level":0.95,"lower_bound":27898.555555555555,"upper_bound":27984.329307568438},"point_estimate":27930.157004830915,"standard_error":23.76054579182547},"median_abs_dev":{"confidence_interval":{"confidence_level":0.95,"lower_bound":100.06843615183315,"upper_bound":151.30839428954351},"point_estimate":127.3916744964752,"standard_error":12.90086686271245},"slope":{"confidence_interval":{"confidence_level":0.95,"lower_bound":27970.683921311083,"upper_bound":28012.972953074936},"point_estimate":27992.244048569035,"standard_error":10.841195996267261},"std_dev":{"confidence_interval":{"confidence_level":0.95,"lower_bound":104.44333665977535,"upper_bound":152.47361964396515},"point_estimate":128.8328942828017,"standard_error":12.288423473600172}}