{"mean":{"confidence_interval":{"confidence_level":0.95,"lower_bound":28538.012818001425,"upper_bound":28591.232154885947},"point_estimate":28564.79491426968,"standard_error":13.549733588630072},"median":{"confidence_interval":{"confidence_level":0.95,"lower_bound":28530.521212121213,"upper_bound":28613.031652661062},"point_estimate":28562.306737012987,"standard_error":20.47836263977369},"median_abs_dev":{"confidence_interval":{"confidence_level":0.95,"lower_bound":105.4123540379977,"upper_bound":165.94802462456548},"point_estimate":135.37240700235355,"standard_error":15.655573021645898},"slope":{"confidence_interval":{"confidence_level":0.95,"lower_bound":28609.0085864895,"upper_bound":28659.152129495727},"point_estimate":28634.68479039034,"standard_error":12.820778622528206},"std_dev":{"confidence_interval":{"confidence_level":0.95,"lower_bound":118.07821625319569,"upper_bound":151.27303117086802},"point_estimate":135.80470657678168,"standard_error":8.462429112471813}}