{"mean":{"confidence_interval":{"confidence_level":0.95,"lower_bound":28558.886100113916,"upper_bound":28614.593773819488},"point_estimate":28586.911864138343,"standard_error":14.2174925120608},"median":{"confidence_interval":{"confidence_level":0.95,"lower_bound":28566.43193277311,"upper_bound":28632.614285714284},"point_estimate":28586.204761904763,"standard_error":17.47714092163451},"median_abs_dev":{"confidence_interval":{"confidence_level":0.95,"lower_bound":118.10317899252003,"upper_bound":196.2705339956049},"point_estimate":164.74144321560578,"standard_error":20.036151904746962},"slope":{"confidence_interval":{"confidence_level":0.95,"lower_bound":28569.869836089212,"upper_bound":28639.534854291902},"point_estimate":28605.441006396588,"standard_error":17.76578672823658},"std_dev":{"confidence_interval":{"confidence_level":0.95,"lower_bound":124.94665099832325,"upper_bound":159.53049357653197},"point_estimate":142.98948229362486,"standard_error":8.817827608700911}}