{"mean":{"confidence_interval":{"confidence_level":0.95,"lower_bound":285.54533656779984,"upper_bound":286.21862926856153},"point_estimate":285.80730015876907,"standard_error":0.17893541209640235},"median":{"confidence_interval":{"confidence_level":0.95,"lower_bound":285.39548269201373,"upper_bound":285.5436529102315},"point_estimate":285.46927440609886,"standard_error":0.03958813367051564},"median_abs_dev":{"confidence_interval":{"confidence_level":0.95,"lower_bound":0.1892030790191434,"upper_bound":0.35332052564612687},"point_estimate":0.24723035381017255,"standard_error":0.04593131253507716},"slope":{"confidence_interval":{"confidence_level":0.95,"lower_bound":285.491804437415,"upper_bound":285.64603700063},"point_estimate":285.5651990475864,"standard_error":0.03937560948915914},"std_dev":{"confidence_interval":{"confidence_level":0.95,"lower_bound":0.45245638526347176,"upper_bound":2.9663916179730476},"point_estimate":1.7999301509973484,"standard_error":0.8091326985168548}}