{"mean":{"confidence_interval":{"confidence_level":0.95,"lower_bound":282.5252780999341,"upper_bound":282.74467435631936},"point_estimate":282.6219831889967,"standard_error":0.056397190875273014},"median":{"confidence_interval":{"confidence_level":0.95,"lower_bound":282.4642552586697,"upper_bound":282.5683428473526},"point_estimate":282.50314015859067,"standard_error":0.028003350169479243},"median_abs_dev":{"confidence_interval":{"confidence_level":0.95,"lower_bound":0.15297926088577524,"upper_bound":0.27198509039586705},"point_estimate":0.216378287026267,"standard_error":0.031380373122366856},"slope":{"confidence_interval":{"confidence_level":0.95,"lower_bound":282.49348591995795,"upper_bound":282.6250141511922},"point_estimate":282.5551497775421,"standard_error":0.03364734331776465},"std_dev":{"confidence_interval":{"confidence_level":0.95,"lower_bound":0.26166427139995135,"upper_bound":0.8414733833962578},"point_estimate":0.5671224274186834,"standard_error":0.1546657204796588}}