{"mean":{"confidence_interval":{"confidence_level":0.95,"lower_bound":281.26837577393013,"upper_bound":281.8266593310334},"point_estimate":281.50444059185395,"standard_error":0.1446617268442539},"median":{"confidence_interval":{"confidence_level":0.95,"lower_bound":281.16066921135257,"upper_bound":281.2811731207289},"point_estimate":281.2321622384717,"standard_error":0.02910504192165979},"median_abs_dev":{"confidence_interval":{"confidence_level":0.95,"lower_bound":0.18850307348933892,"upper_bound":0.32883812248395206},"point_estimate":0.26929774733954553,"standard_error":0.03652384275314922},"slope":{"confidence_interval":{"confidence_level":0.95,"lower_bound":281.2664675841332,"upper_bound":281.5000947811718},"point_estimate":281.3652294390269,"standard_error":0.06010310842855299},"std_dev":{"confidence_interval":{"confidence_level":0.95,"lower_bound":0.341438746295497,"upper_bound":2.2443008182316677},"point_estimate":1.4538919873667144,"standard_error":0.5045788438737663}}