{"mean":{"confidence_interval":{"confidence_level":0.95,"lower_bound":145473.20936375624,"upper_bound":145552.3607165281},"point_estimate":145510.90333891904,"standard_error":20.26457907249876},"median":{"confidence_interval":{"confidence_level":0.95,"lower_bound":145427.2926267281,"upper_bound":145493.94665874666},"point_estimate":145462.77823920266,"standard_error":18.26955863897966},"median_abs_dev":{"confidence_interval":{"confidence_level":0.95,"lower_bound":94.08921045864274,"upper_bound":160.36683149253562},"point_estimate":128.86777499721114,"standard_error":15.996267221007301},"slope":{"confidence_interval":{"confidence_level":0.95,"lower_bound":145404.51215737368,"upper_bound":145461.1072227851},"point_estimate":145430.62442905697,"standard_error":14.46462111567058},"std_dev":{"confidence_interval":{"confidence_level":0.95,"lower_bound":149.1184659124085,"upper_bound":255.95261739027552},"point_estimate":203.61240087818254,"standard_error":27.492375312319915}}