{"mean":{"confidence_interval":{"confidence_level":0.95,"lower_bound":144414.22603616753,"upper_bound":144501.9173414294},"point_estimate":144455.31791578897,"standard_error":22.402024686101846},"median":{"confidence_interval":{"confidence_level":0.95,"lower_bound":144400.91887125222,"upper_bound":144458.60192981467},"point_estimate":144429.77838827838,"standard_error":14.375156372739793},"median_abs_dev":{"confidence_interval":{"confidence_level":0.95,"lower_bound":109.58254819107293,"upper_bound":173.09847250559878},"point_estimate":136.06984858428802,"standard_error":15.43365147000733},"slope":{"confidence_interval":{"confidence_level":0.95,"lower_bound":144398.23685720057,"upper_bound":144489.67174689996},"point_estimate":144441.8961916021,"standard_error":23.37910338967462},"std_dev":{"confidence_interval":{"confidence_level":0.95,"lower_bound":150.6455445834797,"upper_bound":302.70914724979104},"point_estimate":225.1344835144174,"standard_error":40.383759016332945}}