{"mean":{"confidence_interval":{"confidence_level":0.95,"lower_bound":145130.35574021176,"upper_bound":145221.42080573685},"point_estimate":145171.47535965207,"standard_error":23.39671948388626},"median":{"confidence_interval":{"confidence_level":0.95,"lower_bound":145088.99285714288,"upper_bound":145150.2492063492},"point_estimate":145123.13109330198,"standard_error":16.742062180508828},"median_abs_dev":{"confidence_interval":{"confidence_level":0.95,"lower_bound":90.49859564356657,"upper_bound":165.8699903885226},"point_estimate":123.43098638008814,"standard_error":18.940643865456686},"slope":{"confidence_interval":{"confidence_level":0.95,"lower_bound":145121.9785806348,"upper_bound":145218.683178151},"point_estimate":145166.49214422936,"standard_error":24.554779572325106},"std_dev":{"confidence_interval":{"confidence_level":0.95,"lower_bound":127.77610045991226,"upper_bound":341.83670596763073},"point_estimate":235.5336030413832,"standard_error":58.24549143450383}}