{"mean":{"confidence_interval":{"confidence_level":0.95,"lower_bound":14429.524170795896,"upper_bound":14465.34376374798},"point_estimate":14443.820513628983,"standard_error":9.41340972663586},"median":{"confidence_interval":{"confidence_level":0.95,"lower_bound":14420.349896480331,"upper_bound":14436.186126038105},"point_estimate":14428.693215464604,"standard_error":2.9756577929925365},"median_abs_dev":{"confidence_interval":{"confidence_level":0.95,"lower_bound":17.256918255501226,"upper_bound":31.598562991296408},"point_estimate":22.55310497717625,"standard_error":3.633713305206476},"slope":{"confidence_interval":{"confidence_level":0.95,"lower_bound":14428.996442315854,"upper_bound":14442.363866189806},"point_estimate":14435.056296905486,"standard_error":3.4050391866755656},"std_dev":{"confidence_interval":{"confidence_level":0.95,"lower_bound":27.96704415209845,"upper_bound":155.4019004372252},"point_estimate":95.12852046927932,"standard_error":40.436018260536706}}