{"mean":{"confidence_interval":{"confidence_level":0.95,"lower_bound":15406.163302995028,"upper_bound":15424.365879829758},"point_estimate":15413.837097792619,"standard_error":4.721330379096489},"median":{"confidence_interval":{"confidence_level":0.95,"lower_bound":15403.900744416873,"upper_bound":15414.58564102564},"point_estimate":15408.271393350238,"standard_error":2.7236515573807214},"median_abs_dev":{"confidence_interval":{"confidence_level":0.95,"lower_bound":14.449179554126802,"upper_bound":24.315465685362497},"point_estimate":18.93065385165148,"standard_error":2.480707898603808},"slope":{"confidence_interval":{"confidence_level":0.95,"lower_bound":15405.591269520468,"upper_bound":15415.0779935933},"point_estimate":15410.205448022643,"standard_error":2.4175787628864667},"std_dev":{"confidence_interval":{"confidence_level":0.95,"lower_bound":21.192837378435655,"upper_bound":74.41743159755399},"point_estimate":47.35675734381779,"standard_error":17.172657165084313}}