{"mean":{"confidence_interval":{"confidence_level":0.95,"lower_bound":28516.427796475622,"upper_bound":28551.59672934426},"point_estimate":28531.72705794961,"standard_error":9.040179261910906},"median":{"confidence_interval":{"confidence_level":0.95,"lower_bound":28505.554703832753,"upper_bound":28524.57192982456},"point_estimate":28515.590874811463,"standard_error":5.1449055925278655},"median_abs_dev":{"confidence_interval":{"confidence_level":0.95,"lower_bound":27.626221387203483,"upper_bound":47.7627656457303},"point_estimate":34.47860964762214,"standard_error":5.091497475281738},"slope":{"confidence_interval":{"confidence_level":0.95,"lower_bound":28510.771793026262,"upper_bound":28527.046216447055},"point_estimate":28518.70398361798,"standard_error":4.150664148212465},"std_dev":{"confidence_interval":{"confidence_level":0.95,"lower_bound":45.2837557019543,"upper_bound":138.25584028738356},"point_estimate":90.85924670213052,"standard_error":28.415820714111806}}