{"mean":{"confidence_interval":{"confidence_level":0.95,"lower_bound":58.922395689359995,"upper_bound":58.9659575987468},"point_estimate":58.94348724892942,"standard_error":0.01109767536031409},"median":{"confidence_interval":{"confidence_level":0.95,"lower_bound":58.92247398141815,"upper_bound":58.95941007816938},"point_estimate":58.943653922443715,"standard_error":0.010187293054360311},"median_abs_dev":{"confidence_interval":{"confidence_level":0.95,"lower_bound":0.041641815001361694,"upper_bound":0.06687576144829793},"point_estimate":0.050767992276280975,"standard_error":0.006394004388167387},"slope":{"confidence_interval":{"confidence_level":0.95,"lower_bound":58.938509043679396,"upper_bound":58.97035538683849},"point_estimate":58.95304476319285,"standard_error":0.008153566450927205},"std_dev":{"confidence_interval":{"confidence_level":0.95,"lower_bound":0.0781381398061451,"upper_bound":0.13921114802320783},"point_estimate":0.11121461150352603,"standard_error":0.015577879301821305}}