{"mean":{"confidence_interval":{"confidence_level":0.95,"lower_bound":58.611914418101584,"upper_bound":58.65959050122568},"point_estimate":58.636291443288904,"standard_error":0.012161207521776893},"median":{"confidence_interval":{"confidence_level":0.95,"lower_bound":58.629442687808606,"upper_bound":58.68001742161101},"point_estimate":58.65308543936871,"standard_error":0.012615284208334594},"median_abs_dev":{"confidence_interval":{"confidence_level":0.95,"lower_bound":0.08025422820428509,"upper_bound":0.14023993402920412},"point_estimate":0.10810771280171694,"standard_error":0.015054438747620295},"slope":{"confidence_interval":{"confidence_level":0.95,"lower_bound":58.61443161882512,"upper_bound":58.671071318469096},"point_estimate":58.643986038647505,"standard_error":0.014478942975738391},"std_dev":{"confidence_interval":{"confidence_level":0.95,"lower_bound":0.10054794545868805,"upper_bound":0.14157114780863633},"point_estimate":0.12234779107490204,"standard_error":0.010541928913656596}}