{"mean":{"confidence_interval":{"confidence_level":0.95,"lower_bound":58.68951963855298,"upper_bound":58.71953230067128},"point_estimate":58.70458731691083,"standard_error":0.007647553990624},"median":{"confidence_interval":{"confidence_level":0.95,"lower_bound":58.69031096578782,"upper_bound":58.72389706863842},"point_estimate":58.71181005700133,"standard_error":0.008513067012785577},"median_abs_dev":{"confidence_interval":{"confidence_level":0.95,"lower_bound":0.041346453600738554,"upper_bound":0.07236320719766803},"point_estimate":0.04975355321568516,"standard_error":0.008291565515275427},"slope":{"confidence_interval":{"confidence_level":0.95,"lower_bound":58.70156213678402,"upper_bound":58.7227254431799},"point_estimate":58.71195816421763,"standard_error":0.00540438071082797},"std_dev":{"confidence_interval":{"confidence_level":0.95,"lower_bound":0.05903971372387209,"upper_bound":0.09433483619363976},"point_estimate":0.0770830394118856,"standard_error":0.009032814486696421}}