{"mean":{"confidence_interval":{"confidence_level":0.95,"lower_bound":112.75806925003741,"upper_bound":113.07410802409282},"point_estimate":112.88497766214732,"standard_error":0.08261632319844003},"median":{"confidence_interval":{"confidence_level":0.95,"lower_bound":112.75847664647254,"upper_bound":112.907164209353},"point_estimate":112.8315349693843,"standard_error":0.03200962572408812},"median_abs_dev":{"confidence_interval":{"confidence_level":0.95,"lower_bound":0.19340363313497994,"upper_bound":0.31247184594020366},"point_estimate":0.2474205069303647,"standard_error":0.029981026112818866},"slope":{"confidence_interval":{"confidence_level":0.95,"lower_bound":112.79316495100369,"upper_bound":112.87822062431911},"point_estimate":112.8365569367746,"standard_error":0.02173946843008618},"std_dev":{"confidence_interval":{"confidence_level":0.95,"lower_bound":0.2574959460194511,"upper_bound":1.3615444961505572},"point_estimate":0.8282506901871093,"standard_error":0.3556207849340821}}