{"mean":{"confidence_interval":{"confidence_level":0.95,"lower_bound":979.4183448178657,"upper_bound":979.9164944567816},"point_estimate":979.6703481698323,"standard_error":0.12726744029518244},"median":{"confidence_interval":{"confidence_level":0.95,"lower_bound":979.4932985930172,"upper_bound":980.1572124904798},"point_estimate":979.9369947582993,"standard_error":0.1785701415503685},"median_abs_dev":{"confidence_interval":{"confidence_level":0.95,"lower_bound":0.9593984901894197,"upper_bound":1.7283605690146808},"point_estimate":1.3049476694903548,"standard_error":0.20402596698341907},"slope":{"confidence_interval":{"confidence_level":0.95,"lower_bound":979.3482445235118,"upper_bound":980.0033333211079},"point_estimate":979.6829238631858,"standard_error":0.16666182727860032},"std_dev":{"confidence_interval":{"confidence_level":0.95,"lower_bound":1.122438372136418,"upper_bound":1.4189560646808215},"point_estimate":1.2807456479968784,"standard_error":0.07572067790632585}}