{"mean":{"confidence_interval":{"confidence_level":0.95,"lower_bound":938.6999361801984,"upper_bound":939.3587285764002},"point_estimate":939.009347189249,"standard_error":0.1676150097454656},"median":{"confidence_interval":{"confidence_level":0.95,"lower_bound":938.4988056872038,"upper_bound":939.0821821115256},"point_estimate":938.705029197698,"standard_error":0.15096097776351255},"median_abs_dev":{"confidence_interval":{"confidence_level":0.95,"lower_bound":0.9650959099282085,"upper_bound":1.569325493418048},"point_estimate":1.2286107913851696,"standard_error":0.15347617763926413},"slope":{"confidence_interval":{"confidence_level":0.95,"lower_bound":938.6279961733719,"upper_bound":939.2558292454876},"point_estimate":938.9312310298725,"standard_error":0.16048047620657385},"std_dev":{"confidence_interval":{"confidence_level":0.95,"lower_bound":1.2092551049203044,"upper_bound":2.2171699643090115},"point_estimate":1.681695857771804,"standard_error":0.27617092334240384}}