{"mean":{"confidence_interval":{"confidence_level":0.95,"lower_bound":970.8922262928027,"upper_bound":971.349189815293},"point_estimate":971.122498257267,"standard_error":0.11656317125198604},"median":{"confidence_interval":{"confidence_level":0.95,"lower_bound":970.9032057118213,"upper_bound":971.4153454227074},"point_estimate":971.2748445668387,"standard_error":0.14003175205702229},"median_abs_dev":{"confidence_interval":{"confidence_level":0.95,"lower_bound":0.7942640539323459,"upper_bound":1.2779967892417194},"point_estimate":1.0110175933024552,"standard_error":0.12578790692088354},"slope":{"confidence_interval":{"confidence_level":0.95,"lower_bound":970.8338090349773,"upper_bound":971.2424453673773},"point_estimate":971.0327296138112,"standard_error":0.10442564740673273},"std_dev":{"confidence_interval":{"confidence_level":0.95,"lower_bound":0.9849108679842853,"upper_bound":1.3465866338269916},"point_estimate":1.175341992098367,"standard_error":0.09215621917578817}}