{"mean":{"confidence_interval":{"confidence_level":0.95,"lower_bound":1612.2448788261972,"upper_bound":1612.4615154974272},"point_estimate":1612.344602528054,"standard_error":0.055604595290207746},"median":{"confidence_interval":{"confidence_level":0.95,"lower_bound":1612.17168218484,"upper_bound":1612.2944407655318},"point_estimate":1612.2085651654015,"standard_error":0.036418877521553615},"median_abs_dev":{"confidence_interval":{"confidence_level":0.95,"lower_bound":0.20390661173475572,"upper_bound":0.32220251442384923},"point_estimate":0.2644036993854252,"standard_error":0.03018407424374905},"slope":{"confidence_interval":{"confidence_level":0.95,"lower_bound":1612.261295468,"upper_bound":1612.5236118184937},"point_estimate":1612.3773113100603,"standard_error":0.06770035542190762},"std_dev":{"confidence_interval":{"confidence_level":0.95,"lower_bound":0.3199214083060113,"upper_bound":0.7529788596854117},"point_estimate":0.5596707012416451,"standard_error":0.1097077403585159}}