{"mean":{"confidence_interval":{"confidence_level":0.95,"lower_bound":1609.3380945454728,"upper_bound":1609.8638817397396},"point_estimate":1609.5854058135824,"standard_error":0.1342028761931144},"median":{"confidence_interval":{"confidence_level":0.95,"lower_bound":1609.12656752479,"upper_bound":1609.6709762987462},"point_estimate":1609.4947022990677,"standard_error":0.11537819532257108},"median_abs_dev":{"confidence_interval":{"confidence_level":0.95,"lower_bound":0.73509552481839,"upper_bound":1.1248980624908052},"point_estimate":0.978489196720569,"standard_error":0.09929276254527301},"slope":{"confidence_interval":{"confidence_level":0.95,"lower_bound":1609.3223451321296,"upper_bound":1609.675744050823},"point_estimate":1609.4945819081363,"standard_error":0.09051666206696603},"std_dev":{"confidence_interval":{"confidence_level":0.95,"lower_bound":0.8928117246207727,"upper_bound":1.7805681481815934},"point_estimate":1.3499282761026792,"standard_error":0.22988682904286956}}