{"mean":{"confidence_interval":{"confidence_level":0.95,"lower_bound":1632.683555408597,"upper_bound":1632.9377894666925},"point_estimate":1632.8069806750818,"standard_error":0.06484331861436014},"median":{"confidence_interval":{"confidence_level":0.95,"lower_bound":1632.6548050521692,"upper_bound":1632.869660166277},"point_estimate":1632.747777254779,"standard_error":0.062318709231535735},"median_abs_dev":{"confidence_interval":{"confidence_level":0.95,"lower_bound":0.35001941285678667,"upper_bound":0.6069235834154334},"point_estimate":0.4802390426516868,"standard_error":0.06480269802666132},"slope":{"confidence_interval":{"confidence_level":0.95,"lower_bound":1632.7727190906983,"upper_bound":1633.1638666102353},"point_estimate":1632.9476389757542,"standard_error":0.10045130904341822},"std_dev":{"confidence_interval":{"confidence_level":0.95,"lower_bound":0.4912072433495855,"upper_bound":0.81253101075539},"point_estimate":0.648898662923185,"standard_error":0.08337630233637189}}