{"mean":{"confidence_interval":{"confidence_level":0.95,"lower_bound":344.0923001305087,"upper_bound":344.50840447128456},"point_estimate":344.27413109954995,"standard_error":0.10704906655308118},"median":{"confidence_interval":{"confidence_level":0.95,"lower_bound":343.9904018313371,"upper_bound":344.0800158840465},"point_estimate":344.04138612287363,"standard_error":0.022752138459023012},"median_abs_dev":{"confidence_interval":{"confidence_level":0.95,"lower_bound":0.15875524519639217,"upper_bound":0.29040794404887843},"point_estimate":0.21042336551512564,"standard_error":0.032727592764654374},"slope":{"confidence_interval":{"confidence_level":0.95,"lower_bound":344.04889482107944,"upper_bound":344.42177058759603},"point_estimate":344.2032751868945,"standard_error":0.09670305756975582},"std_dev":{"confidence_interval":{"confidence_level":0.95,"lower_bound":0.3909230802503319,"upper_bound":1.5927973553798187},"point_estimate":1.0789425684410445,"standard_error":0.30319597466763887}}