{"mean":{"confidence_interval":{"confidence_level":0.95,"lower_bound":404.75218907946277,"upper_bound":406.01598933078736},"point_estimate":405.20188147583826,"standard_error":0.3756466666476377},"median":{"confidence_interval":{"confidence_level":0.95,"lower_bound":404.6575760832407,"upper_bound":404.806149576395},"point_estimate":404.72850249935715,"standard_error":0.034156514047422044},"median_abs_dev":{"confidence_interval":{"confidence_level":0.95,"lower_bound":0.2381043213335293,"upper_bound":0.4264248586871457},"point_estimate":0.32002080653059173,"standard_error":0.0476968080416489},"slope":{"confidence_interval":{"confidence_level":0.95,"lower_bound":404.7140118071357,"upper_bound":404.8717859483265},"point_estimate":404.7916599025162,"standard_error":0.04026962206026748},"std_dev":{"confidence_interval":{"confidence_level":0.95,"lower_bound":0.40269134073733076,"upper_bound":6.427668231848897},"point_estimate":3.7691454065959173,"standard_error":2.125439915887764}}