{"mean":{"confidence_interval":{"confidence_level":0.95,"lower_bound":52509.17442253392,"upper_bound":52919.14559698321},"point_estimate":52687.78385214174,"standard_error":105.8110248794923},"median":{"confidence_interval":{"confidence_level":0.95,"lower_bound":52373.39410573946,"upper_bound":52625.033684210524},"point_estimate":52461.16259398496,"standard_error":69.1374682295755},"median_abs_dev":{"confidence_interval":{"confidence_level":0.95,"lower_bound":362.4580711966597,"upper_bound":583.2427062197116},"point_estimate":507.00662854889316,"standard_error":56.53778450460443},"slope":{"confidence_interval":{"confidence_level":0.95,"lower_bound":52323.63862279872,"upper_bound":52699.923421434054},"point_estimate":52489.186794894726,"standard_error":96.23685196354886},"std_dev":{"confidence_interval":{"confidence_level":0.95,"lower_bound":495.9470851694678,"upper_bound":1624.030774629637},"point_estimate":1061.973503919063,"standard_error":333.13583415130586}}