{"mean":{"confidence_interval":{"confidence_level":0.95,"lower_bound":29573.867631759596,"upper_bound":30102.41080788483},"point_estimate":29833.696325274337,"standard_error":134.27115554793716},"median":{"confidence_interval":{"confidence_level":0.95,"lower_bound":29564.58862999745,"upper_bound":30241.289696969696},"point_estimate":29969.300488271416,"standard_error":157.3751953260526},"median_abs_dev":{"confidence_interval":{"confidence_level":0.95,"lower_bound":936.3708736117827,"upper_bound":1547.5352876116879},"point_estimate":1245.7538998952311,"standard_error":152.82053121619683},"slope":{"confidence_interval":{"confidence_level":0.95,"lower_bound":29267.799124691108,"upper_bound":30087.710688100906},"point_estimate":29650.62227458567,"standard_error":210.29311486947782},"std_dev":{"confidence_interval":{"confidence_level":0.95,"lower_bound":1104.8394330899305,"upper_bound":1577.4247404024115},"point_estimate":1346.4930481232025,"standard_error":121.2003028826819}}