{"mean":{"confidence_interval":{"confidence_level":0.95,"lower_bound":6453.164346245251,"upper_bound":6454.224929994403},"point_estimate":6453.661814416426,"standard_error":0.27132711810269877},"median":{"confidence_interval":{"confidence_level":0.95,"lower_bound":6452.636134453782,"upper_bound":6453.281385281385},"point_estimate":6452.9539237358385,"standard_error":0.17135770610345996},"median_abs_dev":{"confidence_interval":{"confidence_level":0.95,"lower_bound":0.9091559335563504,"upper_bound":1.629766108184977},"point_estimate":1.165680009784372,"standard_error":0.18254665908101542},"slope":{"confidence_interval":{"confidence_level":0.95,"lower_bound":6452.832115667272,"upper_bound":6453.9507107192385},"point_estimate":6453.3459902237555,"standard_error":0.28589826360725584},"std_dev":{"confidence_interval":{"confidence_level":0.95,"lower_bound":1.8652347078174896,"upper_bound":3.5489254313178953},"point_estimate":2.720875455788736,"standard_error":0.4375349945054693}}