{"mean":{"confidence_interval":{"confidence_level":0.95,"lower_bound":6465.9488814042425,"upper_bound":6468.962105087433},"point_estimate":6467.087358228853,"standard_error":0.813709282347168},"median":{"confidence_interval":{"confidence_level":0.95,"lower_bound":6465.5250999001,"upper_bound":6466.205810041408},"point_estimate":6465.835372472103,"standard_error":0.17120477855684732},"median_abs_dev":{"confidence_interval":{"confidence_level":0.95,"lower_bound":0.8538532125441284,"upper_bound":1.428887435116331},"point_estimate":1.105802475305559,"standard_error":0.14648049461571386},"slope":{"confidence_interval":{"confidence_level":0.95,"lower_bound":6465.8861577018515,"upper_bound":6466.987237909349},"point_estimate":6466.350515757333,"standard_error":0.2853896848613722},"std_dev":{"confidence_interval":{"confidence_level":0.95,"lower_bound":1.4818781687792675,"upper_bound":13.644131355953135},"point_estimate":8.172982189425337,"standard_error":3.9013731975051673}}