{"mean":{"confidence_interval":{"confidence_level":0.95,"lower_bound":6459.7089318212065,"upper_bound":6460.613337235556},"point_estimate":6460.107720640624,"standard_error":0.23313522323143296},"median":{"confidence_interval":{"confidence_level":0.95,"lower_bound":6459.493861056039,"upper_bound":6459.945363975018},"point_estimate":6459.744324063618,"standard_error":0.11267385001199519},"median_abs_dev":{"confidence_interval":{"confidence_level":0.95,"lower_bound":0.7810566963085424,"upper_bound":1.4278140803851802},"point_estimate":1.0990028268095882,"standard_error":0.16510786453547208},"slope":{"confidence_interval":{"confidence_level":0.95,"lower_bound":6459.661066636151,"upper_bound":6460.316206477606},"point_estimate":6459.950846794701,"standard_error":0.16731224151347654},"std_dev":{"confidence_interval":{"confidence_level":0.95,"lower_bound":1.1160663594133526,"upper_bound":3.546725117242351},"point_estimate":2.3462354432033803,"standard_error":0.688272350540138}}