{"mean":{"confidence_interval":{"confidence_level":0.95,"lower_bound":218.2166699105354,"upper_bound":218.5278175265263},"point_estimate":218.35742693456584,"standard_error":0.0797474595771752},"median":{"confidence_interval":{"confidence_level":0.95,"lower_bound":218.16998730800114,"upper_bound":218.33085998188812},"point_estimate":218.23202779946092,"standard_error":0.04130571855056621},"median_abs_dev":{"confidence_interval":{"confidence_level":0.95,"lower_bound":0.25594158548764845,"upper_bound":0.520128722877257},"point_estimate":0.38122166310745936,"standard_error":0.06861251295605623},"slope":{"confidence_interval":{"confidence_level":0.95,"lower_bound":218.13356797439755,"upper_bound":218.30216331091557},"point_estimate":218.21577775613088,"standard_error":0.04291654772990749},"std_dev":{"confidence_interval":{"confidence_level":0.95,"lower_bound":0.4380483019991771,"upper_bound":1.1577779962868304},"point_estimate":0.8007119091908027,"standard_error":0.19257692669200593}}