{"mean":{"confidence_interval":{"confidence_level":0.95,"lower_bound":275.4406646758611,"upper_bound":276.4071283196895},"point_estimate":275.8026496184574,"standard_error":0.26672585444622343},"median":{"confidence_interval":{"confidence_level":0.95,"lower_bound":275.3247327302631,"upper_bound":275.6735152190052},"point_estimate":275.4858900379502,"standard_error":0.09565202382085015},"median_abs_dev":{"confidence_interval":{"confidence_level":0.95,"lower_bound":0.48339693445190474,"upper_bound":0.8071893398716586},"point_estimate":0.6163857540466887,"standard_error":0.08299434344151457},"slope":{"confidence_interval":{"confidence_level":0.95,"lower_bound":275.37732334630493,"upper_bound":275.6166466535679},"point_estimate":275.496229020502,"standard_error":0.06093431580679519},"std_dev":{"confidence_interval":{"confidence_level":0.95,"lower_bound":0.6005361023777993,"upper_bound":4.491006207733913},"point_estimate":2.6714051657689923,"standard_error":1.3453560813673446}}