{"mean":{"confidence_interval":{"confidence_level":0.95,"lower_bound":10024.362938356568,"upper_bound":10044.359484954282},"point_estimate":10033.006922066641,"standard_error":5.167482746041994},"median":{"confidence_interval":{"confidence_level":0.95,"lower_bound":10019.989721126085,"upper_bound":10023.04020222719},"point_estimate":10021.665283134374,"standard_error":0.8212477139510359},"median_abs_dev":{"confidence_interval":{"confidence_level":0.95,"lower_bound":6.602934935320175,"upper_bound":13.014398729462757},"point_estimate":9.67491766891513,"standard_error":1.623303737980412},"slope":{"confidence_interval":{"confidence_level":0.95,"lower_bound":10022.544969975166,"upper_bound":10032.738222662489},"point_estimate":10027.107675006306,"standard_error":2.6242231482759073},"std_dev":{"confidence_interval":{"confidence_level":0.95,"lower_bound":17.4204975964767,"upper_bound":77.22674265028924},"point_estimate":51.98190836353149,"standard_error":15.835858307504399}}