{"mean":{"confidence_interval":{"confidence_level":0.95,"lower_bound":8.507056667490813,"upper_bound":8.509640135241902},"point_estimate":8.508261697823327,"standard_error":0.0006563897621456753},"median":{"confidence_interval":{"confidence_level":0.95,"lower_bound":8.505933686154611,"upper_bound":8.508416011920202},"point_estimate":8.507199400874674,"standard_error":0.0005610126458255822},"median_abs_dev":{"confidence_interval":{"confidence_level":0.95,"lower_bound":0.003138931714795277,"upper_bound":0.005406968524378852},"point_estimate":0.004485411696441967,"standard_error":0.0005593019310949222},"slope":{"confidence_interval":{"confidence_level":0.95,"lower_bound":8.506357095442558,"upper_bound":8.508244907325633},"point_estimate":8.507293078694465,"standard_error":0.00048245833428821387},"std_dev":{"confidence_interval":{"confidence_level":0.95,"lower_bound":0.004503587121156035,"upper_bound":0.00892638939529099},"point_estimate":0.006605917351513517,"standard_error":0.0012049373498415831}}