{"mean":{"confidence_interval":{"confidence_level":0.95,"lower_bound":8.506193704544764,"upper_bound":8.512024853211758},"point_estimate":8.5088693225636,"standard_error":0.001495337301939186},"median":{"confidence_interval":{"confidence_level":0.95,"lower_bound":8.502374059267659,"upper_bound":8.505436719375414},"point_estimate":8.503392674147175,"standard_error":0.0007904995991505602},"median_abs_dev":{"confidence_interval":{"confidence_level":0.95,"lower_bound":0.0036930041178512185,"upper_bound":0.008297780816372774},"point_estimate":0.005291985574979791,"standard_error":0.0012473931124071021},"slope":{"confidence_interval":{"confidence_level":0.95,"lower_bound":8.50673292201273,"upper_bound":8.513222596362343},"point_estimate":8.5097063369632,"standard_error":0.0016562555978369884},"std_dev":{"confidence_interval":{"confidence_level":0.95,"lower_bound":0.009019813252327777,"upper_bound":0.021087478784206016},"point_estimate":0.015042384812331335,"standard_error":0.003257074415071087}}