{"mean":{"confidence_interval":{"confidence_level":0.95,"lower_bound":59.920505418683305,"upper_bound":59.942782069056854},"point_estimate":59.931390953756434,"standard_error":0.005694060895756651},"median":{"confidence_interval":{"confidence_level":0.95,"lower_bound":59.91198828898414,"upper_bound":59.93038275284038},"point_estimate":59.92324913714788,"standard_error":0.0046609850615433185},"median_abs_dev":{"confidence_interval":{"confidence_level":0.95,"lower_bound":0.028586539188586304,"upper_bound":0.04694043252565655},"point_estimate":0.03594896288767888,"standard_error":0.004466499542438861},"slope":{"confidence_interval":{"confidence_level":0.95,"lower_bound":59.91891666566954,"upper_bound":59.933223459817086},"point_estimate":59.92603983850555,"standard_error":0.0036486053129664523},"std_dev":{"confidence_interval":{"confidence_level":0.95,"lower_bound":0.04525334671807782,"upper_bound":0.06802818321819223},"point_estimate":0.05727602238408158,"standard_error":0.0058117632891432555}}