{"mean":{"confidence_interval":{"confidence_level":0.95,"lower_bound":59.390225735107045,"upper_bound":59.422754915507696},"point_estimate":59.406629753103005,"standard_error":0.008268440758293605},"median":{"confidence_interval":{"confidence_level":0.95,"lower_bound":59.393865980065975,"upper_bound":59.41226749217762},"point_estimate":59.402563247816694,"standard_error":0.005127021704958961},"median_abs_dev":{"confidence_interval":{"confidence_level":0.95,"lower_bound":0.038356981528607254,"upper_bound":0.07206360992649528},"point_estimate":0.05116880660223704,"standard_error":0.008937412614902308},"slope":{"confidence_interval":{"confidence_level":0.95,"lower_bound":59.39185554817489,"upper_bound":59.422553289679904},"point_estimate":59.40692103530305,"standard_error":0.007845030462265097},"std_dev":{"confidence_interval":{"confidence_level":0.95,"lower_bound":0.0651966602611943,"upper_bound":0.10076695222458436},"point_estimate":0.08339295338190215,"standard_error":0.009117393839146993}}