{"mean":{"confidence_interval":{"confidence_level":0.95,"lower_bound":59.72116535151648,"upper_bound":59.738103318294506},"point_estimate":59.729463198915745,"standard_error":0.00432465941090076},"median":{"confidence_interval":{"confidence_level":0.95,"lower_bound":59.70869713468354,"upper_bound":59.73734533300332},"point_estimate":59.722602179983724,"standard_error":0.0073639619322030175},"median_abs_dev":{"confidence_interval":{"confidence_level":0.95,"lower_bound":0.03407355257758977,"upper_bound":0.05113822648590239},"point_estimate":0.04175452332035218,"standard_error":0.004280216472059075},"slope":{"confidence_interval":{"confidence_level":0.95,"lower_bound":59.71530848483663,"upper_bound":59.73386894587145},"point_estimate":59.72443994159092,"standard_error":0.0047335997103152205},"std_dev":{"confidence_interval":{"confidence_level":0.95,"lower_bound":0.03668102343939146,"upper_bound":0.04957619842953742},"point_estimate":0.04347571957101577,"standard_error":0.0032920369505430483}}