{"mean":{"confidence_interval":{"confidence_level":0.95,"lower_bound":97958.87360062677,"upper_bound":98051.52367077369},"point_estimate":98003.96640574772,"standard_error":23.613964552273167},"median":{"confidence_interval":{"confidence_level":0.95,"lower_bound":97964.89234449761,"upper_bound":98060.81153086045},"point_estimate":98016.93934474616,"standard_error":26.38167708087023},"median_abs_dev":{"confidence_interval":{"confidence_level":0.95,"lower_bound":133.42363175478704,"upper_bound":256.50289586177786},"point_estimate":206.14950054259262,"standard_error":30.994840126259007},"slope":{"confidence_interval":{"confidence_level":0.95,"lower_bound":97930.29284752342,"upper_bound":98078.67997156698},"point_estimate":97999.13410561952,"standard_error":37.958124652043225},"std_dev":{"confidence_interval":{"confidence_level":0.95,"lower_bound":185.59414509596652,"upper_bound":289.1113493669612},"point_estimate":236.707708614848,"standard_error":26.83995405717866}}