{"mean":{"confidence_interval":{"confidence_level":0.95,"lower_bound":71.00260512945742,"upper_bound":71.10692845693698},"point_estimate":71.05451806007574,"standard_error":0.02651394929780266},"median":{"confidence_interval":{"confidence_level":0.95,"lower_bound":70.99874778845694,"upper_bound":71.11689622692347},"point_estimate":71.04971676680466,"standard_error":0.03120770747067073},"median_abs_dev":{"confidence_interval":{"confidence_level":0.95,"lower_bound":0.1717740078504407,"upper_bound":0.28555701465543437},"point_estimate":0.22901562593427632,"standard_error":0.030172849393166862},"slope":{"confidence_interval":{"confidence_level":0.95,"lower_bound":71.00671374364482,"upper_bound":71.10055407429755},"point_estimate":71.05197395182986,"standard_error":0.02391670464804156},"std_dev":{"confidence_interval":{"confidence_level":0.95,"lower_bound":0.21500570437574054,"upper_bound":0.31371416224179943},"point_estimate":0.26665595783479873,"standard_error":0.02521873943572188}}