{"mean":{"confidence_interval":{"confidence_level":0.95,"lower_bound":5241.476825369271,"upper_bound":5259.227301745497},"point_estimate":5248.138069909174,"standard_error":4.832486683511205},"median":{"confidence_interval":{"confidence_level":0.95,"lower_bound":5240.079811994623,"upper_bound":5243.746972438752},"point_estimate":5241.2725391066215,"standard_error":0.8303942795662221},"median_abs_dev":{"confidence_interval":{"confidence_level":0.95,"lower_bound":3.5510305605644814,"upper_bound":6.870173488965507},"point_estimate":5.046125275712803,"standard_error":0.8653858522506578},"slope":{"confidence_interval":{"confidence_level":0.95,"lower_bound":5240.426375204922,"upper_bound":5243.072497246556},"point_estimate":5241.687223403331,"standard_error":0.6758307600367744},"std_dev":{"confidence_interval":{"confidence_level":0.95,"lower_bound":5.365659547649017,"upper_bound":57.04593249631755},"point_estimate":34.482855792916915,"standard_error":16.727757652394512}}