{"mean":{"confidence_interval":{"confidence_level":0.95,"lower_bound":4473.5608341798525,"upper_bound":4491.668363242473},"point_estimate":4480.918801581289,"standard_error":4.721895252744152},"median":{"confidence_interval":{"confidence_level":0.95,"lower_bound":4471.319731124389,"upper_bound":4475.035853276672},"point_estimate":4473.921093170495,"standard_error":1.0571961314969154},"median_abs_dev":{"confidence_interval":{"confidence_level":0.95,"lower_bound":3.533947952619599,"upper_bound":7.741370394882881},"point_estimate":5.51979063941226,"standard_error":1.0707141271721308},"slope":{"confidence_interval":{"confidence_level":0.95,"lower_bound":4473.784510011258,"upper_bound":4484.420091851648},"point_estimate":4478.236069455302,"standard_error":2.807963572309794},"std_dev":{"confidence_interval":{"confidence_level":0.95,"lower_bound":5.750644117400296,"upper_bound":53.528161975754095},"point_estimate":33.67911972510179,"standard_error":13.130017543819545}}