{"mean":{"confidence_interval":{"confidence_level":0.95,"lower_bound":263.70613421692303,"upper_bound":265.31721292650536},"point_estimate":264.37202609703206,"standard_error":0.4157435276914149},"median":{"confidence_interval":{"confidence_level":0.95,"lower_bound":263.58863170818233,"upper_bound":263.711026504326},"point_estimate":263.6437690586567,"standard_error":0.0354513494295219},"median_abs_dev":{"confidence_interval":{"confidence_level":0.95,"lower_bound":0.2658134138695304,"upper_bound":0.46761862295451007},"point_estimate":0.37660827939855035,"standard_error":0.051941979260361947},"slope":{"confidence_interval":{"confidence_level":0.95,"lower_bound":263.67240818272904,"upper_bound":263.98470756929464},"point_estimate":263.80336279522874,"standard_error":0.0804000781275313},"std_dev":{"confidence_interval":{"confidence_level":0.95,"lower_bound":0.614264080564792,"upper_bound":6.655799654087659},"point_estimate":4.167752417067522,"standard_error":1.5516775622914996}}