{"mean":{"confidence_interval":{"confidence_level":0.95,"lower_bound":270.04133524586433,"upper_bound":270.43068564982894},"point_estimate":270.21399393322037,"standard_error":0.10028353913089225},"median":{"confidence_interval":{"confidence_level":0.95,"lower_bound":269.94325004937787,"upper_bound":270.12489184881605},"point_estimate":270.01283827738746,"standard_error":0.04430150986374574},"median_abs_dev":{"confidence_interval":{"confidence_level":0.95,"lower_bound":0.2597015965457065,"upper_bound":0.4187770364311363},"point_estimate":0.3361577725600115,"standard_error":0.04108224054157741},"slope":{"confidence_interval":{"confidence_level":0.95,"lower_bound":270.0019324010902,"upper_bound":270.33617557987134},"point_estimate":270.1382567708447,"standard_error":0.08682880710288872},"std_dev":{"confidence_interval":{"confidence_level":0.95,"lower_bound":0.42749826077336966,"upper_bound":1.4675088939898526},"point_estimate":1.0093403319397258,"standard_error":0.2678319447251735}}