{"mean":{"confidence_interval":{"confidence_level":0.95,"lower_bound":258.4531396343243,"upper_bound":259.3032941731677},"point_estimate":258.76501659657947,"standard_error":0.24049456331358252},"median":{"confidence_interval":{"confidence_level":0.95,"lower_bound":258.4449934882062,"upper_bound":258.5320012411811},"point_estimate":258.4793835269338,"standard_error":0.030285056171878346},"median_abs_dev":{"confidence_interval":{"confidence_level":0.95,"lower_bound":0.28810397392294795,"upper_bound":0.4686690058186777},"point_estimate":0.3689419111729069,"standard_error":0.04540336205687604},"slope":{"confidence_interval":{"confidence_level":0.95,"lower_bound":258.39141706047803,"upper_bound":258.5322885937626},"point_estimate":258.46153094670956,"standard_error":0.03582799699015925},"std_dev":{"confidence_interval":{"confidence_level":0.95,"lower_bound":0.36704469521064553,"upper_bound":4.095187377863435},"point_estimate":2.4184329757890977,"standard_error":1.2749683017100448}}