{"mean":{"confidence_interval":{"confidence_level":0.95,"lower_bound":268.35939655411386,"upper_bound":284.57276059594466},"point_estimate":275.4819114794648,"standard_error":4.080802333299659},"median":{"confidence_interval":{"confidence_level":0.95,"lower_bound":267.764039555676,"upper_bound":267.94264667134115},"point_estimate":267.8793629101134,"standard_error":0.05228602723170675},"median_abs_dev":{"confidence_interval":{"confidence_level":0.95,"lower_bound":0.3645244258107283,"upper_bound":0.6693039904901716},"point_estimate":0.5054859560689138,"standard_error":0.08277058603779275},"slope":{"confidence_interval":{"confidence_level":0.95,"lower_bound":267.9313289090507,"upper_bound":270.12240703018625},"point_estimate":268.7979833540437,"standard_error":0.5781559573562026},"std_dev":{"confidence_interval":{"confidence_level":0.95,"lower_bound":3.1114194975274825,"upper_bound":60.79369504176961},"point_estimate":40.97217802111931,"standard_error":13.089817183865602}}