{"mean":{"confidence_interval":{"confidence_level":0.95,"lower_bound":141.69663568657117,"upper_bound":146.24293741896204},"point_estimate":143.944230167535,"standard_error":1.1597518722981746},"median":{"confidence_interval":{"confidence_level":0.95,"lower_bound":134.87234892069085,"upper_bound":150.04258178608757},"point_estimate":135.70507529857036,"standard_error":4.403435045269729},"median_abs_dev":{"confidence_interval":{"confidence_level":0.95,"lower_bound":3.675588154846338,"upper_bound":18.73396042337843},"point_estimate":6.059472110896634,"standard_error":4.534716069032835},"slope":{"confidence_interval":{"confidence_level":0.95,"lower_bound":150.33034974989747,"upper_bound":154.5597030034999},"point_estimate":152.66864889256112,"standard_error":1.0776427795857277},"std_dev":{"confidence_interval":{"confidence_level":0.95,"lower_bound":10.763565227676494,"upper_bound":12.251207051048764},"point_estimate":11.618305463641702,"standard_error":0.37743330570274475}}