{"mean":{"confidence_interval":{"confidence_level":0.95,"lower_bound":100.71189999665553,"upper_bound":100.77679750475899},"point_estimate":100.7444065574802,"standard_error":0.016555053554669543},"median":{"confidence_interval":{"confidence_level":0.95,"lower_bound":100.6973979986298,"upper_bound":100.79006752858936},"point_estimate":100.72641875481742,"standard_error":0.026251154874811666},"median_abs_dev":{"confidence_interval":{"confidence_level":0.95,"lower_bound":0.13162678425828783,"upper_bound":0.21814181380001726},"point_estimate":0.17872779389727061,"standard_error":0.02114603188865875},"slope":{"confidence_interval":{"confidence_level":0.95,"lower_bound":100.72406024071527,"upper_bound":100.78763026413057},"point_estimate":100.755288898414,"standard_error":0.016159465010488053},"std_dev":{"confidence_interval":{"confidence_level":0.95,"lower_bound":0.1453990705895246,"upper_bound":0.18675775936704372},"point_estimate":0.1671345727801234,"standard_error":0.010568526850678118}}