{"mean":{"confidence_interval":{"confidence_level":0.95,"lower_bound":100.60838641388368,"upper_bound":100.66772900032962},"point_estimate":100.63775925322092,"standard_error":0.015105371072902508},"median":{"confidence_interval":{"confidence_level":0.95,"lower_bound":100.56946709445184,"upper_bound":100.65982359451331},"point_estimate":100.62451524399643,"standard_error":0.023381550090922913},"median_abs_dev":{"confidence_interval":{"confidence_level":0.95,"lower_bound":0.11352573831907495,"upper_bound":0.2013500472900178},"point_estimate":0.16072711602105064,"standard_error":0.021667612643033265},"slope":{"confidence_interval":{"confidence_level":0.95,"lower_bound":100.6285592269592,"upper_bound":100.71663940010957},"point_estimate":100.67276286526635,"standard_error":0.022445521785727306},"std_dev":{"confidence_interval":{"confidence_level":0.95,"lower_bound":0.132319439851267,"upper_bound":0.16970441149287538},"point_estimate":0.15199356475534492,"standard_error":0.009533899077381657}}