{"mean":{"confidence_interval":{"confidence_level":0.95,"lower_bound":100.3765723858971,"upper_bound":100.40537224739528},"point_estimate":100.39147981315026,"standard_error":0.0073453053358635495},"median":{"confidence_interval":{"confidence_level":0.95,"lower_bound":100.38066459913922,"upper_bound":100.42051554745265},"point_estimate":100.3920112736424,"standard_error":0.00884513682976735},"median_abs_dev":{"confidence_interval":{"confidence_level":0.95,"lower_bound":0.04946974198104979,"upper_bound":0.07308471181607652},"point_estimate":0.06320018433001619,"standard_error":0.005834385627128147},"slope":{"confidence_interval":{"confidence_level":0.95,"lower_bound":100.38168503220227,"upper_bound":100.40656661475799},"point_estimate":100.39412073783332,"standard_error":0.006367715461526459},"std_dev":{"confidence_interval":{"confidence_level":0.95,"lower_bound":0.054662990404997655,"upper_bound":0.09528056487351796},"point_estimate":0.07362709295012926,"standard_error":0.010837182946791438}}