{"mean":{"confidence_interval":{"confidence_level":0.95,"lower_bound":113.98705832658563,"upper_bound":114.01881581308751},"point_estimate":114.00264462655359,"standard_error":0.008100492120697413},"median":{"confidence_interval":{"confidence_level":0.95,"lower_bound":113.99138650326101,"upper_bound":114.02519336186829},"point_estimate":114.00692113685332,"standard_error":0.00819661132106509},"median_abs_dev":{"confidence_interval":{"confidence_level":0.95,"lower_bound":0.044812807518316726,"upper_bound":0.07902244582409004},"point_estimate":0.06240934000411111,"standard_error":0.009051584351106262},"slope":{"confidence_interval":{"confidence_level":0.95,"lower_bound":113.98790850284432,"upper_bound":114.02719460647535},"point_estimate":114.00736612734818,"standard_error":0.01005088540965876},"std_dev":{"confidence_interval":{"confidence_level":0.95,"lower_bound":0.06462197765576863,"upper_bound":0.09721628078136436},"point_estimate":0.081231163305105,"standard_error":0.008337322007757315}}