{"mean":{"confidence_interval":{"confidence_level":0.95,"lower_bound":4619.738710044219,"upper_bound":4621.022088555215},"point_estimate":4620.322848181012,"standard_error":0.3288634236090682},"median":{"confidence_interval":{"confidence_level":0.95,"lower_bound":4619.340059024542,"upper_bound":4619.72649680193},"point_estimate":4619.505879502964,"standard_error":0.12956215798129672},"median_abs_dev":{"confidence_interval":{"confidence_level":0.95,"lower_bound":0.3842460182900691,"upper_bound":1.3736240305149765},"point_estimate":0.7248637890138498,"standard_error":0.25767442350687547},"slope":{"confidence_interval":{"confidence_level":0.95,"lower_bound":4619.797500092718,"upper_bound":4620.874873838043},"point_estimate":4620.287465597771,"standard_error":0.27766411041658173},"std_dev":{"confidence_interval":{"confidence_level":0.95,"lower_bound":1.2515649864456753,"upper_bound":3.1885708418756193},"point_estimate":2.3449450523415574,"standard_error":0.4947636640507742}}