{"mean":{"confidence_interval":{"confidence_level":0.95,"lower_bound":755.8671241595189,"upper_bound":758.7042224738511},"point_estimate":757.0934004114808,"standard_error":0.7296374897707588},"median":{"confidence_interval":{"confidence_level":0.95,"lower_bound":755.4780513604043,"upper_bound":755.6824330619165},"point_estimate":755.5984453009854,"standard_error":0.0542053722862476},"median_abs_dev":{"confidence_interval":{"confidence_level":0.95,"lower_bound":0.37439168548454643,"upper_bound":0.6816030606300799},"point_estimate":0.4825593757650891,"standard_error":0.07534070376634006},"slope":{"confidence_interval":{"confidence_level":0.95,"lower_bound":755.6524804211248,"upper_bound":761.9663005070465},"point_estimate":758.2150477393155,"standard_error":1.6901037124178029},"std_dev":{"confidence_interval":{"confidence_level":0.95,"lower_bound":1.419777260867324,"upper_bound":11.111134658811318},"point_estimate":7.312657495718228,"standard_error":2.319160625129354}}