{"mean":{"confidence_interval":{"confidence_level":0.95,"lower_bound":1892.1264674934528,"upper_bound":1896.8297104479902},"point_estimate":1893.919046098258,"standard_error":1.2661454692273988},"median":{"confidence_interval":{"confidence_level":0.95,"lower_bound":1892.1270439427806,"upper_bound":1893.833742661221},"point_estimate":1893.1569286504982,"standard_error":0.4388959551333312},"median_abs_dev":{"confidence_interval":{"confidence_level":0.95,"lower_bound":2.6679691191055404,"upper_bound":4.854116886680259},"point_estimate":3.675935828290415,"standard_error":0.5793846564194686},"slope":{"confidence_interval":{"confidence_level":0.95,"lower_bound":1891.074482441906,"upper_bound":1892.6382365025017},"point_estimate":1891.8501206761753,"standard_error":0.39883949666430385},"std_dev":{"confidence_interval":{"confidence_level":0.95,"lower_bound":3.570405989822751,"upper_bound":20.964697099030538},"point_estimate":12.603733049659358,"standard_error":5.965610980670669}}