{"mean":{"confidence_interval":{"confidence_level":0.95,"lower_bound":2679.3538403665398,"upper_bound":2683.033175465448},"point_estimate":2681.0192606718842,"standard_error":0.9423908425637081},"median":{"confidence_interval":{"confidence_level":0.95,"lower_bound":2678.572702702703,"upper_bound":2680.601837837838},"point_estimate":2679.627076167076,"standard_error":0.43161939565257623},"median_abs_dev":{"confidence_interval":{"confidence_level":0.95,"lower_bound":3.0715446943399995,"upper_bound":5.0086797121695},"point_estimate":4.179009221727059,"standard_error":0.5165378240744091},"slope":{"confidence_interval":{"confidence_level":0.95,"lower_bound":2678.4666928340935,"upper_bound":2680.35195512833},"point_estimate":2679.3678087858807,"standard_error":0.4825830688021521},"std_dev":{"confidence_interval":{"confidence_level":0.95,"lower_bound":4.832769388682167,"upper_bound":13.304426356057416},"point_estimate":9.443677979696545,"standard_error":2.1708175926942817}}