{"mean":{"confidence_interval":{"confidence_level":0.95,"lower_bound":2464.968768186554,"upper_bound":2470.7590742207517},"point_estimate":2467.684631845316,"standard_error":1.4786311464861848},"median":{"confidence_interval":{"confidence_level":0.95,"lower_bound":2459.9330044691797,"upper_bound":2466.2366887374264},"point_estimate":2463.837376945062,"standard_error":1.5038186367570343},"median_abs_dev":{"confidence_interval":{"confidence_level":0.95,"lower_bound":5.762581971367791,"upper_bound":12.04269438406791},"point_estimate":9.362118297388275,"standard_error":1.5069055486818226},"slope":{"confidence_interval":{"confidence_level":0.95,"lower_bound":2465.6625441469355,"upper_bound":2470.079343839298},"point_estimate":2467.814631526864,"standard_error":1.1282457501648853},"std_dev":{"confidence_interval":{"confidence_level":0.95,"lower_bound":9.762212721634587,"upper_bound":19.251072470798366},"point_estimate":14.868843457183155,"standard_error":2.4181773007545577}}