{"mean":{"confidence_interval":{"confidence_level":0.95,"lower_bound":2625.4156996151182,"upper_bound":2630.146745332368},"point_estimate":2627.624760286171,"standard_error":1.2125750479134874},"median":{"confidence_interval":{"confidence_level":0.95,"lower_bound":2623.392233203554,"upper_bound":2628.189854898188},"point_estimate":2626.0302566115633,"standard_error":1.230521586829195},"median_abs_dev":{"confidence_interval":{"confidence_level":0.95,"lower_bound":6.775341118767683,"upper_bound":11.225610672867592},"point_estimate":8.62848024968543,"standard_error":1.116018830250542},"slope":{"confidence_interval":{"confidence_level":0.95,"lower_bound":2624.3765865469845,"upper_bound":2628.713593427648},"point_estimate":2626.3436367197487,"standard_error":1.1106650983634534},"std_dev":{"confidence_interval":{"confidence_level":0.95,"lower_bound":8.020270324251943,"upper_bound":16.746954250579208},"point_estimate":12.18826983615635,"standard_error":2.401837647440173}}