{"mean":{"confidence_interval":{"confidence_level":0.95,"lower_bound":2631.6099327801176,"upper_bound":2634.794602664539},"point_estimate":2633.0728839260496,"standard_error":0.8131990577658715},"median":{"confidence_interval":{"confidence_level":0.95,"lower_bound":2632.3257291871832,"upper_bound":2633.998519009726},"point_estimate":2633.0982839973194,"standard_error":0.38840616354557256},"median_abs_dev":{"confidence_interval":{"confidence_level":0.95,"lower_bound":2.7151189262766073,"upper_bound":4.955041631948269},"point_estimate":3.717352309336608,"standard_error":0.5958805537722567},"slope":{"confidence_interval":{"confidence_level":0.95,"lower_bound":2630.895928933423,"upper_bound":2633.2007800659967},"point_estimate":2632.0649714423917,"standard_error":0.5880409309953409},"std_dev":{"confidence_interval":{"confidence_level":0.95,"lower_bound":4.720699413693248,"upper_bound":11.57928835306471},"point_estimate":8.164612441634265,"standard_error":1.8302679654094625}}