{"mean":{"confidence_interval":{"confidence_level":0.95,"lower_bound":2060.0391693813062,"upper_bound":2062.3342287666496},"point_estimate":2061.0850315217976,"standard_error":0.5866488349172264},"median":{"confidence_interval":{"confidence_level":0.95,"lower_bound":2059.6705500585167,"upper_bound":2060.8931041296187},"point_estimate":2060.4001890933578,"standard_error":0.25965413197954035},"median_abs_dev":{"confidence_interval":{"confidence_level":0.95,"lower_bound":2.5880558543601975,"upper_bound":4.45567950407187},"point_estimate":3.531321292639745,"standard_error":0.47642401245139104},"slope":{"confidence_interval":{"confidence_level":0.95,"lower_bound":2059.0967209555743,"upper_bound":2060.5165999747396},"point_estimate":2059.810982066374,"standard_error":0.36090794607011994},"std_dev":{"confidence_interval":{"confidence_level":0.95,"lower_bound":3.5600224092749597,"upper_bound":8.457982959501097},"point_estimate":5.915363233115135,"standard_error":1.3971854739879446}}