{"mean":{"confidence_interval":{"confidence_level":0.95,"lower_bound":5412.5903974826615,"upper_bound":5428.261268521734},"point_estimate":5418.29298421958,"standard_error":4.54125633576016},"median":{"confidence_interval":{"confidence_level":0.95,"lower_bound":5410.786778099218,"upper_bound":5413.54609080019},"point_estimate":5411.686350210682,"standard_error":0.6880712109926231},"median_abs_dev":{"confidence_interval":{"confidence_level":0.95,"lower_bound":4.257597477242608,"upper_bound":7.111888944776723},"point_estimate":5.916952662665137,"standard_error":0.7258049950519738},"slope":{"confidence_interval":{"confidence_level":0.95,"lower_bound":5412.1685999288065,"upper_bound":5415.327869989088},"point_estimate":5413.638917617722,"standard_error":0.8064397241035332},"std_dev":{"confidence_interval":{"confidence_level":0.95,"lower_bound":6.5337597602834725,"upper_bound":77.78735574703923},"point_estimate":45.77303062738515,"standard_error":24.909922926496485}}