{"mean":{"confidence_interval":{"confidence_level":0.95,"lower_bound":5624.709600605376,"upper_bound":5648.676863153542},"point_estimate":5634.123206325055,"standard_error":6.342444327681084},"median":{"confidence_interval":{"confidence_level":0.95,"lower_bound":5620.281549043062,"upper_bound":5626.343417945691},"point_estimate":5623.292121212121,"standard_error":1.499651259070164},"median_abs_dev":{"confidence_interval":{"confidence_level":0.95,"lower_bound":7.089946422830151,"upper_bound":13.07329459744775},"point_estimate":9.21975684285307,"standard_error":1.5807678982882467},"slope":{"confidence_interval":{"confidence_level":0.95,"lower_bound":5624.047238544258,"upper_bound":5630.117257270667},"point_estimate":5626.804037004446,"standard_error":1.5500533122363853},"std_dev":{"confidence_interval":{"confidence_level":0.95,"lower_bound":13.116762561071221,"upper_bound":104.8625330625256},"point_estimate":63.722045524598116,"standard_error":27.82206977298177}}