{"mean":{"confidence_interval":{"confidence_level":0.95,"lower_bound":171.3934920468111,"upper_bound":171.90812245966546},"point_estimate":171.6009073181909,"standard_error":0.1352215919580794},"median":{"confidence_interval":{"confidence_level":0.95,"lower_bound":171.32837526541482,"upper_bound":171.55428206734646},"point_estimate":171.42464652260523,"standard_error":0.05919937226865517},"median_abs_dev":{"confidence_interval":{"confidence_level":0.95,"lower_bound":0.3216810277638205,"upper_bound":0.5355276671376519},"point_estimate":0.4224391950280444,"standard_error":0.056154585520605795},"slope":{"confidence_interval":{"confidence_level":0.95,"lower_bound":171.40271231139835,"upper_bound":171.64057777146428},"point_estimate":171.51020596970386,"standard_error":0.06077339491618996},"std_dev":{"confidence_interval":{"confidence_level":0.95,"lower_bound":0.4632933022040106,"upper_bound":2.2108979577786845},"point_estimate":1.3603703710035167,"standard_error":0.5693878873084576}}