{"mean":{"confidence_interval":{"confidence_level":0.95,"lower_bound":1698.7009431190038,"upper_bound":1702.477067568351},"point_estimate":1700.1575547720367,"standard_error":1.0190037202959141},"median":{"confidence_interval":{"confidence_level":0.95,"lower_bound":1698.3733276157805,"upper_bound":1699.5741239892184},"point_estimate":1698.7675992521508,"standard_error":0.3144963684621492},"median_abs_dev":{"confidence_interval":{"confidence_level":0.95,"lower_bound":1.4736204763937273,"upper_bound":2.37343675562549},"point_estimate":1.8069173869526416,"standard_error":0.2381773403251777},"slope":{"confidence_interval":{"confidence_level":0.95,"lower_bound":1698.850609808534,"upper_bound":1700.5978525670987},"point_estimate":1699.6369505883283,"standard_error":0.44959485534370947},"std_dev":{"confidence_interval":{"confidence_level":0.95,"lower_bound":2.3908123461266793,"upper_bound":17.103796618874362},"point_estimate":10.244902082601765,"standard_error":4.840133377602161}}