{"mean":{"confidence_interval":{"confidence_level":0.95,"lower_bound":7.597408052515754,"upper_bound":7.6469864861602055},"point_estimate":7.616300897825113,"standard_error":0.013476842717989086},"median":{"confidence_interval":{"confidence_level":0.95,"lower_bound":7.587484139617505,"upper_bound":7.612929296180829},"point_estimate":7.597666378392544,"standard_error":0.006799406253829619},"median_abs_dev":{"confidence_interval":{"confidence_level":0.95,"lower_bound":0.031399634863214024,"upper_bound":0.04770774160075616},"point_estimate":0.03884716872048115,"standard_error":0.0042876173601196065},"slope":{"confidence_interval":{"confidence_level":0.95,"lower_bound":7.589644164670109,"upper_bound":7.610866205622849},"point_estimate":7.599331650670696,"standard_error":0.005431283277182211},"std_dev":{"confidence_interval":{"confidence_level":0.95,"lower_bound":0.034272508100211756,"upper_bound":0.22646367697253275},"point_estimate":0.13570972216421306,"standard_error":0.06549694413377304}}