{"mean":{"confidence_interval":{"confidence_level":0.95,"lower_bound":187399.4708305251,"upper_bound":187982.4662323362},"point_estimate":187613.90703675605,"standard_error":165.4949962851702},"median":{"confidence_interval":{"confidence_level":0.95,"lower_bound":187334.74031007753,"upper_bound":187422.20767033863},"point_estimate":187378.41142857145,"standard_error":22.23040393167385},"median_abs_dev":{"confidence_interval":{"confidence_level":0.95,"lower_bound":168.5117147673989,"upper_bound":283.1338425753305},"point_estimate":226.2576725740204,"standard_error":30.07424608588406},"slope":{"confidence_interval":{"confidence_level":0.95,"lower_bound":187407.97122321284,"upper_bound":187509.79215611078},"point_estimate":187457.2382941727,"standard_error":26.023632908833175},"std_dev":{"confidence_interval":{"confidence_level":0.95,"lower_bound":244.40368249890196,"upper_bound":2831.0101353829},"point_estimate":1673.4446945217703,"standard_error":882.909637289922}}