{"mean":{"confidence_interval":{"confidence_level":0.95,"lower_bound":224446.09592097814,"upper_bound":226318.9538280101},"point_estimate":225377.39291399403,"standard_error":479.2136998709275},"median":{"confidence_interval":{"confidence_level":0.95,"lower_bound":221275.10555555555,"upper_bound":230176.0},"point_estimate":221725.90422680412,"standard_error":2023.8381543273113},"median_abs_dev":{"confidence_interval":{"confidence_level":0.95,"lower_bound":569.8761298826573,"upper_bound":7109.718783334853},"point_estimate":1352.6908511471438,"standard_error":1641.7699066576308},"slope":{"confidence_interval":{"confidence_level":0.95,"lower_bound":227566.05834530626,"upper_bound":229448.75227077986},"point_estimate":228589.39209398552,"standard_error":480.7415518277769},"std_dev":{"confidence_interval":{"confidence_level":0.95,"lower_bound":4554.108680835382,"upper_bound":5023.396057498466},"point_estimate":4832.940452581003,"standard_error":117.56440670661911}}