{"mean":{"confidence_interval":{"confidence_level":0.95,"lower_bound":304639.6405251292,"upper_bound":306200.6098851298},"point_estimate":305190.60106927436,"standard_error":471.42225850499847},"median":{"confidence_interval":{"confidence_level":0.95,"lower_bound":304484.5,"upper_bound":304635.32748851104},"point_estimate":304566.85582622094,"standard_error":41.39843073224548},"median_abs_dev":{"confidence_interval":{"confidence_level":0.95,"lower_bound":209.33371952302264,"upper_bound":401.28967456176207},"point_estimate":294.5878585021483,"standard_error":50.22774255859339},"slope":{"confidence_interval":{"confidence_level":0.95,"lower_bound":304583.74588202557,"upper_bound":304776.7274813597},"point_estimate":304676.108856214,"standard_error":49.35217010371109},"std_dev":{"confidence_interval":{"confidence_level":0.95,"lower_bound":431.1265449696453,"upper_bound":8069.822272406848},"point_estimate":4725.7302542485095,"standard_error":2713.07579535052}}