{"mean":{"confidence_interval":{"confidence_level":0.95,"lower_bound":150.250898924587,"upper_bound":152.25937648369708},"point_estimate":151.24416114135425,"standard_error":0.5152739346103536},"median":{"confidence_interval":{"confidence_level":0.95,"lower_bound":148.00818141396175,"upper_bound":149.83398362235067},"point_estimate":148.87590317919074,"standard_error":0.5454724507395082},"median_abs_dev":{"confidence_interval":{"confidence_level":0.95,"lower_bound":2.207158498025873,"upper_bound":6.347179116076662},"point_estimate":3.7328455112851593,"standard_error":1.0452432723288754},"slope":{"confidence_interval":{"confidence_level":0.95,"lower_bound":153.30959412274495,"upper_bound":155.7027432822535},"point_estimate":154.60618062750973,"standard_error":0.6108100849332123},"std_dev":{"confidence_interval":{"confidence_level":0.95,"lower_bound":4.674778857965898,"upper_bound":5.6258054826308115},"point_estimate":5.1972808318219545,"standard_error":0.2413447326386091}}