{"mean":{"confidence_interval":{"confidence_level":0.95,"lower_bound":149.39688210760073,"upper_bound":151.11166676435306},"point_estimate":150.2417409689269,"standard_error":0.43725130572118065},"median":{"confidence_interval":{"confidence_level":0.95,"lower_bound":147.28317272053374,"upper_bound":148.62842509603072},"point_estimate":147.788056912906,"standard_error":0.4018819121742567},"median_abs_dev":{"confidence_interval":{"confidence_level":0.95,"lower_bound":1.351415777431033,"upper_bound":3.9718606511243166},"point_estimate":2.0328051984426785,"standard_error":0.670824869819379},"slope":{"confidence_interval":{"confidence_level":0.95,"lower_bound":152.0605214141194,"upper_bound":153.90727430423811},"point_estimate":153.07843161823016,"standard_error":0.4707992946786421},"std_dev":{"confidence_interval":{"confidence_level":0.95,"lower_bound":3.964984398115051,"upper_bound":4.715625940138349},"point_estimate":4.389398240892605,"standard_error":0.1907104882639122}}