{"mean":{"confidence_interval":{"confidence_level":0.95,"lower_bound":152.25801958771245,"upper_bound":154.6983297605305},"point_estimate":153.41186249784448,"standard_error":0.6223468514293176},"median":{"confidence_interval":{"confidence_level":0.95,"lower_bound":149.69825072886297,"upper_bound":151.64144800777456},"point_estimate":150.22613170438245,"standard_error":0.4861842110673751},"median_abs_dev":{"confidence_interval":{"confidence_level":0.95,"lower_bound":1.2887034252626601,"upper_bound":4.122145591540338},"point_estimate":2.1018277863750043,"standard_error":0.7027566665517323},"slope":{"confidence_interval":{"confidence_level":0.95,"lower_bound":155.35313175448647,"upper_bound":159.4984655002748},"point_estimate":157.39394719098559,"standard_error":1.0541853407392385},"std_dev":{"confidence_interval":{"confidence_level":0.95,"lower_bound":4.61980085287284,"upper_bound":8.127150290690262},"point_estimate":6.269704694462695,"standard_error":0.9612618852758152}}