{"mean":{"confidence_interval":{"confidence_level":0.95,"lower_bound":28686.18382711762,"upper_bound":29044.042150985337},"point_estimate":28837.310894299866,"standard_error":92.5211109891799},"median":{"confidence_interval":{"confidence_level":0.95,"lower_bound":28652.28971374646,"upper_bound":28705.009801764016},"point_estimate":28673.5168767507,"standard_error":15.046475070916927},"median_abs_dev":{"confidence_interval":{"confidence_level":0.95,"lower_bound":83.92122245311566,"upper_bound":149.57532175431683},"point_estimate":115.1776972005952,"standard_error":17.518771792036514},"slope":{"confidence_interval":{"confidence_level":0.95,"lower_bound":28678.556370916427,"upper_bound":29314.562191907684},"point_estimate":28932.28379410461,"standard_error":170.14928654030555},"std_dev":{"confidence_interval":{"confidence_level":0.95,"lower_bound":148.60042047291307,"upper_bound":1413.7241076621497},"point_estimate":924.4241611314369,"standard_error":320.43814193963016}}