{"mean":{"confidence_interval":{"confidence_level":0.95,"lower_bound":144724.65911253338,"upper_bound":144830.12302285247},"point_estimate":144775.67356267042,"standard_error":26.96425332275927},"median":{"confidence_interval":{"confidence_level":0.95,"lower_bound":144672.18690044078,"upper_bound":144782.9593105899},"point_estimate":144706.8784992785,"standard_error":28.812952064963074},"median_abs_dev":{"confidence_interval":{"confidence_level":0.95,"lower_bound":176.54126032421115,"upper_bound":298.76267462091766},"point_estimate":232.69290035942055,"standard_error":29.91822474430331},"slope":{"confidence_interval":{"confidence_level":0.95,"lower_bound":144635.91811614973,"upper_bound":144743.36289375756},"point_estimate":144686.85671515125,"standard_error":27.34295264951556},"std_dev":{"confidence_interval":{"confidence_level":0.95,"lower_bound":210.48147378494505,"upper_bound":342.52181869494154},"point_estimate":271.450683820707,"standard_error":35.437317092059445}}