{"mean":{"confidence_interval":{"confidence_level":0.95,"lower_bound":144826.79196508433,"upper_bound":144905.14722044027},"point_estimate":144864.87290909447,"standard_error":19.997366748068814},"median":{"confidence_interval":{"confidence_level":0.95,"lower_bound":144781.8527905786,"upper_bound":144862.0989010989},"point_estimate":144824.16580737557,"standard_error":19.481872750370144},"median_abs_dev":{"confidence_interval":{"confidence_level":0.95,"lower_bound":125.32795756518865,"upper_bound":232.36595043511014},"point_estimate":174.09958363841818,"standard_error":26.61816561185311},"slope":{"confidence_interval":{"confidence_level":0.95,"lower_bound":144878.6925665644,"upper_bound":144970.0188724668},"point_estimate":144923.26655111994,"standard_error":23.35631826543717},"std_dev":{"confidence_interval":{"confidence_level":0.95,"lower_bound":165.9373133247583,"upper_bound":231.34730986887976},"point_estimate":200.81677404909422,"standard_error":16.715023587308938}}