{"mean":{"confidence_interval":{"confidence_level":0.95,"lower_bound":1321.2270333670267,"upper_bound":1325.9067884001306},"point_estimate":1322.9332305044625,"standard_error":1.348152370145304},"median":{"confidence_interval":{"confidence_level":0.95,"lower_bound":1320.6572813852813,"upper_bound":1321.2324102564103},"point_estimate":1320.8508863636362,"standard_error":0.1357124931201451},"median_abs_dev":{"confidence_interval":{"confidence_level":0.95,"lower_bound":0.8292511238214121,"upper_bound":1.5861130321070844},"point_estimate":1.0909361847986667,"standard_error":0.20356928226905371},"slope":{"confidence_interval":{"confidence_level":0.95,"lower_bound":1320.9623306429946,"upper_bound":1321.9012955686158},"point_estimate":1321.384578560662,"standard_error":0.24083887200733153},"std_dev":{"confidence_interval":{"confidence_level":0.95,"lower_bound":1.973579824356339,"upper_bound":22.970164856121993},"point_estimate":13.545797342734136,"standard_error":7.29772626952347}}