{"mean":{"confidence_interval":{"confidence_level":0.95,"lower_bound":1243.3671301879097,"upper_bound":1245.6670845078515},"point_estimate":1244.3401389284768,"standard_error":0.5958873665708876},"median":{"confidence_interval":{"confidence_level":0.95,"lower_bound":1242.5460464716748,"upper_bound":1243.1362280150754},"point_estimate":1242.803292119901,"standard_error":0.13126521869722751},"median_abs_dev":{"confidence_interval":{"confidence_level":0.95,"lower_bound":0.9064546822788747,"upper_bound":1.730518368089298},"point_estimate":1.2362027014854489,"standard_error":0.21101099276487528},"slope":{"confidence_interval":{"confidence_level":0.95,"lower_bound":1243.3884558660766,"upper_bound":1245.9278677002605},"point_estimate":1244.47520920325,"standard_error":0.6593962115709638},"std_dev":{"confidence_interval":{"confidence_level":0.95,"lower_bound":2.321515342234619,"upper_bound":9.413528226502192},"point_estimate":5.997779128751234,"standard_error":2.0985055599919407}}