{"mean":{"confidence_interval":{"confidence_level":0.95,"lower_bound":1339.2003006965988,"upper_bound":1341.0404214796308},"point_estimate":1339.9291272162216,"standard_error":0.484384421273694},"median":{"confidence_interval":{"confidence_level":0.95,"lower_bound":1338.7653149448793,"upper_bound":1339.7317469643556},"point_estimate":1339.1128914313845,"standard_error":0.2266005312187621},"median_abs_dev":{"confidence_interval":{"confidence_level":0.95,"lower_bound":1.2883776777178588,"upper_bound":2.0645699556932975},"point_estimate":1.6220445502382257,"standard_error":0.19377548180625126},"slope":{"confidence_interval":{"confidence_level":0.95,"lower_bound":1339.2711080905394,"upper_bound":1340.2123188861267},"point_estimate":1339.6938904860233,"standard_error":0.24022198943334824},"std_dev":{"confidence_interval":{"confidence_level":0.95,"lower_bound":1.5687075016492429,"upper_bound":7.942676262951649},"point_estimate":4.856972947323679,"standard_error":2.1046578201348156}}