{"mean":{"confidence_interval":{"confidence_level":0.95,"lower_bound":123.76170103149381,"upper_bound":123.81490529607754},"point_estimate":123.78722062048257,"standard_error":0.013627534987018245},"median":{"confidence_interval":{"confidence_level":0.95,"lower_bound":123.75448208562986,"upper_bound":123.80545885878387},"point_estimate":123.77464070453208,"standard_error":0.01286282457120401},"median_abs_dev":{"confidence_interval":{"confidence_level":0.95,"lower_bound":0.07203097018536722,"upper_bound":0.12279465177456525},"point_estimate":0.09044679953448909,"standard_error":0.012903958471210996},"slope":{"confidence_interval":{"confidence_level":0.95,"lower_bound":123.74438910481902,"upper_bound":123.78408231650482},"point_estimate":123.76412782516374,"standard_error":0.010077018562479756},"std_dev":{"confidence_interval":{"confidence_level":0.95,"lower_bound":0.1025695532245722,"upper_bound":0.17447531141789233},"point_estimate":0.13744237039652518,"standard_error":0.018855771353842546}}