{"mean":{"confidence_interval":{"confidence_level":0.95,"lower_bound":70.24305859620122,"upper_bound":70.45313872523371},"point_estimate":70.33813459050704,"standard_error":0.05376245114313631},"median":{"confidence_interval":{"confidence_level":0.95,"lower_bound":70.1788198936838,"upper_bound":70.2238426259617},"point_estimate":70.19476434620265,"standard_error":0.011879335467529365},"median_abs_dev":{"confidence_interval":{"confidence_level":0.95,"lower_bound":0.07426223344032026,"upper_bound":0.13583612253946728},"point_estimate":0.0985046412930504,"standard_error":0.015371027477295197},"slope":{"confidence_interval":{"confidence_level":0.95,"lower_bound":70.21796038132457,"upper_bound":70.33147167020766},"point_estimate":70.2681943188628,"standard_error":0.029008462499010106},"std_dev":{"confidence_interval":{"confidence_level":0.95,"lower_bound":0.29629408034573723,"upper_bound":0.7335099683873021},"point_estimate":0.5400503618329509,"standard_error":0.11236802248625663}}