{"mean":{"confidence_interval":{"confidence_level":0.95,"lower_bound":46.06685103974104,"upper_bound":47.757289445859435},"point_estimate":46.84104531940213,"standard_error":0.43397520260801714},"median":{"confidence_interval":{"confidence_level":0.95,"lower_bound":45.111916278526365,"upper_bound":45.563964052793935},"point_estimate":45.266344974685936,"standard_error":0.13848136960983523},"median_abs_dev":{"confidence_interval":{"confidence_level":0.95,"lower_bound":0.2451039364019778,"upper_bound":0.871504808718108},"point_estimate":0.45240637881547024,"standard_error":0.18129047328742537},"slope":{"confidence_interval":{"confidence_level":0.95,"lower_bound":46.05895418335413,"upper_bound":47.63627499999631},"point_estimate":46.75111932559279,"standard_error":0.40539901936283046},"std_dev":{"confidence_interval":{"confidence_level":0.95,"lower_bound":2.440759190926754,"upper_bound":5.919723341053147},"point_estimate":4.346606389254824,"standard_error":0.8912186227740353}}