{"mean":{"confidence_interval":{"confidence_level":0.95,"lower_bound":3131.4172393033946,"upper_bound":3133.054909519445},"point_estimate":3132.128809073658,"standard_error":0.4198629478947569},"median":{"confidence_interval":{"confidence_level":0.95,"lower_bound":3131.1390861376967,"upper_bound":3132.259995524869},"point_estimate":3131.7476457614116,"standard_error":0.29230025389601944},"median_abs_dev":{"confidence_interval":{"confidence_level":0.95,"lower_bound":1.719372243110667,"upper_bound":2.813786366484807},"point_estimate":2.2473966577324913,"standard_error":0.28341816995725283},"slope":{"confidence_interval":{"confidence_level":0.95,"lower_bound":3131.2753172786165,"upper_bound":3132.1498755810017},"point_estimate":3131.7120922832883,"standard_error":0.22305843349134186},"std_dev":{"confidence_interval":{"confidence_level":0.95,"lower_bound":2.2043198593273456,"upper_bound":6.39466129883355},"point_estimate":4.194680910669859,"standard_error":1.3287924849122357}}