{"mean":{"confidence_interval":{"confidence_level":0.95,"lower_bound":3442.300036666399,"upper_bound":3488.9647194674344},"point_estimate":3461.4060679520585,"standard_error":12.16817210145729},"median":{"confidence_interval":{"confidence_level":0.95,"lower_bound":3435.2858243451465,"upper_bound":3437.0255502073687},"point_estimate":3436.0642357642355,"standard_error":0.4609965141539786},"median_abs_dev":{"confidence_interval":{"confidence_level":0.95,"lower_bound":2.643757279583292,"upper_bound":4.63583922340937},"point_estimate":3.653905908588261,"standard_error":0.514157831443978},"slope":{"confidence_interval":{"confidence_level":0.95,"lower_bound":3437.5884844878533,"upper_bound":3456.056015745874},"point_estimate":3445.2117488097833,"standard_error":4.788878998246807},"std_dev":{"confidence_interval":{"confidence_level":0.95,"lower_bound":32.81187733027446,"upper_bound":196.46563082380428},"point_estimate":122.29352930864482,"standard_error":47.405634137002735}}