{"mean":{"confidence_interval":{"confidence_level":0.95,"lower_bound":416.65900873884544,"upper_bound":417.5162462722354},"point_estimate":417.03189496145853,"standard_error":0.22122389653640992},"median":{"confidence_interval":{"confidence_level":0.95,"lower_bound":416.52525204132644,"upper_bound":416.7226054868048},"point_estimate":416.60570301098807,"standard_error":0.045867481972927775},"median_abs_dev":{"confidence_interval":{"confidence_level":0.95,"lower_bound":0.2006255591684219,"upper_bound":0.5138790774152545},"point_estimate":0.3876669464630783,"standard_error":0.07942074725073202},"slope":{"confidence_interval":{"confidence_level":0.95,"lower_bound":416.6026932728331,"upper_bound":417.8512254166913},"point_estimate":417.08572454095935,"standard_error":0.33664082408455176},"std_dev":{"confidence_interval":{"confidence_level":0.95,"lower_bound":0.5044731990801904,"upper_bound":2.288395286348985},"point_estimate":1.5702238103303583,"standard_error":0.4636607636496827}}