{"mean":{"confidence_interval":{"confidence_level":0.95,"lower_bound":488.6028918729215,"upper_bound":489.5066926500309},"point_estimate":489.0468357849662,"standard_error":0.22981785709281138},"median":{"confidence_interval":{"confidence_level":0.95,"lower_bound":488.087670781893,"upper_bound":489.19863771817796},"point_estimate":488.634791682911,"standard_error":0.26525011267436827},"median_abs_dev":{"confidence_interval":{"confidence_level":0.95,"lower_bound":1.769160138961514,"upper_bound":2.8740583574180665},"point_estimate":2.356573974784407,"standard_error":0.30198237944499323},"slope":{"confidence_interval":{"confidence_level":0.95,"lower_bound":488.64572418629007,"upper_bound":489.7445768995076},"point_estimate":489.17488187372635,"standard_error":0.280256849630414},"std_dev":{"confidence_interval":{"confidence_level":0.95,"lower_bound":1.9434663908465637,"upper_bound":2.6685040662211814},"point_estimate":2.3192154541671233,"standard_error":0.18511828145015002}}