{"mean":{"confidence_interval":{"confidence_level":0.95,"lower_bound":20516.043186497343,"upper_bound":20518.485864704973},"point_estimate":20517.105377246713,"standard_error":0.629201154789389},"median":{"confidence_interval":{"confidence_level":0.95,"lower_bound":20515.196529410758,"upper_bound":20516.12189740761},"point_estimate":20515.681932718293,"standard_error":0.2518963571366695},"median_abs_dev":{"confidence_interval":{"confidence_level":0.95,"lower_bound":1.2454956411528535,"upper_bound":2.230049223437265},"point_estimate":1.7881667781358277,"standard_error":0.2576186255271399},"slope":{"confidence_interval":{"confidence_level":0.95,"lower_bound":20515.871558890638,"upper_bound":20517.840031817166},"point_estimate":20516.704612600766,"standard_error":0.5113684150012624},"std_dev":{"confidence_interval":{"confidence_level":0.95,"lower_bound":2.7539774765062703,"upper_bound":9.588751794210868},"point_estimate":6.331793624248295,"standard_error":1.8871185429208024}}