{"mean":{"confidence_interval":{"confidence_level":0.95,"lower_bound":26.521839610695167,"upper_bound":26.542107900022746},"point_estimate":26.531421342856458,"standard_error":0.005155734686725324},"median":{"confidence_interval":{"confidence_level":0.95,"lower_bound":26.525300007367463,"upper_bound":26.543992373101098},"point_estimate":26.534778641889524,"standard_error":0.005061355253724492},"median_abs_dev":{"confidence_interval":{"confidence_level":0.95,"lower_bound":0.02307629330339447,"upper_bound":0.03866618839637464},"point_estimate":0.03160281595520876,"standard_error":0.0038657092823609156},"slope":{"confidence_interval":{"confidence_level":0.95,"lower_bound":26.524046884229925,"upper_bound":26.536919079359627},"point_estimate":26.530543482252266,"standard_error":0.0032827345490627356},"std_dev":{"confidence_interval":{"confidence_level":0.95,"lower_bound":0.03364957032116285,"upper_bound":0.07218563876891075},"point_estimate":0.051880301065799626,"standard_error":0.010671974909714197}}