{"mean":{"confidence_interval":{"confidence_level":0.95,"lower_bound":46.93143393346378,"upper_bound":47.17738281674729},"point_estimate":47.021517941377624,"standard_error":0.0705246900900704},"median":{"confidence_interval":{"confidence_level":0.95,"lower_bound":46.91543767402594,"upper_bound":46.96225982479642},"point_estimate":46.932803351454425,"standard_error":0.012689173638568698},"median_abs_dev":{"confidence_interval":{"confidence_level":0.95,"lower_bound":0.06492445783487644,"upper_bound":0.10544340482576912},"point_estimate":0.08694848268088065,"standard_error":0.010508660812410312},"slope":{"confidence_interval":{"confidence_level":0.95,"lower_bound":46.93347715054474,"upper_bound":47.02236731781888},"point_estimate":46.97024346078974,"standard_error":0.023328371099763934},"std_dev":{"confidence_interval":{"confidence_level":0.95,"lower_bound":0.10598891172017652,"upper_bound":1.2103376639464771},"point_estimate":0.7140493146655731,"standard_error":0.38165028536027434}}