{"mean":{"confidence_interval":{"confidence_level":0.95,"lower_bound":61563.77292719417,"upper_bound":61780.307322774366},"point_estimate":61641.462911224386,"standard_error":63.98980087267152},"median":{"confidence_interval":{"confidence_level":0.95,"lower_bound":61543.15592105263,"upper_bound":61573.80556444303},"point_estimate":61563.815897832814,"standard_error":8.352100520549541},"median_abs_dev":{"confidence_interval":{"confidence_level":0.95,"lower_bound":29.1304569602506,"upper_bound":67.17160128747449},"point_estimate":44.648312053563615,"standard_error":9.963769627654552},"slope":{"confidence_interval":{"confidence_level":0.95,"lower_bound":61559.23770897963,"upper_bound":61596.6050819807},"point_estimate":61577.16048309475,"standard_error":9.583899408376807},"std_dev":{"confidence_interval":{"confidence_level":0.95,"lower_bound":53.902119925206044,"upper_bound":767.7203954126253},"point_estimate":454.7688248729426,"standard_error":251.6364365391966}}