{"mean":{"confidence_interval":{"confidence_level":0.95,"lower_bound":57089.07591311735,"upper_bound":57396.948393354054},"point_estimate":57208.33622496645,"standard_error":82.04380299157884},"median":{"confidence_interval":{"confidence_level":0.95,"lower_bound":57054.18892938128,"upper_bound":57096.3837535014},"point_estimate":57077.796064814815,"standard_error":9.763980360820458},"median_abs_dev":{"confidence_interval":{"confidence_level":0.95,"lower_bound":42.23682279511285,"upper_bound":98.83992217407845},"point_estimate":68.37322142863158,"standard_error":15.240597474744073},"slope":{"confidence_interval":{"confidence_level":0.95,"lower_bound":57075.17566332944,"upper_bound":57163.857660830785},"point_estimate":57111.65123776243,"standard_error":23.03337689127361},"std_dev":{"confidence_interval":{"confidence_level":0.95,"lower_bound":98.04382315665545,"upper_bound":958.7762813653725},"point_estimate":587.4052724604646,"standard_error":264.75834954308596}}