{"mean":{"confidence_interval":{"confidence_level":0.95,"lower_bound":44.79697355068939,"upper_bound":44.93858109673314},"point_estimate":44.862677571272094,"standard_error":0.03604832777501366},"median":{"confidence_interval":{"confidence_level":0.95,"lower_bound":44.736284280254154,"upper_bound":44.89228607098767},"point_estimate":44.82062028561347,"standard_error":0.04696289884746061},"median_abs_dev":{"confidence_interval":{"confidence_level":0.95,"lower_bound":0.19619186479189443,"upper_bound":0.32743997667300745},"point_estimate":0.26845544703668206,"standard_error":0.03215602142370701},"slope":{"confidence_interval":{"confidence_level":0.95,"lower_bound":44.78210001854309,"upper_bound":44.90101486927454},"point_estimate":44.842453020834164,"standard_error":0.030342635767948718},"std_dev":{"confidence_interval":{"confidence_level":0.95,"lower_bound":0.23747200544548053,"upper_bound":0.49860320229833893},"point_estimate":0.36031028236104684,"standard_error":0.07236282512590139}}