{"mean":{"confidence_interval":{"confidence_level":0.95,"lower_bound":37.28137569909085,"upper_bound":37.35954782294361},"point_estimate":37.31723363931239,"standard_error":0.02005485837067951},"median":{"confidence_interval":{"confidence_level":0.95,"lower_bound":37.27116727451533,"upper_bound":37.322093249401576},"point_estimate":37.2931612906233,"standard_error":0.013909929826248817},"median_abs_dev":{"confidence_interval":{"confidence_level":0.95,"lower_bound":0.08340536854658244,"upper_bound":0.14281930770965132},"point_estimate":0.11064571644033805,"standard_error":0.015270696241826132},"slope":{"confidence_interval":{"confidence_level":0.95,"lower_bound":37.27395953193307,"upper_bound":37.317981023046464},"point_estimate":37.29595852533533,"standard_error":0.011241744056420701},"std_dev":{"confidence_interval":{"confidence_level":0.95,"lower_bound":0.114321644691706,"upper_bound":0.2822213837821714},"point_estimate":0.2012839929667205,"standard_error":0.04380968741803996}}