{"mean":{"confidence_interval":{"confidence_level":0.95,"lower_bound":13.650149263081344,"upper_bound":13.709750226880749},"point_estimate":13.671388376599477,"standard_error":0.01771047403512601},"median":{"confidence_interval":{"confidence_level":0.95,"lower_bound":13.64325536302438,"upper_bound":13.65285759621986},"point_estimate":13.64999260714335,"standard_error":0.002398413650397214},"median_abs_dev":{"confidence_interval":{"confidence_level":0.95,"lower_bound":0.01635521805079641,"upper_bound":0.028714161380608564},"point_estimate":0.02327029318946752,"standard_error":0.0032066304568317138},"slope":{"confidence_interval":{"confidence_level":0.95,"lower_bound":13.64816596338766,"upper_bound":13.66292200805557},"point_estimate":13.655223725350844,"standard_error":0.0037852716064483575},"std_dev":{"confidence_interval":{"confidence_level":0.95,"lower_bound":0.02182996134241235,"upper_bound":0.3024822415939382},"point_estimate":0.17737135458088427,"standard_error":0.09975396930764775}}