{"mean":{"confidence_interval":{"confidence_level":0.95,"lower_bound":13.550897019188879,"upper_bound":13.576345605471413},"point_estimate":13.561018057667065,"standard_error":0.006719329398391347},"median":{"confidence_interval":{"confidence_level":0.95,"lower_bound":13.545655964652894,"upper_bound":13.55452521982349},"point_estimate":13.551577082684393,"standard_error":0.002175988744870282},"median_abs_dev":{"confidence_interval":{"confidence_level":0.95,"lower_bound":0.013122506334669267,"upper_bound":0.02505827826203415},"point_estimate":0.01880592074136419,"standard_error":0.00304288643955797},"slope":{"confidence_interval":{"confidence_level":0.95,"lower_bound":13.55064063284731,"upper_bound":13.559425810868758},"point_estimate":13.554736961977,"standard_error":0.0022356961233770357},"std_dev":{"confidence_interval":{"confidence_level":0.95,"lower_bound":0.02242969992135694,"upper_bound":0.11031891836059111},"point_estimate":0.06764527555049023,"standard_error":0.028987207694278108}}