{"mean":{"confidence_interval":{"confidence_level":0.95,"lower_bound":14.229176707565303,"upper_bound":14.260337293531526},"point_estimate":14.242458465063134,"standard_error":0.008055308411658054},"median":{"confidence_interval":{"confidence_level":0.95,"lower_bound":14.222183221767182,"upper_bound":14.23947567567651},"point_estimate":14.229453525564521,"standard_error":0.00438831046414497},"median_abs_dev":{"confidence_interval":{"confidence_level":0.95,"lower_bound":0.02407916893811,"upper_bound":0.04154728261168282},"point_estimate":0.03218675209812147,"standard_error":0.004317298792480909},"slope":{"confidence_interval":{"confidence_level":0.95,"lower_bound":14.226120645750877,"upper_bound":14.242449105344022},"point_estimate":14.233957710518581,"standard_error":0.0041731074333108365},"std_dev":{"confidence_interval":{"confidence_level":0.95,"lower_bound":0.0350881828364835,"upper_bound":0.12536683313763525},"point_estimate":0.08079534897196061,"standard_error":0.027266224691434953}}