{"mean":{"confidence_interval":{"confidence_level":0.95,"lower_bound":14.225041199751933,"upper_bound":14.254413284404635},"point_estimate":14.237673101063463,"standard_error":0.007542913522663596},"median":{"confidence_interval":{"confidence_level":0.95,"lower_bound":14.214424967577292,"upper_bound":14.228327342462467},"point_estimate":14.220107451914345,"standard_error":0.003564877933701409},"median_abs_dev":{"confidence_interval":{"confidence_level":0.95,"lower_bound":0.01832563162023038,"upper_bound":0.03359532399666374},"point_estimate":0.022695412444793374,"standard_error":0.0036000319279307926},"slope":{"confidence_interval":{"confidence_level":0.95,"lower_bound":14.223366837300242,"upper_bound":14.243302530445654},"point_estimate":14.232238693973576,"standard_error":0.005115978371917829},"std_dev":{"confidence_interval":{"confidence_level":0.95,"lower_bound":0.03456393861827576,"upper_bound":0.11564793357183904},"point_estimate":0.07560707947419971,"standard_error":0.02377437834613809}}