{"mean":{"confidence_interval":{"confidence_level":0.95,"lower_bound":13.592746977190254,"upper_bound":13.657773260560816},"point_estimate":13.616404232322886,"standard_error":0.01874605287597716},"median":{"confidence_interval":{"confidence_level":0.95,"lower_bound":13.586971130768703,"upper_bound":13.600391173120205},"point_estimate":13.595567331486095,"standard_error":0.0033665966565418538},"median_abs_dev":{"confidence_interval":{"confidence_level":0.95,"lower_bound":0.016190336342731156,"upper_bound":0.0294435594133495},"point_estimate":0.020106026997107364,"standard_error":0.003474370693874206},"slope":{"confidence_interval":{"confidence_level":0.95,"lower_bound":13.596407252982987,"upper_bound":13.607428491678089},"point_estimate":13.601751678465185,"standard_error":0.0028186704541806875},"std_dev":{"confidence_interval":{"confidence_level":0.95,"lower_bound":0.0270619653964779,"upper_bound":0.32053764200480617},"point_estimate":0.18877983667202664,"standard_error":0.10199788682404175}}