{"mean":{"confidence_interval":{"confidence_level":0.95,"lower_bound":2143.9210316898884,"upper_bound":2144.328054334767},"point_estimate":2144.1105098395165,"standard_error":0.10378484949575859},"median":{"confidence_interval":{"confidence_level":0.95,"lower_bound":2143.8274632287794,"upper_bound":2144.10700469743},"point_estimate":2143.9884527207896,"standard_error":0.0734317046039482},"median_abs_dev":{"confidence_interval":{"confidence_level":0.95,"lower_bound":0.454137589259955,"upper_bound":0.7689489446036375},"point_estimate":0.5795298817016834,"standard_error":0.07926281373619022},"slope":{"confidence_interval":{"confidence_level":0.95,"lower_bound":2143.9538979011427,"upper_bound":2144.2666607181873},"point_estimate":2144.1063448157183,"standard_error":0.07997702227874495},"std_dev":{"confidence_interval":{"confidence_level":0.95,"lower_bound":0.6767182133008086,"upper_bound":1.459715280199292},"point_estimate":1.0445743966516954,"standard_error":0.2215946321740421}}