{"mean":{"confidence_interval":{"confidence_level":0.95,"lower_bound":40047.582855376015,"upper_bound":40172.71736870388},"point_estimate":40093.62559951919,"standard_error":35.626681616457255},"median":{"confidence_interval":{"confidence_level":0.95,"lower_bound":40030.25762711864,"upper_bound":40062.602359767894},"point_estimate":40049.183725029376,"standard_error":7.954619348546616},"median_abs_dev":{"confidence_interval":{"confidence_level":0.95,"lower_bound":50.60247709218898,"upper_bound":80.49184007995932},"point_estimate":69.91216855967188,"standard_error":7.246989032607686},"slope":{"confidence_interval":{"confidence_level":0.95,"lower_bound":40046.0071124433,"upper_bound":40074.569966591225},"point_estimate":40060.16219878824,"standard_error":7.272337002911661},"std_dev":{"confidence_interval":{"confidence_level":0.95,"lower_bound":62.34511270875978,"upper_bound":609.8125369277873},"point_estimate":360.0079583445535,"standard_error":190.79344827251103}}