{"mean":{"confidence_interval":{"confidence_level":0.95,"lower_bound":40409.51345844155,"upper_bound":40599.53997028476},"point_estimate":40484.6960002375,"standard_error":50.19752345164193},"median":{"confidence_interval":{"confidence_level":0.95,"lower_bound":40384.027272727275,"upper_bound":40433.44888888889},"point_estimate":40403.206974358975,"standard_error":11.99460610076184},"median_abs_dev":{"confidence_interval":{"confidence_level":0.95,"lower_bound":72.26469896447585,"upper_bound":131.81721506829578},"point_estimate":98.58060727575342,"standard_error":15.39530096834262},"slope":{"confidence_interval":{"confidence_level":0.95,"lower_bound":40374.16719904716,"upper_bound":40511.822682245904},"point_estimate":40429.9383510566,"standard_error":36.44493010041152},"std_dev":{"confidence_interval":{"confidence_level":0.95,"lower_bound":127.9517893019556,"upper_bound":824.4556656338231},"point_estimate":503.41753802325456,"standard_error":215.18388081110797}}