{"mean":{"confidence_interval":{"confidence_level":0.95,"lower_bound":8.153949306617205,"upper_bound":8.160403987545678},"point_estimate":8.157199190359874,"standard_error":0.0016486385242931436},"median":{"confidence_interval":{"confidence_level":0.95,"lower_bound":8.153426894117583,"upper_bound":8.159816362582381},"point_estimate":8.156457110429848,"standard_error":0.0017727196416937505},"median_abs_dev":{"confidence_interval":{"confidence_level":0.95,"lower_bound":0.00897655480095327,"upper_bound":0.016059817886315785},"point_estimate":0.011977341082852202,"standard_error":0.0018868157627426718},"slope":{"confidence_interval":{"confidence_level":0.95,"lower_bound":8.157883172625601,"upper_bound":8.163337372707643},"point_estimate":8.160538840349172,"standard_error":0.0013871029519788552},"std_dev":{"confidence_interval":{"confidence_level":0.95,"lower_bound":0.01329067039048393,"upper_bound":0.019481567277544277},"point_estimate":0.0165217158827635,"standard_error":0.0015854717957699104}}