{"mean":{"confidence_interval":{"confidence_level":0.95,"lower_bound":8.053183077751456,"upper_bound":8.063627102531763},"point_estimate":8.058388529876009,"standard_error":0.002664769130487159},"median":{"confidence_interval":{"confidence_level":0.95,"lower_bound":8.052754222695532,"upper_bound":8.064525307858103},"point_estimate":8.057416093275528,"standard_error":0.0033474230128516607},"median_abs_dev":{"confidence_interval":{"confidence_level":0.95,"lower_bound":0.023133333366830336,"upper_bound":0.03689802030652331},"point_estimate":0.03178936332370034,"standard_error":0.0035490091017989058},"slope":{"confidence_interval":{"confidence_level":0.95,"lower_bound":8.05575686691557,"upper_bound":8.065672755962296},"point_estimate":8.060751297656095,"standard_error":0.0025343002263114984},"std_dev":{"confidence_interval":{"confidence_level":0.95,"lower_bound":0.023340504754885985,"upper_bound":0.0300119283215232},"point_estimate":0.026786300841405312,"standard_error":0.0017031858872294991}}