{"mean":{"confidence_interval":{"confidence_level":0.95,"lower_bound":8.164355772482272,"upper_bound":8.17365904402022},"point_estimate":8.169025919812045,"standard_error":0.0023728272198253694},"median":{"confidence_interval":{"confidence_level":0.95,"lower_bound":8.165474007287381,"upper_bound":8.175616726432416},"point_estimate":8.17103677754257,"standard_error":0.002328711901118003},"median_abs_dev":{"confidence_interval":{"confidence_level":0.95,"lower_bound":0.01764697525798698,"upper_bound":0.029559726587484413},"point_estimate":0.024968821588824217,"standard_error":0.0032092751620553246},"slope":{"confidence_interval":{"confidence_level":0.95,"lower_bound":8.168700643754896,"upper_bound":8.177545996047261},"point_estimate":8.173165926627139,"standard_error":0.0022585493645009866},"std_dev":{"confidence_interval":{"confidence_level":0.95,"lower_bound":0.019478843164493564,"upper_bound":0.027962714028885425},"point_estimate":0.023715950466542485,"standard_error":0.0021731969906221343}}