{"mean":{"confidence_interval":{"confidence_level":0.95,"lower_bound":8.178071588801567,"upper_bound":8.183493048942013},"point_estimate":8.180819067748086,"standard_error":0.0013834427432092577},"median":{"confidence_interval":{"confidence_level":0.95,"lower_bound":8.180921291106909,"upper_bound":8.18905844607224},"point_estimate":8.184936383411443,"standard_error":0.0025243173653915147},"median_abs_dev":{"confidence_interval":{"confidence_level":0.95,"lower_bound":0.007852589799027926,"upper_bound":0.017355939663453737},"point_estimate":0.011706619335857454,"standard_error":0.0027355072769291657},"slope":{"confidence_interval":{"confidence_level":0.95,"lower_bound":8.177366579444282,"upper_bound":8.183607760467117},"point_estimate":8.180523509896714,"standard_error":0.001594184584830946},"std_dev":{"confidence_interval":{"confidence_level":0.95,"lower_bound":0.012233288585190249,"upper_bound":0.015358215647328486},"point_estimate":0.01390546107164422,"standard_error":0.00079675513332616}}