{"mean":{"confidence_interval":{"confidence_level":0.95,"lower_bound":8.278592197509202,"upper_bound":8.282113812528447},"point_estimate":8.280399797952544,"standard_error":0.0009010946149760494},"median":{"confidence_interval":{"confidence_level":0.95,"lower_bound":8.279677206167381,"upper_bound":8.28312443984833},"point_estimate":8.281875567927056,"standard_error":0.0009471729044885792},"median_abs_dev":{"confidence_interval":{"confidence_level":0.95,"lower_bound":0.005270300657855905,"upper_bound":0.008192850632990264},"point_estimate":0.006520495151774583,"standard_error":0.00073457554469166},"slope":{"confidence_interval":{"confidence_level":0.95,"lower_bound":8.278304714837539,"upper_bound":8.282316179639583},"point_estimate":8.280342131980907,"standard_error":0.0010224481358273318},"std_dev":{"confidence_interval":{"confidence_level":0.95,"lower_bound":0.006877120366993069,"upper_bound":0.011378639907649913},"point_estimate":0.009070793135480565,"standard_error":0.0011671555490681438}}