{"mean":{"confidence_interval":{"confidence_level":0.95,"lower_bound":405.4202450237349,"upper_bound":405.54984545067333},"point_estimate":405.4793357542718,"standard_error":0.03323945797278538},"median":{"confidence_interval":{"confidence_level":0.95,"lower_bound":405.33599824355974,"upper_bound":405.388056206089},"point_estimate":405.3611135751179,"standard_error":0.013905936233675201},"median_abs_dev":{"confidence_interval":{"confidence_level":0.95,"lower_bound":0.07406854297622809,"upper_bound":0.15388412022578976},"point_estimate":0.1080039457116808,"standard_error":0.021153703807634674},"slope":{"confidence_interval":{"confidence_level":0.95,"lower_bound":405.36733814307286,"upper_bound":405.45308091084223},"point_estimate":405.40682884756546,"standard_error":0.021861569565566615},"std_dev":{"confidence_interval":{"confidence_level":0.95,"lower_bound":0.20128180697730008,"upper_bound":0.47531165757920407},"point_estimate":0.334407915405876,"standard_error":0.07613491813693764}}