{"mean":{"confidence_interval":{"confidence_level":0.95,"lower_bound":405.7544215370085,"upper_bound":405.7953850003961},"point_estimate":405.7728130285978,"standard_error":0.010512283510767845},"median":{"confidence_interval":{"confidence_level":0.95,"lower_bound":405.7337070458482,"upper_bound":405.77108297797383},"point_estimate":405.74689917480396,"standard_error":0.011350705012487906},"median_abs_dev":{"confidence_interval":{"confidence_level":0.95,"lower_bound":0.04486013196665706,"upper_bound":0.073526947710744},"point_estimate":0.05165065397491315,"standard_error":0.007585721372456335},"slope":{"confidence_interval":{"confidence_level":0.95,"lower_bound":405.7348136737705,"upper_bound":405.7579588674456},"point_estimate":405.7461482368775,"standard_error":0.005905782979447523},"std_dev":{"confidence_interval":{"confidence_level":0.95,"lower_bound":0.06144144646388117,"upper_bound":0.1530556478255416},"point_estimate":0.10580820349949083,"standard_error":0.026519308209577794}}