{"mean":{"confidence_interval":{"confidence_level":0.95,"lower_bound":404.1752689279354,"upper_bound":404.30418132869994},"point_estimate":404.2372795900859,"standard_error":0.03278201584743715},"median":{"confidence_interval":{"confidence_level":0.95,"lower_bound":404.1069642938161,"upper_bound":404.27195078580223},"point_estimate":404.1547810256467,"standard_error":0.04984707344198146},"median_abs_dev":{"confidence_interval":{"confidence_level":0.95,"lower_bound":0.18051919378730932,"upper_bound":0.3223336092200888},"point_estimate":0.25605082368763815,"standard_error":0.03572527073444071},"slope":{"confidence_interval":{"confidence_level":0.95,"lower_bound":404.1689116711751,"upper_bound":404.2751397482299},"point_estimate":404.22252132961205,"standard_error":0.027126595264776506},"std_dev":{"confidence_interval":{"confidence_level":0.95,"lower_bound":0.2484925480731641,"upper_bound":0.41683569857305897},"point_estimate":0.329618416616977,"standard_error":0.04424895314297879}}