{"mean":{"confidence_interval":{"confidence_level":0.95,"lower_bound":404.66666115228855,"upper_bound":404.7331712868063},"point_estimate":404.6979353976721,"standard_error":0.01694520552383334},"median":{"confidence_interval":{"confidence_level":0.95,"lower_bound":404.68138183303626,"upper_bound":404.6953623012991},"point_estimate":404.68707244844876,"standard_error":0.0038772978078492576},"median_abs_dev":{"confidence_interval":{"confidence_level":0.95,"lower_bound":0.031605241543751085,"upper_bound":0.052177209884222746},"point_estimate":0.04109588067255519,"standard_error":0.005278858548455204},"slope":{"confidence_interval":{"confidence_level":0.95,"lower_bound":404.6642099138762,"upper_bound":404.7087288047335},"point_estimate":404.6888370755425,"standard_error":0.011366498771247065},"std_dev":{"confidence_interval":{"confidence_level":0.95,"lower_bound":0.09580577326457526,"upper_bound":0.23392925495619277},"point_estimate":0.17032210633654452,"standard_error":0.035257927503333536}}