{"mean":{"confidence_interval":{"confidence_level":0.95,"lower_bound":69249.35294183312,"upper_bound":69444.33557163751},"point_estimate":69323.72749366458,"standard_error":53.128085968644875},"median":{"confidence_interval":{"confidence_level":0.95,"lower_bound":69253.65168331483,"upper_bound":69319.11944444444},"point_estimate":69289.1781824279,"standard_error":15.79535126854827},"median_abs_dev":{"confidence_interval":{"confidence_level":0.95,"lower_bound":85.73271625571077,"upper_bound":139.2326108614623},"point_estimate":113.46591207136495,"standard_error":13.79651819362752},"slope":{"confidence_interval":{"confidence_level":0.95,"lower_bound":69227.41463185019,"upper_bound":69303.94267648889},"point_estimate":69266.96113531353,"standard_error":19.51840001877151},"std_dev":{"confidence_interval":{"confidence_level":0.95,"lower_bound":133.1614838050756,"upper_bound":894.502872875334},"point_estimate":534.4707663258033,"standard_error":259.594769963476}}