{"mean":{"confidence_interval":{"confidence_level":0.95,"lower_bound":2728.358355697744,"upper_bound":2728.5354024331923},"point_estimate":2728.441017089273,"standard_error":0.04515911382875925},"median":{"confidence_interval":{"confidence_level":0.95,"lower_bound":2728.2944417436397,"upper_bound":2728.4094221850264},"point_estimate":2728.3378290480564,"standard_error":0.03432032249918355},"median_abs_dev":{"confidence_interval":{"confidence_level":0.95,"lower_bound":0.1848192492166435,"upper_bound":0.3231512954550616},"point_estimate":0.24467435518822742,"standard_error":0.036193831783248115},"slope":{"confidence_interval":{"confidence_level":0.95,"lower_bound":2728.3268570222685,"upper_bound":2728.454222612679},"point_estimate":2728.3867793753593,"standard_error":0.032518298854655715},"std_dev":{"confidence_interval":{"confidence_level":0.95,"lower_bound":0.305882765724105,"upper_bound":0.5913195083599843},"point_estimate":0.45403544697894127,"standard_error":0.0739653929884461}}