{"mean":{"confidence_interval":{"confidence_level":0.95,"lower_bound":38219.44455963613,"upper_bound":41859.73677671822},"point_estimate":40184.502499562404,"standard_error":935.4816597604491},"median":{"confidence_interval":{"confidence_level":0.95,"lower_bound":41784.23050411823,"upper_bound":43783.83296337403},"point_estimate":43176.004686859924,"standard_error":473.560596613888},"median_abs_dev":{"confidence_interval":{"confidence_level":0.95,"lower_bound":837.4661766414356,"upper_bound":3401.4688324531558},"point_estimate":1700.8051518882507,"standard_error":617.1673015249303},"slope":{"confidence_interval":{"confidence_level":0.95,"lower_bound":43440.324978406396,"upper_bound":43922.395068137834},"point_estimate":43726.24835199613,"standard_error":123.14938226792846},"std_dev":{"confidence_interval":{"confidence_level":0.95,"lower_bound":3923.236034372293,"upper_bound":8782.734042306662},"point_estimate":6665.430049501153,"standard_error":1239.1016512835242}}