{"mean":{"confidence_interval":{"confidence_level":0.95,"lower_bound":791.3325210964761,"upper_bound":793.3582925460087},"point_estimate":792.2279711623628,"standard_error":0.5220354944634292},"median":{"confidence_interval":{"confidence_level":0.95,"lower_bound":790.7255764998565,"upper_bound":791.2999801543003},"point_estimate":790.8938024506521,"standard_error":0.1407373982003948},"median_abs_dev":{"confidence_interval":{"confidence_level":0.95,"lower_bound":0.4824711732785621,"upper_bound":1.308195247804032},"point_estimate":0.7486880774058549,"standard_error":0.20079763873119036},"slope":{"confidence_interval":{"confidence_level":0.95,"lower_bound":791.0538671329416,"upper_bound":794.1546236010147},"point_estimate":792.2137975432624,"standard_error":0.8568514966377764},"std_dev":{"confidence_interval":{"confidence_level":0.95,"lower_bound":1.5100366756258494,"upper_bound":5.364508130839941},"point_estimate":3.7207097038720023,"standard_error":1.000518102580313}}