{"mean":{"confidence_interval":{"confidence_level":0.95,"lower_bound":3704.8786069184475,"upper_bound":3705.384133043133},"point_estimate":3705.1202106730407,"standard_error":0.12943139295500264},"median":{"confidence_interval":{"confidence_level":0.95,"lower_bound":3704.638390326847,"upper_bound":3704.8613184079604},"point_estimate":3704.7459942932396,"standard_error":0.060074015034023785},"median_abs_dev":{"confidence_interval":{"confidence_level":0.95,"lower_bound":0.4962223224567348,"upper_bound":0.9780782915120085},"point_estimate":0.7375205820729872,"standard_error":0.12912114878961206},"slope":{"confidence_interval":{"confidence_level":0.95,"lower_bound":3704.7168113454422,"upper_bound":3705.091442060216},"point_estimate":3704.891593002918,"standard_error":0.09549145389222999},"std_dev":{"confidence_interval":{"confidence_level":0.95,"lower_bound":0.9677793646160538,"upper_bound":1.6023913159593894},"point_estimate":1.3005387991020618,"standard_error":0.16254746507164386}}