{"mean":{"confidence_interval":{"confidence_level":0.95,"lower_bound":3701.8867207029693,"upper_bound":3702.7684749450436},"point_estimate":3702.2614971737576,"standard_error":0.22854221305972094},"median":{"confidence_interval":{"confidence_level":0.95,"lower_bound":3701.720527999102,"upper_bound":3702.2660076897464},"point_estimate":3702.0154707233064,"standard_error":0.1495710732275304},"median_abs_dev":{"confidence_interval":{"confidence_level":0.95,"lower_bound":0.6675545123119804,"upper_bound":1.0221369088488481},"point_estimate":0.8384914392211389,"standard_error":0.09132892554315035},"slope":{"confidence_interval":{"confidence_level":0.95,"lower_bound":3701.985915474443,"upper_bound":3702.451617371356},"point_estimate":3702.200331536495,"standard_error":0.11857982332416454},"std_dev":{"confidence_interval":{"confidence_level":0.95,"lower_bound":0.9452614423058566,"upper_bound":3.5848333812761006},"point_estimate":2.2894538618192968,"standard_error":0.7959299772105148}}