{"mean":{"confidence_interval":{"confidence_level":0.95,"lower_bound":227.15339752600096,"upper_bound":230.4970558316591},"point_estimate":228.8013518309656,"standard_error":0.8507663322324965},"median":{"confidence_interval":{"confidence_level":0.95,"lower_bound":223.4876526458616,"upper_bound":226.9280253783348},"point_estimate":224.8023352624632,"standard_error":0.8352729503082406},"median_abs_dev":{"confidence_interval":{"confidence_level":0.95,"lower_bound":3.5576420674193305,"upper_bound":9.076777879689397},"point_estimate":5.684570192740293,"standard_error":1.3577777067280787},"slope":{"confidence_interval":{"confidence_level":0.95,"lower_bound":232.6183446836788,"upper_bound":236.66649992826441},"point_estimate":234.8242403322533,"standard_error":1.0283125904617363},"std_dev":{"confidence_interval":{"confidence_level":0.95,"lower_bound":7.650857498184962,"upper_bound":9.243943956777779},"point_estimate":8.534487975592418,"standard_error":0.40456527994824154}}