{"mean":{"confidence_interval":{"confidence_level":0.95,"lower_bound":238.05869779469873,"upper_bound":249.26591760104276},"point_estimate":243.45420745305685,"standard_error":2.8652191822644815},"median":{"confidence_interval":{"confidence_level":0.95,"lower_bound":227.7896551724138,"upper_bound":229.83232083531087},"point_estimate":228.58991366533888,"standard_error":0.4920370359874712},"median_abs_dev":{"confidence_interval":{"confidence_level":0.95,"lower_bound":3.126656318738754,"upper_bound":6.734930349359778},"point_estimate":4.262769973664742,"standard_error":0.9782567486362053},"slope":{"confidence_interval":{"confidence_level":0.95,"lower_bound":255.79953440014444,"upper_bound":272.8364410592012},"point_estimate":264.90664424137657,"standard_error":4.337403330197363},"std_dev":{"confidence_interval":{"confidence_level":0.95,"lower_bound":24.00500121574776,"upper_bound":32.31344956244655},"point_estimate":28.706069364687938,"standard_error":2.127720662275312}}