{"mean":{"confidence_interval":{"confidence_level":0.95,"lower_bound":239.2589585139697,"upper_bound":252.16547280697594},"point_estimate":245.52239197795697,"standard_error":3.293996517823867},"median":{"confidence_interval":{"confidence_level":0.95,"lower_bound":224.11418071628896,"upper_bound":226.6075036577719},"point_estimate":225.49602591792657,"standard_error":0.6971295426280857},"median_abs_dev":{"confidence_interval":{"confidence_level":0.95,"lower_bound":2.8731587280313104,"upper_bound":7.795304131978368},"point_estimate":4.702279441612881,"standard_error":1.389604983436214},"slope":{"confidence_interval":{"confidence_level":0.95,"lower_bound":262.0454299893447,"upper_bound":279.2942820997666},"point_estimate":271.3706508366578,"standard_error":4.40340701220525},"std_dev":{"confidence_interval":{"confidence_level":0.95,"lower_bound":28.69278808557838,"upper_bound":36.291765492365435},"point_estimate":33.02640451551023,"standard_error":1.9409073150749738}}