{"mean":{"confidence_interval":{"confidence_level":0.95,"lower_bound":518.5471956710186,"upper_bound":518.6739929178132},"point_estimate":518.6056448947385,"standard_error":0.03242152649668869},"median":{"confidence_interval":{"confidence_level":0.95,"lower_bound":518.4991026798943,"upper_bound":518.5417376723813},"point_estimate":518.5164396866949,"standard_error":0.008886888859456345},"median_abs_dev":{"confidence_interval":{"confidence_level":0.95,"lower_bound":0.06051320941201854,"upper_bound":0.09680377033844696},"point_estimate":0.08031153392490739,"standard_error":0.009630987060652841},"slope":{"confidence_interval":{"confidence_level":0.95,"lower_bound":518.5200336504902,"upper_bound":518.6116927317439},"point_estimate":518.5591009712208,"standard_error":0.023748598624646948},"std_dev":{"confidence_interval":{"confidence_level":0.95,"lower_bound":0.1974086125832192,"upper_bound":0.4253835600693278},"point_estimate":0.32549206340463016,"standard_error":0.057728494072378594}}