{"mean":{"confidence_interval":{"confidence_level":0.95,"lower_bound":518.2324493926983,"upper_bound":518.2813947486683},"point_estimate":518.2560674853645,"standard_error":0.012480123574355186},"median":{"confidence_interval":{"confidence_level":0.95,"lower_bound":518.2174237895995,"upper_bound":518.2769932995875},"point_estimate":518.2551702783155,"standard_error":0.013726765089043427},"median_abs_dev":{"confidence_interval":{"confidence_level":0.95,"lower_bound":0.07688674477548826,"upper_bound":0.11169486595626162},"point_estimate":0.09300700454367622,"standard_error":0.008811923624448896},"slope":{"confidence_interval":{"confidence_level":0.95,"lower_bound":518.2739248371704,"upper_bound":518.3077064360641},"point_estimate":518.2908130352628,"standard_error":0.008578438421744744},"std_dev":{"confidence_interval":{"confidence_level":0.95,"lower_bound":0.09299319542367063,"upper_bound":0.15534883392816717},"point_estimate":0.12540299912159913,"standard_error":0.01600592979983857}}