{"mean":{"confidence_interval":{"confidence_level":0.95,"lower_bound":467.21777644606755,"upper_bound":467.29058047943244},"point_estimate":467.25121450299025,"standard_error":0.01867017663835873},"median":{"confidence_interval":{"confidence_level":0.95,"lower_bound":467.1852036417123,"upper_bound":467.23094676549863},"point_estimate":467.20796802900463,"standard_error":0.011553665099528489},"median_abs_dev":{"confidence_interval":{"confidence_level":0.95,"lower_bound":0.062259957621078665,"upper_bound":0.10444740110869506},"point_estimate":0.07551753337719008,"standard_error":0.01069680738424735},"slope":{"confidence_interval":{"confidence_level":0.95,"lower_bound":467.1962565340268,"upper_bound":467.2877881585912},"point_estimate":467.23497316053766,"standard_error":0.02377837029712927},"std_dev":{"confidence_interval":{"confidence_level":0.95,"lower_bound":0.10985695797538772,"upper_bound":0.2532052583466234},"point_estimate":0.18714301043912174,"standard_error":0.03669340422278909}}