{"mean":{"confidence_interval":{"confidence_level":0.95,"lower_bound":467.3000180949418,"upper_bound":467.3781248405746},"point_estimate":467.3354097320124,"standard_error":0.019953365997805166},"median":{"confidence_interval":{"confidence_level":0.95,"lower_bound":467.2774405623993,"upper_bound":467.30935897497784},"point_estimate":467.29702403935534,"standard_error":0.010005363131658309},"median_abs_dev":{"confidence_interval":{"confidence_level":0.95,"lower_bound":0.0662669798576687,"upper_bound":0.10865121964758188},"point_estimate":0.08831606572365175,"standard_error":0.01141442378005628},"slope":{"confidence_interval":{"confidence_level":0.95,"lower_bound":467.28904034431525,"upper_bound":467.3557282538851},"point_estimate":467.31799500016496,"standard_error":0.017241213726478168},"std_dev":{"confidence_interval":{"confidence_level":0.95,"lower_bound":0.10991043343175945,"upper_bound":0.2819580495693121},"point_estimate":0.20038682354091877,"standard_error":0.044752863159673965}}