{"mean":{"confidence_interval":{"confidence_level":0.95,"lower_bound":7.352086567934273,"upper_bound":7.383246096309737},"point_estimate":7.365011621491343,"standard_error":0.008076375831211064},"median":{"confidence_interval":{"confidence_level":0.95,"lower_bound":7.3438109649806025,"upper_bound":7.362078795836056},"point_estimate":7.354877500654551,"standard_error":0.004492121585078453},"median_abs_dev":{"confidence_interval":{"confidence_level":0.95,"lower_bound":0.027401601010203346,"upper_bound":0.04831425052141123},"point_estimate":0.03528192412393551,"standard_error":0.0053475461081447274},"slope":{"confidence_interval":{"confidence_level":0.95,"lower_bound":7.343066668275918,"upper_bound":7.360288611698383},"point_estimate":7.35136708324043,"standard_error":0.004393280293761155},"std_dev":{"confidence_interval":{"confidence_level":0.95,"lower_bound":0.03377832879559988,"upper_bound":0.1283232977506495},"point_estimate":0.08091471836133099,"standard_error":0.030278522569108252}}