{"mean":{"confidence_interval":{"confidence_level":0.95,"lower_bound":9.425634390361765,"upper_bound":9.470326710476252},"point_estimate":9.442897605808804,"standard_error":0.011930405107834057},"median":{"confidence_interval":{"confidence_level":0.95,"lower_bound":9.417289265641513,"upper_bound":9.43102428366827},"point_estimate":9.422739012078582,"standard_error":0.0032344216264381226},"median_abs_dev":{"confidence_interval":{"confidence_level":0.95,"lower_bound":0.02507426413692433,"upper_bound":0.039376403978335785},"point_estimate":0.03344393515262331,"standard_error":0.003598289502168789},"slope":{"confidence_interval":{"confidence_level":0.95,"lower_bound":9.423183896993592,"upper_bound":9.447817533325637},"point_estimate":9.434114742024517,"standard_error":0.006340504063831687},"std_dev":{"confidence_interval":{"confidence_level":0.95,"lower_bound":0.03295231676730975,"upper_bound":0.19810880618916105},"point_estimate":0.1198135001874771,"standard_error":0.055187228960167256}}