{"mean":{"confidence_interval":{"confidence_level":0.95,"lower_bound":118.24199468057725,"upper_bound":118.51822605159451},"point_estimate":118.36595872849799,"standard_error":0.0709348857023391},"median":{"confidence_interval":{"confidence_level":0.95,"lower_bound":118.16025465342013,"upper_bound":118.26789295836059},"point_estimate":118.22467702708582,"standard_error":0.02926038712222777},"median_abs_dev":{"confidence_interval":{"confidence_level":0.95,"lower_bound":0.2066059810848669,"upper_bound":0.33199444784740884},"point_estimate":0.28443069835016455,"standard_error":0.031917690662543456},"slope":{"confidence_interval":{"confidence_level":0.95,"lower_bound":118.15031911080871,"upper_bound":118.41552501920779},"point_estimate":118.26174969301934,"standard_error":0.06844273824558546},"std_dev":{"confidence_interval":{"confidence_level":0.95,"lower_bound":0.35605443285509625,"upper_bound":1.0332553512660494},"point_estimate":0.716747343150135,"standard_error":0.17716966124841235}}