{"mean":{"confidence_interval":{"confidence_level":0.95,"lower_bound":113.03336115916538,"upper_bound":113.43738573640746},"point_estimate":113.20574898881173,"standard_error":0.10439342109259014},"median":{"confidence_interval":{"confidence_level":0.95,"lower_bound":112.94425558392788,"upper_bound":113.0762354661756},"point_estimate":112.99535228920269,"standard_error":0.034989239450571585},"median_abs_dev":{"confidence_interval":{"confidence_level":0.95,"lower_bound":0.1971721598241461,"upper_bound":0.31915612208196953},"point_estimate":0.2566844758647423,"standard_error":0.030824434376897705},"slope":{"confidence_interval":{"confidence_level":0.95,"lower_bound":112.94330981274416,"upper_bound":113.58232077821258},"point_estimate":113.1753018843073,"standard_error":0.1748066450438181},"std_dev":{"confidence_interval":{"confidence_level":0.95,"lower_bound":0.42781055001678864,"upper_bound":1.6245056410270167},"point_estimate":1.050685745974669,"standard_error":0.34041730063335895}}