{"mean":{"confidence_interval":{"confidence_level":0.95,"lower_bound":119.31164612501587,"upper_bound":119.55409559177262},"point_estimate":119.41743053411352,"standard_error":0.06238116937254807},"median":{"confidence_interval":{"confidence_level":0.95,"lower_bound":119.2625922801191,"upper_bound":119.35582622414769},"point_estimate":119.32532780422643,"standard_error":0.024957376062631098},"median_abs_dev":{"confidence_interval":{"confidence_level":0.95,"lower_bound":0.15454681017877336,"upper_bound":0.2949340123425516},"point_estimate":0.2212741688934415,"standard_error":0.03673881679920723},"slope":{"confidence_interval":{"confidence_level":0.95,"lower_bound":119.26679742216268,"upper_bound":119.34639904943423},"point_estimate":119.30533059472535,"standard_error":0.02023733522373938},"std_dev":{"confidence_interval":{"confidence_level":0.95,"lower_bound":0.2659945238838485,"upper_bound":0.9489495927440241},"point_estimate":0.6255900366520393,"standard_error":0.18468771790412183}}