{"mean":{"confidence_interval":{"confidence_level":0.95,"lower_bound":112.56459452887825,"upper_bound":113.35107047522817},"point_estimate":112.88978731523468,"standard_error":0.20521558252646455},"median":{"confidence_interval":{"confidence_level":0.95,"lower_bound":112.4929819071461,"upper_bound":112.59578142876035},"point_estimate":112.54720777091923,"standard_error":0.023660306213334658},"median_abs_dev":{"confidence_interval":{"confidence_level":0.95,"lower_bound":0.1478213892211684,"upper_bound":0.2564727689840406},"point_estimate":0.19108029943461893,"standard_error":0.027112008638149093},"slope":{"confidence_interval":{"confidence_level":0.95,"lower_bound":112.58815266693033,"upper_bound":113.19627991710726},"point_estimate":112.82572417288672,"standard_error":0.1600752505290682},"std_dev":{"confidence_interval":{"confidence_level":0.95,"lower_bound":0.3576526970155086,"upper_bound":3.311726764324515},"point_estimate":2.0621913919759716,"standard_error":0.7856568580543545}}