{"mean":{"confidence_interval":{"confidence_level":0.95,"lower_bound":6437.023579725435,"upper_bound":6438.179614633182},"point_estimate":6437.559138939131,"standard_error":0.29469038308426365},"median":{"confidence_interval":{"confidence_level":0.95,"lower_bound":6436.70670995671,"upper_bound":6437.199134199134},"point_estimate":6436.946251696065,"standard_error":0.12104168381118856},"median_abs_dev":{"confidence_interval":{"confidence_level":0.95,"lower_bound":0.9549962640379533,"upper_bound":1.5605487904762996},"point_estimate":1.2840187227769335,"standard_error":0.14994586186349107},"slope":{"confidence_interval":{"confidence_level":0.95,"lower_bound":6436.869280793023,"upper_bound":6437.94997341601},"point_estimate":6437.341521017774,"standard_error":0.27963360525051745},"std_dev":{"confidence_interval":{"confidence_level":0.95,"lower_bound":1.7873344153586286,"upper_bound":3.997123239446802},"point_estimate":2.965173002117653,"standard_error":0.5676685023103832}}