{"mean":{"confidence_interval":{"confidence_level":0.95,"lower_bound":6439.181890626043,"upper_bound":6442.427308294258},"point_estimate":6440.519048553215,"standard_error":0.8461090891763161},"median":{"confidence_interval":{"confidence_level":0.95,"lower_bound":6438.694182080546,"upper_bound":6439.339984683091},"point_estimate":6438.960898149707,"standard_error":0.1683745475482491},"median_abs_dev":{"confidence_interval":{"confidence_level":0.95,"lower_bound":0.9558414967707831,"upper_bound":1.5972213447496237},"point_estimate":1.1861322950583024,"standard_error":0.15669038755518297},"slope":{"confidence_interval":{"confidence_level":0.95,"lower_bound":6439.276063534217,"upper_bound":6440.2058282783255},"point_estimate":6439.702990908899,"standard_error":0.2382390701728721},"std_dev":{"confidence_interval":{"confidence_level":0.95,"lower_bound":1.723163595373079,"upper_bound":13.469787554940423},"point_estimate":8.489084977610537,"standard_error":3.159733236219504}}