{"mean":{"confidence_interval":{"confidence_level":0.95,"lower_bound":6431.044080497536,"upper_bound":6431.695075758068},"point_estimate":6431.348446424185,"standard_error":0.16613101668216257},"median":{"confidence_interval":{"confidence_level":0.95,"lower_bound":6430.8441558441555,"upper_bound":6431.3906274448445},"point_estimate":6431.159041501976,"standard_error":0.12065393564382777},"median_abs_dev":{"confidence_interval":{"confidence_level":0.95,"lower_bound":0.7764765596415825,"upper_bound":1.5059770933815482},"point_estimate":1.1762047031003802,"standard_error":0.1770184333853217},"slope":{"confidence_interval":{"confidence_level":0.95,"lower_bound":6431.199975336739,"upper_bound":6431.8114055344295},"point_estimate":6431.494308226132,"standard_error":0.15644265338675747},"std_dev":{"confidence_interval":{"confidence_level":0.95,"lower_bound":1.1229754634938987,"upper_bound":2.2744390297840256},"point_estimate":1.6696343040160078,"standard_error":0.3183539806425019}}