{"mean":{"confidence_interval":{"confidence_level":0.95,"lower_bound":51774.71102422344,"upper_bound":51909.76202686238},"point_estimate":51835.65400636875,"standard_error":34.58755585992407},"median":{"confidence_interval":{"confidence_level":0.95,"lower_bound":51736.63682795699,"upper_bound":51825.5805},"point_estimate":51780.99529665314,"standard_error":23.04338658288131},"median_abs_dev":{"confidence_interval":{"confidence_level":0.95,"lower_bound":139.3017613934565,"upper_bound":222.55787319006367},"point_estimate":181.66235559279693,"standard_error":21.440573770553694},"slope":{"confidence_interval":{"confidence_level":0.95,"lower_bound":51740.90530810363,"upper_bound":51821.91758151734},"point_estimate":51779.41243135806,"standard_error":20.66698916713614},"std_dev":{"confidence_interval":{"confidence_level":0.95,"lower_bound":195.59304053165565,"upper_bound":500.602115060017},"point_estimate":347.8014884370549,"standard_error":83.56158284669337}}