{"mean":{"confidence_interval":{"confidence_level":0.95,"lower_bound":100506.78069576193,"upper_bound":100658.67303501412},"point_estimate":100570.71273231471,"standard_error":39.26789768726467},"median":{"confidence_interval":{"confidence_level":0.95,"lower_bound":100493.76724458204,"upper_bound":100552.68686440677},"point_estimate":100520.07647058823,"standard_error":16.82229518388541},"median_abs_dev":{"confidence_interval":{"confidence_level":0.95,"lower_bound":102.84066629257757,"upper_bound":192.3528294600591},"point_estimate":149.50744257026957,"standard_error":23.242232194903675},"slope":{"confidence_interval":{"confidence_level":0.95,"lower_bound":100514.52214754613,"upper_bound":100593.00978183257},"point_estimate":100550.16165272647,"standard_error":20.061697909254367},"std_dev":{"confidence_interval":{"confidence_level":0.95,"lower_bound":169.9912605795869,"upper_bound":620.4189601529664},"point_estimate":394.5659231666375,"standard_error":141.84933812967452}}