{"mean":{"confidence_interval":{"confidence_level":0.95,"lower_bound":56865.36486656653,"upper_bound":57196.130224046974},"point_estimate":57028.025488697815,"standard_error":84.79596961906881},"median":{"confidence_interval":{"confidence_level":0.95,"lower_bound":56672.9253642878,"upper_bound":57188.251633986925},"point_estimate":56891.16888888889,"standard_error":140.7303631217881},"median_abs_dev":{"confidence_interval":{"confidence_level":0.95,"lower_bound":662.4925640331091,"upper_bound":1075.3997687211486},"point_estimate":838.6573486192943,"standard_error":105.11581997427479},"slope":{"confidence_interval":{"confidence_level":0.95,"lower_bound":56553.867576289296,"upper_bound":56938.58455325398},"point_estimate":56736.569790650705,"standard_error":98.11261801159759},"std_dev":{"confidence_interval":{"confidence_level":0.95,"lower_bound":713.0122864050113,"upper_bound":1005.32582812404},"point_estimate":855.3431673628038,"standard_error":75.65085626353887}}