{"mean":{"confidence_interval":{"confidence_level":0.95,"lower_bound":62238.9006603899,"upper_bound":62342.04373031747},"point_estimate":62283.93551814239,"standard_error":26.537998885117396},"median":{"confidence_interval":{"confidence_level":0.95,"lower_bound":62201.10442073171,"upper_bound":62262.50815217391},"point_estimate":62237.39303278689,"standard_error":14.027457282677698},"median_abs_dev":{"confidence_interval":{"confidence_level":0.95,"lower_bound":87.02294134693436,"upper_bound":146.03665212162016},"point_estimate":115.08544957168507,"standard_error":15.519864294580625},"slope":{"confidence_interval":{"confidence_level":0.95,"lower_bound":62203.205810388354,"upper_bound":62256.806270481546},"point_estimate":62228.53945285946,"standard_error":13.691650446866902},"std_dev":{"confidence_interval":{"confidence_level":0.95,"lower_bound":133.11485585670084,"upper_bound":407.3264090137288},"point_estimate":267.0284402073006,"standard_error":84.67052539416144}}