{"mean":{"confidence_interval":{"confidence_level":0.95,"lower_bound":4986.236070315533,"upper_bound":4987.456593267559},"point_estimate":4986.838242468402,"standard_error":0.31062515157600207},"median":{"confidence_interval":{"confidence_level":0.95,"lower_bound":4986.273626832253,"upper_bound":4987.469480737019},"point_estimate":4986.991745509846,"standard_error":0.32543131767414407},"median_abs_dev":{"confidence_interval":{"confidence_level":0.95,"lower_bound":1.8027118514214384,"upper_bound":2.8303189205689607},"point_estimate":2.299747239084403,"standard_error":0.26568344834464097},"slope":{"confidence_interval":{"confidence_level":0.95,"lower_bound":4986.601484130794,"upper_bound":4987.401169552996},"point_estimate":4986.998659753623,"standard_error":0.2042945757231813},"std_dev":{"confidence_interval":{"confidence_level":0.95,"lower_bound":2.3967035023298267,"upper_bound":3.833990986872391},"point_estimate":3.1274134974589294,"standard_error":0.3691004659066989}}