{"mean":{"confidence_interval":{"confidence_level":0.95,"lower_bound":43463.317476656855,"upper_bound":43621.4201139385},"point_estimate":43527.350273186945,"standard_error":41.39521242341298},"median":{"confidence_interval":{"confidence_level":0.95,"lower_bound":43454.315217391304,"upper_bound":43522.23745819398},"point_estimate":43489.12541214226,"standard_error":16.40896892317069},"median_abs_dev":{"confidence_interval":{"confidence_level":0.95,"lower_bound":117.32888588109529,"upper_bound":187.57689249989178},"point_estimate":152.30528737664267,"standard_error":16.89780090904047},"slope":{"confidence_interval":{"confidence_level":0.95,"lower_bound":43460.37092211662,"upper_bound":43520.73918127723},"point_estimate":43489.87192564941,"standard_error":15.388885340099069},"std_dev":{"confidence_interval":{"confidence_level":0.95,"lower_bound":155.2482996506208,"upper_bound":668.8211095377591},"point_estimate":413.45409402373554,"standard_error":170.31241153480892}}