{"mean":{"confidence_interval":{"confidence_level":0.95,"lower_bound":14664.814234710519,"upper_bound":14668.621671508823},"point_estimate":14666.495591642386,"standard_error":0.9752990060965483},"median":{"confidence_interval":{"confidence_level":0.95,"lower_bound":14663.338235294117,"upper_bound":14665.06401384083},"point_estimate":14664.298692346256,"standard_error":0.4630250808371073},"median_abs_dev":{"confidence_interval":{"confidence_level":0.95,"lower_bound":2.757968275067486,"upper_bound":5.361896763802033},"point_estimate":4.336464692690362,"standard_error":0.6907397808101781},"slope":{"confidence_interval":{"confidence_level":0.95,"lower_bound":14663.924329042655,"upper_bound":14667.309465887945},"point_estimate":14665.368856170517,"standard_error":0.8731480633338431},"std_dev":{"confidence_interval":{"confidence_level":0.95,"lower_bound":5.046556996279655,"upper_bound":14.490968796010595},"point_estimate":9.7732697823726,"standard_error":2.6880436590919037}}