{"mean":{"confidence_interval":{"confidence_level":0.95,"lower_bound":14710.404046204032,"upper_bound":14716.028649356664},"point_estimate":14713.028638022954,"standard_error":1.4340218127076478},"median":{"confidence_interval":{"confidence_level":0.95,"lower_bound":14706.480392156862,"upper_bound":14709.63613445378},"point_estimate":14708.89825815997,"standard_error":0.7494673072532723},"median_abs_dev":{"confidence_interval":{"confidence_level":0.95,"lower_bound":4.391317086085459,"upper_bound":8.952402361708739},"point_estimate":6.894340715046569,"standard_error":1.1945390422680944},"slope":{"confidence_interval":{"confidence_level":0.95,"lower_bound":14707.05955290547,"upper_bound":14711.715912646736},"point_estimate":14709.227330600927,"standard_error":1.1891245537712476},"std_dev":{"confidence_interval":{"confidence_level":0.95,"lower_bound":10.265490373070381,"upper_bound":18.78143381497209},"point_estimate":14.331870536895714,"standard_error":2.278534299057806}}