{"mean":{"confidence_interval":{"confidence_level":0.95,"lower_bound":99.32976590645136,"upper_bound":99.53696712035892},"point_estimate":99.41223417414726,"standard_error":0.05463090489678572},"median":{"confidence_interval":{"confidence_level":0.95,"lower_bound":99.30476869041645,"upper_bound":99.34455929085131},"point_estimate":99.32020457845846,"standard_error":0.011024205182332786},"median_abs_dev":{"confidence_interval":{"confidence_level":0.95,"lower_bound":0.06294415681875007,"upper_bound":0.11184563683208473},"point_estimate":0.0825944535278608,"standard_error":0.011705862341744804},"slope":{"confidence_interval":{"confidence_level":0.95,"lower_bound":99.31015523834716,"upper_bound":99.35879421734772},"point_estimate":99.33244756855882,"standard_error":0.012411381773741344},"std_dev":{"confidence_interval":{"confidence_level":0.95,"lower_bound":0.10998073451102877,"upper_bound":0.9002190934808436},"point_estimate":0.5497244956625806,"standard_error":0.23354967587899322}}