{"mean":{"confidence_interval":{"confidence_level":0.95,"lower_bound":2145003.4183699996,"upper_bound":2175769.61599},"point_estimate":2161058.5224000006,"standard_error":7840.386966228465},"median":{"confidence_interval":{"confidence_level":0.95,"lower_bound":2189313.6,"upper_bound":2190977.9800000004},"point_estimate":2190140.7800000003,"standard_error":402.98302471314196},"median_abs_dev":{"confidence_interval":{"confidence_level":0.95,"lower_bound":2532.0138870478645,"upper_bound":4493.416557025914},"point_estimate":3482.093602180674,"standard_error":512.6100028139292},"slope":null,"std_dev":{"confidence_interval":{"confidence_level":0.95,"lower_bound":61364.3103664016,"upper_bound":91754.86740495845},"point_estimate":78838.596003944,"standard_error":7784.146836116719}}