{"mean":{"confidence_interval":{"confidence_level":0.95,"lower_bound":2196751.07459375,"upper_bound":2208250.829145833},"point_estimate":2202887.054583333,"standard_error":2939.7072123622015},"median":{"confidence_interval":{"confidence_level":0.95,"lower_bound":2208748.2916666665,"upper_bound":2209829.5},"point_estimate":2209040.708333333,"standard_error":267.3408171132023},"median_abs_dev":{"confidence_interval":{"confidence_level":0.95,"lower_bound":1105.3400553760612,"upper_bound":2556.7436546087265},"point_estimate":1760.525693744651,"standard_error":356.09022870856006},"slope":null,"std_dev":{"confidence_interval":{"confidence_level":0.95,"lower_bound":19347.07043129299,"upper_bound":37180.47271824281},"point_estimate":29488.143437503335,"standard_error":4529.597614885768}}