{"mean":{"confidence_interval":{"confidence_level":0.95,"lower_bound":51.13845613512083,"upper_bound":51.30420379789088},"point_estimate":51.200095084321894,"standard_error":0.04625245490236121},"median":{"confidence_interval":{"confidence_level":0.95,"lower_bound":51.12021681540252,"upper_bound":51.16133785580887},"point_estimate":51.14325373710247,"standard_error":0.010863791498396374},"median_abs_dev":{"confidence_interval":{"confidence_level":0.95,"lower_bound":0.0646669877915752,"upper_bound":0.1087297750976757},"point_estimate":0.09190734989911449,"standard_error":0.01102294629897237},"slope":{"confidence_interval":{"confidence_level":0.95,"lower_bound":51.134795780082584,"upper_bound":51.18031504455612},"point_estimate":51.15719103268313,"standard_error":0.01161116382188273},"std_dev":{"confidence_interval":{"confidence_level":0.95,"lower_bound":0.09346651806043849,"upper_bound":0.7831987287645481},"point_estimate":0.46511186235961494,"standard_error":0.23764372044466964}}