{"mean":{"confidence_interval":{"confidence_level":0.95,"lower_bound":55.17303305744469,"upper_bound":55.41388230512956},"point_estimate":55.29022491825116,"standard_error":0.06144386470353263},"median":{"confidence_interval":{"confidence_level":0.95,"lower_bound":55.133344104675786,"upper_bound":55.392475120657814},"point_estimate":55.26407203967517,"standard_error":0.06661754320587063},"median_abs_dev":{"confidence_interval":{"confidence_level":0.95,"lower_bound":0.4064086284404782,"upper_bound":0.6622870520023008},"point_estimate":0.516265482100919,"standard_error":0.06333084955844755},"slope":{"confidence_interval":{"confidence_level":0.95,"lower_bound":55.11070279142815,"upper_bound":55.2888890237017},"point_estimate":55.19838989027438,"standard_error":0.04540018013661283},"std_dev":{"confidence_interval":{"confidence_level":0.95,"lower_bound":0.4770121984251898,"upper_bound":0.7835445811297876},"point_estimate":0.6189111641058458,"standard_error":0.08165150355272646}}