{"mean":{"confidence_interval":{"confidence_level":0.95,"lower_bound":72.44163201054782,"upper_bound":72.55832359071067},"point_estimate":72.49847806495578,"standard_error":0.029693199465640183},"median":{"confidence_interval":{"confidence_level":0.95,"lower_bound":72.42516956818977,"upper_bound":72.51213916406513},"point_estimate":72.47592233714073,"standard_error":0.02183456228041456},"median_abs_dev":{"confidence_interval":{"confidence_level":0.95,"lower_bound":0.17905343378379368,"upper_bound":0.2779184023076628},"point_estimate":0.23732638748059331,"standard_error":0.025598110758112854},"slope":{"confidence_interval":{"confidence_level":0.95,"lower_bound":72.43728461753862,"upper_bound":72.54087478428275},"point_estimate":72.48661291194765,"standard_error":0.02641510818490694},"std_dev":{"confidence_interval":{"confidence_level":0.95,"lower_bound":0.22609963697587174,"upper_bound":0.36634242257769606},"point_estimate":0.2973960419307852,"standard_error":0.036021748138633604}}