{"mean":{"confidence_interval":{"confidence_level":0.95,"lower_bound":4597.41797933206,"upper_bound":4598.61841178308},"point_estimate":4597.972465652397,"standard_error":0.3062715267274284},"median":{"confidence_interval":{"confidence_level":0.95,"lower_bound":4596.847047519217,"upper_bound":4597.852733686067},"point_estimate":4597.518952087008,"standard_error":0.29582787075230665},"median_abs_dev":{"confidence_interval":{"confidence_level":0.95,"lower_bound":1.3990619220519416,"upper_bound":2.46484439232514},"point_estimate":2.1276481960506617,"standard_error":0.27806197879324107},"slope":{"confidence_interval":{"confidence_level":0.95,"lower_bound":4596.987712131093,"upper_bound":4597.824503091512},"point_estimate":4597.388442509674,"standard_error":0.21385202445096843},"std_dev":{"confidence_interval":{"confidence_level":0.95,"lower_bound":1.9028935821766801,"upper_bound":4.21720437014375},"point_estimate":3.0704248434908017,"standard_error":0.6077527514518513}}