{"mean":{"confidence_interval":{"confidence_level":0.95,"lower_bound":4618.082285883874,"upper_bound":4619.234416883681},"point_estimate":4618.59645669072,"standard_error":0.29587150755474734},"median":{"confidence_interval":{"confidence_level":0.95,"lower_bound":4617.836363636364,"upper_bound":4618.416038156731},"point_estimate":4618.140913789053,"standard_error":0.16264659575255527},"median_abs_dev":{"confidence_interval":{"confidence_level":0.95,"lower_bound":0.9370568610062507,"upper_bound":1.6002799514104624},"point_estimate":1.1834160922044172,"standard_error":0.1727705279427908},"slope":{"confidence_interval":{"confidence_level":0.95,"lower_bound":4617.74614605759,"upper_bound":4618.610445142607},"point_estimate":4618.141628862366,"standard_error":0.22030321391969093},"std_dev":{"confidence_interval":{"confidence_level":0.95,"lower_bound":1.512417426349709,"upper_bound":4.3806375389693555},"point_estimate":2.978373842017013,"standard_error":0.7730616434346343}}