{"mean":{"confidence_interval":{"confidence_level":0.95,"lower_bound":4589.314246099744,"upper_bound":4590.597459405713},"point_estimate":4589.92855720304,"standard_error":0.3288614834320711},"median":{"confidence_interval":{"confidence_level":0.95,"lower_bound":4588.387719790498,"upper_bound":4589.440972222223},"point_estimate":4588.8641227852295,"standard_error":0.26381629108703747},"median_abs_dev":{"confidence_interval":{"confidence_level":0.95,"lower_bound":1.3373235537669543,"upper_bound":2.5867945926892832},"point_estimate":1.9894070407275617,"standard_error":0.30348827160318187},"slope":{"confidence_interval":{"confidence_level":0.95,"lower_bound":4589.056398720604,"upper_bound":4590.35852585881},"point_estimate":4589.66086622717,"standard_error":0.3331616678159646},"std_dev":{"confidence_interval":{"confidence_level":0.95,"lower_bound":2.4835584179457166,"upper_bound":4.06654698852717},"point_estimate":3.3052899443252963,"standard_error":0.4059055329961308}}