{"mean":{"confidence_interval":{"confidence_level":0.95,"lower_bound":521.1941188720056,"upper_bound":521.3365027448915},"point_estimate":521.2517251365787,"standard_error":0.03705544103738863},"median":{"confidence_interval":{"confidence_level":0.95,"lower_bound":521.2412707985402,"upper_bound":521.265083283805},"point_estimate":521.2542098542888,"standard_error":0.0048590215305928655},"median_abs_dev":{"confidence_interval":{"confidence_level":0.95,"lower_bound":0.036165331902641554,"upper_bound":0.06741834452957828},"point_estimate":0.05178140894002728,"standard_error":0.008105057881851244},"slope":{"confidence_interval":{"confidence_level":0.95,"lower_bound":521.2548669044961,"upper_bound":521.3122650183457},"point_estimate":521.278648674981,"standard_error":0.014837165192589622},"std_dev":{"confidence_interval":{"confidence_level":0.95,"lower_bound":0.13595262499629068,"upper_bound":0.602737998274116},"point_estimate":0.3706992633737149,"standard_error":0.15329265586717286}}