{"mean":{"confidence_interval":{"confidence_level":0.95,"lower_bound":49.083435905229564,"upper_bound":49.10689243050049},"point_estimate":49.09494751879602,"standard_error":0.005993233995055278},"median":{"confidence_interval":{"confidence_level":0.95,"lower_bound":49.07848309733438,"upper_bound":49.10422898544233},"point_estimate":49.08742143327649,"standard_error":0.00565165786222704},"median_abs_dev":{"confidence_interval":{"confidence_level":0.95,"lower_bound":0.03871915300892208,"upper_bound":0.05868526141088791},"point_estimate":0.04996104486227167,"standard_error":0.005030546187091364},"slope":{"confidence_interval":{"confidence_level":0.95,"lower_bound":49.07804027712203,"upper_bound":49.094590714024136},"point_estimate":49.08611576317921,"standard_error":0.004232818950735155},"std_dev":{"confidence_interval":{"confidence_level":0.95,"lower_bound":0.04855746537510551,"upper_bound":0.07119657547491627},"point_estimate":0.0603643305730915,"standard_error":0.005798023956993528}}