{"mean":{"confidence_interval":{"confidence_level":0.95,"lower_bound":962918.1936361701,"upper_bound":963128.9751081044},"point_estimate":963007.4222354209,"standard_error":54.65346184496554},"median":{"confidence_interval":{"confidence_level":0.95,"lower_bound":962840.2469879518,"upper_bound":962974.4037634409},"point_estimate":962915.7664437012,"standard_error":36.439171785621255},"median_abs_dev":{"confidence_interval":{"confidence_level":0.95,"lower_bound":182.4337656089694,"upper_bound":295.91548224640894},"point_estimate":243.16316735582697,"standard_error":29.656294590212408},"slope":{"confidence_interval":{"confidence_level":0.95,"lower_bound":962815.2248526749,"upper_bound":962916.1548048819},"point_estimate":962861.3044628344,"standard_error":25.8340790183181},"std_dev":{"confidence_interval":{"confidence_level":0.95,"lower_bound":221.6629721529472,"upper_bound":859.8262618948407},"point_estimate":549.5155921875266,"standard_error":188.8379876746448}}