{"mean":{"confidence_interval":{"confidence_level":0.95,"lower_bound":962572.5745157467,"upper_bound":962670.3438374856},"point_estimate":962617.763796522,"standard_error":24.945403694617696},"median":{"confidence_interval":{"confidence_level":0.95,"lower_bound":962558.2073170731,"upper_bound":962606.0306122449},"point_estimate":962576.1415579959,"standard_error":11.920957400876926},"median_abs_dev":{"confidence_interval":{"confidence_level":0.95,"lower_bound":80.37245355198499,"upper_bound":166.27129759211272},"point_estimate":124.3156448553737,"standard_error":24.222485630774923},"slope":{"confidence_interval":{"confidence_level":0.95,"lower_bound":962559.5158723319,"upper_bound":962646.8336426364},"point_estimate":962599.9174168761,"standard_error":22.333126957992608},"std_dev":{"confidence_interval":{"confidence_level":0.95,"lower_bound":153.9668665444135,"upper_bound":353.2283847166264},"point_estimate":250.7138406631443,"standard_error":53.71621402752815}}