{"mean":{"confidence_interval":{"confidence_level":0.95,"lower_bound":962878.7085385983,"upper_bound":962967.9995599776},"point_estimate":962922.9042240628,"standard_error":22.777261861052136},"median":{"confidence_interval":{"confidence_level":0.95,"lower_bound":962859.1176470588,"upper_bound":962951.8506571087},"point_estimate":962905.3998501499,"standard_error":26.03779504189707},"median_abs_dev":{"confidence_interval":{"confidence_level":0.95,"lower_bound":171.25247653373316,"upper_bound":277.80209300986616},"point_estimate":223.13129603862762,"standard_error":27.479811698459958},"slope":{"confidence_interval":{"confidence_level":0.95,"lower_bound":962868.4586412762,"upper_bound":962977.0449142648},"point_estimate":962921.1651677258,"standard_error":27.76811522575923},"std_dev":{"confidence_interval":{"confidence_level":0.95,"lower_bound":192.803353327122,"upper_bound":261.4957113154555},"point_estimate":228.07140945025478,"standard_error":17.573123381690166}}