{"mean":{"confidence_interval":{"confidence_level":0.95,"lower_bound":962053.5796762257,"upper_bound":962131.1581483274},"point_estimate":962091.6705651572,"standard_error":19.764037623861505},"median":{"confidence_interval":{"confidence_level":0.95,"lower_bound":962057.7916666666,"upper_bound":962113.4942528736},"point_estimate":962082.368389423,"standard_error":14.20459972080783},"median_abs_dev":{"confidence_interval":{"confidence_level":0.95,"lower_bound":101.00088977769266,"upper_bound":170.40117788805946},"point_estimate":139.1003386945045,"standard_error":17.89780085695107},"slope":{"confidence_interval":{"confidence_level":0.95,"lower_bound":962099.6555342856,"upper_bound":962160.2180712281},"point_estimate":962128.4214984484,"standard_error":15.479754403358767},"std_dev":{"confidence_interval":{"confidence_level":0.95,"lower_bound":151.8854758454849,"upper_bound":242.3155449416433},"point_estimate":199.02976084657953,"standard_error":23.12997854798455}}