{"mean":{"confidence_interval":{"confidence_level":0.95,"lower_bound":49.08484730002231,"upper_bound":49.1199886496304},"point_estimate":49.101864940003324,"standard_error":0.00895440919381986},"median":{"confidence_interval":{"confidence_level":0.95,"lower_bound":49.0786664037107,"upper_bound":49.103614050339914},"point_estimate":49.09615690880689,"standard_error":0.0061034805632074265},"median_abs_dev":{"confidence_interval":{"confidence_level":0.95,"lower_bound":0.04545766485039271,"upper_bound":0.08475143557425684},"point_estimate":0.06542677567036193,"standard_error":0.00988424624400014},"slope":{"confidence_interval":{"confidence_level":0.95,"lower_bound":49.076780624231425,"upper_bound":49.09811605711226},"point_estimate":49.08741827143372,"standard_error":0.0054343727127973435},"std_dev":{"confidence_interval":{"confidence_level":0.95,"lower_bound":0.0687713959680186,"upper_bound":0.10986252449804701},"point_estimate":0.0898798196748568,"standard_error":0.010523727293129706}}