{"mean":{"confidence_interval":{"confidence_level":0.95,"lower_bound":49.07073968562944,"upper_bound":49.092564896690085},"point_estimate":49.08174028847413,"standard_error":0.005588988001076129},"median":{"confidence_interval":{"confidence_level":0.95,"lower_bound":49.072254135270015,"upper_bound":49.097132426285455},"point_estimate":49.08361700360007,"standard_error":0.007160206156899277},"median_abs_dev":{"confidence_interval":{"confidence_level":0.95,"lower_bound":0.03272970422483595,"upper_bound":0.051801484741153946},"point_estimate":0.039629026661106855,"standard_error":0.004794243265186368},"slope":{"confidence_interval":{"confidence_level":0.95,"lower_bound":49.076324588851655,"upper_bound":49.09398901455526},"point_estimate":49.085420194953514,"standard_error":0.004504116141161523},"std_dev":{"confidence_interval":{"confidence_level":0.95,"lower_bound":0.0458018661117855,"upper_bound":0.06556895934141313},"point_estimate":0.056164403719033,"standard_error":0.005043258491001811}}