{"mean":{"confidence_interval":{"confidence_level":0.95,"lower_bound":48.79187305351338,"upper_bound":48.82778229709243},"point_estimate":48.80858116220279,"standard_error":0.009176068335475391},"median":{"confidence_interval":{"confidence_level":0.95,"lower_bound":48.78464824014524,"upper_bound":48.81214739860538},"point_estimate":48.79720858692553,"standard_error":0.0064823503196802966},"median_abs_dev":{"confidence_interval":{"confidence_level":0.95,"lower_bound":0.038713223511686254,"upper_bound":0.06779788869251355},"point_estimate":0.052864765019068685,"standard_error":0.007377431659032159},"slope":{"confidence_interval":{"confidence_level":0.95,"lower_bound":48.79045677086748,"upper_bound":48.81490401223019},"point_estimate":48.803065249096555,"standard_error":0.00621928780789511},"std_dev":{"confidence_interval":{"confidence_level":0.95,"lower_bound":0.057287911985639,"upper_bound":0.12813097896069747},"point_estimate":0.09220224072699724,"standard_error":0.018955431490455598}}