{"mean":{"confidence_interval":{"confidence_level":0.95,"lower_bound":48.59549035799921,"upper_bound":48.61183909980481},"point_estimate":48.603438147635245,"standard_error":0.0041497798086639415},"median":{"confidence_interval":{"confidence_level":0.95,"lower_bound":48.60027492043646,"upper_bound":48.61161600563133},"point_estimate":48.60549001748333,"standard_error":0.002637881007002195},"median_abs_dev":{"confidence_interval":{"confidence_level":0.95,"lower_bound":0.015849030163086617,"upper_bound":0.02699500259361075},"point_estimate":0.022115567154599343,"standard_error":0.0027738088960833364},"slope":{"confidence_interval":{"confidence_level":0.95,"lower_bound":48.60272989015486,"upper_bound":48.612463333218514},"point_estimate":48.607513798813706,"standard_error":0.0024826591867764185},"std_dev":{"confidence_interval":{"confidence_level":0.95,"lower_bound":0.0285963087301817,"upper_bound":0.055684289291431543},"point_estimate":0.041596151872635476,"standard_error":0.007215684162685031}}