{"mean":{"confidence_interval":{"confidence_level":0.95,"lower_bound":48.99235928805256,"upper_bound":49.015175208248394},"point_estimate":49.00324408866423,"standard_error":0.005808889831600734},"median":{"confidence_interval":{"confidence_level":0.95,"lower_bound":48.98603666485509,"upper_bound":49.00933756696563},"point_estimate":49.00061065992766,"standard_error":0.005697691036663439},"median_abs_dev":{"confidence_interval":{"confidence_level":0.95,"lower_bound":0.03112751919590473,"upper_bound":0.04943949897119581},"point_estimate":0.03893003781417768,"standard_error":0.004676017054046423},"slope":{"confidence_interval":{"confidence_level":0.95,"lower_bound":48.98908175260437,"upper_bound":49.00565698664685},"point_estimate":48.997309440946424,"standard_error":0.004244926669809596},"std_dev":{"confidence_interval":{"confidence_level":0.95,"lower_bound":0.04028254944292085,"upper_bound":0.07654396781111168},"point_estimate":0.058419084193287715,"standard_error":0.009457300187627147}}