{"mean":{"confidence_interval":{"confidence_level":0.95,"lower_bound":30.424922548727093,"upper_bound":30.47381197179131},"point_estimate":30.447428531310685,"standard_error":0.012541191246143652},"median":{"confidence_interval":{"confidence_level":0.95,"lower_bound":30.409985117332454,"upper_bound":30.43577764947817},"point_estimate":30.42326241845666,"standard_error":0.005730069558886819},"median_abs_dev":{"confidence_interval":{"confidence_level":0.95,"lower_bound":0.048427377793895776,"upper_bound":0.08999303559589808},"point_estimate":0.06920155192016722,"standard_error":0.010379152096327424},"slope":{"confidence_interval":{"confidence_level":0.95,"lower_bound":30.428196038896274,"upper_bound":30.46704751676652},"point_estimate":30.44681997943685,"standard_error":0.009920579613727673},"std_dev":{"confidence_interval":{"confidence_level":0.95,"lower_bound":0.07902210608875193,"upper_bound":0.175595956248023},"point_estimate":0.1259704755264892,"standard_error":0.02653457494380332}}