{"mean":{"confidence_interval":{"confidence_level":0.95,"lower_bound":31.098946431019314,"upper_bound":31.16398395432421},"point_estimate":31.13056044694814,"standard_error":0.01662581243990833},"median":{"confidence_interval":{"confidence_level":0.95,"lower_bound":31.09737558561813,"upper_bound":31.15156328775692},"point_estimate":31.1236195053294,"standard_error":0.013224370139288238},"median_abs_dev":{"confidence_interval":{"confidence_level":0.95,"lower_bound":0.10794827174709527,"upper_bound":0.1763536080099005},"point_estimate":0.14615840696107676,"standard_error":0.017498094070112387},"slope":{"confidence_interval":{"confidence_level":0.95,"lower_bound":31.111145355687043,"upper_bound":31.16741642011871},"point_estimate":31.138743477232673,"standard_error":0.01432873458400937},"std_dev":{"confidence_interval":{"confidence_level":0.95,"lower_bound":0.12548624742670822,"upper_bound":0.21461166520829508},"point_estimate":0.16708817869048156,"standard_error":0.023712077240339278}}