{"mean":{"confidence_interval":{"confidence_level":0.95,"lower_bound":30.219923570037015,"upper_bound":30.385830760276274},"point_estimate":30.284752749454192,"standard_error":0.04416067841223085},"median":{"confidence_interval":{"confidence_level":0.95,"lower_bound":30.210524275276967,"upper_bound":30.28690887238875},"point_estimate":30.237452520272324,"standard_error":0.018034797234597142},"median_abs_dev":{"confidence_interval":{"confidence_level":0.95,"lower_bound":0.1174877003305519,"upper_bound":0.18636039460780268},"point_estimate":0.15020296446412837,"standard_error":0.016830971417747673},"slope":{"confidence_interval":{"confidence_level":0.95,"lower_bound":30.221629749227937,"upper_bound":30.292041419252268},"point_estimate":30.25594512008517,"standard_error":0.017983398724776604},"std_dev":{"confidence_interval":{"confidence_level":0.95,"lower_bound":0.13862123849279914,"upper_bound":0.730269171849995},"point_estimate":0.4427126716281171,"standard_error":0.20034043839275062}}