{"mean":{"confidence_interval":{"confidence_level":0.95,"lower_bound":30.235654908236214,"upper_bound":30.353881804732588},"point_estimate":30.283339189081257,"standard_error":0.031003498054638746},"median":{"confidence_interval":{"confidence_level":0.95,"lower_bound":30.221461515559795,"upper_bound":30.25852306492819},"point_estimate":30.23342279335988,"standard_error":0.010577706368991158},"median_abs_dev":{"confidence_interval":{"confidence_level":0.95,"lower_bound":0.0831916165048872,"upper_bound":0.16089196078697024},"point_estimate":0.1273082878049004,"standard_error":0.02002359309275107},"slope":{"confidence_interval":{"confidence_level":0.95,"lower_bound":30.239172153902953,"upper_bound":30.295134108585625},"point_estimate":30.266249938697925,"standard_error":0.01425375084493233},"std_dev":{"confidence_interval":{"confidence_level":0.95,"lower_bound":0.11706074285816877,"upper_bound":0.5053032224133325},"point_estimate":0.31192520047304906,"standard_error":0.12923645575002804}}