{"mean":{"confidence_interval":{"confidence_level":0.95,"lower_bound":30.327619124022757,"upper_bound":30.567568039767313},"point_estimate":30.431181948614434,"standard_error":0.06211443923905127},"median":{"confidence_interval":{"confidence_level":0.95,"lower_bound":30.249896376249353,"upper_bound":30.309529511636253},"point_estimate":30.277653499974928,"standard_error":0.014419659844299217},"median_abs_dev":{"confidence_interval":{"confidence_level":0.95,"lower_bound":0.0759817285261603,"upper_bound":0.15613090204142055},"point_estimate":0.11004372858675214,"standard_error":0.020027398603686294},"slope":{"confidence_interval":{"confidence_level":0.95,"lower_bound":30.31883121755888,"upper_bound":30.687933417318273},"point_estimate":30.47180966545626,"standard_error":0.09668457351060859},"std_dev":{"confidence_interval":{"confidence_level":0.95,"lower_bound":0.20096539358446502,"upper_bound":0.9383908322824606},"point_estimate":0.6245646333971463,"standard_error":0.19696855805233943}}