{"mean":{"confidence_interval":{"confidence_level":0.95,"lower_bound":260.5262125082542,"upper_bound":260.9152152852632},"point_estimate":260.6938173575185,"standard_error":0.10058547916644983},"median":{"confidence_interval":{"confidence_level":0.95,"lower_bound":260.4354802831372,"upper_bound":260.59614372203214},"point_estimate":260.5154946790509,"standard_error":0.03614330103969498},"median_abs_dev":{"confidence_interval":{"confidence_level":0.95,"lower_bound":0.22305479724700653,"upper_bound":0.37529071470871567},"point_estimate":0.29740239968912313,"standard_error":0.037886925075768824},"slope":{"confidence_interval":{"confidence_level":0.95,"lower_bound":260.45989739942263,"upper_bound":260.61440081848775},"point_estimate":260.52897268548463,"standard_error":0.03954521410516735},"std_dev":{"confidence_interval":{"confidence_level":0.95,"lower_bound":0.3536939643422943,"upper_bound":1.54888678528598},"point_estimate":1.0139878998524114,"standard_error":0.3230278599448292}}