{"mean":{"confidence_interval":{"confidence_level":0.95,"lower_bound":240.53667032782369,"upper_bound":241.74802985049212},"point_estimate":240.99339323369546,"standard_error":0.32597849699087356},"median":{"confidence_interval":{"confidence_level":0.95,"lower_bound":240.42939210649874,"upper_bound":240.57998351583657},"point_estimate":240.483839103102,"standard_error":0.03627285256729022},"median_abs_dev":{"confidence_interval":{"confidence_level":0.95,"lower_bound":0.18135782628702124,"upper_bound":0.34756233943147957},"point_estimate":0.22652513319772202,"standard_error":0.04267472737678248},"slope":{"confidence_interval":{"confidence_level":0.95,"lower_bound":240.53019390876122,"upper_bound":241.37933907004296},"point_estimate":240.83720417118343,"standard_error":0.23541288899151475},"std_dev":{"confidence_interval":{"confidence_level":0.95,"lower_bound":0.33706100546696427,"upper_bound":5.430668132253753},"point_estimate":3.2644858038495417,"standard_error":1.5375532477151337}}