{"mean":{"confidence_interval":{"confidence_level":0.95,"lower_bound":251.8149981181296,"upper_bound":252.1450739995667},"point_estimate":251.94811222844797,"standard_error":0.08643210494875363},"median":{"confidence_interval":{"confidence_level":0.95,"lower_bound":251.73655775662465,"upper_bound":251.84001326960313},"point_estimate":251.7711292521562,"standard_error":0.025276834365798227},"median_abs_dev":{"confidence_interval":{"confidence_level":0.95,"lower_bound":0.16948058060347534,"upper_bound":0.32188851769358273},"point_estimate":0.21992077455360565,"standard_error":0.03846462554969652},"slope":{"confidence_interval":{"confidence_level":0.95,"lower_bound":251.81971664338346,"upper_bound":251.95483061805155},"point_estimate":251.8852073309808,"standard_error":0.0344487824073136},"std_dev":{"confidence_interval":{"confidence_level":0.95,"lower_bound":0.2863543715099019,"upper_bound":1.4086662824093656},"point_estimate":0.8706691468114589,"standard_error":0.3559979035161914}}