{"mean":{"confidence_interval":{"confidence_level":0.95,"lower_bound":8215.601393287716,"upper_bound":8216.710659940873},"point_estimate":8216.119624998963,"standard_error":0.28288685487737797},"median":{"confidence_interval":{"confidence_level":0.95,"lower_bound":8215.546907637816,"upper_bound":8215.969954599157},"point_estimate":8215.724450029138,"standard_error":0.10445109374626407},"median_abs_dev":{"confidence_interval":{"confidence_level":0.95,"lower_bound":0.8578058976184282,"upper_bound":1.554347465517801},"point_estimate":1.201083270841792,"standard_error":0.1781755971805721},"slope":{"confidence_interval":{"confidence_level":0.95,"lower_bound":8215.392331532143,"upper_bound":8215.994420517272},"point_estimate":8215.7034036348,"standard_error":0.15354650261262817},"std_dev":{"confidence_interval":{"confidence_level":0.95,"lower_bound":1.7447825713694294,"upper_bound":3.76906035497788},"point_estimate":2.836888366028031,"standard_error":0.513888337492802}}