{"mean":{"confidence_interval":{"confidence_level":0.95,"lower_bound":8191.670084255444,"upper_bound":8192.454265966384},"point_estimate":8192.022873037824,"standard_error":0.20137292753258518},"median":{"confidence_interval":{"confidence_level":0.95,"lower_bound":8191.4031338699715,"upper_bound":8191.853959619207},"point_estimate":8191.645900783846,"standard_error":0.11691115741588369},"median_abs_dev":{"confidence_interval":{"confidence_level":0.95,"lower_bound":0.6209958433059595,"upper_bound":1.1079201401104304},"point_estimate":0.7296492665552722,"standard_error":0.12900947034011734},"slope":{"confidence_interval":{"confidence_level":0.95,"lower_bound":8191.5680429245995,"upper_bound":8192.049733605194},"point_estimate":8191.798214035786,"standard_error":0.12281692013015634},"std_dev":{"confidence_interval":{"confidence_level":0.95,"lower_bound":1.0723990530469052,"upper_bound":2.969528497365797},"point_estimate":2.0250249966305534,"standard_error":0.5196125126433088}}