{"mean":{"confidence_interval":{"confidence_level":0.95,"lower_bound":8223.659233053679,"upper_bound":8225.600983449795},"point_estimate":8224.525507069427,"standard_error":0.49727395046363904},"median":{"confidence_interval":{"confidence_level":0.95,"lower_bound":8222.899940968122,"upper_bound":8224.143986398689},"point_estimate":8223.44090909091,"standard_error":0.30035631148418446},"median_abs_dev":{"confidence_interval":{"confidence_level":0.95,"lower_bound":1.6055050824144834,"upper_bound":2.8187990095170874},"point_estimate":2.2078374045214884,"standard_error":0.3047135202695739},"slope":{"confidence_interval":{"confidence_level":0.95,"lower_bound":8223.420013535542,"upper_bound":8224.92741807009},"point_estimate":8224.08881345665,"standard_error":0.3859493899329493},"std_dev":{"confidence_interval":{"confidence_level":0.95,"lower_bound":2.6675278431822855,"upper_bound":7.325507481562323},"point_estimate":5.004842629658217,"standard_error":1.2955460270174997}}