{"mean":{"confidence_interval":{"confidence_level":0.95,"lower_bound":8230.02299592829,"upper_bound":8232.718762256454},"point_estimate":8231.164926702779,"standard_error":0.6991081605761317},"median":{"confidence_interval":{"confidence_level":0.95,"lower_bound":8229.21950731087,"upper_bound":8230.755407068753},"point_estimate":8229.547696399733,"standard_error":0.41624951442580244},"median_abs_dev":{"confidence_interval":{"confidence_level":0.95,"lower_bound":2.0837599880226105,"upper_bound":3.3567167850839277},"point_estimate":2.7208021889447185,"standard_error":0.320949723884999},"slope":{"confidence_interval":{"confidence_level":0.95,"lower_bound":8229.441063260625,"upper_bound":8230.866875759719},"point_estimate":8230.108386860396,"standard_error":0.3651112551064379},"std_dev":{"confidence_interval":{"confidence_level":0.95,"lower_bound":2.75553150759506,"upper_bound":11.036395726626582},"point_estimate":7.033900149240202,"standard_error":2.431042426845623}}