{"mean":{"confidence_interval":{"confidence_level":0.95,"lower_bound":359.0510886945346,"upper_bound":360.3455901024385},"point_estimate":359.5928008440766,"standard_error":0.3342946047459135},"median":{"confidence_interval":{"confidence_level":0.95,"lower_bound":358.9237165519045,"upper_bound":359.2010499288184},"point_estimate":359.0611766569066,"standard_error":0.07317448745988357},"median_abs_dev":{"confidence_interval":{"confidence_level":0.95,"lower_bound":0.29520082148273835,"upper_bound":0.6712481005446176},"point_estimate":0.48875702046836306,"standard_error":0.09258574428870679},"slope":{"confidence_interval":{"confidence_level":0.95,"lower_bound":358.8817712389434,"upper_bound":360.37696983267864},"point_estimate":359.4263424080268,"standard_error":0.42015369959983334},"std_dev":{"confidence_interval":{"confidence_level":0.95,"lower_bound":0.6984144728948171,"upper_bound":3.70843736059591},"point_estimate":2.3827255805392347,"standard_error":0.8371528783943479}}