{"mean":{"confidence_interval":{"confidence_level":0.95,"lower_bound":55222.30208493252,"upper_bound":55361.92496170156},"point_estimate":55276.82980758907,"standard_error":37.2159908126668},"median":{"confidence_interval":{"confidence_level":0.95,"lower_bound":55195.09829545455,"upper_bound":55237.49722222222},"point_estimate":55219.85746352413,"standard_error":10.346208331654372},"median_abs_dev":{"confidence_interval":{"confidence_level":0.95,"lower_bound":68.69783985780566,"upper_bound":145.99043859561036},"point_estimate":114.92981640403407,"standard_error":20.684817206113124},"slope":{"confidence_interval":{"confidence_level":0.95,"lower_bound":55224.09891623688,"upper_bound":55276.24934650635},"point_estimate":55249.58617440848,"standard_error":13.310309433275586},"std_dev":{"confidence_interval":{"confidence_level":0.95,"lower_bound":109.07900113211083,"upper_bound":617.5039969682051},"point_estimate":374.59999971078116,"standard_error":168.96039861726706}}