{"mean":{"confidence_interval":{"confidence_level":0.95,"lower_bound":54340.50966050745,"upper_bound":54699.14151336841},"point_estimate":54495.14671865717,"standard_error":92.65970663892698},"median":{"confidence_interval":{"confidence_level":0.95,"lower_bound":54278.214466936566,"upper_bound":54337.80606407323},"point_estimate":54300.35994748777,"standard_error":13.551767898685044},"median_abs_dev":{"confidence_interval":{"confidence_level":0.95,"lower_bound":98.0083748316144,"upper_bound":178.035151341117},"point_estimate":127.04880655009934,"standard_error":21.822879952181626},"slope":{"confidence_interval":{"confidence_level":0.95,"lower_bound":54291.56301838751,"upper_bound":54446.66913897685},"point_estimate":54359.34630070077,"standard_error":40.23184844182674},"std_dev":{"confidence_interval":{"confidence_level":0.95,"lower_bound":253.0151227538107,"upper_bound":1404.1645595468988},"point_estimate":935.110584208058,"standard_error":300.6094303584582}}