{"mean":{"confidence_interval":{"confidence_level":0.95,"lower_bound":28928.05707148482,"upper_bound":29082.595363984896},"point_estimate":28996.15183323214,"standard_error":39.72004925032241},"median":{"confidence_interval":{"confidence_level":0.95,"lower_bound":28896.27780578898,"upper_bound":28931.65142857143},"point_estimate":28910.68142721476,"standard_error":8.467767132705507},"median_abs_dev":{"confidence_interval":{"confidence_level":0.95,"lower_bound":60.58327562071556,"upper_bound":115.48805032692933},"point_estimate":86.91772035963993,"standard_error":14.874273930788412},"slope":{"confidence_interval":{"confidence_level":0.95,"lower_bound":28901.493773767383,"upper_bound":29047.71248032947},"point_estimate":28961.447205471934,"standard_error":37.9850179354248},"std_dev":{"confidence_interval":{"confidence_level":0.95,"lower_bound":106.01664695244533,"upper_bound":583.967201925848},"point_estimate":400.7638591357576,"standard_error":110.76153429087077}}