{"mean":{"confidence_interval":{"confidence_level":0.95,"lower_bound":42628.536399078,"upper_bound":42753.185493102894},"point_estimate":42675.20536787947,"standard_error":33.962673327407046},"median":{"confidence_interval":{"confidence_level":0.95,"lower_bound":42611.36929675716,"upper_bound":42641.9247843862},"point_estimate":42628.88328598485,"standard_error":7.207608777459918},"median_abs_dev":{"confidence_interval":{"confidence_level":0.95,"lower_bound":39.13665809789447,"upper_bound":70.98149330713795},"point_estimate":56.969348581392346,"standard_error":8.021922488974045},"slope":{"confidence_interval":{"confidence_level":0.95,"lower_bound":42634.34885971808,"upper_bound":42664.57888614631},"point_estimate":42649.05996010049,"standard_error":7.704254064405848},"std_dev":{"confidence_interval":{"confidence_level":0.95,"lower_bound":58.02858669699903,"upper_bound":572.8143483944102},"point_estimate":341.4764106937083,"standard_error":167.53683082257507}}