{"mean":{"confidence_interval":{"confidence_level":0.95,"lower_bound":27973.30073222175,"upper_bound":28454.88307745427},"point_estimate":28148.861952591036,"standard_error":138.79411363844844},"median":{"confidence_interval":{"confidence_level":0.95,"lower_bound":27898.720265780732,"upper_bound":27964.36698879552},"point_estimate":27932.45399796282,"standard_error":16.09254642679558},"median_abs_dev":{"confidence_interval":{"confidence_level":0.95,"lower_bound":101.4295891940356,"upper_bound":178.85663704095654},"point_estimate":138.1233197423137,"standard_error":19.69853016925263},"slope":{"confidence_interval":{"confidence_level":0.95,"lower_bound":27922.447473942673,"upper_bound":27989.948631669922},"point_estimate":27954.4458926302,"standard_error":17.270858052017235},"std_dev":{"confidence_interval":{"confidence_level":0.95,"lower_bound":203.483243882596,"upper_bound":2368.3588457646006},"point_estimate":1396.6988398903081,"standard_error":750.6726241801092}}