{"mean":{"confidence_interval":{"confidence_level":0.95,"lower_bound":2042918.8829799993,"upper_bound":2043221.1775900004},"point_estimate":2043046.4656000007,"standard_error":78.37741511540919},"median":{"confidence_interval":{"confidence_level":0.95,"lower_bound":2042908.96,"upper_bound":2043047.88},"point_estimate":2042953.28,"standard_error":35.877867617747796},"median_abs_dev":{"confidence_interval":{"confidence_level":0.95,"lower_bound":209.28381228451792,"upper_bound":398.7897409200392},"point_estimate":298.47702670089757,"standard_error":50.74524645569645},"slope":null,"std_dev":{"confidence_interval":{"confidence_level":0.95,"lower_bound":333.9949924645662,"upper_bound":1244.0563160015436},"point_estimate":789.3213926721786,"standard_error":287.1211499808127}}