{"mean":{"confidence_interval":{"confidence_level":0.95,"lower_bound":580.7995750884447,"upper_bound":581.1503681149369},"point_estimate":580.9780323721936,"standard_error":0.08943918346332415},"median":{"confidence_interval":{"confidence_level":0.95,"lower_bound":580.748023715415,"upper_bound":581.2330094422485},"point_estimate":581.0068440082645,"standard_error":0.13989889597814967},"median_abs_dev":{"confidence_interval":{"confidence_level":0.95,"lower_bound":0.39510477724105575,"upper_bound":0.7427436448941661},"point_estimate":0.5031769264954727,"standard_error":0.08919469728660831},"slope":{"confidence_interval":{"confidence_level":0.95,"lower_bound":580.8360857649805,"upper_bound":581.1793592364697},"point_estimate":581.0003884141611,"standard_error":0.08757998907414778},"std_dev":{"confidence_interval":{"confidence_level":0.95,"lower_bound":0.48750332017605985,"upper_bound":0.772138442073095},"point_estimate":0.6404881475085359,"standard_error":0.07311274697252129}}