{"mean":{"confidence_interval":{"confidence_level":0.95,"lower_bound":580.9233683525053,"upper_bound":581.3047822532451},"point_estimate":581.113265113189,"standard_error":0.09749046273219453},"median":{"confidence_interval":{"confidence_level":0.95,"lower_bound":580.8802816901408,"upper_bound":581.2823490651512},"point_estimate":581.0254802383926,"standard_error":0.11512961492740995},"median_abs_dev":{"confidence_interval":{"confidence_level":0.95,"lower_bound":0.4239850164211809,"upper_bound":0.9437401843201995},"point_estimate":0.6115635715232381,"standard_error":0.13803645454861443},"slope":{"confidence_interval":{"confidence_level":0.95,"lower_bound":580.9473141940182,"upper_bound":581.3408898494785},"point_estimate":581.1322936566975,"standard_error":0.10094720407962468},"std_dev":{"confidence_interval":{"confidence_level":0.95,"lower_bound":0.5658672088158545,"upper_bound":0.8008607086486161},"point_estimate":0.6955989237864582,"standard_error":0.05989348322953432}}