{"mean":{"confidence_interval":{"confidence_level":0.95,"lower_bound":580.595036311491,"upper_bound":580.9068163655522},"point_estimate":580.7499672009723,"standard_error":0.07959854740224595},"median":{"confidence_interval":{"confidence_level":0.95,"lower_bound":580.5082520977295,"upper_bound":580.9696593791919},"point_estimate":580.7342629154327,"standard_error":0.11294713507850389},"median_abs_dev":{"confidence_interval":{"confidence_level":0.95,"lower_bound":0.42620943045873283,"upper_bound":0.7968183523167667},"point_estimate":0.5805103759764365,"standard_error":0.09495047436982403},"slope":{"confidence_interval":{"confidence_level":0.95,"lower_bound":580.5568760892178,"upper_bound":580.8749900068955},"point_estimate":580.7140164006529,"standard_error":0.08089853606252015},"std_dev":{"confidence_interval":{"confidence_level":0.95,"lower_bound":0.4577446384891077,"upper_bound":0.6600372869871791},"point_estimate":0.5653620913847702,"standard_error":0.05188664341619821}}