{"mean":{"confidence_interval":{"confidence_level":0.95,"lower_bound":580.0689137841588,"upper_bound":580.7053109315332},"point_estimate":580.4276012737571,"standard_error":0.16374999040374996},"median":{"confidence_interval":{"confidence_level":0.95,"lower_bound":580.4277179025029,"upper_bound":580.8389937550718},"point_estimate":580.6664614235978,"standard_error":0.1416482922232337},"median_abs_dev":{"confidence_interval":{"confidence_level":0.95,"lower_bound":0.3959324770930693,"upper_bound":0.7356238017194813},"point_estimate":0.5901290450789886,"standard_error":0.08452331413801274},"slope":{"confidence_interval":{"confidence_level":0.95,"lower_bound":580.4913366933926,"upper_bound":580.8051872684237},"point_estimate":580.6437286513362,"standard_error":0.0799680954821183},"std_dev":{"confidence_interval":{"confidence_level":0.95,"lower_bound":0.5191309963754348,"upper_bound":1.7418532277764296},"point_estimate":1.1672218843885969,"standard_error":0.3447958748573237}}