{"mean":{"confidence_interval":{"confidence_level":0.95,"lower_bound":266.41362135310675,"upper_bound":266.7644206329924},"point_estimate":266.5621505721531,"standard_error":0.09091880119257732},"median":{"confidence_interval":{"confidence_level":0.95,"lower_bound":266.35225646202537,"upper_bound":266.5561457772996},"point_estimate":266.45338741409205,"standard_error":0.04827646918499441},"median_abs_dev":{"confidence_interval":{"confidence_level":0.95,"lower_bound":0.25053086797150853,"upper_bound":0.5022189919824206},"point_estimate":0.3446503112496996,"standard_error":0.06412245134980644},"slope":{"confidence_interval":{"confidence_level":0.95,"lower_bound":266.36652425395175,"upper_bound":266.5545354021547},"point_estimate":266.45917194819367,"standard_error":0.04789547879886456},"std_dev":{"confidence_interval":{"confidence_level":0.95,"lower_bound":0.3976626934890921,"upper_bound":1.435482408255753},"point_estimate":0.9144516483798085,"standard_error":0.32327506282449375}}