{"mean":{"confidence_interval":{"confidence_level":0.95,"lower_bound":203.2205525796022,"upper_bound":203.4404980546867},"point_estimate":203.32960446768266,"standard_error":0.05606383769782315},"median":{"confidence_interval":{"confidence_level":0.95,"lower_bound":203.24169113116596,"upper_bound":203.45408349551911},"point_estimate":203.3744080359977,"standard_error":0.04831621532196515},"median_abs_dev":{"confidence_interval":{"confidence_level":0.95,"lower_bound":0.3671173904887194,"upper_bound":0.5574309498045863},"point_estimate":0.4662295143310446,"standard_error":0.04763512638229372},"slope":{"confidence_interval":{"confidence_level":0.95,"lower_bound":203.27177962574865,"upper_bound":203.42264039667637},"point_estimate":203.34802004447968,"standard_error":0.03845707052217016},"std_dev":{"confidence_interval":{"confidence_level":0.95,"lower_bound":0.4438165996761092,"upper_bound":0.6774180659698441},"point_estimate":0.5632532866389331,"standard_error":0.05998786787721287}}