{"mean":{"confidence_interval":{"confidence_level":0.95,"lower_bound":129.09278822808378,"upper_bound":129.13845402132014},"point_estimate":129.11597354841,"standard_error":0.011656277131077693},"median":{"confidence_interval":{"confidence_level":0.95,"lower_bound":129.1033248609663,"upper_bound":129.15563551631732},"point_estimate":129.1440166129491,"standard_error":0.013181506541658143},"median_abs_dev":{"confidence_interval":{"confidence_level":0.95,"lower_bound":0.07480105065562473,"upper_bound":0.13296765376251127},"point_estimate":0.10663199877048629,"standard_error":0.014601236836945607},"slope":{"confidence_interval":{"confidence_level":0.95,"lower_bound":129.1373555964915,"upper_bound":129.1718813566728},"point_estimate":129.15509932078527,"standard_error":0.008807170013707778},"std_dev":{"confidence_interval":{"confidence_level":0.95,"lower_bound":0.09655363372954716,"upper_bound":0.13596251663424694},"point_estimate":0.11703136286266431,"standard_error":0.010071264210438033}}