{"mean":{"confidence_interval":{"confidence_level":0.95,"lower_bound":2680.017522937631,"upper_bound":2680.381263638121},"point_estimate":2680.1877347725635,"standard_error":0.09250526304838717},"median":{"confidence_interval":{"confidence_level":0.95,"lower_bound":2679.9437837837836,"upper_bound":2680.2620837504173},"point_estimate":2680.1227130844036,"standard_error":0.07778625144358675},"median_abs_dev":{"confidence_interval":{"confidence_level":0.95,"lower_bound":0.45788245652827475,"upper_bound":0.7398766397109078},"point_estimate":0.5904026836037142,"standard_error":0.06853471588330626},"slope":{"confidence_interval":{"confidence_level":0.95,"lower_bound":2679.955028190197,"upper_bound":2680.2383212985687},"point_estimate":2680.0945212417973,"standard_error":0.07231718141166957},"std_dev":{"confidence_interval":{"confidence_level":0.95,"lower_bound":0.5923551960911524,"upper_bound":1.261387964887546},"point_estimate":0.9275195897002174,"standard_error":0.17564899918735943}}