{"mean":{"confidence_interval":{"confidence_level":0.95,"lower_bound":34176.20898491344,"upper_bound":34231.144778021706},"point_estimate":34199.34891155356,"standard_error":14.25437991736133},"median":{"confidence_interval":{"confidence_level":0.95,"lower_bound":34165.87807881773,"upper_bound":34191.67980295567},"point_estimate":34175.308355437664,"standard_error":6.0018669801239986},"median_abs_dev":{"confidence_interval":{"confidence_level":0.95,"lower_bound":41.913429911060014,"upper_bound":73.94008621420036},"point_estimate":56.4485429179833,"standard_error":8.11489351214932},"slope":{"confidence_interval":{"confidence_level":0.95,"lower_bound":34169.91363804306,"upper_bound":34196.24586529004},"point_estimate":34182.72343064466,"standard_error":6.717023366553287},"std_dev":{"confidence_interval":{"confidence_level":0.95,"lower_bound":61.650063369470224,"upper_bound":225.38487579584591},"point_estimate":143.1370247717261,"standard_error":52.202774904064384}}