{"mean":{"confidence_interval":{"confidence_level":0.95,"lower_bound":42612.38458549487,"upper_bound":42808.89809030441},"point_estimate":42686.24722706261,"standard_error":54.35159603593786},"median":{"confidence_interval":{"confidence_level":0.95,"lower_bound":42574.72514217575,"upper_bound":42664.09459459459},"point_estimate":42603.56662210339,"standard_error":21.730929511064232},"median_abs_dev":{"confidence_interval":{"confidence_level":0.95,"lower_bound":92.30663558894099,"upper_bound":150.90937434359637},"point_estimate":125.40247483175524,"standard_error":14.774098256430925},"slope":{"confidence_interval":{"confidence_level":0.95,"lower_bound":42616.093463053236,"upper_bound":42672.0489323838},"point_estimate":42643.00443032363,"standard_error":14.215821246785719},"std_dev":{"confidence_interval":{"confidence_level":0.95,"lower_bound":118.28137048641187,"upper_bound":915.4967143434725},"point_estimate":545.5187768491397,"standard_error":272.2660325607931}}