{"mean":{"confidence_interval":{"confidence_level":0.95,"lower_bound":68.9977600109258,"upper_bound":69.11742619294048},"point_estimate":69.05378134759889,"standard_error":0.030627973093759777},"median":{"confidence_interval":{"confidence_level":0.95,"lower_bound":68.94507641845209,"upper_bound":69.06786894533094},"point_estimate":69.00984250045593,"standard_error":0.028806793991111034},"median_abs_dev":{"confidence_interval":{"confidence_level":0.95,"lower_bound":0.1722634368784284,"upper_bound":0.2733529503610252},"point_estimate":0.21815060115261103,"standard_error":0.0249748768643261},"slope":{"confidence_interval":{"confidence_level":0.95,"lower_bound":68.95029057645608,"upper_bound":69.03850918536025},"point_estimate":68.99351249520662,"standard_error":0.0225215565998759},"std_dev":{"confidence_interval":{"confidence_level":0.95,"lower_bound":0.2059498886044171,"upper_bound":0.41821532695456254},"point_estimate":0.3076204386132531,"standard_error":0.058174328738399686}}