{"mean":{"confidence_interval":{"confidence_level":0.95,"lower_bound":3715.31440009136,"upper_bound":3716.0533887094784},"point_estimate":3715.6447477908237,"standard_error":0.18988731723081795},"median":{"confidence_interval":{"confidence_level":0.95,"lower_bound":3715.1229019281454,"upper_bound":3715.5123620811823},"point_estimate":3715.366488043792,"standard_error":0.09773840472001287},"median_abs_dev":{"confidence_interval":{"confidence_level":0.95,"lower_bound":0.5032286863014701,"upper_bound":0.8479066304610966},"point_estimate":0.654211637381332,"standard_error":0.08805551206616286},"slope":{"confidence_interval":{"confidence_level":0.95,"lower_bound":3715.174666773947,"upper_bound":3715.5335892769376},"point_estimate":3715.343794599148,"standard_error":0.09160832893166766},"std_dev":{"confidence_interval":{"confidence_level":0.95,"lower_bound":0.9069353630154223,"upper_bound":2.6919663839186327},"point_estimate":1.903610733616457,"standard_error":0.45546588641831676}}