{"mean":{"confidence_interval":{"confidence_level":0.95,"lower_bound":3701.4325122726336,"upper_bound":3702.0594741632635},"point_estimate":3701.7381652816234,"standard_error":0.15989927516243635},"median":{"confidence_interval":{"confidence_level":0.95,"lower_bound":3701.1313479371847,"upper_bound":3701.7897363830198},"point_estimate":3701.4242612694106,"standard_error":0.18002003258570443},"median_abs_dev":{"confidence_interval":{"confidence_level":0.95,"lower_bound":1.0291105556337485,"upper_bound":1.7774756370194154},"point_estimate":1.32036825731425,"standard_error":0.1888859928016776},"slope":{"confidence_interval":{"confidence_level":0.95,"lower_bound":3701.2486063692218,"upper_bound":3701.829417614044},"point_estimate":3701.5265043924755,"standard_error":0.1484677663655471},"std_dev":{"confidence_interval":{"confidence_level":0.95,"lower_bound":1.3126902376355067,"upper_bound":1.8712741849806176},"point_estimate":1.6073471326759048,"standard_error":0.1428625653264972}}