{"mean":{"confidence_interval":{"confidence_level":0.95,"lower_bound":3697.6982891320645,"upper_bound":3698.254873628846},"point_estimate":3697.9615502317756,"standard_error":0.14221073997414924},"median":{"confidence_interval":{"confidence_level":0.95,"lower_bound":3697.4495802238807,"upper_bound":3697.8985541044776},"point_estimate":3697.6325777028833,"standard_error":0.12517047446168936},"median_abs_dev":{"confidence_interval":{"confidence_level":0.95,"lower_bound":0.6435001445781539,"upper_bound":1.1072345663982261},"point_estimate":0.8442697804805462,"standard_error":0.11731931110483143},"slope":{"confidence_interval":{"confidence_level":0.95,"lower_bound":3697.1501363217694,"upper_bound":3697.625751323436},"point_estimate":3697.3715515374215,"standard_error":0.12149009692159289},"std_dev":{"confidence_interval":{"confidence_level":0.95,"lower_bound":1.0156820523344399,"upper_bound":1.7895722172303588},"point_estimate":1.4289371668823674,"standard_error":0.19770480120624095}}