{"mean":{"confidence_interval":{"confidence_level":0.95,"lower_bound":3698.0547930581724,"upper_bound":3698.6884698226836},"point_estimate":3698.3413853696325,"standard_error":0.16276309244509907},"median":{"confidence_interval":{"confidence_level":0.95,"lower_bound":3697.8165901262914,"upper_bound":3698.1020465852557},"point_estimate":3697.9141791044776,"standard_error":0.07927704180854389},"median_abs_dev":{"confidence_interval":{"confidence_level":0.95,"lower_bound":0.516917198900276,"upper_bound":0.8946839341864178},"point_estimate":0.6567076561282884,"standard_error":0.09587169551012945},"slope":{"confidence_interval":{"confidence_level":0.95,"lower_bound":3697.840134103279,"upper_bound":3698.188740036192},"point_estimate":3698.00271264852,"standard_error":0.08890456248481335},"std_dev":{"confidence_interval":{"confidence_level":0.95,"lower_bound":0.8766042203169335,"upper_bound":2.3260898614004817},"point_estimate":1.63464754117307,"standard_error":0.37689867093122303}}