{"mean":{"confidence_interval":{"confidence_level":0.95,"lower_bound":2203.0014022014952,"upper_bound":2212.092968941944},"point_estimate":2206.3003683953248,"standard_error":2.566833485465844},"median":{"confidence_interval":{"confidence_level":0.95,"lower_bound":2202.338459079284,"upper_bound":2203.35354416223},"point_estimate":2203.021318822599,"standard_error":0.28130304125105726},"median_abs_dev":{"confidence_interval":{"confidence_level":0.95,"lower_bound":1.7213108615280994,"upper_bound":3.233653749743674},"point_estimate":2.6035145559223274,"standard_error":0.37167217916704903},"slope":{"confidence_interval":{"confidence_level":0.95,"lower_bound":2203.185082622017,"upper_bound":2204.2627292576944},"point_estimate":2203.7054797964547,"standard_error":0.2754973111374081},"std_dev":{"confidence_interval":{"confidence_level":0.95,"lower_bound":2.445750501680404,"upper_bound":43.740780670150514},"point_estimate":25.823263203801147,"standard_error":13.636812814202084}}