{"mean":{"confidence_interval":{"confidence_level":0.95,"lower_bound":2336.5192485059374,"upper_bound":2345.73300276231},"point_estimate":2339.8419231484154,"standard_error":2.66907219541595},"median":{"confidence_interval":{"confidence_level":0.95,"lower_bound":2335.8711674528304,"upper_bound":2336.978523814203},"point_estimate":2336.292584719464,"standard_error":0.27960790394653895},"median_abs_dev":{"confidence_interval":{"confidence_level":0.95,"lower_bound":2.1263027255066844,"upper_bound":3.4633834318532553},"point_estimate":2.671180477611509,"standard_error":0.33392272910303866},"slope":{"confidence_interval":{"confidence_level":0.95,"lower_bound":2336.3729416233273,"upper_bound":2337.867447100166},"point_estimate":2337.080694017304,"standard_error":0.3821319020038164},"std_dev":{"confidence_interval":{"confidence_level":0.95,"lower_bound":2.957737768112107,"upper_bound":45.5140538051565},"point_estimate":26.785102910371666,"standard_error":14.584857172546824}}