{"mean":{"confidence_interval":{"confidence_level":0.95,"lower_bound":11022.892476652705,"upper_bound":11062.554486073854},"point_estimate":11038.995865478984,"standard_error":10.385704168223972},"median":{"confidence_interval":{"confidence_level":0.95,"lower_bound":11034.425679012345,"upper_bound":11051.231746031746},"point_estimate":11047.301638576779,"standard_error":4.379174112747573},"median_abs_dev":{"confidence_interval":{"confidence_level":0.95,"lower_bound":17.281602120691105,"upper_bound":40.974547598558},"point_estimate":26.779790961337195,"standard_error":6.347588827285743},"slope":{"confidence_interval":{"confidence_level":0.95,"lower_bound":11006.564973262357,"upper_bound":11029.844905798538},"point_estimate":11019.13416948262,"standard_error":5.908587622162478},"std_dev":{"confidence_interval":{"confidence_level":0.95,"lower_bound":37.42368831527425,"upper_bound":170.45837938648202},"point_estimate":104.71298787056615,"standard_error":43.518471691014796}}