{"mean":{"confidence_interval":{"confidence_level":0.95,"lower_bound":11605.13479657761,"upper_bound":11652.510300640297},"point_estimate":11629.091306966744,"standard_error":12.059984210088368},"median":{"confidence_interval":{"confidence_level":0.95,"lower_bound":11604.794189538376,"upper_bound":11661.910238817469},"point_estimate":11636.016356589149,"standard_error":12.57606379352309},"median_abs_dev":{"confidence_interval":{"confidence_level":0.95,"lower_bound":85.38781779901505,"upper_bound":142.08158913019363},"point_estimate":114.96370533796598,"standard_error":13.937227585568674},"slope":{"confidence_interval":{"confidence_level":0.95,"lower_bound":11597.749303538041,"upper_bound":11642.242559548486},"point_estimate":11619.505899010588,"standard_error":11.386720941266763},"std_dev":{"confidence_interval":{"confidence_level":0.95,"lower_bound":99.60495440315,"upper_bound":139.9321214038186},"point_estimate":120.62318109223632,"standard_error":10.29394325104863}}