{"mean":{"confidence_interval":{"confidence_level":0.95,"lower_bound":10555.424370517327,"upper_bound":10575.69554952867},"point_estimate":10564.689596829396,"standard_error":5.183081124582399},"median":{"confidence_interval":{"confidence_level":0.95,"lower_bound":10552.93210807768,"upper_bound":10575.982401315789},"point_estimate":10560.819348446417,"standard_error":6.171414470881061},"median_abs_dev":{"confidence_interval":{"confidence_level":0.95,"lower_bound":28.742576905985317,"upper_bound":44.86520384978262},"point_estimate":36.95758271506233,"standard_error":3.890609682251687},"slope":{"confidence_interval":{"confidence_level":0.95,"lower_bound":10553.43935648948,"upper_bound":10570.286795031017},"point_estimate":10561.914200119776,"standard_error":4.292610641549125},"std_dev":{"confidence_interval":{"confidence_level":0.95,"lower_bound":32.10680336829459,"upper_bound":75.99672196765198},"point_estimate":52.24295159372055,"standard_error":13.394600683391875}}