{"mean":{"confidence_interval":{"confidence_level":0.95,"lower_bound":11752.214804655427,"upper_bound":11803.562545735742},"point_estimate":11775.003885268823,"standard_error":13.13367335732768},"median":{"confidence_interval":{"confidence_level":0.95,"lower_bound":11779.51688804554,"upper_bound":11798.709926470588},"point_estimate":11792.618894830659,"standard_error":5.477027467123328},"median_abs_dev":{"confidence_interval":{"confidence_level":0.95,"lower_bound":26.17024733258184,"upper_bound":57.60217695885944},"point_estimate":41.581300138789636,"standard_error":8.16646358925184},"slope":{"confidence_interval":{"confidence_level":0.95,"lower_bound":11754.620385617143,"upper_bound":11787.084475452375},"point_estimate":11772.282320047983,"standard_error":8.309333768204091},"std_dev":{"confidence_interval":{"confidence_level":0.95,"lower_bound":65.76840981971151,"upper_bound":202.6824964508112},"point_estimate":132.08913548154283,"standard_error":40.85907220992142}}