{"mean":{"confidence_interval":{"confidence_level":0.95,"lower_bound":10934.01587794083,"upper_bound":11015.596292637081},"point_estimate":10972.562564306112,"standard_error":20.809067693047698},"median":{"confidence_interval":{"confidence_level":0.95,"lower_bound":10901.394166666667,"upper_bound":10983.332735042735},"point_estimate":10948.353140096619,"standard_error":20.623994148427325},"median_abs_dev":{"confidence_interval":{"confidence_level":0.95,"lower_bound":116.17387327741376,"upper_bound":191.04493016383068},"point_estimate":159.35496260745745,"standard_error":19.118698206749993},"slope":{"confidence_interval":{"confidence_level":0.95,"lower_bound":10889.078131208136,"upper_bound":10950.185051800485},"point_estimate":10919.194995747335,"standard_error":15.58928930696829},"std_dev":{"confidence_interval":{"confidence_level":0.95,"lower_bound":148.41862923721285,"upper_bound":271.63643812041},"point_estimate":209.27378883961907,"standard_error":32.116714504022895}}