{"mean":{"confidence_interval":{"confidence_level":0.95,"lower_bound":14.070180367249042,"upper_bound":14.074220653353848},"point_estimate":14.072099047138755,"standard_error":0.0010299654914646796},"median":{"confidence_interval":{"confidence_level":0.95,"lower_bound":14.067838710592984,"upper_bound":14.070750583346019},"point_estimate":14.069306315506804,"standard_error":0.0006610327957114259},"median_abs_dev":{"confidence_interval":{"confidence_level":0.95,"lower_bound":0.004830945241389431,"upper_bound":0.007865128666419478},"point_estimate":0.006240938594042416,"standard_error":0.0007326770724223469},"slope":{"confidence_interval":{"confidence_level":0.95,"lower_bound":14.067632048734843,"upper_bound":14.070069446673616},"point_estimate":14.06876383434728,"standard_error":0.00062022970570855},"std_dev":{"confidence_interval":{"confidence_level":0.95,"lower_bound":0.007534192420737753,"upper_bound":0.01302881455905822},"point_estimate":0.01034555726004383,"standard_error":0.0014131309431287178}}