{"mean":{"confidence_interval":{"confidence_level":0.95,"lower_bound":14.598766902296543,"upper_bound":14.657873763221462},"point_estimate":14.626884531857394,"standard_error":0.015127724536297026},"median":{"confidence_interval":{"confidence_level":0.95,"lower_bound":14.539396670719851,"upper_bound":14.579137078808131},"point_estimate":14.5469949428837,"standard_error":0.01106159614318644},"median_abs_dev":{"confidence_interval":{"confidence_level":0.95,"lower_bound":0.02946624178656814,"upper_bound":0.08650039619146964},"point_estimate":0.04346865090505154,"standard_error":0.015366784180992176},"slope":{"confidence_interval":{"confidence_level":0.95,"lower_bound":14.60552804393483,"upper_bound":14.675668658803726},"point_estimate":14.63952506643421,"standard_error":0.01794533561814408},"std_dev":{"confidence_interval":{"confidence_level":0.95,"lower_bound":0.11755107446936078,"upper_bound":0.1812539481261869},"point_estimate":0.15196854386955166,"standard_error":0.016336869728130983}}