{"mean":{"confidence_interval":{"confidence_level":0.95,"lower_bound":14.363588147739579,"upper_bound":14.383161982943815},"point_estimate":14.372107174798208,"standard_error":0.005044893026788812},"median":{"confidence_interval":{"confidence_level":0.95,"lower_bound":14.361129683649756,"upper_bound":14.365786451853255},"point_estimate":14.363527515913834,"standard_error":0.001338997670367873},"median_abs_dev":{"confidence_interval":{"confidence_level":0.95,"lower_bound":0.00739511353714359,"upper_bound":0.013156496754441565},"point_estimate":0.009644053941188708,"standard_error":0.0014516196366169212},"slope":{"confidence_interval":{"confidence_level":0.95,"lower_bound":14.361341317239944,"upper_bound":14.36642959551646},"point_estimate":14.363689054061096,"standard_error":0.0012987643845724407},"std_dev":{"confidence_interval":{"confidence_level":0.95,"lower_bound":0.01350764330365078,"upper_bound":0.07610842009565265},"point_estimate":0.05082510191641277,"standard_error":0.015473392542297886}}