{"mean":{"confidence_interval":{"confidence_level":0.95,"lower_bound":136990.36699876614,"upper_bound":137021.66360910525},"point_estimate":137003.63232598177,"standard_error":8.079319743168485},"median":{"confidence_interval":{"confidence_level":0.95,"lower_bound":136984.21106557376,"upper_bound":136989.89963942306},"point_estimate":136987.22510111224,"standard_error":1.4975019914443848},"median_abs_dev":{"confidence_interval":{"confidence_level":0.95,"lower_bound":9.18800907401597,"upper_bound":18.165556177500363},"point_estimate":13.690588668074177,"standard_error":2.324297609885759},"slope":{"confidence_interval":{"confidence_level":0.95,"lower_bound":136989.18893661926,"upper_bound":137011.20338934602},"point_estimate":136998.6014441407,"standard_error":5.67142918588371},"std_dev":{"confidence_interval":{"confidence_level":0.95,"lower_bound":32.368466577106204,"upper_bound":126.57373338276307},"point_estimate":81.47606090617612,"standard_error":27.23646220416441}}