{"mean":{"confidence_interval":{"confidence_level":0.95,"lower_bound":136876.8861429351,"upper_bound":136890.86810983153},"point_estimate":136883.55568324594,"standard_error":3.564874759701206},"median":{"confidence_interval":{"confidence_level":0.95,"lower_bound":136870.22641509434,"upper_bound":136882.60357142857},"point_estimate":136876.24493927124,"standard_error":3.2764474916586184},"median_abs_dev":{"confidence_interval":{"confidence_level":0.95,"lower_bound":18.498642219650417,"upper_bound":30.911461892567814},"point_estimate":24.36548514435201,"standard_error":3.06279798887867},"slope":{"confidence_interval":{"confidence_level":0.95,"lower_bound":136875.10049740007,"upper_bound":136888.19941726208},"point_estimate":136881.61988510418,"standard_error":3.3402130086602226},"std_dev":{"confidence_interval":{"confidence_level":0.95,"lower_bound":26.43736878813634,"upper_bound":44.43067686312719},"point_estimate":35.869900180840304,"standard_error":4.616219506795794}}