{"mean":{"confidence_interval":{"confidence_level":0.95,"lower_bound":136897.97839924085,"upper_bound":136917.69369516257},"point_estimate":136906.59386555434,"standard_error":5.080287458664108},"median":{"confidence_interval":{"confidence_level":0.95,"lower_bound":136891.47619047618,"upper_bound":136901.81798245615},"point_estimate":136896.46333333332,"standard_error":2.6241215109491574},"median_abs_dev":{"confidence_interval":{"confidence_level":0.95,"lower_bound":13.281315889216414,"upper_bound":23.640979734777016},"point_estimate":16.448014906580358,"standard_error":2.5969656448462106},"slope":{"confidence_interval":{"confidence_level":0.95,"lower_bound":136899.499423176,"upper_bound":136918.69771210095},"point_estimate":136907.37691887098,"standard_error":4.97461414979245},"std_dev":{"confidence_interval":{"confidence_level":0.95,"lower_bound":22.574469308176884,"upper_bound":77.20687761169755},"point_estimate":50.9896565824573,"standard_error":15.04092890403364}}