{"mean":{"confidence_interval":{"confidence_level":0.95,"lower_bound":57.850635691077656,"upper_bound":57.910524310816534},"point_estimate":57.88064188154155,"standard_error":0.015434810398257844},"median":{"confidence_interval":{"confidence_level":0.95,"lower_bound":57.830386929450114,"upper_bound":57.93980004587556},"point_estimate":57.88998762636764,"standard_error":0.028658017499393507},"median_abs_dev":{"confidence_interval":{"confidence_level":0.95,"lower_bound":0.13895224829785607,"upper_bound":0.210049997452097},"point_estimate":0.18158105614662837,"standard_error":0.01905626999779906},"slope":{"confidence_interval":{"confidence_level":0.95,"lower_bound":57.855774220528524,"upper_bound":57.9198522349587},"point_estimate":57.88790829811166,"standard_error":0.01633836274169673},"std_dev":{"confidence_interval":{"confidence_level":0.95,"lower_bound":0.13513467500552093,"upper_bound":0.173506128159274},"point_estimate":0.15508766158421572,"standard_error":0.009782447894711664}}