{"mean":{"confidence_interval":{"confidence_level":0.95,"lower_bound":59.48493605835595,"upper_bound":59.50045408271145},"point_estimate":59.49252677572391,"standard_error":0.003945779161042216},"median":{"confidence_interval":{"confidence_level":0.95,"lower_bound":59.481199701937406,"upper_bound":59.49705246197229},"point_estimate":59.49103166915052,"standard_error":0.004036733588233946},"median_abs_dev":{"confidence_interval":{"confidence_level":0.95,"lower_bound":0.026324238624739305,"upper_bound":0.0442927379503147},"point_estimate":0.03355119720976793,"standard_error":0.004590114804193209},"slope":{"confidence_interval":{"confidence_level":0.95,"lower_bound":59.487439625129575,"upper_bound":59.50588684305392},"point_estimate":59.496107750574424,"standard_error":0.004741452944757273},"std_dev":{"confidence_interval":{"confidence_level":0.95,"lower_bound":0.03112422381185812,"upper_bound":0.0475126148032774},"point_estimate":0.03959948384489588,"standard_error":0.004195597513583674}}