{"mean":{"confidence_interval":{"confidence_level":0.95,"lower_bound":58.014835107773735,"upper_bound":58.06972317902646},"point_estimate":58.04131429199298,"standard_error":0.014006465711807697},"median":{"confidence_interval":{"confidence_level":0.95,"lower_bound":58.00959008421623,"upper_bound":58.06386377050584},"point_estimate":58.028996637729726,"standard_error":0.013718687786769096},"median_abs_dev":{"confidence_interval":{"confidence_level":0.95,"lower_bound":0.08608279984118407,"upper_bound":0.14647296646728822},"point_estimate":0.11485397602992924,"standard_error":0.015429839059882627},"slope":{"confidence_interval":{"confidence_level":0.95,"lower_bound":58.02101778392413,"upper_bound":58.06531495694609},"point_estimate":58.0426966268016,"standard_error":0.01133283166013502},"std_dev":{"confidence_interval":{"confidence_level":0.95,"lower_bound":0.10529283107119326,"upper_bound":0.17542065311300833},"point_estimate":0.14084295732263744,"standard_error":0.018126306704233944}}