{"mean":{"confidence_interval":{"confidence_level":0.95,"lower_bound":131878.68141745558,"upper_bound":132307.97671750674},"point_estimate":132031.86603872982,"standard_error":127.23220783094007},"median":{"confidence_interval":{"confidence_level":0.95,"lower_bound":131847.4532967033,"upper_bound":131895.99479166666},"point_estimate":131871.92935107654,"standard_error":11.155782303345653},"median_abs_dev":{"confidence_interval":{"confidence_level":0.95,"lower_bound":73.0280458389908,"upper_bound":134.5106696744639},"point_estimate":104.77358379597283,"standard_error":16.08285953970522},"slope":{"confidence_interval":{"confidence_level":0.95,"lower_bound":131878.29482372382,"upper_bound":131935.58659069857},"point_estimate":131905.57075070194,"standard_error":14.667190681344785},"std_dev":{"confidence_interval":{"confidence_level":0.95,"lower_bound":125.05375953110531,"upper_bound":2182.2636782179347},"point_estimate":1280.4097158762177,"standard_error":717.623000855927}}