{"mean":{"confidence_interval":{"confidence_level":0.95,"lower_bound":124956.66860606632,"upper_bound":125164.28203345685},"point_estimate":125036.61554061732,"standard_error":55.74009326408355},"median":{"confidence_interval":{"confidence_level":0.95,"lower_bound":124886.40239726027,"upper_bound":124967.1451555024},"point_estimate":124924.28177742616,"standard_error":24.03599215740933},"median_abs_dev":{"confidence_interval":{"confidence_level":0.95,"lower_bound":95.81685179155623,"upper_bound":190.20897907157885},"point_estimate":145.77058458044394,"standard_error":27.66394193098107},"slope":{"confidence_interval":{"confidence_level":0.95,"lower_bound":124980.30365061706,"upper_bound":125058.11285903718},"point_estimate":125019.00771575292,"standard_error":19.83216728972627},"std_dev":{"confidence_interval":{"confidence_level":0.95,"lower_bound":157.52250048740913,"upper_bound":925.2943456157311},"point_estimate":558.7308187430291,"standard_error":260.6818615593938}}