{"mean":{"confidence_interval":{"confidence_level":0.95,"lower_bound":56944.599857934285,"upper_bound":57158.86613751889},"point_estimate":57023.57520799794,"standard_error":60.510778271738985},"median":{"confidence_interval":{"confidence_level":0.95,"lower_bound":56921.315,"upper_bound":56961.49838969404},"point_estimate":56941.24435976922,"standard_error":10.522184487601011},"median_abs_dev":{"confidence_interval":{"confidence_level":0.95,"lower_bound":52.7458811055544,"upper_bound":97.31794258797768},"point_estimate":66.94037363040995,"standard_error":11.504076201020355},"slope":{"confidence_interval":{"confidence_level":0.95,"lower_bound":56945.56478366416,"upper_bound":56991.43820850761},"point_estimate":56967.16425282827,"standard_error":11.735945817926517},"std_dev":{"confidence_interval":{"confidence_level":0.95,"lower_bound":100.91097249873503,"upper_bound":1029.8934561506246},"point_estimate":609.5224480899403,"standard_error":319.23280334053004}}