{"mean":{"confidence_interval":{"confidence_level":0.95,"lower_bound":547.9132911524836,"upper_bound":554.2710050377433},"point_estimate":550.76065810275,"standard_error":1.632697009068806},"median":{"confidence_interval":{"confidence_level":0.95,"lower_bound":546.5916624811653,"upper_bound":546.9329456237278},"point_estimate":546.7435921424902,"standard_error":0.08859931810064822},"median_abs_dev":{"confidence_interval":{"confidence_level":0.95,"lower_bound":0.7023012427987548,"upper_bound":1.3120010048894077},"point_estimate":0.9515776515145505,"standard_error":0.1532352491226675},"slope":{"confidence_interval":{"confidence_level":0.95,"lower_bound":547.792520072771,"upper_bound":555.1623361231689},"point_estimate":550.9341895647303,"standard_error":1.9014870936704156},"std_dev":{"confidence_interval":{"confidence_level":0.95,"lower_bound":7.840993286198435,"upper_bound":22.80426665923148},"point_estimate":16.397752503571475,"standard_error":3.764380099885261}}