{"mean":{"confidence_interval":{"confidence_level":0.95,"lower_bound":589.6590076347443,"upper_bound":591.6620521928853},"point_estimate":590.372471485447,"standard_error":0.5983432977604927},"median":{"confidence_interval":{"confidence_level":0.95,"lower_bound":589.5262229758372,"upper_bound":589.7225062771057},"point_estimate":589.6359368246716,"standard_error":0.05512862822997995},"median_abs_dev":{"confidence_interval":{"confidence_level":0.95,"lower_bound":0.37373940811024003,"upper_bound":0.6991680154349763},"point_estimate":0.5168166572043819,"standard_error":0.08657224801863786},"slope":{"confidence_interval":{"confidence_level":0.95,"lower_bound":589.6101698944609,"upper_bound":589.8728305611704},"point_estimate":589.7283861574696,"standard_error":0.06712417826454971},"std_dev":{"confidence_interval":{"confidence_level":0.95,"lower_bound":0.6209033970413431,"upper_bound":10.279379626010654},"point_estimate":6.025559813106892,"standard_error":3.4127217102606306}}