{"mean":{"confidence_interval":{"confidence_level":0.95,"lower_bound":29.21085356475205,"upper_bound":29.295582549473366},"point_estimate":29.245053682633866,"standard_error":0.022097118913346547},"median":{"confidence_interval":{"confidence_level":0.95,"lower_bound":29.200566536666077,"upper_bound":29.23220593757045},"point_estimate":29.213977020345688,"standard_error":0.007593527439898573},"median_abs_dev":{"confidence_interval":{"confidence_level":0.95,"lower_bound":0.05718074894464801,"upper_bound":0.08528545518506017},"point_estimate":0.07219986499807629,"standard_error":0.006986208236904582},"slope":{"confidence_interval":{"confidence_level":0.95,"lower_bound":29.20375562592659,"upper_bound":29.233021560824515},"point_estimate":29.218135886847634,"standard_error":0.007481772639305112},"std_dev":{"confidence_interval":{"confidence_level":0.95,"lower_bound":0.08041523834226186,"upper_bound":0.3568039446920557},"point_estimate":0.22155745982176453,"standard_error":0.08911808948635602}}