{"mean":{"confidence_interval":{"confidence_level":0.95,"lower_bound":29.612820465500814,"upper_bound":29.730094333134023},"point_estimate":29.656446336016884,"standard_error":0.03270030405724425},"median":{"confidence_interval":{"confidence_level":0.95,"lower_bound":29.59889913759632,"upper_bound":29.62600932070144},"point_estimate":29.606951418318182,"standard_error":0.005995997008451093},"median_abs_dev":{"confidence_interval":{"confidence_level":0.95,"lower_bound":0.04287915263378915,"upper_bound":0.06741650851228907},"point_estimate":0.057469209429919364,"standard_error":0.006451927648429457},"slope":{"confidence_interval":{"confidence_level":0.95,"lower_bound":29.601461526684385,"upper_bound":29.622602639907644},"point_estimate":29.611848942253978,"standard_error":0.005412171140075988},"std_dev":{"confidence_interval":{"confidence_level":0.95,"lower_bound":0.05756351979345647,"upper_bound":0.5552719721006111},"point_estimate":0.3297859468796397,"standard_error":0.16805980158737127}}