{"mean":{"confidence_interval":{"confidence_level":0.95,"lower_bound":33.14827927038506,"upper_bound":33.375856639924265},"point_estimate":33.247570691904755,"standard_error":0.05859666665308318},"median":{"confidence_interval":{"confidence_level":0.95,"lower_bound":33.11020094286001,"upper_bound":33.12922622043622},"point_estimate":33.11934284190538,"standard_error":0.0048339420698132966},"median_abs_dev":{"confidence_interval":{"confidence_level":0.95,"lower_bound":0.02547168721306823,"upper_bound":0.05237481006000416},"point_estimate":0.03601652031956642,"standard_error":0.006564987457861408},"slope":{"confidence_interval":{"confidence_level":0.95,"lower_bound":33.11368036543343,"upper_bound":33.13160217548346},"point_estimate":33.122178476722475,"standard_error":0.004575984613888323},"std_dev":{"confidence_interval":{"confidence_level":0.95,"lower_bound":0.13119945371654979,"upper_bound":0.8838995524608284},"point_estimate":0.5920192820423583,"standard_error":0.18108339597891882}}