{"mean":{"confidence_interval":{"confidence_level":0.95,"lower_bound":58.2694782369543,"upper_bound":58.312008380105326},"point_estimate":58.29024307546609,"standard_error":0.0108368649642288},"median":{"confidence_interval":{"confidence_level":0.95,"lower_bound":58.25202173087745,"upper_bound":58.29510204020008},"point_estimate":58.275751447286595,"standard_error":0.01114606862314706},"median_abs_dev":{"confidence_interval":{"confidence_level":0.95,"lower_bound":0.058674033508450914,"upper_bound":0.09799072410182136},"point_estimate":0.08015537774636729,"standard_error":0.010142047692938375},"slope":{"confidence_interval":{"confidence_level":0.95,"lower_bound":58.2606064549651,"upper_bound":58.29210417027386},"point_estimate":58.27633140646797,"standard_error":0.008059910300369871},"std_dev":{"confidence_interval":{"confidence_level":0.95,"lower_bound":0.08512356886678665,"upper_bound":0.13157588691009434},"point_estimate":0.10901430044262238,"standard_error":0.011924319035974632}}