{"mean":{"confidence_interval":{"confidence_level":0.95,"lower_bound":58.46803330838708,"upper_bound":58.48725992755857},"point_estimate":58.47780022588605,"standard_error":0.004909646911081567},"median":{"confidence_interval":{"confidence_level":0.95,"lower_bound":58.472941568364796,"upper_bound":58.49319135109589},"point_estimate":58.48256261073007,"standard_error":0.005321336069445703},"median_abs_dev":{"confidence_interval":{"confidence_level":0.95,"lower_bound":0.03344458522833233,"upper_bound":0.057891961578373806},"point_estimate":0.04696461900433684,"standard_error":0.006196179975473448},"slope":{"confidence_interval":{"confidence_level":0.95,"lower_bound":58.47393111033911,"upper_bound":58.49048482202411},"point_estimate":58.482257380939224,"standard_error":0.004209290202313866},"std_dev":{"confidence_interval":{"confidence_level":0.95,"lower_bound":0.041047365943321985,"upper_bound":0.05671767307332841},"point_estimate":0.0492408784111643,"standard_error":0.0039924017286304065}}