{"mean":{"confidence_interval":{"confidence_level":0.95,"lower_bound":645.6776380111966,"upper_bound":646.0969909995663},"point_estimate":645.8876886784969,"standard_error":0.10681023061549356},"median":{"confidence_interval":{"confidence_level":0.95,"lower_bound":645.6331772435001,"upper_bound":645.9950590553913},"point_estimate":645.8754617062615,"standard_error":0.10104576666665684},"median_abs_dev":{"confidence_interval":{"confidence_level":0.95,"lower_bound":0.515647607682887,"upper_bound":0.9077162023697803},"point_estimate":0.716269648302681,"standard_error":0.10523243825489685},"slope":{"confidence_interval":{"confidence_level":0.95,"lower_bound":645.9170720006678,"upper_bound":646.2265063340668},"point_estimate":646.073492017543,"standard_error":0.0787981086968644},"std_dev":{"confidence_interval":{"confidence_level":0.95,"lower_bound":0.7738859573412291,"upper_bound":1.3534162164579546},"point_estimate":1.0710312284787784,"standard_error":0.1484787304018682}}