{"mean":{"confidence_interval":{"confidence_level":0.95,"lower_bound":10.830019415008307,"upper_bound":10.986892769432464},"point_estimate":10.909580112697448,"standard_error":0.04004468846330471},"median":{"confidence_interval":{"confidence_level":0.95,"lower_bound":10.83987930677981,"upper_bound":11.071850223521523},"point_estimate":10.94123767086913,"standard_error":0.06662354717894546},"median_abs_dev":{"confidence_interval":{"confidence_level":0.95,"lower_bound":0.3130603351282482,"upper_bound":0.4920136901206448},"point_estimate":0.38764851187584853,"standard_error":0.04532974083308445},"slope":{"confidence_interval":{"confidence_level":0.95,"lower_bound":10.816723121719582,"upper_bound":10.975663025969792},"point_estimate":10.898031972955165,"standard_error":0.04050969407197881},"std_dev":{"confidence_interval":{"confidence_level":0.95,"lower_bound":0.33822189790350343,"upper_bound":0.4602380311391618},"point_estimate":0.4020063252998855,"standard_error":0.031162598851137827}}