{"mean":{"confidence_interval":{"confidence_level":0.95,"lower_bound":15.791938313313848,"upper_bound":15.828645905345486},"point_estimate":15.8073815911819,"standard_error":0.009489292786418529},"median":{"confidence_interval":{"confidence_level":0.95,"lower_bound":15.789261686980437,"upper_bound":15.809678422675617},"point_estimate":15.802264560774669,"standard_error":0.005211270516973641},"median_abs_dev":{"confidence_interval":{"confidence_level":0.95,"lower_bound":0.02945771217054861,"upper_bound":0.05483282310310499},"point_estimate":0.03860843234183552,"standard_error":0.006561758838684014},"slope":{"confidence_interval":{"confidence_level":0.95,"lower_bound":15.79609212373109,"upper_bound":15.812607427543709},"point_estimate":15.804264096886598,"standard_error":0.00422751012364733},"std_dev":{"confidence_interval":{"confidence_level":0.95,"lower_bound":0.04224494642410367,"upper_bound":0.15035166845882098},"point_estimate":0.09526104200441166,"standard_error":0.03481631392677886}}