{"mean":{"confidence_interval":{"confidence_level":0.95,"lower_bound":15.655987173392251,"upper_bound":15.696244365066372},"point_estimate":15.673780135757225,"standard_error":0.01035998816612363},"median":{"confidence_interval":{"confidence_level":0.95,"lower_bound":15.641247658298989,"upper_bound":15.661808943089431},"point_estimate":15.647171399889228,"standard_error":0.006266734029613988},"median_abs_dev":{"confidence_interval":{"confidence_level":0.95,"lower_bound":0.03497709968909692,"upper_bound":0.06028308086346612},"point_estimate":0.04501939261588248,"standard_error":0.006394251511103661},"slope":{"confidence_interval":{"confidence_level":0.95,"lower_bound":15.653382933158293,"upper_bound":15.675985417113186},"point_estimate":15.664490002343708,"standard_error":0.005762780857321178},"std_dev":{"confidence_interval":{"confidence_level":0.95,"lower_bound":0.0485887640740151,"upper_bound":0.15426729841581438},"point_estimate":0.10403762547343093,"standard_error":0.027959203923772883}}