{"mean":{"confidence_interval":{"confidence_level":0.95,"lower_bound":15.725678539061407,"upper_bound":15.85379081351887},"point_estimate":15.779098985053599,"standard_error":0.033581307371028844},"median":{"confidence_interval":{"confidence_level":0.95,"lower_bound":15.704395430332866,"upper_bound":15.748502974794214},"point_estimate":15.727654410469158,"standard_error":0.009837851204619157},"median_abs_dev":{"confidence_interval":{"confidence_level":0.95,"lower_bound":0.055248780113191814,"upper_bound":0.09206132759849087},"point_estimate":0.06803204078788692,"standard_error":0.009521039582490025},"slope":{"confidence_interval":{"confidence_level":0.95,"lower_bound":15.718567555896534,"upper_bound":15.75669208153532},"point_estimate":15.736641467838837,"standard_error":0.009704957852802698},"std_dev":{"confidence_interval":{"confidence_level":0.95,"lower_bound":0.07194137921945566,"upper_bound":0.5208447711377888},"point_estimate":0.33686328400176535,"standard_error":0.12243298451513278}}