{"mean":{"confidence_interval":{"confidence_level":0.95,"lower_bound":28.05577819215441,"upper_bound":28.061746314317805},"point_estimate":28.058568022392215,"standard_error":0.0015271340102889224},"median":{"confidence_interval":{"confidence_level":0.95,"lower_bound":28.054351640868497,"upper_bound":28.057230793362287},"point_estimate":28.055953368041706,"standard_error":0.0007411066098539241},"median_abs_dev":{"confidence_interval":{"confidence_level":0.95,"lower_bound":0.0060820916396006714,"upper_bound":0.010289797266995986},"point_estimate":0.00797228347088915,"standard_error":0.001089080777359133},"slope":{"confidence_interval":{"confidence_level":0.95,"lower_bound":28.054271423721907,"upper_bound":28.05818904785351},"point_estimate":28.05614560726574,"standard_error":0.0009992955695737526},"std_dev":{"confidence_interval":{"confidence_level":0.95,"lower_bound":0.009562319134278215,"upper_bound":0.02029591024288628},"point_estimate":0.01540616808060109,"standard_error":0.0027083970349853865}}