{"mean":{"confidence_interval":{"confidence_level":0.95,"lower_bound":3095.292862792066,"upper_bound":3097.9756223980207},"point_estimate":3096.4581133670563,"standard_error":0.6883963698734837},"median":{"confidence_interval":{"confidence_level":0.95,"lower_bound":3094.770300864362,"upper_bound":3095.483988764045},"point_estimate":3095.04920139931,"standard_error":0.19348942961562238},"median_abs_dev":{"confidence_interval":{"confidence_level":0.95,"lower_bound":1.7523169828692835,"upper_bound":3.135726428969717},"point_estimate":2.242455281361208,"standard_error":0.33065365973877586},"slope":{"confidence_interval":{"confidence_level":0.95,"lower_bound":3095.149937066831,"upper_bound":3096.2374479182195},"point_estimate":3095.663774272203,"standard_error":0.2777278476834273},"std_dev":{"confidence_interval":{"confidence_level":0.95,"lower_bound":3.251326055233548,"upper_bound":10.469354802927489},"point_estimate":6.907964326770488,"standard_error":2.091588491713275}}