{"mean":{"confidence_interval":{"confidence_level":0.95,"lower_bound":22490.55432105524,"upper_bound":22597.039573659255},"point_estimate":22534.60605047243,"standard_error":27.674136684766857},"median":{"confidence_interval":{"confidence_level":0.95,"lower_bound":22467.984717868338,"upper_bound":22505.563607954544},"point_estimate":22487.136119257084,"standard_error":9.707014994356511},"median_abs_dev":{"confidence_interval":{"confidence_level":0.95,"lower_bound":59.78793483260641,"upper_bound":118.97486003120203},"point_estimate":81.84993877560812,"standard_error":15.164911857752104},"slope":{"confidence_interval":{"confidence_level":0.95,"lower_bound":22485.837902453975,"upper_bound":22524.16469507796},"point_estimate":22504.54836291092,"standard_error":9.796038928203098},"std_dev":{"confidence_interval":{"confidence_level":0.95,"lower_bound":112.49201090339082,"upper_bound":439.9568358105322},"point_estimate":277.0648179468285,"standard_error":104.52347365804982}}