{"mean":{"confidence_interval":{"confidence_level":0.95,"lower_bound":22296.10491580959,"upper_bound":22430.794730105063},"point_estimate":22355.215595881848,"standard_error":34.28514155539037},"median":{"confidence_interval":{"confidence_level":0.95,"lower_bound":22282.459791898924,"upper_bound":22295.498328953574},"point_estimate":22287.317334779604,"standard_error":3.201075347371014},"median_abs_dev":{"confidence_interval":{"confidence_level":0.95,"lower_bound":22.008888680121345,"upper_bound":38.09126527801762},"point_estimate":29.99626641302755,"standard_error":4.012674995871938},"slope":{"confidence_interval":{"confidence_level":0.95,"lower_bound":22291.6839704559,"upper_bound":22506.882225707843},"point_estimate":22377.135256259953,"standard_error":57.56164494940093},"std_dev":{"confidence_interval":{"confidence_level":0.95,"lower_bound":40.483489435737404,"upper_bound":514.0032548511266},"point_estimate":344.8927262643542,"standard_error":109.58677383166257}}