{"mean":{"confidence_interval":{"confidence_level":0.95,"lower_bound":21641.018508699366,"upper_bound":21709.077594249236},"point_estimate":21669.869530123156,"standard_error":17.5953512023981},"median":{"confidence_interval":{"confidence_level":0.95,"lower_bound":21624.420289855072,"upper_bound":21660.91253196931},"point_estimate":21643.199885504233,"standard_error":9.575774652183577},"median_abs_dev":{"confidence_interval":{"confidence_level":0.95,"lower_bound":51.40968857996131,"upper_bound":85.35691633947269},"point_estimate":62.98481130410622,"standard_error":8.691371757750638},"slope":{"confidence_interval":{"confidence_level":0.95,"lower_bound":21642.171238291256,"upper_bound":21667.4295371685},"point_estimate":21654.930181314692,"standard_error":6.43394402892906},"std_dev":{"confidence_interval":{"confidence_level":0.95,"lower_bound":74.73861156237453,"upper_bound":276.5819297690935},"point_estimate":176.87859460884033,"standard_error":61.94796809600663}}