{"mean":{"confidence_interval":{"confidence_level":0.95,"lower_bound":23734.85131277473,"upper_bound":23796.040553442115},"point_estimate":23760.319253169848,"standard_error":15.863947130484283},"median":{"confidence_interval":{"confidence_level":0.95,"lower_bound":23716.347,"upper_bound":23765.438666666665},"point_estimate":23744.054855182927,"standard_error":13.149875040661337},"median_abs_dev":{"confidence_interval":{"confidence_level":0.95,"lower_bound":40.95753027285632,"upper_bound":79.19903994778866},"point_estimate":61.0381397178087,"standard_error":10.160137353736731},"slope":{"confidence_interval":{"confidence_level":0.95,"lower_bound":23752.84404079787,"upper_bound":23783.39319171634},"point_estimate":23768.073826907395,"standard_error":7.785826629403215},"std_dev":{"confidence_interval":{"confidence_level":0.95,"lower_bound":47.179504278848825,"upper_bound":179.1451752273464},"point_estimate":113.35225747725198,"standard_error":42.68485666735529}}