{"mean":{"confidence_interval":{"confidence_level":0.95,"lower_bound":154.61492969381672,"upper_bound":157.92971754849606},"point_estimate":156.23117312072657,"standard_error":0.8446035485177816},"median":{"confidence_interval":{"confidence_level":0.95,"lower_bound":150.89908531575486,"upper_bound":152.9008431085044},"point_estimate":151.4644998370805,"standard_error":0.4740527368291235},"median_abs_dev":{"confidence_interval":{"confidence_level":0.95,"lower_bound":1.6782025899122042,"upper_bound":5.016479625334696},"point_estimate":2.7202056235275394,"standard_error":0.7984020342616661},"slope":{"confidence_interval":{"confidence_level":0.95,"lower_bound":159.6660088954391,"upper_bound":164.69568829422664},"point_estimate":162.35728808990672,"standard_error":1.278538720439022},"std_dev":{"confidence_interval":{"confidence_level":0.95,"lower_bound":7.2336460046882625,"upper_bound":9.503069572174152},"point_estimate":8.503288699943582,"standard_error":0.5782982519438706}}