{"mean":{"confidence_interval":{"confidence_level":0.95,"lower_bound":71929.2762694812,"upper_bound":72273.10708723948},"point_estimate":72087.22509411974,"standard_error":88.17655715519605},"median":{"confidence_interval":{"confidence_level":0.95,"lower_bound":71886.2425049071,"upper_bound":72016.95516717326},"point_estimate":71967.79086008332,"standard_error":35.9423832315449},"median_abs_dev":{"confidence_interval":{"confidence_level":0.95,"lower_bound":278.59076926350383,"upper_bound":477.2170699564107},"point_estimate":383.13901021052845,"standard_error":49.519661926426124},"slope":{"confidence_interval":{"confidence_level":0.95,"lower_bound":71905.9818664764,"upper_bound":72201.53023527912},"point_estimate":72031.86726994447,"standard_error":76.56148886098181},"std_dev":{"confidence_interval":{"confidence_level":0.95,"lower_bound":538.9145487909518,"upper_bound":1217.4660737242584},"point_estimate":883.880636070578,"standard_error":178.72264976008984}}