{"mean":{"confidence_interval":{"confidence_level":0.95,"lower_bound":57303.51509545928,"upper_bound":57513.43895409922},"point_estimate":57393.965691452286,"standard_error":54.141908588284736},"median":{"confidence_interval":{"confidence_level":0.95,"lower_bound":57254.86574074074,"upper_bound":57296.095103578155},"point_estimate":57276.21404915667,"standard_error":9.9694504250306},"median_abs_dev":{"confidence_interval":{"confidence_level":0.95,"lower_bound":68.6753525544605,"upper_bound":133.52518636274374},"point_estimate":104.8047471695141,"standard_error":16.296487206199465},"slope":{"confidence_interval":{"confidence_level":0.95,"lower_bound":57280.314507109266,"upper_bound":57396.537781355146},"point_estimate":57328.72393264699,"standard_error":29.969564995768643},"std_dev":{"confidence_interval":{"confidence_level":0.95,"lower_bound":172.68705337588815,"upper_bound":812.9671195186725},"point_estimate":543.0820745556334,"standard_error":166.5085092968795}}