{"mean":{"confidence_interval":{"confidence_level":0.95,"lower_bound":5831.999139585866,"upper_bound":5871.469139073994},"point_estimate":5848.927024037491,"standard_error":10.080801608226535},"median":{"confidence_interval":{"confidence_level":0.95,"lower_bound":5827.276268846719,"upper_bound":5830.701754385965},"point_estimate":5828.417253289474,"standard_error":0.9176353651656198},"median_abs_dev":{"confidence_interval":{"confidence_level":0.95,"lower_bound":5.7133053806968075,"upper_bound":9.67729711544926},"point_estimate":7.582790801051293,"standard_error":0.9549644068542321},"slope":{"confidence_interval":{"confidence_level":0.95,"lower_bound":5831.256973810273,"upper_bound":5881.341225220483},"point_estimate":5850.9347447407745,"standard_error":13.381428665756143},"std_dev":{"confidence_interval":{"confidence_level":0.95,"lower_bound":14.119485243739987,"upper_bound":152.80812492268612},"point_estimate":101.18621220574381,"standard_error":33.492052612031806}}