{"mean":{"confidence_interval":{"confidence_level":0.95,"lower_bound":93363.22214727601,"upper_bound":93468.90290490391},"point_estimate":93415.52678838107,"standard_error":26.952008248507497},"median":{"confidence_interval":{"confidence_level":0.95,"lower_bound":93323.10822510823,"upper_bound":93467.11111111111},"point_estimate":93372.17579201102,"standard_error":37.92936454014547},"median_abs_dev":{"confidence_interval":{"confidence_level":0.95,"lower_bound":229.10408061789425,"upper_bound":374.34705097088187},"point_estimate":290.9894475611696,"standard_error":36.099695451777556},"slope":{"confidence_interval":{"confidence_level":0.95,"lower_bound":93345.47208379125,"upper_bound":93450.38448615398},"point_estimate":93396.09294839932,"standard_error":26.72780685045356},"std_dev":{"confidence_interval":{"confidence_level":0.95,"lower_bound":234.6342141557208,"upper_bound":307.01487258011497},"point_estimate":271.7806071175183,"standard_error":18.450921995761924}}