{"mean":{"confidence_interval":{"confidence_level":0.95,"lower_bound":90353.8389281641,"upper_bound":90454.67503577407},"point_estimate":90402.95870791476,"standard_error":25.70515442653234},"median":{"confidence_interval":{"confidence_level":0.95,"lower_bound":90307.5716483012,"upper_bound":90450.69501466275},"point_estimate":90368.70118279569,"standard_error":34.677476636498284},"median_abs_dev":{"confidence_interval":{"confidence_level":0.95,"lower_bound":181.36513545886066,"upper_bound":280.74170469415964},"point_estimate":223.47078884205428,"standard_error":24.868617332258996},"slope":{"confidence_interval":{"confidence_level":0.95,"lower_bound":90264.54056339573,"upper_bound":90371.84004099837},"point_estimate":90314.66165616561,"standard_error":27.44045646624365},"std_dev":{"confidence_interval":{"confidence_level":0.95,"lower_bound":209.64210654873523,"upper_bound":308.19437206664935},"point_estimate":259.3653619730449,"standard_error":25.39617161191404}}