{"mean":{"confidence_interval":{"confidence_level":0.95,"lower_bound":91970.15935906237,"upper_bound":92149.44948719381},"point_estimate":92059.82524491881,"standard_error":45.75005446912649},"median":{"confidence_interval":{"confidence_level":0.95,"lower_bound":92058.4628021791,"upper_bound":92255.9861660079},"point_estimate":92182.84416731341,"standard_error":52.94189025577977},"median_abs_dev":{"confidence_interval":{"confidence_level":0.95,"lower_bound":249.63831074526172,"upper_bound":484.82747111287614},"point_estimate":346.59959116582394,"standard_error":62.126819493938484},"slope":{"confidence_interval":{"confidence_level":0.95,"lower_bound":92129.21949896245,"upper_bound":92261.9759791668},"point_estimate":92197.29194486613,"standard_error":33.79516596006273},"std_dev":{"confidence_interval":{"confidence_level":0.95,"lower_bound":381.93542288698427,"upper_bound":538.4225956256074},"point_estimate":459.3057991333747,"standard_error":40.021783506968305}}