{"mean":{"confidence_interval":{"confidence_level":0.95,"lower_bound":9.194217178289957,"upper_bound":9.196872920768044},"point_estimate":9.195381264165109,"standard_error":0.0006815604017160976},"median":{"confidence_interval":{"confidence_level":0.95,"lower_bound":9.193955383924767,"upper_bound":9.195098628911612},"point_estimate":9.194660323289291,"standard_error":0.00029298812579260647},"median_abs_dev":{"confidence_interval":{"confidence_level":0.95,"lower_bound":0.0021210476335886785,"upper_bound":0.0038852147324751514},"point_estimate":0.0029423707306285396,"standard_error":0.00043797272921059936},"slope":{"confidence_interval":{"confidence_level":0.95,"lower_bound":9.194130888007683,"upper_bound":9.195562518934244},"point_estimate":9.194793019578093,"standard_error":0.0003655211596038088},"std_dev":{"confidence_interval":{"confidence_level":0.95,"lower_bound":0.003229451619972058,"upper_bound":0.010401801470130232},"point_estimate":0.006829129743957828,"standard_error":0.002058865177781633}}