{"mean":{"confidence_interval":{"confidence_level":0.95,"lower_bound":9.132228317407103,"upper_bound":9.135673334422767},"point_estimate":9.133985294183686,"standard_error":0.0008781771665788116},"median":{"confidence_interval":{"confidence_level":0.95,"lower_bound":9.134707444970164,"upper_bound":9.13811901875357},"point_estimate":9.136032587969677,"standard_error":0.0007909654993763029},"median_abs_dev":{"confidence_interval":{"confidence_level":0.95,"lower_bound":0.004826378134553505,"upper_bound":0.009710773905831348},"point_estimate":0.007422192321669865,"standard_error":0.0013029989928769596},"slope":{"confidence_interval":{"confidence_level":0.95,"lower_bound":9.132580041083871,"upper_bound":9.136158200253918},"point_estimate":9.134448830529616,"standard_error":0.0009147751133941016},"std_dev":{"confidence_interval":{"confidence_level":0.95,"lower_bound":0.0074759921490676895,"upper_bound":0.010074153934018042},"point_estimate":0.008813826669675364,"standard_error":0.0006634731009814386}}