{"mean":{"confidence_interval":{"confidence_level":0.95,"lower_bound":46.00567784462123,"upper_bound":46.02560766117617},"point_estimate":46.01576489168223,"standard_error":0.005076013381430043},"median":{"confidence_interval":{"confidence_level":0.95,"lower_bound":46.00751240113951,"upper_bound":46.0350382323993},"point_estimate":46.02976595015362,"standard_error":0.007464664851776301},"median_abs_dev":{"confidence_interval":{"confidence_level":0.95,"lower_bound":0.03467840800430699,"upper_bound":0.05924330964305074},"point_estimate":0.041448247800501936,"standard_error":0.0058455027531022635},"slope":{"confidence_interval":{"confidence_level":0.95,"lower_bound":46.0208103293549,"upper_bound":46.03654981426892},"point_estimate":46.02903550896616,"standard_error":0.004015123926773063},"std_dev":{"confidence_interval":{"confidence_level":0.95,"lower_bound":0.04218178201804854,"upper_bound":0.059248124835850374},"point_estimate":0.051106258503669615,"standard_error":0.00436592707754361}}