{"mean":{"confidence_interval":{"confidence_level":0.95,"lower_bound":45.98991835014844,"upper_bound":46.01726999468287},"point_estimate":46.003563994769976,"standard_error":0.006958858547598864},"median":{"confidence_interval":{"confidence_level":0.95,"lower_bound":45.98510847850296,"upper_bound":46.011408687053326},"point_estimate":45.997903881369176,"standard_error":0.007193880498715451},"median_abs_dev":{"confidence_interval":{"confidence_level":0.95,"lower_bound":0.04131237335762981,"upper_bound":0.0665297769996418},"point_estimate":0.055848259039223164,"standard_error":0.006423875492812604},"slope":{"confidence_interval":{"confidence_level":0.95,"lower_bound":45.9875463904594,"upper_bound":46.005527459175084},"point_estimate":45.9963154585266,"standard_error":0.004585156030572859},"std_dev":{"confidence_interval":{"confidence_level":0.95,"lower_bound":0.05298864733554958,"upper_bound":0.08713844748607509},"point_estimate":0.0700650807065832,"standard_error":0.008768687551646174}}