{"mean":{"confidence_interval":{"confidence_level":0.95,"lower_bound":45.9372657603257,"upper_bound":45.961309269249156},"point_estimate":45.94949432988649,"standard_error":0.0061408071089418224},"median":{"confidence_interval":{"confidence_level":0.95,"lower_bound":45.94784803601066,"upper_bound":45.966828016815036},"point_estimate":45.9587406870714,"standard_error":0.005034326847196435},"median_abs_dev":{"confidence_interval":{"confidence_level":0.95,"lower_bound":0.0391862309536889,"upper_bound":0.07512513898530042},"point_estimate":0.05383931027988526,"standard_error":0.00893424350298594},"slope":{"confidence_interval":{"confidence_level":0.95,"lower_bound":45.96067266938766,"upper_bound":45.97677822244973},"point_estimate":45.96894219536773,"standard_error":0.0041008234713100465},"std_dev":{"confidence_interval":{"confidence_level":0.95,"lower_bound":0.05151414504618193,"upper_bound":0.07144210396374089},"point_estimate":0.06191014721417327,"standard_error":0.005090486277639413}}