{"mean":{"confidence_interval":{"confidence_level":0.95,"lower_bound":76188.5352968761,"upper_bound":76622.48873555477},"point_estimate":76368.69739597944,"standard_error":113.32750713391938},"median":{"confidence_interval":{"confidence_level":0.95,"lower_bound":76153.80708180708,"upper_bound":76199.60871357386},"point_estimate":76179.48002605297,"standard_error":12.176314244586967},"median_abs_dev":{"confidence_interval":{"confidence_level":0.95,"lower_bound":71.3369149405037,"upper_bound":126.2084240405036},"point_estimate":100.26083824189575,"standard_error":14.159095371285009},"slope":{"confidence_interval":{"confidence_level":0.95,"lower_bound":76200.93519960578,"upper_bound":76316.68564848993},"point_estimate":76247.26663354969,"standard_error":30.101781104252428},"std_dev":{"confidence_interval":{"confidence_level":0.95,"lower_bound":104.73069494566694,"upper_bound":1772.875125936287},"point_estimate":1134.241010675687,"standard_error":426.2864872367279}}