{"mean":{"confidence_interval":{"confidence_level":0.95,"lower_bound":5003.066868019505,"upper_bound":5009.498951578995},"point_estimate":5006.371678895233,"standard_error":1.6437064836847282},"median":{"confidence_interval":{"confidence_level":0.95,"lower_bound":5010.531713445275,"upper_bound":5014.41501625776},"point_estimate":5013.263564157785,"standard_error":1.0212545506306188},"median_abs_dev":{"confidence_interval":{"confidence_level":0.95,"lower_bound":5.602356024909602,"upper_bound":10.386415567562343},"point_estimate":7.651771521561351,"standard_error":1.2792104834803402},"slope":{"confidence_interval":{"confidence_level":0.95,"lower_bound":5012.918975495507,"upper_bound":5015.490025802047},"point_estimate":5014.2051459306285,"standard_error":0.6538775987867936},"std_dev":{"confidence_interval":{"confidence_level":0.95,"lower_bound":13.992072966261176,"upper_bound":18.575937093373465},"point_estimate":16.599391046933572,"standard_error":1.1723356651818357}}