{"mean":{"confidence_interval":{"confidence_level":0.95,"lower_bound":647021.4171415385,"upper_bound":647294.0246156388},"point_estimate":647153.7562240636,"standard_error":69.68745796345252},"median":{"confidence_interval":{"confidence_level":0.95,"lower_bound":646865.8495370371,"upper_bound":647090.9827586206},"point_estimate":646994.257444853,"standard_error":52.470675842621475},"median_abs_dev":{"confidence_interval":{"confidence_level":0.95,"lower_bound":387.6962895753042,"upper_bound":697.293110752785},"point_estimate":545.5470494055592,"standard_error":77.78610903470033},"slope":{"confidence_interval":{"confidence_level":0.95,"lower_bound":646949.5228327992,"upper_bound":647287.6838774412},"point_estimate":647110.6834816019,"standard_error":86.17755845771673},"std_dev":{"confidence_interval":{"confidence_level":0.95,"lower_bound":549.3728407296151,"upper_bound":838.1299655636956},"point_estimate":700.591848752692,"standard_error":73.80480696818677}}