{"mean":{"confidence_interval":{"confidence_level":0.95,"lower_bound":647177.5375085725,"upper_bound":647488.1586133842},"point_estimate":647318.3508044239,"standard_error":79.2873614315437},"median":{"confidence_interval":{"confidence_level":0.95,"lower_bound":647073.0281690141,"upper_bound":647317.7306034483},"point_estimate":647206.6999007936,"standard_error":61.24710608738626},"median_abs_dev":{"confidence_interval":{"confidence_level":0.95,"lower_bound":373.9820601666368,"upper_bound":627.0894334053381},"point_estimate":496.6759161262025,"standard_error":66.25315346061915},"slope":{"confidence_interval":{"confidence_level":0.95,"lower_bound":647119.6394920859,"upper_bound":647394.6866246185},"point_estimate":647250.9339071967,"standard_error":70.13081817188507},"std_dev":{"confidence_interval":{"confidence_level":0.95,"lower_bound":491.8140003016685,"upper_bound":1143.5088479923756},"point_estimate":796.9937215264367,"standard_error":195.6435401738229}}