{"mean":{"confidence_interval":{"confidence_level":0.95,"lower_bound":343.89007103759167,"upper_bound":344.1950441264022},"point_estimate":344.0218609200958,"standard_error":0.0784859931248717},"median":{"confidence_interval":{"confidence_level":0.95,"lower_bound":343.7786437033992,"upper_bound":343.92771924760666},"point_estimate":343.8523915791662,"standard_error":0.04049710739624523},"median_abs_dev":{"confidence_interval":{"confidence_level":0.95,"lower_bound":0.2227409072881763,"upper_bound":0.37828891732500847},"point_estimate":0.2963043720332626,"standard_error":0.03771097450928512},"slope":{"confidence_interval":{"confidence_level":0.95,"lower_bound":343.8728371356457,"upper_bound":344.0328795541781},"point_estimate":343.9501059157144,"standard_error":0.040970753350292814},"std_dev":{"confidence_interval":{"confidence_level":0.95,"lower_bound":0.33238068125557546,"upper_bound":1.2082406607455172},"point_estimate":0.7881586291276056,"standard_error":0.24350382471357962}}