{"mean":{"confidence_interval":{"confidence_level":0.95,"lower_bound":343.94721060422137,"upper_bound":344.2026278421971},"point_estimate":344.0603785116114,"standard_error":0.06558159091486122},"median":{"confidence_interval":{"confidence_level":0.95,"lower_bound":343.8726662903786,"upper_bound":344.01281327258243},"point_estimate":343.9374394217569,"standard_error":0.036425547103021726},"median_abs_dev":{"confidence_interval":{"confidence_level":0.95,"lower_bound":0.24773975370306697,"upper_bound":0.4144583682452515},"point_estimate":0.309545919140041,"standard_error":0.041712948869934575},"slope":{"confidence_interval":{"confidence_level":0.95,"lower_bound":343.90925798703034,"upper_bound":344.1115338928735},"point_estimate":344.00171378140027,"standard_error":0.051654978509002906},"std_dev":{"confidence_interval":{"confidence_level":0.95,"lower_bound":0.3148107777099102,"upper_bound":0.9841242301894955},"point_estimate":0.6602837950065913,"standard_error":0.18161717040879866}}