{"mean":{"confidence_interval":{"confidence_level":0.95,"lower_bound":343.8096726888014,"upper_bound":344.036458911299},"point_estimate":343.9058117542585,"standard_error":0.058666022933683254},"median":{"confidence_interval":{"confidence_level":0.95,"lower_bound":343.7623153794204,"upper_bound":343.87297465345085},"point_estimate":343.8217075999214,"standard_error":0.028688253140054024},"median_abs_dev":{"confidence_interval":{"confidence_level":0.95,"lower_bound":0.13220634754863592,"upper_bound":0.23112304759329994},"point_estimate":0.16795526883310052,"standard_error":0.025644713483996988},"slope":{"confidence_interval":{"confidence_level":0.95,"lower_bound":343.83638824969796,"upper_bound":343.93111206708704},"point_estimate":343.8824243906141,"standard_error":0.024204004445190858},"std_dev":{"confidence_interval":{"confidence_level":0.95,"lower_bound":0.18868998314483462,"upper_bound":0.9254884935265426},"point_estimate":0.5902578836916358,"standard_error":0.20297712933606188}}