{"mean":{"confidence_interval":{"confidence_level":0.95,"lower_bound":54.40409661944615,"upper_bound":54.47500571952565},"point_estimate":54.43896431952973,"standard_error":0.018083422778695634},"median":{"confidence_interval":{"confidence_level":0.95,"lower_bound":54.39276667604841,"upper_bound":54.47066650345147},"point_estimate":54.43289759644499,"standard_error":0.01919487323499832},"median_abs_dev":{"confidence_interval":{"confidence_level":0.95,"lower_bound":0.11582448409479813,"upper_bound":0.20137466771548304},"point_estimate":0.17421203077197844,"standard_error":0.02258147481480624},"slope":{"confidence_interval":{"confidence_level":0.95,"lower_bound":54.38990735689923,"upper_bound":54.482935519579925},"point_estimate":54.43297392945947,"standard_error":0.02368377370858453},"std_dev":{"confidence_interval":{"confidence_level":0.95,"lower_bound":0.15137670793503277,"upper_bound":0.20954213184790071},"point_estimate":0.1817516898335196,"standard_error":0.014925797741764505}}