{"mean":{"confidence_interval":{"confidence_level":0.95,"lower_bound":85.12072935264307,"upper_bound":85.25801745638385},"point_estimate":85.18348168042736,"standard_error":0.03514603831924377},"median":{"confidence_interval":{"confidence_level":0.95,"lower_bound":85.09141017062562,"upper_bound":85.22245558818548},"point_estimate":85.14276885368082,"standard_error":0.03567293149250474},"median_abs_dev":{"confidence_interval":{"confidence_level":0.95,"lower_bound":0.18907930361407765,"upper_bound":0.2934682713729037},"point_estimate":0.2322184943869817,"standard_error":0.027288368217161747},"slope":{"confidence_interval":{"confidence_level":0.95,"lower_bound":85.06479753717592,"upper_bound":85.20292166207932},"point_estimate":85.12914363305323,"standard_error":0.0352992933838829},"std_dev":{"confidence_interval":{"confidence_level":0.95,"lower_bound":0.21605158665211258,"upper_bound":0.5050487564118825},"point_estimate":0.35299518598853186,"standard_error":0.08279906314902089}}