{"mean":{"confidence_interval":{"confidence_level":0.95,"lower_bound":46.01525700819941,"upper_bound":46.151863656177625},"point_estimate":46.06588730635164,"standard_error":0.03836532076683636},"median":{"confidence_interval":{"confidence_level":0.95,"lower_bound":46.00493620848739,"upper_bound":46.042719567682354},"point_estimate":46.02474541922993,"standard_error":0.008704693987277043},"median_abs_dev":{"confidence_interval":{"confidence_level":0.95,"lower_bound":0.0590801419214613,"upper_bound":0.09452510821896093},"point_estimate":0.07204692454990665,"standard_error":0.00905148683382143},"slope":{"confidence_interval":{"confidence_level":0.95,"lower_bound":46.003109983316385,"upper_bound":46.034834108136174},"point_estimate":46.018684433630995,"standard_error":0.008096537702022887},"std_dev":{"confidence_interval":{"confidence_level":0.95,"lower_bound":0.07091862112280692,"upper_bound":0.6517772741514282},"point_estimate":0.38620660594756556,"standard_error":0.19991303527153248}}