{"mean":{"confidence_interval":{"confidence_level":0.95,"lower_bound":65.76476277030027,"upper_bound":65.88903602036123},"point_estimate":65.82684875539125,"standard_error":0.03170542375061059},"median":{"confidence_interval":{"confidence_level":0.95,"lower_bound":65.76330147939825,"upper_bound":65.8899982076818},"point_estimate":65.85083983025135,"standard_error":0.03269575354476307},"median_abs_dev":{"confidence_interval":{"confidence_level":0.95,"lower_bound":0.2237791984134072,"upper_bound":0.3950517010889832},"point_estimate":0.30689767089910597,"standard_error":0.04469191898301152},"slope":{"confidence_interval":{"confidence_level":0.95,"lower_bound":65.78828327897178,"upper_bound":65.94821777559508},"point_estimate":65.8659075974152,"standard_error":0.04060490232454244},"std_dev":{"confidence_interval":{"confidence_level":0.95,"lower_bound":0.27094195348559474,"upper_bound":0.35898920547784896},"point_estimate":0.31737927243279607,"standard_error":0.022437545174885394}}