{"mean":{"confidence_interval":{"confidence_level":0.95,"lower_bound":57417.28269650205,"upper_bound":57458.993826417},"point_estimate":57437.59889976365,"standard_error":10.659186677641076},"median":{"confidence_interval":{"confidence_level":0.95,"lower_bound":57395.77549467276,"upper_bound":57456.12895587896},"point_estimate":57430.115047534164,"standard_error":11.998054961563136},"median_abs_dev":{"confidence_interval":{"confidence_level":0.95,"lower_bound":88.90249880356734,"upper_bound":128.80218904410242},"point_estimate":114.86610603363624,"standard_error":10.592373552895207},"slope":{"confidence_interval":{"confidence_level":0.95,"lower_bound":57399.73887700893,"upper_bound":57442.134805041125},"point_estimate":57420.44337093411,"standard_error":10.793659590694606},"std_dev":{"confidence_interval":{"confidence_level":0.95,"lower_bound":89.84592335447412,"upper_bound":123.9256656473814},"point_estimate":107.3819328652945,"standard_error":8.756799540230517}}