{"mean":{"confidence_interval":{"confidence_level":0.95,"lower_bound":991.3795775967849,"upper_bound":992.4720849717668},"point_estimate":991.9198192821491,"standard_error":0.27891792236407925},"median":{"confidence_interval":{"confidence_level":0.95,"lower_bound":991.5966944701885,"upper_bound":992.802395603921},"point_estimate":992.3465316373854,"standard_error":0.2935426653696011},"median_abs_dev":{"confidence_interval":{"confidence_level":0.95,"lower_bound":1.9547083474343452,"upper_bound":3.156681293225802},"point_estimate":2.6194740619250787,"standard_error":0.30842050489974493},"slope":{"confidence_interval":{"confidence_level":0.95,"lower_bound":990.7875394375078,"upper_bound":992.6286006283264},"point_estimate":991.6279194715911,"standard_error":0.47190068800843177},"std_dev":{"confidence_interval":{"confidence_level":0.95,"lower_bound":2.270719914126026,"upper_bound":3.381924264854674},"point_estimate":2.79645931467598,"standard_error":0.2896181477345495}}