{"mean":{"confidence_interval":{"confidence_level":0.95,"lower_bound":21.156542529068734,"upper_bound":21.24769498369072},"point_estimate":21.192118045708547,"standard_error":0.024128641978816194},"median":{"confidence_interval":{"confidence_level":0.95,"lower_bound":21.14300955619646,"upper_bound":21.173679761760344},"point_estimate":21.159094704703513,"standard_error":0.008680096979138817},"median_abs_dev":{"confidence_interval":{"confidence_level":0.95,"lower_bound":0.047010630079097275,"upper_bound":0.08234295793509613},"point_estimate":0.062417937789360195,"standard_error":0.008818985109976842},"slope":{"confidence_interval":{"confidence_level":0.95,"lower_bound":21.170044952586867,"upper_bound":21.200977152497302},"point_estimate":21.18525083280707,"standard_error":0.007894583686338635},"std_dev":{"confidence_interval":{"confidence_level":0.95,"lower_bound":0.06857941973575135,"upper_bound":0.39834366637508756},"point_estimate":0.2419141155859882,"standard_error":0.10741974053266899}}