{"mean":{"confidence_interval":{"confidence_level":0.95,"lower_bound":16.357110811973552,"upper_bound":16.51893681390407},"point_estimate":16.421940122509078,"standard_error":0.042608868583702955},"median":{"confidence_interval":{"confidence_level":0.95,"lower_bound":16.337254532978807,"upper_bound":16.36018555831498},"point_estimate":16.347130488951123,"standard_error":0.005645971051148236},"median_abs_dev":{"confidence_interval":{"confidence_level":0.95,"lower_bound":0.03844157473820075,"upper_bound":0.06379994661894499},"point_estimate":0.05029304357390586,"standard_error":0.006437730503064756},"slope":{"confidence_interval":{"confidence_level":0.95,"lower_bound":16.34702418381563,"upper_bound":16.578261248725333},"point_estimate":16.42225588437431,"standard_error":0.06744799067616773},"std_dev":{"confidence_interval":{"confidence_level":0.95,"lower_bound":0.07474771024821408,"upper_bound":0.6989501683974993},"point_estimate":0.4299548808943561,"standard_error":0.17827390843469898}}