{"mean":{"confidence_interval":{"confidence_level":0.95,"lower_bound":103.17900292782629,"upper_bound":103.29479290413092},"point_estimate":103.2371067801388,"standard_error":0.029535702262819954},"median":{"confidence_interval":{"confidence_level":0.95,"lower_bound":103.15357154183145,"upper_bound":103.33966006533905},"point_estimate":103.26626331579118,"standard_error":0.052451436594026846},"median_abs_dev":{"confidence_interval":{"confidence_level":0.95,"lower_bound":0.22388591199223337,"upper_bound":0.35774700644958624},"point_estimate":0.2895842464846503,"standard_error":0.0330041289428315},"slope":{"confidence_interval":{"confidence_level":0.95,"lower_bound":103.1486292696911,"upper_bound":103.25438263979508},"point_estimate":103.20253854174264,"standard_error":0.02707117412835093},"std_dev":{"confidence_interval":{"confidence_level":0.95,"lower_bound":0.2560953896169478,"upper_bound":0.3329615289199762},"point_estimate":0.29662628469018537,"standard_error":0.01957395856790414}}