{"mean":{"confidence_interval":{"confidence_level":0.95,"lower_bound":4190.237398820463,"upper_bound":4199.814074003909},"point_estimate":4194.353834981653,"standard_error":2.4778988047479107},"median":{"confidence_interval":{"confidence_level":0.95,"lower_bound":4189.587681970885,"upper_bound":4193.068735224586},"point_estimate":4191.3183553933695,"standard_error":0.8559079116284717},"median_abs_dev":{"confidence_interval":{"confidence_level":0.95,"lower_bound":4.40647338559829,"upper_bound":7.053944045519214},"point_estimate":5.570636450175095,"standard_error":0.6503094585071771},"slope":{"confidence_interval":{"confidence_level":0.95,"lower_bound":4191.886186642576,"upper_bound":4200.003481567334},"point_estimate":4194.927874245793,"standard_error":2.1848416560991204},"std_dev":{"confidence_interval":{"confidence_level":0.95,"lower_bound":7.823475931363116,"upper_bound":37.654385193226695},"point_estimate":24.85043965391979,"standard_error":7.995810011476478}}