{"mean":{"confidence_interval":{"confidence_level":0.95,"lower_bound":4294.3031138338165,"upper_bound":4306.574540141254},"point_estimate":4298.813866689055,"standard_error":3.4431088831315293},"median":{"confidence_interval":{"confidence_level":0.95,"lower_bound":4293.450525664812,"upper_bound":4295.9338624338625},"point_estimate":4294.737249478916,"standard_error":0.5027340854932704},"median_abs_dev":{"confidence_interval":{"confidence_level":0.95,"lower_bound":4.033482582249018,"upper_bound":6.378044487827194},"point_estimate":5.299111120654415,"standard_error":0.5592347319678611},"slope":{"confidence_interval":{"confidence_level":0.95,"lower_bound":4294.491197644288,"upper_bound":4298.399395847583},"point_estimate":4296.185778360352,"standard_error":1.0047133612298427},"std_dev":{"confidence_interval":{"confidence_level":0.95,"lower_bound":5.6419233408445555,"upper_bound":58.171915690845175},"point_estimate":34.448966844609366,"standard_error":17.830324340189986}}