{"mean":{"confidence_interval":{"confidence_level":0.95,"lower_bound":3305.5781310054267,"upper_bound":3353.7740625014267},"point_estimate":3327.969921394128,"standard_error":12.33962801903624},"median":{"confidence_interval":{"confidence_level":0.95,"lower_bound":3279.812837837838,"upper_bound":3323.4544618546925},"point_estimate":3298.5791249853746,"standard_error":10.887505505327699},"median_abs_dev":{"confidence_interval":{"confidence_level":0.95,"lower_bound":55.37564567229103,"upper_bound":88.00422733553472},"point_estimate":72.14238531897277,"standard_error":8.069180244132887},"slope":{"confidence_interval":{"confidence_level":0.95,"lower_bound":3314.7141108158585,"upper_bound":3382.9988340947534},"point_estimate":3345.4943029766873,"standard_error":17.546773504469815},"std_dev":{"confidence_interval":{"confidence_level":0.95,"lower_bound":71.0404034455096,"upper_bound":167.8712337725352},"point_estimate":124.71316582097299,"standard_error":24.216913401510936}}