{"mean":{"confidence_interval":{"confidence_level":0.95,"lower_bound":4209.407522550747,"upper_bound":4224.44967570497},"point_estimate":4215.532755976921,"standard_error":3.9580268218863344},"median":{"confidence_interval":{"confidence_level":0.95,"lower_bound":4207.1056194645225,"upper_bound":4208.72175761871},"point_estimate":4208.161995486782,"standard_error":0.3937051020719739},"median_abs_dev":{"confidence_interval":{"confidence_level":0.95,"lower_bound":2.740631246030766,"upper_bound":5.031756581348496},"point_estimate":3.5097005600308573,"standard_error":0.5991513084959953},"slope":{"confidence_interval":{"confidence_level":0.95,"lower_bound":4209.207946226982,"upper_bound":4214.672551674413},"point_estimate":4211.635677584271,"standard_error":1.4078312321859907},"std_dev":{"confidence_interval":{"confidence_level":0.95,"lower_bound":6.569220898682768,"upper_bound":63.37764517650073},"point_estimate":39.67164535970458,"standard_error":15.561184814558112}}