{"mean":{"confidence_interval":{"confidence_level":0.95,"lower_bound":19387.30936910409,"upper_bound":19418.56456075219},"point_estimate":19402.879319804833,"standard_error":7.979637733631413},"median":{"confidence_interval":{"confidence_level":0.95,"lower_bound":19389.25841346154,"upper_bound":19417.47923076923},"point_estimate":19403.34417852945,"standard_error":7.099373986057769},"median_abs_dev":{"confidence_interval":{"confidence_level":0.95,"lower_bound":46.57602795722332,"upper_bound":97.37841012498396},"point_estimate":73.77137699558513,"standard_error":14.063422236435253},"slope":{"confidence_interval":{"confidence_level":0.95,"lower_bound":19410.642880736963,"upper_bound":19455.853107938783},"point_estimate":19433.72566908413,"standard_error":11.531196554285208},"std_dev":{"confidence_interval":{"confidence_level":0.95,"lower_bound":68.12301427737887,"upper_bound":90.71098078362704},"point_estimate":80.12619819861408,"standard_error":5.793630952195962}}