{"mean":{"confidence_interval":{"confidence_level":0.95,"lower_bound":20864.013325989876,"upper_bound":20910.51861350038},"point_estimate":20886.904871424915,"standard_error":11.837488046030067},"median":{"confidence_interval":{"confidence_level":0.95,"lower_bound":20833.62719021587,"upper_bound":20903.870265151512},"point_estimate":20869.990699404763,"standard_error":19.232392489783546},"median_abs_dev":{"confidence_interval":{"confidence_level":0.95,"lower_bound":99.37102299970051,"upper_bound":160.79297129137512},"point_estimate":124.99607431496901,"standard_error":15.71155107445015},"slope":{"confidence_interval":{"confidence_level":0.95,"lower_bound":20926.39515713821,"upper_bound":20992.532955585957},"point_estimate":20961.14090666716,"standard_error":16.849411835092088},"std_dev":{"confidence_interval":{"confidence_level":0.95,"lower_bound":103.86338922434224,"upper_bound":132.3161454953631},"point_estimate":119.04559171579987,"standard_error":7.261107404097478}}