{"mean":{"confidence_interval":{"confidence_level":0.95,"lower_bound":19321.00344752212,"upper_bound":19346.49175239971},"point_estimate":19333.44149677224,"standard_error":6.4904957443542015},"median":{"confidence_interval":{"confidence_level":0.95,"lower_bound":19321.01240694789,"upper_bound":19341.49308828937},"point_estimate":19327.258862733976,"standard_error":5.755198023259806},"median_abs_dev":{"confidence_interval":{"confidence_level":0.95,"lower_bound":40.06105883628521,"upper_bound":67.7307632858731},"point_estimate":58.50239865989601,"standard_error":6.950925660722226},"slope":{"confidence_interval":{"confidence_level":0.95,"lower_bound":19326.02229474168,"upper_bound":19356.335522122845},"point_estimate":19340.91904985734,"standard_error":7.738437319100297},"std_dev":{"confidence_interval":{"confidence_level":0.95,"lower_bound":50.56341068122224,"upper_bound":81.36233702937707},"point_estimate":65.25620803059148,"standard_error":8.068233287237522}}