{"mean":{"confidence_interval":{"confidence_level":0.95,"lower_bound":21046.923056423668,"upper_bound":21087.215893290246},"point_estimate":21067.316843874367,"standard_error":10.236711577977786},"median":{"confidence_interval":{"confidence_level":0.95,"lower_bound":21059.410754504504,"upper_bound":21103.58594996013},"point_estimate":21084.479166666668,"standard_error":11.246310550822063},"median_abs_dev":{"confidence_interval":{"confidence_level":0.95,"lower_bound":72.44041510001448,"upper_bound":124.65206378698507},"point_estimate":88.41624269141782,"standard_error":13.313738435277964},"slope":{"confidence_interval":{"confidence_level":0.95,"lower_bound":21083.86107894472,"upper_bound":21116.966454102792},"point_estimate":21100.821883651053,"standard_error":8.429290362024654},"std_dev":{"confidence_interval":{"confidence_level":0.95,"lower_bound":88.25458702895277,"upper_bound":115.24323656928492},"point_estimate":102.65154822594462,"standard_error":6.878428677658044}}