{"mean":{"confidence_interval":{"confidence_level":0.95,"lower_bound":4393.598605025529,"upper_bound":4406.540807886174},"point_estimate":4398.416334006217,"standard_error":3.6080297869346563},"median":{"confidence_interval":{"confidence_level":0.95,"lower_bound":4392.094523534693,"upper_bound":4394.278108989288},"point_estimate":4393.452091930444,"standard_error":0.5853429807846133},"median_abs_dev":{"confidence_interval":{"confidence_level":0.95,"lower_bound":3.52494971065785,"upper_bound":5.970009880691396},"point_estimate":4.4425359480384135,"standard_error":0.6386011447138892},"slope":{"confidence_interval":{"confidence_level":0.95,"lower_bound":4392.648363363145,"upper_bound":4395.264326411649},"point_estimate":4393.828018533461,"standard_error":0.6676441585986859},"std_dev":{"confidence_interval":{"confidence_level":0.95,"lower_bound":5.78202613508148,"upper_bound":60.87890595006342},"point_estimate":36.162472377540695,"standard_error":18.372039904028274}}