{"mean":{"confidence_interval":{"confidence_level":0.95,"lower_bound":3605.7595992410456,"upper_bound":3625.7641637951797},"point_estimate":3614.7379975513295,"standard_error":5.131604819145898},"median":{"confidence_interval":{"confidence_level":0.95,"lower_bound":3599.5275774631373,"upper_bound":3605.1321931760313},"point_estimate":3601.7637368400583,"standard_error":1.7999434426979515},"median_abs_dev":{"confidence_interval":{"confidence_level":0.95,"lower_bound":9.538035642075672,"upper_bound":16.299124966903303},"point_estimate":11.979360874793967,"standard_error":1.7308332996482108},"slope":{"confidence_interval":{"confidence_level":0.95,"lower_bound":3598.631534243618,"upper_bound":3617.6305315005884},"point_estimate":3606.6519816542063,"standard_error":4.909980221851253},"std_dev":{"confidence_interval":{"confidence_level":0.95,"lower_bound":25.97046286656492,"upper_bound":71.59479184213079},"point_estimate":51.3351056924803,"standard_error":11.600323002419842}}