{"mean":{"confidence_interval":{"confidence_level":0.95,"lower_bound":4156.9235251690725,"upper_bound":4171.537287472141},"point_estimate":4162.6657553062,"standard_error":3.8738512292183422},"median":{"confidence_interval":{"confidence_level":0.95,"lower_bound":4154.880131816055,"upper_bound":4157.97127578304},"point_estimate":4156.0236488037835,"standard_error":0.8129671450588185},"median_abs_dev":{"confidence_interval":{"confidence_level":0.95,"lower_bound":4.65240367666731,"upper_bound":7.796171749283445},"point_estimate":6.610551795206894,"standard_error":0.7990495551998924},"slope":{"confidence_interval":{"confidence_level":0.95,"lower_bound":4154.821608417008,"upper_bound":4161.370705088358},"point_estimate":4157.451929457464,"standard_error":1.7163473776213016},"std_dev":{"confidence_interval":{"confidence_level":0.95,"lower_bound":7.5781564703513,"upper_bound":64.20896836952912},"point_estimate":39.011714510525884,"standard_error":17.0970256019496}}