{"mean":{"confidence_interval":{"confidence_level":0.95,"lower_bound":4180.725511920702,"upper_bound":4188.517177385376},"point_estimate":4184.1604887172525,"standard_error":2.0028831227638033},"median":{"confidence_interval":{"confidence_level":0.95,"lower_bound":4179.4013288714295,"upper_bound":4182.89919032957},"point_estimate":4180.861577803349,"standard_error":0.9369468354732349},"median_abs_dev":{"confidence_interval":{"confidence_level":0.95,"lower_bound":5.9837417534898485,"upper_bound":10.300742403777473},"point_estimate":8.028489502452102,"standard_error":1.0635388047797345},"slope":{"confidence_interval":{"confidence_level":0.95,"lower_bound":4178.297359271573,"upper_bound":4187.132397976482},"point_estimate":4181.967279294716,"standard_error":2.283269221103404},"std_dev":{"confidence_interval":{"confidence_level":0.95,"lower_bound":8.496196859910047,"upper_bound":29.753003512065145},"point_estimate":20.198001664957136,"standard_error":5.60565064189122}}