{"mean":{"confidence_interval":{"confidence_level":0.95,"lower_bound":3176.5219668605914,"upper_bound":3180.1734347325914},"point_estimate":3178.014992355167,"standard_error":0.9577809511284752},"median":{"confidence_interval":{"confidence_level":0.95,"lower_bound":3175.9531126090405,"upper_bound":3177.117640075973},"point_estimate":3176.2697502817696,"standard_error":0.2984644837912177},"median_abs_dev":{"confidence_interval":{"confidence_level":0.95,"lower_bound":1.8335707084586228,"upper_bound":2.8998869650771857},"point_estimate":2.4717189971102207,"standard_error":0.2710273810092671},"slope":{"confidence_interval":{"confidence_level":0.95,"lower_bound":3176.377133535473,"upper_bound":3177.1515595050078},"point_estimate":3176.747814421798,"standard_error":0.1973100386473404},"std_dev":{"confidence_interval":{"confidence_level":0.95,"lower_bound":2.5592449361159253,"upper_bound":15.485371612906182},"point_estimate":9.606241542428046,"standard_error":3.779349483360638}}