{"mean":{"confidence_interval":{"confidence_level":0.95,"lower_bound":2171.480498022071,"upper_bound":2176.1483398971664},"point_estimate":2173.338430420968,"standard_error":1.2230383348904423},"median":{"confidence_interval":{"confidence_level":0.95,"lower_bound":2170.475957144308,"upper_bound":2171.686704450432},"point_estimate":2171.056300055583,"standard_error":0.2757321552350099},"median_abs_dev":{"confidence_interval":{"confidence_level":0.95,"lower_bound":1.95235439300827,"upper_bound":3.0020364290049066},"point_estimate":2.49537881847329,"standard_error":0.2695484821373249},"slope":{"confidence_interval":{"confidence_level":0.95,"lower_bound":2171.147944892084,"upper_bound":2172.933409212045},"point_estimate":2171.93371932116,"standard_error":0.4610181175974125},"std_dev":{"confidence_interval":{"confidence_level":0.95,"lower_bound":3.209210372067872,"upper_bound":20.039602298758815},"point_estimate":12.286764411261448,"standard_error":5.121634142335419}}