{"mean":{"confidence_interval":{"confidence_level":0.95,"lower_bound":2317.9959320296957,"upper_bound":2323.2714506057982},"point_estimate":2320.2109322926412,"standard_error":1.3706756145825185},"median":{"confidence_interval":{"confidence_level":0.95,"lower_bound":2316.676773901968,"upper_bound":2318.289519906323},"point_estimate":2316.952824941452,"standard_error":0.40057149922172525},"median_abs_dev":{"confidence_interval":{"confidence_level":0.95,"lower_bound":2.0804844127128543,"upper_bound":3.30702251904934},"point_estimate":2.7814587276727787,"standard_error":0.3122045445662401},"slope":{"confidence_interval":{"confidence_level":0.95,"lower_bound":2317.5776232814537,"upper_bound":2321.825450595608},"point_estimate":2319.4532265931684,"standard_error":1.094085814663308},"std_dev":{"confidence_interval":{"confidence_level":0.95,"lower_bound":4.480091640797571,"upper_bound":21.651931247752902},"point_estimate":13.778612608843416,"standard_error":4.785108168983642}}