{"mean":{"confidence_interval":{"confidence_level":0.95,"lower_bound":2317.2399741782942,"upper_bound":2331.2187737806125},"point_estimate":2323.0392051162366,"standard_error":3.7017290508288663},"median":{"confidence_interval":{"confidence_level":0.95,"lower_bound":2316.040147975078,"upper_bound":2317.2514071792693},"point_estimate":2316.5687413056685,"standard_error":0.3545228852943739},"median_abs_dev":{"confidence_interval":{"confidence_level":0.95,"lower_bound":1.675417003571982,"upper_bound":3.0798385874328744},"point_estimate":2.3496227901015803,"standard_error":0.36944765425885545},"slope":{"confidence_interval":{"confidence_level":0.95,"lower_bound":2316.8316947124777,"upper_bound":2334.9745081946076},"point_estimate":2322.7654388255814,"standard_error":5.289257289941657},"std_dev":{"confidence_interval":{"confidence_level":0.95,"lower_bound":4.630911413174966,"upper_bound":57.61088388692147},"point_estimate":37.297689389374256,"standard_error":14.310226669836261}}