{"mean":{"confidence_interval":{"confidence_level":0.95,"lower_bound":2316.968742958174,"upper_bound":2327.5765212487063},"point_estimate":2320.962761229335,"standard_error":2.8554303556049936},"median":{"confidence_interval":{"confidence_level":0.95,"lower_bound":2316.316396393155,"upper_bound":2317.0348455130807},"point_estimate":2316.647021133421,"standard_error":0.17918564090439978},"median_abs_dev":{"confidence_interval":{"confidence_level":0.95,"lower_bound":1.5619672737212695,"upper_bound":2.912511517050888},"point_estimate":2.1538304212461514,"standard_error":0.3466015252327342},"slope":{"confidence_interval":{"confidence_level":0.95,"lower_bound":2316.5793937289604,"upper_bound":2318.025131429629},"point_estimate":2317.2632233944555,"standard_error":0.36821656512556933},"std_dev":{"confidence_interval":{"confidence_level":0.95,"lower_bound":2.8415609829741224,"upper_bound":48.25147549673364},"point_estimate":28.85451509873179,"standard_error":13.866494219508894}}