{"mean":{"confidence_interval":{"confidence_level":0.95,"lower_bound":2104.9888873448294,"upper_bound":2141.005778502823},"point_estimate":2123.503599900304,"standard_error":9.195728013745217},"median":{"confidence_interval":{"confidence_level":0.95,"lower_bound":2169.793091719369,"upper_bound":2171.3017351069984},"point_estimate":2170.324210686339,"standard_error":0.45835876747611715},"median_abs_dev":{"confidence_interval":{"confidence_level":0.95,"lower_bound":2.4338992280443525,"upper_bound":5.565115906250268},"point_estimate":3.645553326638949,"standard_error":0.8571003638618445},"slope":{"confidence_interval":{"confidence_level":0.95,"lower_bound":2030.1533220311187,"upper_bound":2084.2375707667043},"point_estimate":2054.949876298948,"standard_error":13.805729741973794},"std_dev":{"confidence_interval":{"confidence_level":0.95,"lower_bound":78.66868478245239,"upper_bound":102.06413672548582},"point_estimate":92.30692467115593,"standard_error":6.015069107089115}}