{"mean":{"confidence_interval":{"confidence_level":0.95,"lower_bound":2196.159371681062,"upper_bound":2230.834921623213},"point_estimate":2210.403365651277,"standard_error":9.041584574654662},"median":{"confidence_interval":{"confidence_level":0.95,"lower_bound":2192.5430455074084,"upper_bound":2194.4341027717783},"point_estimate":2193.349035738468,"standard_error":0.5406999222280395},"median_abs_dev":{"confidence_interval":{"confidence_level":0.95,"lower_bound":2.79412434556302,"upper_bound":4.56438717668379},"point_estimate":3.7321628789890133,"standard_error":0.46956456254037504},"slope":{"confidence_interval":{"confidence_level":0.95,"lower_bound":2195.4925063024566,"upper_bound":2280.994022105618},"point_estimate":2228.852939672614,"standard_error":22.91873415732068},"std_dev":{"confidence_interval":{"confidence_level":0.95,"lower_bound":14.316005137409151,"upper_bound":146.50351762796166},"point_estimate":91.0832197601596,"standard_error":35.338197003394136}}