{"mean":{"confidence_interval":{"confidence_level":0.95,"lower_bound":59.77555687424919,"upper_bound":59.80229859715026},"point_estimate":59.78846458602648,"standard_error":0.006823364037712686},"median":{"confidence_interval":{"confidence_level":0.95,"lower_bound":59.76515567765568,"upper_bound":59.80757095410628},"point_estimate":59.785486934563025,"standard_error":0.012055960423694728},"median_abs_dev":{"confidence_interval":{"confidence_level":0.95,"lower_bound":0.04927908070536274,"upper_bound":0.07495514585101001},"point_estimate":0.06030075138461283,"standard_error":0.006671158776234101},"slope":{"confidence_interval":{"confidence_level":0.95,"lower_bound":59.77049187560076,"upper_bound":59.79487696356899},"point_estimate":59.78265250855066,"standard_error":0.00620962860992042},"std_dev":{"confidence_interval":{"confidence_level":0.95,"lower_bound":0.05225572045875382,"upper_bound":0.0846113188791063},"point_estimate":0.0682574679827008,"standard_error":0.008406289618092349}}