{"mean":{"confidence_interval":{"confidence_level":0.95,"lower_bound":10278.536037572168,"upper_bound":10296.968231152832},"point_estimate":10285.179056512787,"standard_error":5.384843050479329},"median":{"confidence_interval":{"confidence_level":0.95,"lower_bound":10276.389175257733,"upper_bound":10279.854744911447},"point_estimate":10278.556906531492,"standard_error":0.9206403335747297},"median_abs_dev":{"confidence_interval":{"confidence_level":0.95,"lower_bound":4.512298723316036,"upper_bound":8.32832592476767},"point_estimate":5.552823815252582,"standard_error":1.013916504542642},"slope":{"confidence_interval":{"confidence_level":0.95,"lower_bound":10278.879086974037,"upper_bound":10282.171105262616},"point_estimate":10280.46812347368,"standard_error":0.8417924533463538},"std_dev":{"confidence_interval":{"confidence_level":0.95,"lower_bound":7.392066531341822,"upper_bound":92.06391256823974},"point_estimate":54.107404166573964,"standard_error":29.80365793480118}}