{"mean":{"confidence_interval":{"confidence_level":0.95,"lower_bound":12247.359205135417,"upper_bound":12364.649966767809},"point_estimate":12296.803829955345,"standard_error":30.364580466580428},"median":{"confidence_interval":{"confidence_level":0.95,"lower_bound":12221.292181069959,"upper_bound":12227.552469135802},"point_estimate":12224.02930474334,"standard_error":1.6592660586406878},"median_abs_dev":{"confidence_interval":{"confidence_level":0.95,"lower_bound":7.924041665070225,"upper_bound":16.384102486902062},"point_estimate":10.765823775468718,"standard_error":2.311205979286519},"slope":{"confidence_interval":{"confidence_level":0.95,"lower_bound":12238.623927671684,"upper_bound":12317.091867321287},"point_estimate":12271.830860840644,"standard_error":20.228423611341942},"std_dev":{"confidence_interval":{"confidence_level":0.95,"lower_bound":95.35084272594948,"upper_bound":475.73976288576245},"point_estimate":304.1483648785226,"standard_error":103.2232162000267}}