{"mean":{"confidence_interval":{"confidence_level":0.95,"lower_bound":514.5388347965182,"upper_bound":514.6359983869206},"point_estimate":514.5847805081613,"standard_error":0.024781467639225976},"median":{"confidence_interval":{"confidence_level":0.95,"lower_bound":514.5331092436975,"upper_bound":514.5934691558441},"point_estimate":514.5659203970145,"standard_error":0.014808454737353604},"median_abs_dev":{"confidence_interval":{"confidence_level":0.95,"lower_bound":0.1194686932524056,"upper_bound":0.1955148711154098},"point_estimate":0.16243501010322903,"standard_error":0.01946270870115757},"slope":{"confidence_interval":{"confidence_level":0.95,"lower_bound":514.5306014570616,"upper_bound":514.6116136618156},"point_estimate":514.5692813366625,"standard_error":0.02060226789962727},"std_dev":{"confidence_interval":{"confidence_level":0.95,"lower_bound":0.16637197552186628,"upper_bound":0.32209491326712764},"point_estimate":0.24999855841042867,"standard_error":0.039691433386043834}}