{"mean":{"confidence_interval":{"confidence_level":0.95,"lower_bound":518.8704967142071,"upper_bound":519.0232228592382},"point_estimate":518.9431887189371,"standard_error":0.03908282785761583},"median":{"confidence_interval":{"confidence_level":0.95,"lower_bound":518.8188520718045,"upper_bound":518.9514513598326},"point_estimate":518.8617791454972,"standard_error":0.04244273880408866},"median_abs_dev":{"confidence_interval":{"confidence_level":0.95,"lower_bound":0.20105496291791708,"upper_bound":0.32006365377541346},"point_estimate":0.24603427462893612,"standard_error":0.02957493935848563},"slope":{"confidence_interval":{"confidence_level":0.95,"lower_bound":518.7748833318158,"upper_bound":518.8694281911776},"point_estimate":518.8226831680076,"standard_error":0.024066433317033075},"std_dev":{"confidence_interval":{"confidence_level":0.95,"lower_bound":0.28551905267222044,"upper_bound":0.4877981061692148},"point_estimate":0.3930918631584498,"standard_error":0.0519709367191926}}