{"mean":{"confidence_interval":{"confidence_level":0.95,"lower_bound":514.6284448760329,"upper_bound":514.8387541701236},"point_estimate":514.7320805113428,"standard_error":0.053911689037929006},"median":{"confidence_interval":{"confidence_level":0.95,"lower_bound":514.4457647395577,"upper_bound":514.7802145426352},"point_estimate":514.5579598749348,"standard_error":0.08262892310306745},"median_abs_dev":{"confidence_interval":{"confidence_level":0.95,"lower_bound":0.3606595994725453,"upper_bound":0.7327650493971525},"point_estimate":0.5226248604453131,"standard_error":0.08958333442872221},"slope":{"confidence_interval":{"confidence_level":0.95,"lower_bound":514.6834631093567,"upper_bound":514.9687984658874},"point_estimate":514.8249288315079,"standard_error":0.07289471203563953},"std_dev":{"confidence_interval":{"confidence_level":0.95,"lower_bound":0.48159700646357256,"upper_bound":0.5937897156050281},"point_estimate":0.5423170337173796,"standard_error":0.028617156149368807}}