{"mean":{"confidence_interval":{"confidence_level":0.95,"lower_bound":806.3568052339642,"upper_bound":808.813765662578},"point_estimate":807.2253043873029,"standard_error":0.7407710105756112},"median":{"confidence_interval":{"confidence_level":0.95,"lower_bound":806.2074677962167,"upper_bound":806.5849918765232},"point_estimate":806.4309562492747,"standard_error":0.09601363092707954},"median_abs_dev":{"confidence_interval":{"confidence_level":0.95,"lower_bound":0.5141615459262447,"upper_bound":0.849339018557738},"point_estimate":0.6895556456339477,"standard_error":0.08532574512230927},"slope":{"confidence_interval":{"confidence_level":0.95,"lower_bound":806.3616390468136,"upper_bound":806.7503607899855},"point_estimate":806.5390574678065,"standard_error":0.09942410585208411},"std_dev":{"confidence_interval":{"confidence_level":0.95,"lower_bound":0.737899132117501,"upper_bound":12.723343193006485},"point_estimate":7.448013022872951,"standard_error":4.276142044993516}}