{"mean":{"confidence_interval":{"confidence_level":0.95,"lower_bound":66.32384920978646,"upper_bound":66.39710986429681},"point_estimate":66.35925611131067,"standard_error":0.018684938778089022},"median":{"confidence_interval":{"confidence_level":0.95,"lower_bound":66.30887054279768,"upper_bound":66.36619645422887},"point_estimate":66.3410295221577,"standard_error":0.014055303301230152},"median_abs_dev":{"confidence_interval":{"confidence_level":0.95,"lower_bound":0.08231328160259371,"upper_bound":0.1411310558050668},"point_estimate":0.10876713516437188,"standard_error":0.015238984648467978},"slope":{"confidence_interval":{"confidence_level":0.95,"lower_bound":66.36189062110672,"upper_bound":66.45678657977346},"point_estimate":66.4087696167852,"standard_error":0.024264608515852614},"std_dev":{"confidence_interval":{"confidence_level":0.95,"lower_bound":0.14304456750772454,"upper_bound":0.22651964497095314},"point_estimate":0.18722224076023708,"standard_error":0.0213168617837996}}