{"mean":{"confidence_interval":{"confidence_level":0.95,"lower_bound":407.6320561135388,"upper_bound":407.6695207553812},"point_estimate":407.64938820085337,"standard_error":0.009617977571098495},"median":{"confidence_interval":{"confidence_level":0.95,"lower_bound":407.6123323735088,"upper_bound":407.63923576423576},"point_estimate":407.6265460030166,"standard_error":0.007093223024304767},"median_abs_dev":{"confidence_interval":{"confidence_level":0.95,"lower_bound":0.03575555319544383,"upper_bound":0.06129450560903356},"point_estimate":0.04742655322677435,"standard_error":0.006208260384034982},"slope":{"confidence_interval":{"confidence_level":0.95,"lower_bound":407.621711308183,"upper_bound":407.64115359774945},"point_estimate":407.6309317563755,"standard_error":0.004978387960866038},"std_dev":{"confidence_interval":{"confidence_level":0.95,"lower_bound":0.060538903042141934,"upper_bound":0.13149188760818178},"point_estimate":0.09637240079456993,"standard_error":0.018650930101145595}}