{"mean":{"confidence_interval":{"confidence_level":0.95,"lower_bound":129.0409670698027,"upper_bound":129.07565243466846},"point_estimate":129.0584554928541,"standard_error":0.008862714547193616},"median":{"confidence_interval":{"confidence_level":0.95,"lower_bound":129.03762500310182,"upper_bound":129.08455064933736},"point_estimate":129.06251765791671,"standard_error":0.012890872794956609},"median_abs_dev":{"confidence_interval":{"confidence_level":0.95,"lower_bound":0.06387344356879109,"upper_bound":0.11065734484588899},"point_estimate":0.08283063400668995,"standard_error":0.011839240470396336},"slope":{"confidence_interval":{"confidence_level":0.95,"lower_bound":129.04949560476277,"upper_bound":129.0829878274652},"point_estimate":129.06667774049538,"standard_error":0.00855173974060995},"std_dev":{"confidence_interval":{"confidence_level":0.95,"lower_bound":0.07592377627603422,"upper_bound":0.10049248041486303},"point_estimate":0.08865413648016425,"standard_error":0.006268905979021133}}