{"mean":{"confidence_interval":{"confidence_level":0.95,"lower_bound":58.745558651741085,"upper_bound":58.96033754931732},"point_estimate":58.83260896045974,"standard_error":0.05665275257127854},"median":{"confidence_interval":{"confidence_level":0.95,"lower_bound":58.71118930330753,"upper_bound":58.81097396112545},"point_estimate":58.77591787152895,"standard_error":0.02644778943958358},"median_abs_dev":{"confidence_interval":{"confidence_level":0.95,"lower_bound":0.14249724915746345,"upper_bound":0.24349630267822092},"point_estimate":0.17943352123903472,"standard_error":0.024860708118992613},"slope":{"confidence_interval":{"confidence_level":0.95,"lower_bound":58.702313814998114,"upper_bound":58.8034361460095},"point_estimate":58.74838997451814,"standard_error":0.025769314176083705},"std_dev":{"confidence_interval":{"confidence_level":0.95,"lower_bound":0.19106075206894582,"upper_bound":0.9299506392989232},"point_estimate":0.5735747463394053,"standard_error":0.2376787015528686}}