{"mean":{"confidence_interval":{"confidence_level":0.95,"lower_bound":40.12329843838907,"upper_bound":40.19425690031776},"point_estimate":40.15714878000858,"standard_error":0.01817586088475403},"median":{"confidence_interval":{"confidence_level":0.95,"lower_bound":40.09325983869007,"upper_bound":40.162853968289056},"point_estimate":40.11811146944896,"standard_error":0.018731673451751012},"median_abs_dev":{"confidence_interval":{"confidence_level":0.95,"lower_bound":0.11641828227827856,"upper_bound":0.2016951298932933},"point_estimate":0.15646475269750076,"standard_error":0.022092837528846592},"slope":{"confidence_interval":{"confidence_level":0.95,"lower_bound":40.117857568901506,"upper_bound":40.180341595659286},"point_estimate":40.148549388406146,"standard_error":0.01595550246461593},"std_dev":{"confidence_interval":{"confidence_level":0.95,"lower_bound":0.13559283882531115,"upper_bound":0.23196683360627834},"point_estimate":0.1822447057075562,"standard_error":0.025345392950816}}