{"mean":{"confidence_interval":{"confidence_level":0.95,"lower_bound":50.900061777590636,"upper_bound":51.06235933895005},"point_estimate":50.97219686910683,"standard_error":0.04141715007879893},"median":{"confidence_interval":{"confidence_level":0.95,"lower_bound":50.88541074421227,"upper_bound":50.97680444693604},"point_estimate":50.92520574295901,"standard_error":0.02551867399020118},"median_abs_dev":{"confidence_interval":{"confidence_level":0.95,"lower_bound":0.18254936205308864,"upper_bound":0.32601191253525497},"point_estimate":0.24030817419188677,"standard_error":0.03729296430174654},"slope":{"confidence_interval":{"confidence_level":0.95,"lower_bound":50.90064133065772,"upper_bound":51.00960716838941},"point_estimate":50.95580816761805,"standard_error":0.02770688297061269},"std_dev":{"confidence_interval":{"confidence_level":0.95,"lower_bound":0.2334764776639904,"upper_bound":0.6173821520846944},"point_estimate":0.414859650508378,"standard_error":0.11718257373805331}}