{"mean":{"confidence_interval":{"confidence_level":0.95,"lower_bound":49.38418969919021,"upper_bound":49.54424392198135},"point_estimate":49.4504310835641,"standard_error":0.0416551030672792},"median":{"confidence_interval":{"confidence_level":0.95,"lower_bound":49.37306445073239,"upper_bound":49.452983290820576},"point_estimate":49.40769142507458,"standard_error":0.02174084833849341},"median_abs_dev":{"confidence_interval":{"confidence_level":0.95,"lower_bound":0.11895249570882221,"upper_bound":0.23302638784590285},"point_estimate":0.17340979243648208,"standard_error":0.028115128818341932},"slope":{"confidence_interval":{"confidence_level":0.95,"lower_bound":49.410006788060635,"upper_bound":49.48426442927731},"point_estimate":49.446508301389485,"standard_error":0.01896872018766435},"std_dev":{"confidence_interval":{"confidence_level":0.95,"lower_bound":0.16966225770996765,"upper_bound":0.6701468488963135},"point_estimate":0.41807749143980455,"standard_error":0.16426332381516062}}