{"mean":{"confidence_interval":{"confidence_level":0.95,"lower_bound":63.4170171162489,"upper_bound":63.62289692459477},"point_estimate":63.50249010230829,"standard_error":0.0534910540719833},"median":{"confidence_interval":{"confidence_level":0.95,"lower_bound":63.39092468667714,"upper_bound":63.48492026919903},"point_estimate":63.41626930738981,"standard_error":0.020757975381729243},"median_abs_dev":{"confidence_interval":{"confidence_level":0.95,"lower_bound":0.1415112385985706,"upper_bound":0.22379500231428634},"point_estimate":0.1913532015608758,"standard_error":0.021276194852317243},"slope":{"confidence_interval":{"confidence_level":0.95,"lower_bound":63.38589188382921,"upper_bound":63.452435101917104},"point_estimate":63.41884406830762,"standard_error":0.017018472787584497},"std_dev":{"confidence_interval":{"confidence_level":0.95,"lower_bound":0.2078929348136309,"upper_bound":0.8535393840005255},"point_estimate":0.5370329477453089,"standard_error":0.20037426692803853}}