{"mean":{"confidence_interval":{"confidence_level":0.95,"lower_bound":49.443257462043384,"upper_bound":49.582595135202915},"point_estimate":49.51316908007669,"standard_error":0.03558593849022058},"median":{"confidence_interval":{"confidence_level":0.95,"lower_bound":49.44795074095983,"upper_bound":49.562699756938315},"point_estimate":49.526274198520284,"standard_error":0.030492005313849598},"median_abs_dev":{"confidence_interval":{"confidence_level":0.95,"lower_bound":0.20677065790357285,"upper_bound":0.36909528456879},"point_estimate":0.3134115365441857,"standard_error":0.04096862219641325},"slope":{"confidence_interval":{"confidence_level":0.95,"lower_bound":49.492607586829706,"upper_bound":49.613607757102514},"point_estimate":49.550916100336,"standard_error":0.030915855157185517},"std_dev":{"confidence_interval":{"confidence_level":0.95,"lower_bound":0.299012581555901,"upper_bound":0.4086118799622298},"point_estimate":0.3564470235717043,"standard_error":0.028104525383497603}}