{"mean":{"confidence_interval":{"confidence_level":0.95,"lower_bound":7.37644851852137,"upper_bound":7.412771792498805},"point_estimate":7.391237300590781,"standard_error":0.009427843096877601},"median":{"confidence_interval":{"confidence_level":0.95,"lower_bound":7.3723474542262615,"upper_bound":7.3885276786845875},"point_estimate":7.381809715263243,"standard_error":0.0041612331504910964},"median_abs_dev":{"confidence_interval":{"confidence_level":0.95,"lower_bound":0.032122236622004814,"upper_bound":0.049647447727143384},"point_estimate":0.04098696945560874,"standard_error":0.0044203472006671424},"slope":{"confidence_interval":{"confidence_level":0.95,"lower_bound":7.37565639618824,"upper_bound":7.393422861396151},"point_estimate":7.384293397252655,"standard_error":0.004525947149621473},"std_dev":{"confidence_interval":{"confidence_level":0.95,"lower_bound":0.0377992635124215,"upper_bound":0.15237650472214825},"point_estimate":0.09474687521571531,"standard_error":0.037758961947298116}}