{"mean":{"confidence_interval":{"confidence_level":0.95,"lower_bound":275.9113820956563,"upper_bound":278.0441405662385},"point_estimate":276.65407156333947,"standard_error":0.6580846483543761},"median":{"confidence_interval":{"confidence_level":0.95,"lower_bound":275.8698085735743,"upper_bound":276.1293110870052},"point_estimate":275.9320598104016,"standard_error":0.07201785723071356},"median_abs_dev":{"confidence_interval":{"confidence_level":0.95,"lower_bound":0.36011311029759163,"upper_bound":0.5629292073359503},"point_estimate":0.4428483645552759,"standard_error":0.05125691127916739},"slope":{"confidence_interval":{"confidence_level":0.95,"lower_bound":275.96468474715795,"upper_bound":276.1250029120961},"point_estimate":276.0449841277889,"standard_error":0.04097422715041899},"std_dev":{"confidence_interval":{"confidence_level":0.95,"lower_bound":0.47789001002467507,"upper_bound":11.333564470479486},"point_estimate":6.61981750644752,"standard_error":3.8946250620178047}}