{"mean":{"confidence_interval":{"confidence_level":0.95,"lower_bound":272.10331015871606,"upper_bound":272.93497444032624},"point_estimate":272.4145573663376,"standard_error":0.22958926149814277},"median":{"confidence_interval":{"confidence_level":0.95,"lower_bound":271.97477832512317,"upper_bound":272.1958039927405},"point_estimate":272.07898812954716,"standard_error":0.05303283846512678},"median_abs_dev":{"confidence_interval":{"confidence_level":0.95,"lower_bound":0.30252824975012227,"upper_bound":0.5842764639716519},"point_estimate":0.43893888899866657,"standard_error":0.07532391590923984},"slope":{"confidence_interval":{"confidence_level":0.95,"lower_bound":271.96163344423445,"upper_bound":272.2718989820482},"point_estimate":272.0972447555327,"standard_error":0.0798135145455641},"std_dev":{"confidence_interval":{"confidence_level":0.95,"lower_bound":0.4922529032489075,"upper_bound":3.867162463763248},"point_estimate":2.3038608360377184,"standard_error":1.1525053725636125}}