{"mean":{"confidence_interval":{"confidence_level":0.95,"lower_bound":30.40733245932287,"upper_bound":30.426330872535033},"point_estimate":30.41662649388996,"standard_error":0.004849858696190913},"median":{"confidence_interval":{"confidence_level":0.95,"lower_bound":30.394805301214692,"upper_bound":30.41850974564672},"point_estimate":30.40764904342149,"standard_error":0.006238593802904933},"median_abs_dev":{"confidence_interval":{"confidence_level":0.95,"lower_bound":0.0338184134970659,"upper_bound":0.05911514535000858},"point_estimate":0.046240457555928455,"standard_error":0.00622668489308734},"slope":{"confidence_interval":{"confidence_level":0.95,"lower_bound":30.400745092307996,"upper_bound":30.42317730164446},"point_estimate":30.411606189776332,"standard_error":0.005750267120421113},"std_dev":{"confidence_interval":{"confidence_level":0.95,"lower_bound":0.040346384540895515,"upper_bound":0.05676359076547636},"point_estimate":0.0487170108968845,"standard_error":0.004196604914684658}}