{"mean":{"confidence_interval":{"confidence_level":0.95,"lower_bound":30.451999117599666,"upper_bound":30.469123510051624},"point_estimate":30.460351591891072,"standard_error":0.004379191036071899},"median":{"confidence_interval":{"confidence_level":0.95,"lower_bound":30.44931410227427,"upper_bound":30.46804406866513},"point_estimate":30.459791316037283,"standard_error":0.004951426014015087},"median_abs_dev":{"confidence_interval":{"confidence_level":0.95,"lower_bound":0.03085333274300998,"upper_bound":0.054784633045304856},"point_estimate":0.046122546862430024,"standard_error":0.005952364242041669},"slope":{"confidence_interval":{"confidence_level":0.95,"lower_bound":30.436198087130414,"upper_bound":30.45659326810301},"point_estimate":30.445488101353646,"standard_error":0.005190391185794554},"std_dev":{"confidence_interval":{"confidence_level":0.95,"lower_bound":0.03593579923495441,"upper_bound":0.05227997375492075},"point_estimate":0.044176595649632756,"standard_error":0.0041928919275963155}}