{"mean":{"confidence_interval":{"confidence_level":0.95,"lower_bound":3722.7870780216554,"upper_bound":3723.184921733363},"point_estimate":3722.97378832339,"standard_error":0.10152482142391524},"median":{"confidence_interval":{"confidence_level":0.95,"lower_bound":3722.636844953292,"upper_bound":3722.8972564389696},"point_estimate":3722.8046157059316,"standard_error":0.06250345343670298},"median_abs_dev":{"confidence_interval":{"confidence_level":0.95,"lower_bound":0.36640849730079844,"upper_bound":0.6657980177888667},"point_estimate":0.5173499490441885,"standard_error":0.07616530732787115},"slope":{"confidence_interval":{"confidence_level":0.95,"lower_bound":3722.7695988594614,"upper_bound":3722.984672106794},"point_estimate":3722.873790553671,"standard_error":0.05493647252324407},"std_dev":{"confidence_interval":{"confidence_level":0.95,"lower_bound":0.6162275312583395,"upper_bound":1.3591373633897985},"point_estimate":1.020507421890531,"standard_error":0.1883636933289385}}