{"mean":{"confidence_interval":{"confidence_level":0.95,"lower_bound":3622.2331970110404,"upper_bound":3637.7671999135255},"point_estimate":3629.6536137090616,"standard_error":3.9705078948283528},"median":{"confidence_interval":{"confidence_level":0.95,"lower_bound":3618.820845820846,"upper_bound":3633.273588480485},"point_estimate":3624.1153130966377,"standard_error":3.3334417973588},"median_abs_dev":{"confidence_interval":{"confidence_level":0.95,"lower_bound":20.385331681828557,"upper_bound":32.98298435033248},"point_estimate":26.019648625028378,"standard_error":3.252380641307684},"slope":{"confidence_interval":{"confidence_level":0.95,"lower_bound":3622.987802091682,"upper_bound":3639.3992485536255},"point_estimate":3630.142014505863,"standard_error":4.215849065065901},"std_dev":{"confidence_interval":{"confidence_level":0.95,"lower_bound":28.427909840081682,"upper_bound":50.20493102927036},"point_estimate":39.874047111573226,"standard_error":5.5868701572063335}}