{"mean":{"confidence_interval":{"confidence_level":0.95,"lower_bound":3303.86837297702,"upper_bound":3316.13880395767},"point_estimate":3308.7553177163327,"standard_error":3.2771934245305565},"median":{"confidence_interval":{"confidence_level":0.95,"lower_bound":3302.9170800102906,"upper_bound":3303.712277640444},"point_estimate":3303.335532583359,"standard_error":0.21451981836994852},"median_abs_dev":{"confidence_interval":{"confidence_level":0.95,"lower_bound":1.3779471979189384,"upper_bound":2.5928432018465077},"point_estimate":1.905186794999951,"standard_error":0.3249258842998712},"slope":{"confidence_interval":{"confidence_level":0.95,"lower_bound":3303.3726407447075,"upper_bound":3314.8708373803306},"point_estimate":3307.339648658921,"standard_error":3.2668460755299455},"std_dev":{"confidence_interval":{"confidence_level":0.95,"lower_bound":3.21038254541256,"upper_bound":53.295918488849885},"point_estimate":32.95973518314271,"standard_error":13.933458486821921}}