{"mean":{"confidence_interval":{"confidence_level":0.95,"lower_bound":2938.1321084861474,"upper_bound":2948.2331760170186},"point_estimate":2941.8021281024835,"standard_error":2.904712594730882},"median":{"confidence_interval":{"confidence_level":0.95,"lower_bound":2937.226058807661,"upper_bound":2938.8132750273307},"point_estimate":2938.0800791295746,"standard_error":0.36453702767343055},"median_abs_dev":{"confidence_interval":{"confidence_level":0.95,"lower_bound":2.3999237429738494,"upper_bound":3.7244768191732422},"point_estimate":3.2443507470120907,"standard_error":0.31705707694896906},"slope":{"confidence_interval":{"confidence_level":0.95,"lower_bound":2938.171526322022,"upper_bound":2939.4843709377897},"point_estimate":2938.81644223867,"standard_error":0.3350472268933803},"std_dev":{"confidence_interval":{"confidence_level":0.95,"lower_bound":3.4025267866857627,"upper_bound":49.65963717592123},"point_estimate":29.270119379380482,"standard_error":15.737803368986048}}