{"mean":{"confidence_interval":{"confidence_level":0.95,"lower_bound":128271.93360553597,"upper_bound":128500.34123236706},"point_estimate":128397.06519789058,"standard_error":58.3632392821178},"median":{"confidence_interval":{"confidence_level":0.95,"lower_bound":128398.37280701756,"upper_bound":128582.86602870813},"point_estimate":128525.8923032503,"standard_error":39.75496089057258},"median_abs_dev":{"confidence_interval":{"confidence_level":0.95,"lower_bound":132.10776105140468,"upper_bound":320.2151700558762},"point_estimate":241.68100855759533,"standard_error":47.57429366167585},"slope":{"confidence_interval":{"confidence_level":0.95,"lower_bound":128474.1478514004,"upper_bound":128603.35854940662},"point_estimate":128544.65247708671,"standard_error":33.140481719514284},"std_dev":{"confidence_interval":{"confidence_level":0.95,"lower_bound":226.73272667620054,"upper_bound":591.8991548523558},"point_estimate":415.03380934384376,"standard_error":100.49830148106354}}