{"mean":{"confidence_interval":{"confidence_level":0.95,"lower_bound":166.96995634733355,"upper_bound":167.02714133375352},"point_estimate":166.9977817470065,"standard_error":0.014549906200712986},"median":{"confidence_interval":{"confidence_level":0.95,"lower_bound":166.94301273400464,"upper_bound":167.00653255735492},"point_estimate":166.97396659976783,"standard_error":0.015159563385117635},"median_abs_dev":{"confidence_interval":{"confidence_level":0.95,"lower_bound":0.09599413974784582,"upper_bound":0.16690282736145146},"point_estimate":0.12979743195374305,"standard_error":0.01673015777317617},"slope":{"confidence_interval":{"confidence_level":0.95,"lower_bound":166.95401587543589,"upper_bound":167.00497334804936},"point_estimate":166.9785679585996,"standard_error":0.0129997193254196},"std_dev":{"confidence_interval":{"confidence_level":0.95,"lower_bound":0.11804866953566771,"upper_bound":0.17507733670628486},"point_estimate":0.1467502370242574,"standard_error":0.014596151289807973}}