{"mean":{"confidence_interval":{"confidence_level":0.95,"lower_bound":4398.265265069838,"upper_bound":4413.6652187754535},"point_estimate":4403.905444503515,"standard_error":4.311672173766405},"median":{"confidence_interval":{"confidence_level":0.95,"lower_bound":4397.0102747909195,"upper_bound":4399.306285367335},"point_estimate":4398.2193120370375,"standard_error":0.6078914619202684},"median_abs_dev":{"confidence_interval":{"confidence_level":0.95,"lower_bound":3.4470101181184396,"upper_bound":5.7522819812104835},"point_estimate":4.648623456943497,"standard_error":0.6007969639980459},"slope":{"confidence_interval":{"confidence_level":0.95,"lower_bound":4398.1624768957,"upper_bound":4400.052528743213},"point_estimate":4399.085125041459,"standard_error":0.4830531293759629},"std_dev":{"confidence_interval":{"confidence_level":0.95,"lower_bound":5.01929759393437,"upper_bound":73.3682536813196},"point_estimate":43.390670723359996,"standard_error":22.562282357345392}}