{"mean":{"confidence_interval":{"confidence_level":0.95,"lower_bound":4241.3212566645125,"upper_bound":4255.042183276126},"point_estimate":4247.113641309894,"standard_error":3.555148486076573},"median":{"confidence_interval":{"confidence_level":0.95,"lower_bound":4235.030925013683,"upper_bound":4245.585083035432},"point_estimate":4238.8120490620495,"standard_error":2.971409358651152},"median_abs_dev":{"confidence_interval":{"confidence_level":0.95,"lower_bound":10.847369376025597,"upper_bound":19.722399397613973},"point_estimate":16.740137398520474,"standard_error":2.531938819827047},"slope":{"confidence_interval":{"confidence_level":0.95,"lower_bound":4247.626532065533,"upper_bound":4276.00570209472},"point_estimate":4258.207351208468,"standard_error":7.9300477994640675},"std_dev":{"confidence_interval":{"confidence_level":0.95,"lower_bound":12.922511219807445,"upper_bound":55.94559774947387},"point_estimate":35.62880018966784,"standard_error":12.329182837314221}}