{"mean":{"confidence_interval":{"confidence_level":0.95,"lower_bound":99358.52282785535,"upper_bound":99606.89118392952},"point_estimate":99462.0638141845,"standard_error":64.32885928921351},"median":{"confidence_interval":{"confidence_level":0.95,"lower_bound":99252.60588235295,"upper_bound":99434.2076923077},"point_estimate":99349.63606060606,"standard_error":39.52160801288134},"median_abs_dev":{"confidence_interval":{"confidence_level":0.95,"lower_bound":234.93354061697485,"upper_bound":402.97352399962136},"point_estimate":325.5243863041236,"standard_error":44.31240546031785},"slope":{"confidence_interval":{"confidence_level":0.95,"lower_bound":99280.00134325604,"upper_bound":99770.58452598951},"point_estimate":99460.30537549875,"standard_error":133.3067535600261},"std_dev":{"confidence_interval":{"confidence_level":0.95,"lower_bound":288.93847385227014,"upper_bound":1017.953639358012},"point_estimate":645.5972308547265,"standard_error":239.87978019957052}}