{"mean":{"confidence_interval":{"confidence_level":0.95,"lower_bound":84927.1629828043,"upper_bound":85036.5559811848},"point_estimate":84980.6894186752,"standard_error":27.94764495746031},"median":{"confidence_interval":{"confidence_level":0.95,"lower_bound":84898.85375377213,"upper_bound":85026.23976608187},"point_estimate":84959.3252020202,"standard_error":34.804133020984324},"median_abs_dev":{"confidence_interval":{"confidence_level":0.95,"lower_bound":208.08457054711488,"upper_bound":312.37071473591925},"point_estimate":264.33975928296803,"standard_error":25.427921858610535},"slope":{"confidence_interval":{"confidence_level":0.95,"lower_bound":84896.60446635788,"upper_bound":85021.08708115021},"point_estimate":84958.59178735038,"standard_error":31.754859682844447},"std_dev":{"confidence_interval":{"confidence_level":0.95,"lower_bound":225.05746178308033,"upper_bound":334.90832783297793},"point_estimate":280.6130370424637,"standard_error":28.246710282092792}}