{"mean":{"confidence_interval":{"confidence_level":0.95,"lower_bound":85635.67840761789,"upper_bound":85840.58502024418},"point_estimate":85724.07498699757,"standard_error":52.86420006514205},"median":{"confidence_interval":{"confidence_level":0.95,"lower_bound":85577.60358796296,"upper_bound":85690.11784750337},"point_estimate":85627.60648148149,"standard_error":28.751014655737652},"median_abs_dev":{"confidence_interval":{"confidence_level":0.95,"lower_bound":187.77821919406338,"upper_bound":298.2583052057283},"point_estimate":249.01507902971466,"standard_error":28.007010027648093},"slope":{"confidence_interval":{"confidence_level":0.95,"lower_bound":85593.55881917365,"upper_bound":85734.50067671992},"point_estimate":85662.3203820009,"standard_error":35.94467552486687},"std_dev":{"confidence_interval":{"confidence_level":0.95,"lower_bound":242.07712910416046,"upper_bound":819.7957147764582},"point_estimate":532.1575163166818,"standard_error":172.2347640093255}}