{"mean":{"confidence_interval":{"confidence_level":0.95,"lower_bound":134.41228128878868,"upper_bound":134.46984076531675},"point_estimate":134.44138662218904,"standard_error":0.014643358307776261},"median":{"confidence_interval":{"confidence_level":0.95,"lower_bound":134.4334381743546,"upper_bound":134.4897211070335},"point_estimate":134.4573765406649,"standard_error":0.0132943279035133},"median_abs_dev":{"confidence_interval":{"confidence_level":0.95,"lower_bound":0.09875034428698111,"upper_bound":0.14858146071898357},"point_estimate":0.128579480929181,"standard_error":0.012586860461860434},"slope":{"confidence_interval":{"confidence_level":0.95,"lower_bound":134.457746508921,"upper_bound":134.50574450490126},"point_estimate":134.48267251983896,"standard_error":0.01221314143381733},"std_dev":{"confidence_interval":{"confidence_level":0.95,"lower_bound":0.1212177468992212,"upper_bound":0.1710306438849279},"point_estimate":0.1470632570078949,"standard_error":0.012732052055559535}}