{"mean":{"confidence_interval":{"confidence_level":0.95,"lower_bound":133.5369945161761,"upper_bound":133.69646144217168},"point_estimate":133.61437892430843,"standard_error":0.040601723316223304},"median":{"confidence_interval":{"confidence_level":0.95,"lower_bound":133.4745313880979,"upper_bound":133.62937779298474},"point_estimate":133.55054695284235,"standard_error":0.038839712076584994},"median_abs_dev":{"confidence_interval":{"confidence_level":0.95,"lower_bound":0.22114404422493306,"upper_bound":0.4254376991667251},"point_estimate":0.31289564213815313,"standard_error":0.05400240812714577},"slope":{"confidence_interval":{"confidence_level":0.95,"lower_bound":133.5721386541268,"upper_bound":133.69423595719667},"point_estimate":133.63277375658092,"standard_error":0.031209500202182255},"std_dev":{"confidence_interval":{"confidence_level":0.95,"lower_bound":0.3154355919098682,"upper_bound":0.5019984758594164},"point_estimate":0.40873781516022745,"standard_error":0.048115669876756265}}