{"mean":{"confidence_interval":{"confidence_level":0.95,"lower_bound":132.7667616122875,"upper_bound":132.7912427458102},"point_estimate":132.77875501782975,"standard_error":0.0062509358216037755},"median":{"confidence_interval":{"confidence_level":0.95,"lower_bound":132.76523285465038,"upper_bound":132.78755871695074},"point_estimate":132.77831752817596,"standard_error":0.0053138209121589555},"median_abs_dev":{"confidence_interval":{"confidence_level":0.95,"lower_bound":0.04085822277618548,"upper_bound":0.0682745221103648},"point_estimate":0.058903104150404055,"standard_error":0.007752262547649216},"slope":{"confidence_interval":{"confidence_level":0.95,"lower_bound":132.7671115065743,"upper_bound":132.78583409391604},"point_estimate":132.77642663024156,"standard_error":0.0047854609856202626},"std_dev":{"confidence_interval":{"confidence_level":0.95,"lower_bound":0.04699495699571711,"upper_bound":0.07874238934332106},"point_estimate":0.06307162407728982,"standard_error":0.008140899304662578}}