{"mean":{"confidence_interval":{"confidence_level":0.95,"lower_bound":121055.9387276432,"upper_bound":121101.24735787678},"point_estimate":121077.13321146254,"standard_error":11.567100478473373},"median":{"confidence_interval":{"confidence_level":0.95,"lower_bound":121047.6108345021,"upper_bound":121089.62885254988},"point_estimate":121064.0381127451,"standard_error":9.705574742117443},"median_abs_dev":{"confidence_interval":{"confidence_level":0.95,"lower_bound":41.22297917828592,"upper_bound":87.81609384520122},"point_estimate":61.74874452873777,"standard_error":12.245471516183608},"slope":{"confidence_interval":{"confidence_level":0.95,"lower_bound":121056.51592552241,"upper_bound":121092.17002365283},"point_estimate":121074.3228386721,"standard_error":9.082554429270914},"std_dev":{"confidence_interval":{"confidence_level":0.95,"lower_bound":53.6965844949914,"upper_bound":112.1715575152565},"point_estimate":82.26438944149604,"standard_error":15.934289613110144}}