{"mean":{"confidence_interval":{"confidence_level":0.95,"lower_bound":120951.01410097792,"upper_bound":121096.7574060976},"point_estimate":121016.91092172153,"standard_error":37.28449093511204},"median":{"confidence_interval":{"confidence_level":0.95,"lower_bound":120907.3625,"upper_bound":120978.50297619047},"point_estimate":120943.52800358144,"standard_error":21.346009432718265},"median_abs_dev":{"confidence_interval":{"confidence_level":0.95,"lower_bound":83.64363649652923,"upper_bound":201.39222486644837},"point_estimate":130.61574653825554,"standard_error":31.314775182449456},"slope":{"confidence_interval":{"confidence_level":0.95,"lower_bound":120947.10915707459,"upper_bound":121053.45794908043},"point_estimate":120994.27028205342,"standard_error":27.115580849038807},"std_dev":{"confidence_interval":{"confidence_level":0.95,"lower_bound":133.9173545077224,"upper_bound":369.23888450288683},"point_estimate":265.08195504196306,"standard_error":59.86955469930175}}