{"mean":{"confidence_interval":{"confidence_level":0.95,"lower_bound":120613.07100662217,"upper_bound":120685.2467768072},"point_estimate":120647.07197401664,"standard_error":18.36872109974661},"median":{"confidence_interval":{"confidence_level":0.95,"lower_bound":120581.56629072681,"upper_bound":120666.84021164021},"point_estimate":120605.49815354713,"standard_error":24.636470510465607},"median_abs_dev":{"confidence_interval":{"confidence_level":0.95,"lower_bound":64.44328030750843,"upper_bound":142.38559472698128},"point_estimate":103.62605802513414,"standard_error":21.517705538558403},"slope":{"confidence_interval":{"confidence_level":0.95,"lower_bound":120594.23774610154,"upper_bound":120655.49409749662},"point_estimate":120624.14736112267,"standard_error":15.609793637714898},"std_dev":{"confidence_interval":{"confidence_level":0.95,"lower_bound":90.43938317745055,"upper_bound":170.88065602548488},"point_estimate":131.58529884393272,"standard_error":21.078686945228263}}