{"mean":{"confidence_interval":{"confidence_level":0.95,"lower_bound":515.7587706806294,"upper_bound":515.7912708468082},"point_estimate":515.7746314214667,"standard_error":0.008276139851867115},"median":{"confidence_interval":{"confidence_level":0.95,"lower_bound":515.7520520406421,"upper_bound":515.7813183801477},"point_estimate":515.7643813434829,"standard_error":0.008551886156529244},"median_abs_dev":{"confidence_interval":{"confidence_level":0.95,"lower_bound":0.04858227614170394,"upper_bound":0.08146418413418673},"point_estimate":0.06624317420866614,"standard_error":0.008649386141483202},"slope":{"confidence_interval":{"confidence_level":0.95,"lower_bound":515.7609349858606,"upper_bound":515.791140056829},"point_estimate":515.7748850487661,"standard_error":0.007720134450229393},"std_dev":{"confidence_interval":{"confidence_level":0.95,"lower_bound":0.06521712560386997,"upper_bound":0.10016017988990514},"point_estimate":0.08319736582564882,"standard_error":0.008949850602105968}}