{"mean":{"confidence_interval":{"confidence_level":0.95,"lower_bound":515.9435578019818,"upper_bound":516.0227812864049},"point_estimate":515.9791439375825,"standard_error":0.02043582882680758},"median":{"confidence_interval":{"confidence_level":0.95,"lower_bound":515.9120243380899,"upper_bound":515.9378892776496},"point_estimate":515.928163026829,"standard_error":0.006640147687607754},"median_abs_dev":{"confidence_interval":{"confidence_level":0.95,"lower_bound":0.03995701038739642,"upper_bound":0.07964269049020752},"point_estimate":0.05575941801753229,"standard_error":0.01093362787364379},"slope":{"confidence_interval":{"confidence_level":0.95,"lower_bound":515.9300166204036,"upper_bound":515.9637136116024},"point_estimate":515.9458365225041,"standard_error":0.008620160075157129},"std_dev":{"confidence_interval":{"confidence_level":0.95,"lower_bound":0.0973344967105071,"upper_bound":0.29212508541703636},"point_estimate":0.2058700306059754,"standard_error":0.050652313689003976}}