{"mean":{"confidence_interval":{"confidence_level":0.95,"lower_bound":515.4230191351867,"upper_bound":515.4948062455818},"point_estimate":515.4536113220466,"standard_error":0.018425468339400456},"median":{"confidence_interval":{"confidence_level":0.95,"lower_bound":515.4010281103592,"upper_bound":515.437997322823},"point_estimate":515.4166996356064,"standard_error":0.009853921193565481},"median_abs_dev":{"confidence_interval":{"confidence_level":0.95,"lower_bound":0.05157883776765161,"upper_bound":0.09369631635999895},"point_estimate":0.06779461965353753,"standard_error":0.011043986308169353},"slope":{"confidence_interval":{"confidence_level":0.95,"lower_bound":515.4084991114353,"upper_bound":515.4594087159073},"point_estimate":515.4302046639513,"standard_error":0.013036471385206144},"std_dev":{"confidence_interval":{"confidence_level":0.95,"lower_bound":0.08387598547637276,"upper_bound":0.28482086910052457},"point_estimate":0.18445198451596892,"standard_error":0.06091625914262478}}