{"mean":{"confidence_interval":{"confidence_level":0.95,"lower_bound":515.6538488967678,"upper_bound":515.7392894744871},"point_estimate":515.6934449691094,"standard_error":0.02184892324328697},"median":{"confidence_interval":{"confidence_level":0.95,"lower_bound":515.6164539319249,"upper_bound":515.6500103737409},"point_estimate":515.6389539930556,"standard_error":0.009477948942677077},"median_abs_dev":{"confidence_interval":{"confidence_level":0.95,"lower_bound":0.05565689805038692,"upper_bound":0.09803697688367326},"point_estimate":0.07604746761031678,"standard_error":0.011420520182977307},"slope":{"confidence_interval":{"confidence_level":0.95,"lower_bound":515.6247481978826,"upper_bound":515.6643229482755},"point_estimate":515.6437546333924,"standard_error":0.010053268570779041},"std_dev":{"confidence_interval":{"confidence_level":0.95,"lower_bound":0.13687491574331967,"upper_bound":0.2870754767912065},"point_estimate":0.2195835873854213,"standard_error":0.03838307230656615}}