{"mean":{"confidence_interval":{"confidence_level":0.95,"lower_bound":1023.609991907729,"upper_bound":1030.581883811551},"point_estimate":1026.8689828177078,"standard_error":1.7773531429301905},"median":{"confidence_interval":{"confidence_level":0.95,"lower_bound":1020.0860469047346,"upper_bound":1022.0605092091007},"point_estimate":1021.0543868128295,"standard_error":0.5038985073763316},"median_abs_dev":{"confidence_interval":{"confidence_level":0.95,"lower_bound":2.9335237290814713,"upper_bound":5.245146369584777},"point_estimate":4.020238096199389,"standard_error":0.5902132462436235},"slope":{"confidence_interval":{"confidence_level":0.95,"lower_bound":1026.5287596517169,"upper_bound":1037.793321594876},"point_estimate":1031.8570182222343,"standard_error":2.8795037648735216},"std_dev":{"confidence_interval":{"confidence_level":0.95,"lower_bound":11.876292852813563,"upper_bound":22.502573432869283},"point_estimate":17.82325799668391,"standard_error":2.70658223617286}}