{"mean":{"confidence_interval":{"confidence_level":0.95,"lower_bound":1017.0619678247253,"upper_bound":1019.705815429423},"point_estimate":1018.2729297639858,"standard_error":0.6772393811524978},"median":{"confidence_interval":{"confidence_level":0.95,"lower_bound":1015.8847459037157,"upper_bound":1017.1949725058915},"point_estimate":1016.5130408963141,"standard_error":0.3032188442116518},"median_abs_dev":{"confidence_interval":{"confidence_level":0.95,"lower_bound":1.6247440902149681,"upper_bound":3.1549998373158474},"point_estimate":2.3489308294367137,"standard_error":0.4058297800960845},"slope":{"confidence_interval":{"confidence_level":0.95,"lower_bound":1016.6314307552433,"upper_bound":1021.350496369584},"point_estimate":1018.8261317058862,"standard_error":1.211965514762547},"std_dev":{"confidence_interval":{"confidence_level":0.95,"lower_bound":3.987075927360523,"upper_bound":9.298985146707102},"point_estimate":6.7888064374590815,"standard_error":1.3714634744431409}}