{"mean":{"confidence_interval":{"confidence_level":0.95,"lower_bound":1023.7125567414562,"upper_bound":1026.2785559119593},"point_estimate":1024.949214681681,"standard_error":0.6527514143599311},"median":{"confidence_interval":{"confidence_level":0.95,"lower_bound":1022.2725301381946,"upper_bound":1024.7036062168745},"point_estimate":1023.480038278502,"standard_error":0.6054603378763416},"median_abs_dev":{"confidence_interval":{"confidence_level":0.95,"lower_bound":3.104913892833649,"upper_bound":5.108498469313615},"point_estimate":4.2992946408706905,"standard_error":0.48160742107950655},"slope":{"confidence_interval":{"confidence_level":0.95,"lower_bound":1025.3333001639803,"upper_bound":1029.5789523049689},"point_estimate":1027.5039279100927,"standard_error":1.0803720131492427},"std_dev":{"confidence_interval":{"confidence_level":0.95,"lower_bound":5.0462348886324175,"upper_bound":7.9674629323088455},"point_estimate":6.546592390054293,"standard_error":0.7493727401042637}}