{"mean":{"confidence_interval":{"confidence_level":0.95,"lower_bound":44.1549100159029,"upper_bound":44.26975040061573},"point_estimate":44.20591259058558,"standard_error":0.02943124315762445},"median":{"confidence_interval":{"confidence_level":0.95,"lower_bound":44.150667844997315,"upper_bound":44.22067522820834},"point_estimate":44.18161808754287,"standard_error":0.01472036497459126},"median_abs_dev":{"confidence_interval":{"confidence_level":0.95,"lower_bound":0.10283436195162744,"upper_bound":0.16017797352778843},"point_estimate":0.13554994464096165,"standard_error":0.014006749642770624},"slope":{"confidence_interval":{"confidence_level":0.95,"lower_bound":44.18633538481039,"upper_bound":44.237564443860364},"point_estimate":44.21210892287292,"standard_error":0.013036967403064788},"std_dev":{"confidence_interval":{"confidence_level":0.95,"lower_bound":0.13826830325424222,"upper_bound":0.4314794689243717},"point_estimate":0.2955934651029796,"standard_error":0.07740585401483896}}