{"mean":{"confidence_interval":{"confidence_level":0.95,"lower_bound":775.4361104152208,"upper_bound":775.9284775108143},"point_estimate":775.6582606645878,"standard_error":0.12659109070904564},"median":{"confidence_interval":{"confidence_level":0.95,"lower_bound":775.2415890832101,"upper_bound":775.451932698164},"point_estimate":775.371175784865,"standard_error":0.05126124711971886},"median_abs_dev":{"confidence_interval":{"confidence_level":0.95,"lower_bound":0.2955646984356391,"upper_bound":0.5250168417357959},"point_estimate":0.4034023758807775,"standard_error":0.061906221238636316},"slope":{"confidence_interval":{"confidence_level":0.95,"lower_bound":775.3265781472702,"upper_bound":775.9284617770027},"point_estimate":775.5712368756248,"standard_error":0.15892849049045002},"std_dev":{"confidence_interval":{"confidence_level":0.95,"lower_bound":0.6176907007445743,"upper_bound":1.7553584863772116},"point_estimate":1.2647866550291176,"standard_error":0.28277941619109787}}