{"mean":{"confidence_interval":{"confidence_level":0.95,"lower_bound":110.5473440012058,"upper_bound":110.7189948162374},"point_estimate":110.62374571746523,"standard_error":0.043905011064728265},"median":{"confidence_interval":{"confidence_level":0.95,"lower_bound":110.473950101951,"upper_bound":110.576688355396},"point_estimate":110.52805186173802,"standard_error":0.02522243025439013},"median_abs_dev":{"confidence_interval":{"confidence_level":0.95,"lower_bound":0.14548507704875815,"upper_bound":0.2625381061319074},"point_estimate":0.19109165246480644,"standard_error":0.03104419963799386},"slope":{"confidence_interval":{"confidence_level":0.95,"lower_bound":110.49779825934414,"upper_bound":110.62279560790608},"point_estimate":110.55404093311525,"standard_error":0.03185040746312846},"std_dev":{"confidence_interval":{"confidence_level":0.95,"lower_bound":0.22792036989923586,"upper_bound":0.651905538824363},"point_estimate":0.4407225738465497,"standard_error":0.11851982358775959}}