{"mean":{"confidence_interval":{"confidence_level":0.95,"lower_bound":113.48449981831061,"upper_bound":113.65854366933138},"point_estimate":113.55541218464586,"standard_error":0.045398623211828894},"median":{"confidence_interval":{"confidence_level":0.95,"lower_bound":113.47055362801605,"upper_bound":113.53420446281625},"point_estimate":113.49925336803364,"standard_error":0.018336123506848673},"median_abs_dev":{"confidence_interval":{"confidence_level":0.95,"lower_bound":0.1359131514732932,"upper_bound":0.2236192995102537},"point_estimate":0.19415137255364545,"standard_error":0.022240778889971616},"slope":{"confidence_interval":{"confidence_level":0.95,"lower_bound":113.47729640153597,"upper_bound":113.56228391238693},"point_estimate":113.51805140964686,"standard_error":0.02169575613936857},"std_dev":{"confidence_interval":{"confidence_level":0.95,"lower_bound":0.17638798417386806,"upper_bound":0.735017634324311},"point_estimate":0.4565984621639513,"standard_error":0.18444475751109}}