{"mean":{"confidence_interval":{"confidence_level":0.95,"lower_bound":113.38638017994526,"upper_bound":113.57744134465563},"point_estimate":113.46674433363906,"standard_error":0.049608597409069255},"median":{"confidence_interval":{"confidence_level":0.95,"lower_bound":113.33202969077769,"upper_bound":113.41757986458924},"point_estimate":113.3845699171296,"standard_error":0.022470686902426235},"median_abs_dev":{"confidence_interval":{"confidence_level":0.95,"lower_bound":0.13904546194791584,"upper_bound":0.24417597563114393},"point_estimate":0.19345293718005468,"standard_error":0.02716688974236379},"slope":{"confidence_interval":{"confidence_level":0.95,"lower_bound":113.38656149833749,"upper_bound":113.59023052069408},"point_estimate":113.46905748512405,"standard_error":0.0535800934010815},"std_dev":{"confidence_interval":{"confidence_level":0.95,"lower_bound":0.19149452676739698,"upper_bound":0.7841484662485373},"point_estimate":0.49875464688600507,"standard_error":0.17521606298753478}}