{"mean":{"confidence_interval":{"confidence_level":0.95,"lower_bound":86.47523986145161,"upper_bound":86.72073342310536},"point_estimate":86.575767557929,"standard_error":0.06438460491031672},"median":{"confidence_interval":{"confidence_level":0.95,"lower_bound":86.41776758854925,"upper_bound":86.47933472277359},"point_estimate":86.43981586471895,"standard_error":0.01511049330336712},"median_abs_dev":{"confidence_interval":{"confidence_level":0.95,"lower_bound":0.10364108528222073,"upper_bound":0.19619432626069697},"point_estimate":0.1447538390603833,"standard_error":0.024312283885527863},"slope":{"confidence_interval":{"confidence_level":0.95,"lower_bound":86.44411062616128,"upper_bound":86.54761493746128},"point_estimate":86.48932048065264,"standard_error":0.02659451550499221},"std_dev":{"confidence_interval":{"confidence_level":0.95,"lower_bound":0.19077064584790754,"upper_bound":1.0431201753170554},"point_estimate":0.6475777380901727,"standard_error":0.25536699825099807}}