{"mean":{"confidence_interval":{"confidence_level":0.95,"lower_bound":39060.59362431488,"upper_bound":39096.9860818349},"point_estimate":39078.519305504946,"standard_error":9.299598716904159},"median":{"confidence_interval":{"confidence_level":0.95,"lower_bound":39046.054532863986,"upper_bound":39091.615000000005},"point_estimate":39070.63451199338,"standard_error":11.608514685778344},"median_abs_dev":{"confidence_interval":{"confidence_level":0.95,"lower_bound":66.92468951002284,"upper_bound":103.81050192368322},"point_estimate":87.1795712086637,"standard_error":9.468614241100477},"slope":{"confidence_interval":{"confidence_level":0.95,"lower_bound":39042.39877209794,"upper_bound":39090.21170175211},"point_estimate":39065.487722090234,"standard_error":12.16620276029144},"std_dev":{"confidence_interval":{"confidence_level":0.95,"lower_bound":77.35263412762811,"upper_bound":109.6455420109442},"point_estimate":93.65347104898702,"standard_error":8.288126371059155}}