{"mean":{"confidence_interval":{"confidence_level":0.95,"lower_bound":39172.28061205265,"upper_bound":39206.95548041407},"point_estimate":39188.82357980847,"standard_error":8.823607036995666},"median":{"confidence_interval":{"confidence_level":0.95,"lower_bound":39150.97228506787,"upper_bound":39186.264053579274},"point_estimate":39172.490601503756,"standard_error":8.664396110533957},"median_abs_dev":{"confidence_interval":{"confidence_level":0.95,"lower_bound":50.26459686403063,"upper_bound":87.78487861345837},"point_estimate":70.18737021081137,"standard_error":9.125672549499525},"slope":{"confidence_interval":{"confidence_level":0.95,"lower_bound":39195.976063290276,"upper_bound":39235.8310981062},"point_estimate":39216.27033249594,"standard_error":10.192605980126917},"std_dev":{"confidence_interval":{"confidence_level":0.95,"lower_bound":65.29681082067901,"upper_bound":112.11208540489801},"point_estimate":88.83621794176614,"standard_error":12.15221940007798}}