{"mean":{"confidence_interval":{"confidence_level":0.95,"lower_bound":39283.85642318772,"upper_bound":39320.373978044445},"point_estimate":39301.666722149894,"standard_error":9.339239643175485},"median":{"confidence_interval":{"confidence_level":0.95,"lower_bound":39274.697649572656,"upper_bound":39312.958489199154},"point_estimate":39295.43006450072,"standard_error":9.076077843713474},"median_abs_dev":{"confidence_interval":{"confidence_level":0.95,"lower_bound":66.37659325506925,"upper_bound":106.50934169175575},"point_estimate":82.80067916786749,"standard_error":9.93978858354628},"slope":{"confidence_interval":{"confidence_level":0.95,"lower_bound":39283.3215249582,"upper_bound":39326.76561509169},"point_estimate":39304.64837639677,"standard_error":11.091031150772068},"std_dev":{"confidence_interval":{"confidence_level":0.95,"lower_bound":76.17323266409268,"upper_bound":111.22228903907174},"point_estimate":93.66962488648612,"standard_error":9.002334986347627}}