{"mean":{"confidence_interval":{"confidence_level":0.95,"lower_bound":39162.835164642216,"upper_bound":39198.408391675184},"point_estimate":39179.93397155811,"standard_error":9.067855868417164},"median":{"confidence_interval":{"confidence_level":0.95,"lower_bound":39136.40727081138,"upper_bound":39193.63956043956},"point_estimate":39164.28378308519,"standard_error":13.359339089707369},"median_abs_dev":{"confidence_interval":{"confidence_level":0.95,"lower_bound":60.36987971243052,"upper_bound":91.07409456976873},"point_estimate":69.41401210899943,"standard_error":7.689445363800584},"slope":{"confidence_interval":{"confidence_level":0.95,"lower_bound":39147.205088162416,"upper_bound":39175.62001588455},"point_estimate":39161.04035432131,"standard_error":7.259404647563715},"std_dev":{"confidence_interval":{"confidence_level":0.95,"lower_bound":69.06557158347137,"upper_bound":112.18447153500755},"point_estimate":91.01233160027648,"standard_error":11.077442167364502}}