{"mean":{"confidence_interval":{"confidence_level":0.95,"lower_bound":39127.39522494104,"upper_bound":39159.79257531526},"point_estimate":39143.300289979445,"standard_error":8.26920158538909},"median":{"confidence_interval":{"confidence_level":0.95,"lower_bound":39113.958612040136,"upper_bound":39147.081501831504},"point_estimate":39131.74253663003,"standard_error":8.68602894623601},"median_abs_dev":{"confidence_interval":{"confidence_level":0.95,"lower_bound":60.059369563100525,"upper_bound":99.11352258022265},"point_estimate":77.67368725617568,"standard_error":10.190035920132336},"slope":{"confidence_interval":{"confidence_level":0.95,"lower_bound":39117.763293656135,"upper_bound":39148.672251674674},"point_estimate":39133.13308362983,"standard_error":7.875032726315731},"std_dev":{"confidence_interval":{"confidence_level":0.95,"lower_bound":70.05603627668724,"upper_bound":94.14304275268407},"point_estimate":82.92990976716656,"standard_error":6.143948336272062}}