{"mean":{"confidence_interval":{"confidence_level":0.95,"lower_bound":91974.70317096963,"upper_bound":92066.33061996197},"point_estimate":92019.64095926107,"standard_error":23.434729613047352},"median":{"confidence_interval":{"confidence_level":0.95,"lower_bound":91949.69169960474,"upper_bound":92036.99744960922},"point_estimate":91995.88668831169,"standard_error":23.3313610628349},"median_abs_dev":{"confidence_interval":{"confidence_level":0.95,"lower_bound":156.06570289004597,"upper_bound":250.69215085582684},"point_estimate":203.39796888504785,"standard_error":23.244847528316942},"slope":{"confidence_interval":{"confidence_level":0.95,"lower_bound":91983.3872131415,"upper_bound":92112.31896757854},"point_estimate":92045.27104074587,"standard_error":33.001624569197936},"std_dev":{"confidence_interval":{"confidence_level":0.95,"lower_bound":190.2273547563927,"upper_bound":277.26759259394987},"point_estimate":235.75031295057963,"standard_error":22.28419810284294}}