{"mean":{"confidence_interval":{"confidence_level":0.95,"lower_bound":459.62979599540614,"upper_bound":459.698582717243},"point_estimate":459.66047489692295,"standard_error":0.01764892303021327},"median":{"confidence_interval":{"confidence_level":0.95,"lower_bound":459.6037550008059,"upper_bound":459.6407321474607},"point_estimate":459.6160711523588,"standard_error":0.009982620810673444},"median_abs_dev":{"confidence_interval":{"confidence_level":0.95,"lower_bound":0.050747333940388925,"upper_bound":0.08150595339857723},"point_estimate":0.06509672337713691,"standard_error":0.007888133509262566},"slope":{"confidence_interval":{"confidence_level":0.95,"lower_bound":459.6249864051397,"upper_bound":459.67755627286385},"point_estimate":459.6490885020351,"standard_error":0.01351062033386185},"std_dev":{"confidence_interval":{"confidence_level":0.95,"lower_bound":0.08896929592819584,"upper_bound":0.261512748672457},"point_estimate":0.17718954557191274,"standard_error":0.04704558400210995}}