{"mean":{"confidence_interval":{"confidence_level":0.95,"lower_bound":459.1335870537813,"upper_bound":459.2054526670414},"point_estimate":459.16655353383595,"standard_error":0.01840107692976474},"median":{"confidence_interval":{"confidence_level":0.95,"lower_bound":459.10658074218577,"upper_bound":459.1279946717859},"point_estimate":459.1152516665867,"standard_error":0.004791574628941779},"median_abs_dev":{"confidence_interval":{"confidence_level":0.95,"lower_bound":0.04142927020219582,"upper_bound":0.08223297152277265},"point_estimate":0.06046235772261212,"standard_error":0.010432950336644094},"slope":{"confidence_interval":{"confidence_level":0.95,"lower_bound":459.1147373802288,"upper_bound":459.1704728019979},"point_estimate":459.1401446765813,"standard_error":0.014272765848084075},"std_dev":{"confidence_interval":{"confidence_level":0.95,"lower_bound":0.10880889486437398,"upper_bound":0.251312493434783},"point_estimate":0.18461110082432056,"standard_error":0.036658323577911184}}