{"mean":{"confidence_interval":{"confidence_level":0.95,"lower_bound":1313.6560362218206,"upper_bound":1315.650695866975},"point_estimate":1314.465390038768,"standard_error":0.5242082490115721},"median":{"confidence_interval":{"confidence_level":0.95,"lower_bound":1313.327135900841,"upper_bound":1313.712642861948},"point_estimate":1313.562511195528,"standard_error":0.0994981618611679},"median_abs_dev":{"confidence_interval":{"confidence_level":0.95,"lower_bound":0.7316606571077094,"upper_bound":1.346044712944999},"point_estimate":0.9945746175491216,"standard_error":0.14713138045790297},"slope":{"confidence_interval":{"confidence_level":0.95,"lower_bound":1313.7172135464205,"upper_bound":1314.600368799977},"point_estimate":1314.1167847598817,"standard_error":0.2259823869059885},"std_dev":{"confidence_interval":{"confidence_level":0.95,"lower_bound":1.6964793023674654,"upper_bound":8.545577649743167},"point_estimate":5.267925632618402,"standard_error":2.1628626501220074}}