{"mean":{"confidence_interval":{"confidence_level":0.95,"lower_bound":3944.3097794155838,"upper_bound":3953.261718225872},"point_estimate":3948.0989171080596,"standard_error":2.319100841076176},"median":{"confidence_interval":{"confidence_level":0.95,"lower_bound":3941.3867361337243,"upper_bound":3945.0100401606423},"point_estimate":3942.73719464145,"standard_error":1.035130791148955},"median_abs_dev":{"confidence_interval":{"confidence_level":0.95,"lower_bound":4.5319032327956,"upper_bound":7.6307756559253805},"point_estimate":5.701530598499631,"standard_error":0.7660992840288485},"slope":{"confidence_interval":{"confidence_level":0.95,"lower_bound":3944.031275104701,"upper_bound":3952.199858318342},"point_estimate":3947.3591574633097,"standard_error":2.1433215002097734},"std_dev":{"confidence_interval":{"confidence_level":0.95,"lower_bound":8.737249908163124,"upper_bound":36.492302669682125},"point_estimate":23.33937456402897,"standard_error":8.012871771495462}}