{"mean":{"confidence_interval":{"confidence_level":0.95,"lower_bound":4087.488819375253,"upper_bound":4305.734964913318},"point_estimate":4182.834785867867,"standard_error":56.20864687506},"median":{"confidence_interval":{"confidence_level":0.95,"lower_bound":3945.1180555555557,"upper_bound":4118.4047619047615},"point_estimate":3948.176372187483,"standard_error":50.248358671426885},"median_abs_dev":{"confidence_interval":{"confidence_level":0.95,"lower_bound":11.61216767578801,"upper_bound":243.18352918885356},"point_estimate":17.20725919346773,"standard_error":59.466842786510455},"slope":{"confidence_interval":{"confidence_level":0.95,"lower_bound":4239.619514999692,"upper_bound":4568.177469707241},"point_estimate":4384.010384757026,"standard_error":84.08267388985325},"std_dev":{"confidence_interval":{"confidence_level":0.95,"lower_bound":187.19776263884046,"upper_bound":821.5652153611225},"point_estimate":563.825037965751,"standard_error":156.05104963052656}}