{"mean":{"confidence_interval":{"confidence_level":0.95,"lower_bound":3969.462847656356,"upper_bound":4048.619775988881},"point_estimate":4008.000784456161,"standard_error":20.14633629893371},"median":{"confidence_interval":{"confidence_level":0.95,"lower_bound":3879.338613128867,"upper_bound":3885.8768410852713},"point_estimate":3882.1173433048434,"standard_error":1.93538833176152},"median_abs_dev":{"confidence_interval":{"confidence_level":0.95,"lower_bound":6.374255088359437,"upper_bound":16.406515034293747},"point_estimate":9.815834727770335,"standard_error":2.8038072306913953},"slope":{"confidence_interval":{"confidence_level":0.95,"lower_bound":4103.762239285316,"upper_bound":4208.833249101498},"point_estimate":4161.189969096056,"standard_error":26.88602538035604},"std_dev":{"confidence_interval":{"confidence_level":0.95,"lower_bound":178.10109911159083,"upper_bound":219.20402851131138},"point_estimate":202.84917175772506,"standard_error":10.476745726949499}}