{"mean":{"confidence_interval":{"confidence_level":0.95,"lower_bound":4330.757965653405,"upper_bound":4358.101949644643},"point_estimate":4342.676995764841,"standard_error":7.05000247608576},"median":{"confidence_interval":{"confidence_level":0.95,"lower_bound":4323.408602150537,"upper_bound":4326.473084677419},"point_estimate":4324.809533486199,"standard_error":0.7664349034124628},"median_abs_dev":{"confidence_interval":{"confidence_level":0.95,"lower_bound":4.875752193215132,"upper_bound":8.09201987923171},"point_estimate":6.813374089201054,"standard_error":0.8596477168148025},"slope":{"confidence_interval":{"confidence_level":0.95,"lower_bound":4330.503770908625,"upper_bound":4354.744744329294},"point_estimate":4341.132686841264,"standard_error":6.233743376910725},"std_dev":{"confidence_interval":{"confidence_level":0.95,"lower_bound":30.10004483833899,"upper_bound":106.24124675586035},"point_estimate":71.0397192627065,"standard_error":20.086968939082745}}