{"mean":{"confidence_interval":{"confidence_level":0.95,"lower_bound":15169.931392965333,"upper_bound":15181.889438291211},"point_estimate":15175.630021322877,"standard_error":3.0576061564561035},"median":{"confidence_interval":{"confidence_level":0.95,"lower_bound":15160.076981940618,"upper_bound":15169.27694982613},"point_estimate":15165.6485605569,"standard_error":2.3635464154504677},"median_abs_dev":{"confidence_interval":{"confidence_level":0.95,"lower_bound":12.59967916781503,"upper_bound":25.569523781518143},"point_estimate":18.777311703672698,"standard_error":3.3010284270055945},"slope":{"confidence_interval":{"confidence_level":0.95,"lower_bound":15163.314413554499,"upper_bound":15172.928132438663},"point_estimate":15167.616775214836,"standard_error":2.4619890036563357},"std_dev":{"confidence_interval":{"confidence_level":0.95,"lower_bound":22.52542945043885,"upper_bound":39.465301814298996},"point_estimate":30.687834570304332,"standard_error":4.471099366980696}}