{"mean":{"confidence_interval":{"confidence_level":0.95,"lower_bound":21476.759265931007,"upper_bound":21488.193819732394},"point_estimate":21482.09095250408,"standard_error":2.930205270455355},"median":{"confidence_interval":{"confidence_level":0.95,"lower_bound":21472.07522306108,"upper_bound":21473.994768218727},"point_estimate":21472.740747605043,"standard_error":0.4863363641042364},"median_abs_dev":{"confidence_interval":{"confidence_level":0.95,"lower_bound":3.809983088013924,"upper_bound":7.15981380674687},"point_estimate":5.502897969770232,"standard_error":0.8414800388687945},"slope":{"confidence_interval":{"confidence_level":0.95,"lower_bound":21482.60600972986,"upper_bound":21506.546100051564},"point_estimate":21494.293034217997,"standard_error":6.113184139366428},"std_dev":{"confidence_interval":{"confidence_level":0.95,"lower_bound":19.678746200537024,"upper_bound":36.83896319190554},"point_estimate":29.406109676963695,"standard_error":4.4022824022753015}}