{"mean":{"confidence_interval":{"confidence_level":0.95,"lower_bound":21432.833179394645,"upper_bound":21457.75613470189},"point_estimate":21445.34583154095,"standard_error":6.358808078853097},"median":{"confidence_interval":{"confidence_level":0.95,"lower_bound":21437.385638297874,"upper_bound":21488.404812563324},"point_estimate":21485.32757092199,"standard_error":12.08702618407816},"median_abs_dev":{"confidence_interval":{"confidence_level":0.95,"lower_bound":19.575909849064107,"upper_bound":90.45162783449777},"point_estimate":33.919401793788005,"standard_error":15.950701678294553},"slope":{"confidence_interval":{"confidence_level":0.95,"lower_bound":21434.48419256917,"upper_bound":21461.63149639416},"point_estimate":21448.894766152385,"standard_error":6.932488539967057},"std_dev":{"confidence_interval":{"confidence_level":0.95,"lower_bound":58.590223476032186,"upper_bound":68.97084276785708},"point_estimate":63.91832635183119,"standard_error":2.632179169621016}}