{"mean":{"confidence_interval":{"confidence_level":0.95,"lower_bound":185.45868935668122,"upper_bound":185.5213969103541},"point_estimate":185.48833437893384,"standard_error":0.015999893122277977},"median":{"confidence_interval":{"confidence_level":0.95,"lower_bound":185.44447007265597,"upper_bound":185.48346145848308},"point_estimate":185.4659229540748,"standard_error":0.010469323237088747},"median_abs_dev":{"confidence_interval":{"confidence_level":0.95,"lower_bound":0.06477949378054507,"upper_bound":0.11131906513077251},"point_estimate":0.09351533910688278,"standard_error":0.011893418376328105},"slope":{"confidence_interval":{"confidence_level":0.95,"lower_bound":185.44996881576486,"upper_bound":185.48425690626894},"point_estimate":185.4671778433969,"standard_error":0.008754796615751648},"std_dev":{"confidence_interval":{"confidence_level":0.95,"lower_bound":0.09843479128751717,"upper_bound":0.2140609007149999},"point_estimate":0.15992955871593417,"standard_error":0.029561088226038954}}