{"mean":{"confidence_interval":{"confidence_level":0.95,"lower_bound":4549.060111435261,"upper_bound":4562.825161759568},"point_estimate":4554.839846294384,"standard_error":3.565983068769218},"median":{"confidence_interval":{"confidence_level":0.95,"lower_bound":4547.537783679382,"upper_bound":4549.162818832544},"point_estimate":4548.554079870481,"standard_error":0.4689933008144059},"median_abs_dev":{"confidence_interval":{"confidence_level":0.95,"lower_bound":4.141964994683721,"upper_bound":7.063349435659363},"point_estimate":5.3260693133980626,"standard_error":0.7939419858256944},"slope":{"confidence_interval":{"confidence_level":0.95,"lower_bound":4548.709346049747,"upper_bound":4558.145927105709},"point_estimate":4552.347938077801,"standard_error":2.4907527128264433},"std_dev":{"confidence_interval":{"confidence_level":0.95,"lower_bound":7.878600443235904,"upper_bound":56.60071653865985},"point_estimate":35.81454796793768,"standard_error":12.600889451045413}}