{"mean":{"confidence_interval":{"confidence_level":0.95,"lower_bound":4500.6869348015,"upper_bound":4515.889000555954},"point_estimate":4506.372999123265,"standard_error":4.227765868004153},"median":{"confidence_interval":{"confidence_level":0.95,"lower_bound":4500.350205198359,"upper_bound":4503.488041370394},"point_estimate":4502.271621693208,"standard_error":0.8127441773438877},"median_abs_dev":{"confidence_interval":{"confidence_level":0.95,"lower_bound":3.9844391065384204,"upper_bound":6.570111211535618},"point_estimate":5.347997823606321,"standard_error":0.6887660897609794},"slope":{"confidence_interval":{"confidence_level":0.95,"lower_bound":4500.899426917421,"upper_bound":4505.6004605242015},"point_estimate":4503.085744031957,"standard_error":1.1923797202370703},"std_dev":{"confidence_interval":{"confidence_level":0.95,"lower_bound":7.513817896513687,"upper_bound":71.9256899874389},"point_estimate":42.551596139999404,"standard_error":21.76969605904479}}