{"mean":{"confidence_interval":{"confidence_level":0.95,"lower_bound":4489.350005296704,"upper_bound":4498.750444120787},"point_estimate":4493.516426339172,"standard_error":2.4131765948038506},"median":{"confidence_interval":{"confidence_level":0.95,"lower_bound":4487.5048484848485,"upper_bound":4490.660748244913},"point_estimate":4488.864297739297,"standard_error":0.8183204983614624},"median_abs_dev":{"confidence_interval":{"confidence_level":0.95,"lower_bound":5.064010935008541,"upper_bound":8.191154967012753},"point_estimate":6.621395655331116,"standard_error":0.7814097277353941},"slope":{"confidence_interval":{"confidence_level":0.95,"lower_bound":4486.405995404189,"upper_bound":4499.042933734446},"point_estimate":4491.909441568037,"standard_error":3.2432358860781347},"std_dev":{"confidence_interval":{"confidence_level":0.95,"lower_bound":10.949360768552449,"upper_bound":35.19739761969068},"point_estimate":24.19533899534835,"standard_error":6.2801386557372485}}