{"mean":{"confidence_interval":{"confidence_level":0.95,"lower_bound":112.10711091847732,"upper_bound":112.74360981107374},"point_estimate":112.37500193511218,"standard_error":0.1650242567713863},"median":{"confidence_interval":{"confidence_level":0.95,"lower_bound":112.04074524756408,"upper_bound":112.111863222127},"point_estimate":112.07085999878979,"standard_error":0.01678938444697651},"median_abs_dev":{"confidence_interval":{"confidence_level":0.95,"lower_bound":0.12558594902151546,"upper_bound":0.2121985823743148},"point_estimate":0.1604335813351218,"standard_error":0.021522288257551942},"slope":{"confidence_interval":{"confidence_level":0.95,"lower_bound":112.12912968226392,"upper_bound":113.45897499847088},"point_estimate":112.61400119270313,"standard_error":0.36894499471075953},"std_dev":{"confidence_interval":{"confidence_level":0.95,"lower_bound":0.27984106310125323,"upper_bound":2.640514311064463},"point_estimate":1.6624146004531677,"standard_error":0.6020120049830776}}