{"mean":{"confidence_interval":{"confidence_level":0.95,"lower_bound":114.07532005572862,"upper_bound":114.38580081006299},"point_estimate":114.19692770766785,"standard_error":0.08260440555004164},"median":{"confidence_interval":{"confidence_level":0.95,"lower_bound":114.03111487121639,"upper_bound":114.1181858309424},"point_estimate":114.08509865955185,"standard_error":0.027869613739225023},"median_abs_dev":{"confidence_interval":{"confidence_level":0.95,"lower_bound":0.12328874869459586,"upper_bound":0.24131822511870313},"point_estimate":0.17130802995359742,"standard_error":0.030315883867219184},"slope":{"confidence_interval":{"confidence_level":0.95,"lower_bound":114.05880728180237,"upper_bound":114.15019076932052},"point_estimate":114.10147264859071,"standard_error":0.02332455945568395},"std_dev":{"confidence_interval":{"confidence_level":0.95,"lower_bound":0.21197538901776652,"upper_bound":1.3682879078979158},"point_estimate":0.8309389636365442,"standard_error":0.3691003833455592}}