{"mean":{"confidence_interval":{"confidence_level":0.95,"lower_bound":1075.0187303802954,"upper_bound":1075.165504322693},"point_estimate":1075.0805232264363,"standard_error":0.038058876719672584},"median":{"confidence_interval":{"confidence_level":0.95,"lower_bound":1074.9844795070926,"upper_bound":1075.076246000151},"point_estimate":1075.004990517325,"standard_error":0.02483183451558366},"median_abs_dev":{"confidence_interval":{"confidence_level":0.95,"lower_bound":0.07410207509525749,"upper_bound":0.15345711193992287},"point_estimate":0.12596074841233218,"standard_error":0.019591290150225222},"slope":{"confidence_interval":{"confidence_level":0.95,"lower_bound":1075.0012176306743,"upper_bound":1075.314664916336},"point_estimate":1075.1146116775437,"standard_error":0.0871075436215257},"std_dev":{"confidence_interval":{"confidence_level":0.95,"lower_bound":0.11336692875982474,"upper_bound":0.4232419284618346},"point_estimate":0.2721662838013912,"standard_error":0.09715393698638944}}