{"mean":{"confidence_interval":{"confidence_level":0.95,"lower_bound":1074.9732876734017,"upper_bound":1075.33332896785},"point_estimate":1075.125036375154,"standard_error":0.09326920480885073},"median":{"confidence_interval":{"confidence_level":0.95,"lower_bound":1074.8975559616263,"upper_bound":1075.0065971569074},"point_estimate":1074.9260036217086,"standard_error":0.027026733046538992},"median_abs_dev":{"confidence_interval":{"confidence_level":0.95,"lower_bound":0.08724227960297293,"upper_bound":0.21853364447573098},"point_estimate":0.152914993288011,"standard_error":0.032509811465189775},"slope":{"confidence_interval":{"confidence_level":0.95,"lower_bound":1074.9448271414792,"upper_bound":1075.2239360032022},"point_estimate":1075.0538196249422,"standard_error":0.07301834145478532},"std_dev":{"confidence_interval":{"confidence_level":0.95,"lower_bound":0.23195262189040095,"upper_bound":1.030673525967338},"point_estimate":0.6664129476974178,"standard_error":0.2311441308319711}}