{"mean":{"confidence_interval":{"confidence_level":0.95,"lower_bound":1075.3076024984991,"upper_bound":1075.6637238222936},"point_estimate":1075.4643855753602,"standard_error":0.09157323120688671},"median":{"confidence_interval":{"confidence_level":0.95,"lower_bound":1075.186139086576,"upper_bound":1075.333954436788},"point_estimate":1075.209166476234,"standard_error":0.03331511460121529},"median_abs_dev":{"confidence_interval":{"confidence_level":0.95,"lower_bound":0.08351652767146941,"upper_bound":0.26922882164720857},"point_estimate":0.15603249094560995,"standard_error":0.04816817944580968},"slope":{"confidence_interval":{"confidence_level":0.95,"lower_bound":1075.32896129921,"upper_bound":1075.6218498764454},"point_estimate":1075.4689566747836,"standard_error":0.07462542497220923},"std_dev":{"confidence_interval":{"confidence_level":0.95,"lower_bound":0.3225606463826435,"upper_bound":0.9529741260351031},"point_estimate":0.6530258071760255,"standard_error":0.17713345353695287}}