{"mean":{"confidence_interval":{"confidence_level":0.95,"lower_bound":1075.0241628906574,"upper_bound":1075.4358875065682},"point_estimate":1075.204534532053,"standard_error":0.10528412379614335},"median":{"confidence_interval":{"confidence_level":0.95,"lower_bound":1074.977550274223,"upper_bound":1075.0484520438279},"point_estimate":1075.010778107861,"standard_error":0.024929490736109595},"median_abs_dev":{"confidence_interval":{"confidence_level":0.95,"lower_bound":0.06863243144619666,"upper_bound":0.1652424753570528},"point_estimate":0.10904437181762626,"standard_error":0.025126235018530403},"slope":{"confidence_interval":{"confidence_level":0.95,"lower_bound":1075.0170065699403,"upper_bound":1075.7513728544648},"point_estimate":1075.3406534823823,"standard_error":0.18841580105137543},"std_dev":{"confidence_interval":{"confidence_level":0.95,"lower_bound":0.1712869136825072,"upper_bound":1.0851114771871473},"point_estimate":0.7516253396704174,"standard_error":0.21667133120901977}}