{"mean":{"confidence_interval":{"confidence_level":0.95,"lower_bound":1075.1070946098523,"upper_bound":1075.236617768913},"point_estimate":1075.1663222404652,"standard_error":0.03319505702944749},"median":{"confidence_interval":{"confidence_level":0.95,"lower_bound":1075.0751256855576,"upper_bound":1075.1301159090597},"point_estimate":1075.0960220374864,"standard_error":0.014619508595321433},"median_abs_dev":{"confidence_interval":{"confidence_level":0.95,"lower_bound":0.060007281721133954,"upper_bound":0.1656183763952788},"point_estimate":0.10537632483702199,"standard_error":0.028286045409515327},"slope":{"confidence_interval":{"confidence_level":0.95,"lower_bound":1075.083100152579,"upper_bound":1075.1823784182486},"point_estimate":1075.1288762658394,"standard_error":0.025422887200492347},"std_dev":{"confidence_interval":{"confidence_level":0.95,"lower_bound":0.1405178389151389,"upper_bound":0.32169321780050597},"point_estimate":0.23722924336223272,"standard_error":0.04701505175851798}}