{"mean":{"confidence_interval":{"confidence_level":0.95,"lower_bound":1628.2411008558847,"upper_bound":1638.6386453848706},"point_estimate":1632.492063489087,"standard_error":2.716183545900618},"median":{"confidence_interval":{"confidence_level":0.95,"lower_bound":1625.877637639952,"upper_bound":1629.0069588520055},"point_estimate":1626.910211077034,"standard_error":0.7033725134559636},"median_abs_dev":{"confidence_interval":{"confidence_level":0.95,"lower_bound":2.5277685951455604,"upper_bound":6.349511404389599},"point_estimate":4.278734418324837,"standard_error":0.8954472030141907},"slope":{"confidence_interval":{"confidence_level":0.95,"lower_bound":1624.8371313594646,"upper_bound":1626.1972585679457},"point_estimate":1625.4139752100668,"standard_error":0.3473235628010865},"std_dev":{"confidence_interval":{"confidence_level":0.95,"lower_bound":5.667780640574233,"upper_bound":30.738636230710853},"point_estimate":19.387111590924693,"standard_error":7.4952572671924855}}