{"mean":{"confidence_interval":{"confidence_level":0.95,"lower_bound":1630.8179216070362,"upper_bound":1646.9985681214669},"point_estimate":1637.5509480402554,"standard_error":4.224079230804958},"median":{"confidence_interval":{"confidence_level":0.95,"lower_bound":1626.6370124481327,"upper_bound":1630.8044157573895},"point_estimate":1628.744382864715,"standard_error":0.9294994800262814},"median_abs_dev":{"confidence_interval":{"confidence_level":0.95,"lower_bound":1.6061718948055328,"upper_bound":6.696333606658772},"point_estimate":4.119676976081198,"standard_error":1.1729695394397015},"slope":{"confidence_interval":{"confidence_level":0.95,"lower_bound":1626.6142315247637,"upper_bound":1627.7707266837106},"point_estimate":1627.1265949084534,"standard_error":0.2962620237709808},"std_dev":{"confidence_interval":{"confidence_level":0.95,"lower_bound":8.317229657029099,"upper_bound":47.24966553126825},"point_estimate":30.171904184238258,"standard_error":11.040963439760764}}