{"mean":{"confidence_interval":{"confidence_level":0.95,"lower_bound":1630.936334473364,"upper_bound":1643.2045433148382},"point_estimate":1636.1811402691383,"standard_error":3.170000538615836},"median":{"confidence_interval":{"confidence_level":0.95,"lower_bound":1627.2705678811317,"upper_bound":1630.363044982699},"point_estimate":1628.8193103866934,"standard_error":0.7788997982275823},"median_abs_dev":{"confidence_interval":{"confidence_level":0.95,"lower_bound":2.3289931605683387,"upper_bound":6.005079742598983},"point_estimate":3.9022991662197906,"standard_error":0.9207697000914474},"slope":{"confidence_interval":{"confidence_level":0.95,"lower_bound":1626.6708014510496,"upper_bound":1633.5632828253742},"point_estimate":1629.1184954686798,"standard_error":1.9579328379927883},"std_dev":{"confidence_interval":{"confidence_level":0.95,"lower_bound":8.62903284335332,"upper_bound":34.74332613543774},"point_estimate":22.73487019771794,"standard_error":7.516272951697229}}