{"mean":{"confidence_interval":{"confidence_level":0.95,"lower_bound":2542.261590454537,"upper_bound":2545.2735451742883},"point_estimate":2543.4942058670285,"standard_error":0.7875318447824465},"median":{"confidence_interval":{"confidence_level":0.95,"lower_bound":2541.776137910177,"upper_bound":2542.767688701587},"point_estimate":2542.3616043767715,"standard_error":0.2637588564653641},"median_abs_dev":{"confidence_interval":{"confidence_level":0.95,"lower_bound":1.6950049847619095,"upper_bound":2.882064133677142},"point_estimate":2.4665529448994987,"standard_error":0.3170406569158125},"slope":{"confidence_interval":{"confidence_level":0.95,"lower_bound":2542.4179314126,"upper_bound":2543.8550809730373},"point_estimate":2543.0934913611836,"standard_error":0.36663171712802983},"std_dev":{"confidence_interval":{"confidence_level":0.95,"lower_bound":2.639064241611328,"upper_bound":12.686809540445562},"point_estimate":7.9123534160439,"standard_error":3.060462054455799}}