{"mean":{"confidence_interval":{"confidence_level":0.95,"lower_bound":1722.384096663194,"upper_bound":1737.671720008167},"point_estimate":1729.749016190827,"standard_error":3.9040460054242234},"median":{"confidence_interval":{"confidence_level":0.95,"lower_bound":1712.776588661433,"upper_bound":1731.5394366197183},"point_estimate":1722.0986393270014,"standard_error":5.09408462101915},"median_abs_dev":{"confidence_interval":{"confidence_level":0.95,"lower_bound":24.532046301828967,"upper_bound":42.220258090321906},"point_estimate":31.699003350910882,"standard_error":4.448564909647516},"slope":{"confidence_interval":{"confidence_level":0.95,"lower_bound":1731.5794470569685,"upper_bound":1746.5696594749616},"point_estimate":1739.05683453462,"standard_error":3.83286817052013},"std_dev":{"confidence_interval":{"confidence_level":0.95,"lower_bound":29.909429976764663,"upper_bound":48.18547176280802},"point_estimate":39.25246052747293,"standard_error":4.689631581230517}}