{"mean":{"confidence_interval":{"confidence_level":0.95,"lower_bound":2341073.480556818,"upper_bound":2342368.507522728},"point_estimate":2341699.2431818186,"standard_error":329.86160044015725},"median":{"confidence_interval":{"confidence_level":0.95,"lower_bound":2340459.8636363633,"upper_bound":2341810.272727273},"point_estimate":2341300.272727273,"standard_error":339.67071012806446},"median_abs_dev":{"confidence_interval":{"confidence_level":0.95,"lower_bound":2022.6631280678005,"upper_bound":3299.2229823361117},"point_estimate":2774.6521552859085,"standard_error":338.07766133546767},"slope":null,"std_dev":{"confidence_interval":{"confidence_level":0.95,"lower_bound":2625.030837314587,"upper_bound":3899.123557500701},"point_estimate":3309.992254092824,"standard_error":325.75321068138294}}