{"mean":{"confidence_interval":{"confidence_level":0.95,"lower_bound":2335255.761738636,"upper_bound":2338477.7745681806},"point_estimate":2336605.7499999995,"standard_error":835.2990649369315},"median":{"confidence_interval":{"confidence_level":0.95,"lower_bound":2334316.0,"upper_bound":2335670.772727273},"point_estimate":2334909.6363636362,"standard_error":324.9129972803888},"median_abs_dev":{"confidence_interval":{"confidence_level":0.95,"lower_bound":2028.1967639923096,"upper_bound":3321.293504671366},"point_estimate":2793.858564035208,"standard_error":313.15939238919196},"slope":null,"std_dev":{"confidence_interval":{"confidence_level":0.95,"lower_bound":2713.211796531458,"upper_bound":13274.912223006104},"point_estimate":8405.909552043282,"standard_error":3000.9694266201136}}