{"mean":{"confidence_interval":{"confidence_level":0.95,"lower_bound":2343209.4411818185,"upper_bound":2354867.6794545464},"point_estimate":2347341.849999999,"standard_error":3503.0646650917197},"median":{"confidence_interval":{"confidence_level":0.95,"lower_bound":2342158.3636363638,"upper_bound":2343019.227272727},"point_estimate":2342576.0681818184,"standard_error":205.67562097931074},"median_abs_dev":{"confidence_interval":{"confidence_level":0.95,"lower_bound":1493.3151280338427,"upper_bound":2772.226082601205},"point_estimate":2206.9848426365884,"standard_error":326.369973950266},"slope":null,"std_dev":{"confidence_interval":{"confidence_level":0.95,"lower_bound":3248.16986838514,"upper_bound":59920.50256375997},"point_estimate":35117.73464484805,"standard_error":19992.253940559905}}