{"mean":{"confidence_interval":{"confidence_level":0.95,"lower_bound":343.89156785154756,"upper_bound":344.3583825954488},"point_estimate":344.07611861532206,"standard_error":0.12368162720309848},"median":{"confidence_interval":{"confidence_level":0.95,"lower_bound":343.84332870048644,"upper_bound":343.98669156714425},"point_estimate":343.9097868890433,"standard_error":0.0397956574460477},"median_abs_dev":{"confidence_interval":{"confidence_level":0.95,"lower_bound":0.27870340610135014,"upper_bound":0.49878680223150734},"point_estimate":0.3714718908717647,"standard_error":0.054997352758522494},"slope":{"confidence_interval":{"confidence_level":0.95,"lower_bound":343.8805215787026,"upper_bound":344.0415078588156},"point_estimate":343.95868690317735,"standard_error":0.04110518590034163},"std_dev":{"confidence_interval":{"confidence_level":0.95,"lower_bound":0.4042769266353038,"upper_bound":2.0350296415577693},"point_estimate":1.241667708542314,"standard_error":0.5441497297457525}}