{"mean":{"confidence_interval":{"confidence_level":0.95,"lower_bound":335.7569624266032,"upper_bound":336.95350182622866},"point_estimate":336.2195940988396,"standard_error":0.32083059455784096},"median":{"confidence_interval":{"confidence_level":0.95,"lower_bound":335.50129654756523,"upper_bound":335.8203318513814},"point_estimate":335.6618768088707,"standard_error":0.08458191427602633},"median_abs_dev":{"confidence_interval":{"confidence_level":0.95,"lower_bound":0.5207631442824499,"upper_bound":1.0330191609480899},"point_estimate":0.7687668479577303,"standard_error":0.12845296855002616},"slope":{"confidence_interval":{"confidence_level":0.95,"lower_bound":335.543470583749,"upper_bound":335.9775465482047},"point_estimate":335.7394119418625,"standard_error":0.11088297080637793},"std_dev":{"confidence_interval":{"confidence_level":0.95,"lower_bound":0.9016744687410823,"upper_bound":5.33700823931656},"point_estimate":3.226310405365518,"standard_error":1.4858910424508744}}