{"mean":{"confidence_interval":{"confidence_level":0.95,"lower_bound":322.960106094662,"upper_bound":324.9285559563044},"point_estimate":323.93397727607334,"standard_error":0.5023381372989316},"median":{"confidence_interval":{"confidence_level":0.95,"lower_bound":322.45940395664735,"upper_bound":324.89004754454453},"point_estimate":323.5778785157255,"standard_error":0.6807017205946261},"median_abs_dev":{"confidence_interval":{"confidence_level":0.95,"lower_bound":3.699447597325449,"upper_bound":6.107136915743822},"point_estimate":4.852274022712996,"standard_error":0.6099986537733297},"slope":{"confidence_interval":{"confidence_level":0.95,"lower_bound":321.4563727025377,"upper_bound":323.3637190227992},"point_estimate":322.40427165123094,"standard_error":0.48559496275654856},"std_dev":{"confidence_interval":{"confidence_level":0.95,"lower_bound":4.289212518543286,"upper_bound":5.778797374942498},"point_estimate":5.0532687399882805,"standard_error":0.38068488754951463}}