{"mean":{"confidence_interval":{"confidence_level":0.95,"lower_bound":945217.9751496806,"upper_bound":946364.5727327857},"point_estimate":945715.6325243504,"standard_error":296.4325282143692},"median":{"confidence_interval":{"confidence_level":0.95,"lower_bound":945041.22625969,"upper_bound":945500.4833147943},"point_estimate":945192.6086419753,"standard_error":118.33854490541634},"median_abs_dev":{"confidence_interval":{"confidence_level":0.95,"lower_bound":821.0935174227727,"upper_bound":1647.3801140851997},"point_estimate":1168.2390207664346,"standard_error":216.78637136623158},"slope":{"confidence_interval":{"confidence_level":0.95,"lower_bound":945339.4769542955,"upper_bound":945956.6775428617},"point_estimate":945629.1386020393,"standard_error":157.79553412348736},"std_dev":{"confidence_interval":{"confidence_level":0.95,"lower_bound":1372.2245770258369,"upper_bound":4567.481376560642},"point_estimate":2975.439277967989,"standard_error":951.8497027450551}}