{"mean":{"confidence_interval":{"confidence_level":0.95,"lower_bound":897819.0068980063,"upper_bound":899391.625578274},"point_estimate":898552.1177129223,"standard_error":399.6386048896371},"median":{"confidence_interval":{"confidence_level":0.95,"lower_bound":897908.34,"upper_bound":899328.2720179738},"point_estimate":898937.6870842571,"standard_error":338.7537906078357},"median_abs_dev":{"confidence_interval":{"confidence_level":0.95,"lower_bound":1580.7123103109511,"upper_bound":2605.1253920758236},"point_estimate":1988.5402633327312,"standard_error":252.84308515614433},"slope":{"confidence_interval":{"confidence_level":0.95,"lower_bound":896494.0044281564,"upper_bound":898494.4009467629},"point_estimate":897496.0624752475,"standard_error":511.85410249812463},"std_dev":{"confidence_interval":{"confidence_level":0.95,"lower_bound":2550.2897451779163,"upper_bound":5687.382016808022},"point_estimate":4007.8240271199957,"standard_error":886.1380450234562}}