{"mean":{"confidence_interval":{"confidence_level":0.95,"lower_bound":87.37297773765142,"upper_bound":87.69085813898332},"point_estimate":87.51547527072617,"standard_error":0.08075657890121657},"median":{"confidence_interval":{"confidence_level":0.95,"lower_bound":87.47900455191412,"upper_bound":87.63859651891244},"point_estimate":87.55366944584192,"standard_error":0.04045510028519386},"median_abs_dev":{"confidence_interval":{"confidence_level":0.95,"lower_bound":0.17071784443153012,"upper_bound":0.32327575722142887},"point_estimate":0.26000799025511806,"standard_error":0.03742917662063317},"slope":{"confidence_interval":{"confidence_level":0.95,"lower_bound":87.37025974629164,"upper_bound":87.4864410348777},"point_estimate":87.42799803445902,"standard_error":0.029709707143789236},"std_dev":{"confidence_interval":{"confidence_level":0.95,"lower_bound":0.26904290192984626,"upper_bound":1.28604657051856},"point_estimate":0.8092925104130532,"standard_error":0.2825100864785719}}