{"mean":{"confidence_interval":{"confidence_level":0.95,"lower_bound":234183.89194927335,"upper_bound":237723.80366705247},"point_estimate":235729.59437908593,"standard_error":907.6025368291387},"median":{"confidence_interval":{"confidence_level":0.95,"lower_bound":233641.12333333332,"upper_bound":233770.46861471861},"point_estimate":233704.3745972073,"standard_error":34.46741927470273},"median_abs_dev":{"confidence_interval":{"confidence_level":0.95,"lower_bound":153.1127129186935,"upper_bound":334.31531981219905},"point_estimate":226.60251646975328,"standard_error":44.79670221069091},"slope":{"confidence_interval":{"confidence_level":0.95,"lower_bound":234109.19224767777,"upper_bound":241401.11875364956},"point_estimate":237370.11812265406,"standard_error":1846.6416794221398},"std_dev":{"confidence_interval":{"confidence_level":0.95,"lower_bound":1818.127436968901,"upper_bound":13519.042024462313},"point_estimate":9132.306598870371,"standard_error":2768.1153723541615}}