{"mean":{"confidence_interval":{"confidence_level":0.95,"lower_bound":212264.24705094122,"upper_bound":216123.67870065945},"point_estimate":214208.4468623047,"standard_error":983.2782821049128},"median":{"confidence_interval":{"confidence_level":0.95,"lower_bound":218696.32903225807,"upper_bound":218906.168},"point_estimate":218805.42211740042,"standard_error":77.57632437797388},"median_abs_dev":{"confidence_interval":{"confidence_level":0.95,"lower_bound":371.13386013833895,"upper_bound":2301.2440286588294},"point_estimate":628.794632729298,"standard_error":1317.0665793760643},"slope":{"confidence_interval":{"confidence_level":0.95,"lower_bound":205294.27766167175,"upper_bound":209765.88014377604},"point_estimate":207290.8695681986,"standard_error":1143.1870412474998},"std_dev":{"confidence_interval":{"confidence_level":0.95,"lower_bound":8665.004159829845,"upper_bound":11016.51976605022},"point_estimate":9877.342580887262,"standard_error":597.5536069833895}}