{"mean":{"confidence_interval":{"confidence_level":0.95,"lower_bound":93.29275441552514,"upper_bound":93.35079921157698},"point_estimate":93.3216494100491,"standard_error":0.014796366368119991},"median":{"confidence_interval":{"confidence_level":0.95,"lower_bound":93.33951307462398,"upper_bound":93.38702660453043},"point_estimate":93.36930921911002,"standard_error":0.012602606055207376},"median_abs_dev":{"confidence_interval":{"confidence_level":0.95,"lower_bound":0.061376197006013204,"upper_bound":0.14637088933156198},"point_estimate":0.08368714030691408,"standard_error":0.022959964846235015},"slope":{"confidence_interval":{"confidence_level":0.95,"lower_bound":93.34482595847155,"upper_bound":93.3823829560255},"point_estimate":93.36511965062664,"standard_error":0.009566533827238015},"std_dev":{"confidence_interval":{"confidence_level":0.95,"lower_bound":0.12398393877939681,"upper_bound":0.17442178921814358},"point_estimate":0.14797127543396726,"standard_error":0.013027712305201802}}