{"mean":{"confidence_interval":{"confidence_level":0.95,"lower_bound":93.77170821629201,"upper_bound":93.81668761121051},"point_estimate":93.79410161403146,"standard_error":0.011441854148771349},"median":{"confidence_interval":{"confidence_level":0.95,"lower_bound":93.78298451123305,"upper_bound":93.83557338199134},"point_estimate":93.81038416535863,"standard_error":0.013081174353466701},"median_abs_dev":{"confidence_interval":{"confidence_level":0.95,"lower_bound":0.07509510751729481,"upper_bound":0.12617677895671148},"point_estimate":0.1004694297550679,"standard_error":0.012699073683341972},"slope":{"confidence_interval":{"confidence_level":0.95,"lower_bound":93.77947834564068,"upper_bound":93.8212040162394},"point_estimate":93.80032847129796,"standard_error":0.010664016947170762},"std_dev":{"confidence_interval":{"confidence_level":0.95,"lower_bound":0.09548386698980402,"upper_bound":0.13275659206182877},"point_estimate":0.11436241333192847,"standard_error":0.009533405287252198}}