{"mean":{"confidence_interval":{"confidence_level":0.95,"lower_bound":748.2940521848806,"upper_bound":756.0973451633301},"point_estimate":751.629711514803,"standard_error":2.007138121665453},"median":{"confidence_interval":{"confidence_level":0.95,"lower_bound":747.2461709211987,"upper_bound":748.0232089345172},"point_estimate":747.5917477742383,"standard_error":0.18388463617285608},"median_abs_dev":{"confidence_interval":{"confidence_level":0.95,"lower_bound":0.8397616756573062,"upper_bound":1.6005124548695508},"point_estimate":1.2424992733589584,"standard_error":0.20026842968922934},"slope":{"confidence_interval":{"confidence_level":0.95,"lower_bound":748.2116004051265,"upper_bound":752.7679945217541},"point_estimate":749.9821405388525,"standard_error":1.2034858025356883},"std_dev":{"confidence_interval":{"confidence_level":0.95,"lower_bound":2.9153667885240964,"upper_bound":31.04366749105917},"point_estimate":20.153095224311134,"standard_error":6.965140072192169}}