{"mean":{"confidence_interval":{"confidence_level":0.95,"lower_bound":789.0142424190993,"upper_bound":791.7069390967081},"point_estimate":790.1195277799202,"standard_error":0.703394996782934},"median":{"confidence_interval":{"confidence_level":0.95,"lower_bound":788.7694585987261,"upper_bound":789.1432084723485},"point_estimate":788.9466902400416,"standard_error":0.11523322881863785},"median_abs_dev":{"confidence_interval":{"confidence_level":0.95,"lower_bound":0.565814486989793,"upper_bound":1.0329772456715827},"point_estimate":0.7269780196227243,"standard_error":0.12306843004856385},"slope":{"confidence_interval":{"confidence_level":0.95,"lower_bound":788.897048771421,"upper_bound":790.5964257607378},"point_estimate":789.4789419546337,"standard_error":0.47769925122228435},"std_dev":{"confidence_interval":{"confidence_level":0.95,"lower_bound":1.2733765028766666,"upper_bound":11.291668055567136},"point_estimate":7.052412817986999,"standard_error":2.706576723237355}}