{"mean":{"confidence_interval":{"confidence_level":0.95,"lower_bound":744.2568228272821,"upper_bound":746.9444212580511},"point_estimate":745.4809268618799,"standard_error":0.6907800504395926},"median":{"confidence_interval":{"confidence_level":0.95,"lower_bound":743.1580885653667,"upper_bound":743.7161585564286},"point_estimate":743.4688687659545,"standard_error":0.16906015359959892},"median_abs_dev":{"confidence_interval":{"confidence_level":0.95,"lower_bound":0.7866816124323439,"upper_bound":1.5382980742891226},"point_estimate":1.160753709097698,"standard_error":0.19469703741156408},"slope":{"confidence_interval":{"confidence_level":0.95,"lower_bound":743.6865829311522,"upper_bound":745.402256894801},"point_estimate":744.4369145687234,"standard_error":0.43914619995739923},"std_dev":{"confidence_interval":{"confidence_level":0.95,"lower_bound":3.835889522396605,"upper_bound":9.409192837206595},"point_estimate":6.971296139767591,"standard_error":1.4214766071689307}}