{"mean":{"confidence_interval":{"confidence_level":0.95,"lower_bound":99.13455051197765,"upper_bound":99.17852273087897},"point_estimate":99.15583219691106,"standard_error":0.011235942473084423},"median":{"confidence_interval":{"confidence_level":0.95,"lower_bound":99.1119545066651,"upper_bound":99.13611630376593},"point_estimate":99.12931021200673,"standard_error":0.006409935764350619},"median_abs_dev":{"confidence_interval":{"confidence_level":0.95,"lower_bound":0.0536453679204381,"upper_bound":0.09843245949435048},"point_estimate":0.0864097775268833,"standard_error":0.012321030889072635},"slope":{"confidence_interval":{"confidence_level":0.95,"lower_bound":99.12255717742046,"upper_bound":99.16101370350911},"point_estimate":99.14064110199034,"standard_error":0.009780187234264843},"std_dev":{"confidence_interval":{"confidence_level":0.95,"lower_bound":0.09157497067891096,"upper_bound":0.13095176801709943},"point_estimate":0.11312935850181245,"standard_error":0.010080619363059408}}