{"mean":{"confidence_interval":{"confidence_level":0.95,"lower_bound":99.40470252653293,"upper_bound":99.44185783562438},"point_estimate":99.42358365183225,"standard_error":0.009465616097745676},"median":{"confidence_interval":{"confidence_level":0.95,"lower_bound":99.40218222503943,"upper_bound":99.42574201728559},"point_estimate":99.41235441161888,"standard_error":0.006328681054318859},"median_abs_dev":{"confidence_interval":{"confidence_level":0.95,"lower_bound":0.04040775440592875,"upper_bound":0.07956527223826908},"point_estimate":0.05344669238130239,"standard_error":0.010107300463871448},"slope":{"confidence_interval":{"confidence_level":0.95,"lower_bound":99.41075089788578,"upper_bound":99.44050915608068},"point_estimate":99.4251696743176,"standard_error":0.007548149470913479},"std_dev":{"confidence_interval":{"confidence_level":0.95,"lower_bound":0.06984253603623039,"upper_bound":0.12206868241029072},"point_estimate":0.0952261301940407,"standard_error":0.013676197537356476}}