{"mean":{"confidence_interval":{"confidence_level":0.95,"lower_bound":99.32939780870399,"upper_bound":99.36723685232302},"point_estimate":99.34598236967068,"standard_error":0.00972513211523341},"median":{"confidence_interval":{"confidence_level":0.95,"lower_bound":99.31860839372618,"upper_bound":99.34270516717325},"point_estimate":99.33205891208351,"standard_error":0.005955757430874961},"median_abs_dev":{"confidence_interval":{"confidence_level":0.95,"lower_bound":0.03563242602138254,"upper_bound":0.06216288366300764},"point_estimate":0.0472373272306778,"standard_error":0.006994291397891278},"slope":{"confidence_interval":{"confidence_level":0.95,"lower_bound":99.32082600102098,"upper_bound":99.33765436164552},"point_estimate":99.32902646750112,"standard_error":0.004282675494750328},"std_dev":{"confidence_interval":{"confidence_level":0.95,"lower_bound":0.049981130601259395,"upper_bound":0.14897117550878342},"point_estimate":0.09811360097138275,"standard_error":0.030498152289979652}}