{"mean":{"confidence_interval":{"confidence_level":0.95,"lower_bound":100.06640420891867,"upper_bound":100.10573983524293},"point_estimate":100.08660979278396,"standard_error":0.01000742221783229},"median":{"confidence_interval":{"confidence_level":0.95,"lower_bound":100.07324228629236,"upper_bound":100.11239697938817},"point_estimate":100.08805845321669,"standard_error":0.009954328524091224},"median_abs_dev":{"confidence_interval":{"confidence_level":0.95,"lower_bound":0.06029759772785224,"upper_bound":0.09821954859760533},"point_estimate":0.08038774239321282,"standard_error":0.009512436653104342},"slope":{"confidence_interval":{"confidence_level":0.95,"lower_bound":100.07385212618865,"upper_bound":100.10546436667191},"point_estimate":100.08953864251961,"standard_error":0.008065845016218365},"std_dev":{"confidence_interval":{"confidence_level":0.95,"lower_bound":0.07692651273034386,"upper_bound":0.12316945611385671},"point_estimate":0.10027215142399803,"standard_error":0.011908144924489652}}