{"mean":{"confidence_interval":{"confidence_level":0.95,"lower_bound":15.23553442324911,"upper_bound":15.239996775494744},"point_estimate":15.237748376305415,"standard_error":0.0011425688555938413},"median":{"confidence_interval":{"confidence_level":0.95,"lower_bound":15.233660451719055,"upper_bound":15.238521380926079},"point_estimate":15.235312959766894,"standard_error":0.0013084798729596947},"median_abs_dev":{"confidence_interval":{"confidence_level":0.95,"lower_bound":0.006623733374585233,"upper_bound":0.01267881654324295},"point_estimate":0.009321823483821963,"standard_error":0.001581545037408062},"slope":{"confidence_interval":{"confidence_level":0.95,"lower_bound":15.23416545893846,"upper_bound":15.238670575269653},"point_estimate":15.23636309291394,"standard_error":0.0011474850056693378},"std_dev":{"confidence_interval":{"confidence_level":0.95,"lower_bound":0.009715670653850247,"upper_bound":0.013062143891993878},"point_estimate":0.011485579989758715,"standard_error":0.0008513921655442519}}