{"mean":{"confidence_interval":{"confidence_level":0.95,"lower_bound":14.512388811474855,"upper_bound":14.518788519422989},"point_estimate":14.515507771994441,"standard_error":0.0016330089039508161},"median":{"confidence_interval":{"confidence_level":0.95,"lower_bound":14.511784052515429,"upper_bound":14.516277048668073},"point_estimate":14.513646394812906,"standard_error":0.0010440335768378247},"median_abs_dev":{"confidence_interval":{"confidence_level":0.95,"lower_bound":0.00807902273599756,"upper_bound":0.016143646649712247},"point_estimate":0.012126216263077024,"standard_error":0.001998431026852534},"slope":{"confidence_interval":{"confidence_level":0.95,"lower_bound":14.514130676561283,"upper_bound":14.519315443772},"point_estimate":14.516755290359004,"standard_error":0.001323739044827843},"std_dev":{"confidence_interval":{"confidence_level":0.95,"lower_bound":0.012778802826939755,"upper_bound":0.019924166329560712},"point_estimate":0.016455260161027465,"standard_error":0.0018334540723288413}}