{"mean":{"confidence_interval":{"confidence_level":0.95,"lower_bound":574.5764910971528,"upper_bound":574.6683209934677},"point_estimate":574.6184121034952,"standard_error":0.02353423798669154},"median":{"confidence_interval":{"confidence_level":0.95,"lower_bound":574.5321227264232,"upper_bound":574.5899110079318},"point_estimate":574.5538305281486,"standard_error":0.015021436027409818},"median_abs_dev":{"confidence_interval":{"confidence_level":0.95,"lower_bound":0.08468661909271108,"upper_bound":0.14078394057883825},"point_estimate":0.11663059173123468,"standard_error":0.014307771739411881},"slope":{"confidence_interval":{"confidence_level":0.95,"lower_bound":574.5706247303613,"upper_bound":574.6408629996906},"point_estimate":574.6041118308174,"standard_error":0.017917141274023756},"std_dev":{"confidence_interval":{"confidence_level":0.95,"lower_bound":0.139350555678832,"upper_bound":0.3336188541051128},"point_estimate":0.237374170864193,"standard_error":0.05153226658319081}}