{"mean":{"confidence_interval":{"confidence_level":0.95,"lower_bound":576.3752234838047,"upper_bound":576.457199357459},"point_estimate":576.4156660261416,"standard_error":0.020914603150370074},"median":{"confidence_interval":{"confidence_level":0.95,"lower_bound":576.3253652799885,"upper_bound":576.4626130563266},"point_estimate":576.4131818433798,"standard_error":0.031760049430400054},"median_abs_dev":{"confidence_interval":{"confidence_level":0.95,"lower_bound":0.16196957635137663,"upper_bound":0.24737917484132788},"point_estimate":0.2050938330471085,"standard_error":0.020932855649785996},"slope":{"confidence_interval":{"confidence_level":0.95,"lower_bound":576.4026718676421,"upper_bound":576.4910517479631},"point_estimate":576.4456293114586,"standard_error":0.022569632053399506},"std_dev":{"confidence_interval":{"confidence_level":0.95,"lower_bound":0.1759425947076838,"upper_bound":0.2412334886807999},"point_estimate":0.2098684273275999,"standard_error":0.016678467107181644}}