{"mean":{"confidence_interval":{"confidence_level":0.95,"lower_bound":575.4192744031006,"upper_bound":575.5679252483174},"point_estimate":575.491235236856,"standard_error":0.0379634915423786},"median":{"confidence_interval":{"confidence_level":0.95,"lower_bound":575.2647932710215,"upper_bound":575.5547707725129},"point_estimate":575.4368001931593,"standard_error":0.08499012495578838},"median_abs_dev":{"confidence_interval":{"confidence_level":0.95,"lower_bound":0.2483739360104866,"upper_bound":0.46791655002128124},"point_estimate":0.39187471275809926,"standard_error":0.06149569778569171},"slope":{"confidence_interval":{"confidence_level":0.95,"lower_bound":575.407134810807,"upper_bound":575.5484161425122},"point_estimate":575.4777435320996,"standard_error":0.0360463701668692},"std_dev":{"confidence_interval":{"confidence_level":0.95,"lower_bound":0.30771395606238017,"upper_bound":0.45706096568186466},"point_estimate":0.3810635241433905,"standard_error":0.03852132004486381}}