{"mean":{"confidence_interval":{"confidence_level":0.95,"lower_bound":575.2070286243942,"upper_bound":575.3251086622192},"point_estimate":575.2574936623233,"standard_error":0.03051645207712927},"median":{"confidence_interval":{"confidence_level":0.95,"lower_bound":575.1698812647098,"upper_bound":575.210328807201},"point_estimate":575.182554154155,"standard_error":0.0107971884672402},"median_abs_dev":{"confidence_interval":{"confidence_level":0.95,"lower_bound":0.062080155266166746,"upper_bound":0.10975665649578435},"point_estimate":0.08378244631007681,"standard_error":0.012131187836173766},"slope":{"confidence_interval":{"confidence_level":0.95,"lower_bound":575.1886047444425,"upper_bound":575.2361795801412},"point_estimate":575.2111195691365,"standard_error":0.012117609084426483},"std_dev":{"confidence_interval":{"confidence_level":0.95,"lower_bound":0.12109052290726484,"upper_bound":0.47444976920698223},"point_estimate":0.3059253430660153,"standard_error":0.10057115926715239}}