{"mean":{"confidence_interval":{"confidence_level":0.95,"lower_bound":575.0849222231006,"upper_bound":575.1533573260717},"point_estimate":575.1162914514956,"standard_error":0.017484912116621214},"median":{"confidence_interval":{"confidence_level":0.95,"lower_bound":575.0677575558077,"upper_bound":575.1036257654541},"point_estimate":575.0910786833597,"standard_error":0.009301098582486554},"median_abs_dev":{"confidence_interval":{"confidence_level":0.95,"lower_bound":0.054154227764958394,"upper_bound":0.09972757402172977},"point_estimate":0.07136730546246427,"standard_error":0.011360497053994752},"slope":{"confidence_interval":{"confidence_level":0.95,"lower_bound":575.0780073503357,"upper_bound":575.1210207398086},"point_estimate":575.0974851548616,"standard_error":0.010993732252531838},"std_dev":{"confidence_interval":{"confidence_level":0.95,"lower_bound":0.1005564447675562,"upper_bound":0.24890361986203774},"point_estimate":0.17544590405652874,"standard_error":0.039554477475300234}}