{"mean":{"confidence_interval":{"confidence_level":0.95,"lower_bound":169.65884788232486,"upper_bound":170.0050186379917},"point_estimate":169.80315353957292,"standard_error":0.0897253784955474},"median":{"confidence_interval":{"confidence_level":0.95,"lower_bound":169.57653973933043,"upper_bound":169.7240020558506},"point_estimate":169.64700048775774,"standard_error":0.031026037901143128},"median_abs_dev":{"confidence_interval":{"confidence_level":0.95,"lower_bound":0.19929329941139137,"upper_bound":0.3821038211672997},"point_estimate":0.24847002832496765,"standard_error":0.04733297376740115},"slope":{"confidence_interval":{"confidence_level":0.95,"lower_bound":169.68325010155368,"upper_bound":170.01225530420794},"point_estimate":169.8332659018857,"standard_error":0.08418114045175307},"std_dev":{"confidence_interval":{"confidence_level":0.95,"lower_bound":0.3485633320646682,"upper_bound":1.4189874204439719},"point_estimate":0.8985855448684342,"standard_error":0.32334083451244194}}