{"mean":{"confidence_interval":{"confidence_level":0.95,"lower_bound":173.5942191198848,"upper_bound":173.9793164745634},"point_estimate":173.7497338672427,"standard_error":0.10136629370876651},"median":{"confidence_interval":{"confidence_level":0.95,"lower_bound":173.53317883583148,"upper_bound":173.68069747233676},"point_estimate":173.6050411811109,"standard_error":0.03519030669428492},"median_abs_dev":{"confidence_interval":{"confidence_level":0.95,"lower_bound":0.22099369428627688,"upper_bound":0.44135599698501043},"point_estimate":0.30283322210495084,"standard_error":0.057526429489995215},"slope":{"confidence_interval":{"confidence_level":0.95,"lower_bound":173.6193233935864,"upper_bound":173.77581323395947},"point_estimate":173.6955376938177,"standard_error":0.039916505713783065},"std_dev":{"confidence_interval":{"confidence_level":0.95,"lower_bound":0.35020411875723956,"upper_bound":1.6535316190815934},"point_estimate":1.0191266116331135,"standard_error":0.4241629617858509}}