{"mean":{"confidence_interval":{"confidence_level":0.95,"lower_bound":176.59893809897292,"upper_bound":177.0317132219884},"point_estimate":176.7797613091516,"standard_error":0.11270005033495366},"median":{"confidence_interval":{"confidence_level":0.95,"lower_bound":176.5166433141,"upper_bound":176.65623976764834},"point_estimate":176.55901891299845,"standard_error":0.037196672112759024},"median_abs_dev":{"confidence_interval":{"confidence_level":0.95,"lower_bound":0.2282678461033796,"upper_bound":0.3833025955819232},"point_estimate":0.2869788871195369,"standard_error":0.04105052161510103},"slope":{"confidence_interval":{"confidence_level":0.95,"lower_bound":176.55832562354936,"upper_bound":176.9331601606207},"point_estimate":176.72742551202052,"standard_error":0.09670040848648019},"std_dev":{"confidence_interval":{"confidence_level":0.95,"lower_bound":0.38159314788185245,"upper_bound":1.786891530908221},"point_estimate":1.1297925563756899,"standard_error":0.4056142278326624}}