{"mean":{"confidence_interval":{"confidence_level":0.95,"lower_bound":168.59165223044135,"upper_bound":169.4977324810207},"point_estimate":168.91420108855556,"standard_error":0.2672211615564953},"median":{"confidence_interval":{"confidence_level":0.95,"lower_bound":168.5172144445112,"upper_bound":168.64319652087784},"point_estimate":168.58399611853858,"standard_error":0.029426934743706768},"median_abs_dev":{"confidence_interval":{"confidence_level":0.95,"lower_bound":0.1629264017313362,"upper_bound":0.292924157746801},"point_estimate":0.21240667861357998,"standard_error":0.032159044826566445},"slope":{"confidence_interval":{"confidence_level":0.95,"lower_bound":168.57715100110516,"upper_bound":168.70274172771798},"point_estimate":168.63875075365996,"standard_error":0.03197585877624855},"std_dev":{"confidence_interval":{"confidence_level":0.95,"lower_bound":0.2507039735878802,"upper_bound":4.561258140319909},"point_estimate":2.6776619928130305,"standard_error":1.4961490056042162}}