{"mean":{"confidence_interval":{"confidence_level":0.95,"lower_bound":2171.587062905254,"upper_bound":2175.275615796834},"point_estimate":2173.094117797129,"standard_error":0.9633623527793208},"median":{"confidence_interval":{"confidence_level":0.95,"lower_bound":2170.701995665147,"upper_bound":2172.1227255315075},"point_estimate":2171.3724061466355,"standard_error":0.35086247885215543},"median_abs_dev":{"confidence_interval":{"confidence_level":0.95,"lower_bound":2.2132989977536734,"upper_bound":3.5876478344379743},"point_estimate":2.9004085976982155,"standard_error":0.36863969311713113},"slope":{"confidence_interval":{"confidence_level":0.95,"lower_bound":2171.5733903424175,"upper_bound":2173.23935450871},"point_estimate":2172.3582373060767,"standard_error":0.4247253343354709},"std_dev":{"confidence_interval":{"confidence_level":0.95,"lower_bound":3.4267825385429957,"upper_bound":15.446427439772556},"point_estimate":9.624820206535388,"standard_error":3.7999584752147926}}