{"mean":{"confidence_interval":{"confidence_level":0.95,"lower_bound":2791.4094205630654,"upper_bound":2799.135684876878},"point_estimate":2794.6452218183927,"standard_error":2.000920234114177},"median":{"confidence_interval":{"confidence_level":0.95,"lower_bound":2792.75051768079,"upper_bound":2794.993066125486},"point_estimate":2794.1948232224395,"standard_error":0.6224786267739094},"median_abs_dev":{"confidence_interval":{"confidence_level":0.95,"lower_bound":3.649581610698242,"upper_bound":6.926388331512824},"point_estimate":5.102413391461107,"standard_error":0.8079301501899704},"slope":{"confidence_interval":{"confidence_level":0.95,"lower_bound":2791.8059603328516,"upper_bound":2794.381593213142},"point_estimate":2793.1328487846945,"standard_error":0.658078167487818},"std_dev":{"confidence_interval":{"confidence_level":0.95,"lower_bound":6.862909252875787,"upper_bound":32.07479228846253},"point_estimate":20.12227138658973,"standard_error":7.44876835171307}}