{"mean":{"confidence_interval":{"confidence_level":0.95,"lower_bound":2665.055915040146,"upper_bound":2674.1835568897627},"point_estimate":2668.899009125023,"standard_error":2.3677077428421467},"median":{"confidence_interval":{"confidence_level":0.95,"lower_bound":2662.4217515058667,"upper_bound":2668.0954423592493},"point_estimate":2663.8081891299053,"standard_error":1.262615850860142},"median_abs_dev":{"confidence_interval":{"confidence_level":0.95,"lower_bound":8.018261575699222,"upper_bound":15.11285699498859},"point_estimate":11.95324414978393,"standard_error":1.8618127869505876},"slope":{"confidence_interval":{"confidence_level":0.95,"lower_bound":2665.057350136948,"upper_bound":2673.8657510108096},"point_estimate":2669.5919798691884,"standard_error":2.249214566390978},"std_dev":{"confidence_interval":{"confidence_level":0.95,"lower_bound":10.998339122262681,"upper_bound":37.402230201946686},"point_estimate":23.83733871343149,"standard_error":8.639299648231614}}