{"mean":{"confidence_interval":{"confidence_level":0.95,"lower_bound":17962.490532456384,"upper_bound":18019.657251631746},"point_estimate":17986.68543936123,"standard_error":14.792689596818867},"median":{"confidence_interval":{"confidence_level":0.95,"lower_bound":17960.995305580436,"upper_bound":17980.536989795917},"point_estimate":17970.162033124892,"standard_error":4.800335491269172},"median_abs_dev":{"confidence_interval":{"confidence_level":0.95,"lower_bound":41.32172104524208,"upper_bound":69.97143008098328},"point_estimate":58.834628222699806,"standard_error":7.420928949100994},"slope":{"confidence_interval":{"confidence_level":0.95,"lower_bound":17965.420176163025,"upper_bound":17985.891443873803},"point_estimate":17975.528493635076,"standard_error":5.203357588539746},"std_dev":{"confidence_interval":{"confidence_level":0.95,"lower_bound":61.620817922306784,"upper_bound":233.60295350626998},"point_estimate":148.62684267779454,"standard_error":52.907792016751294}}