{"mean":{"confidence_interval":{"confidence_level":0.95,"lower_bound":17391.14418464475,"upper_bound":17413.89034048065},"point_estimate":17401.15023163224,"standard_error":5.8413875839203},"median":{"confidence_interval":{"confidence_level":0.95,"lower_bound":17385.495761876602,"upper_bound":17392.45909955612},"point_estimate":17388.207345882845,"standard_error":1.736599001260409},"median_abs_dev":{"confidence_interval":{"confidence_level":0.95,"lower_bound":11.61574101378239,"upper_bound":23.594596405857875},"point_estimate":17.382154638560774,"standard_error":3.024211980942514},"slope":{"confidence_interval":{"confidence_level":0.95,"lower_bound":17387.611014690843,"upper_bound":17401.68860909584},"point_estimate":17393.83086381537,"standard_error":3.6063094037169536},"std_dev":{"confidence_interval":{"confidence_level":0.95,"lower_bound":25.29488211904008,"upper_bound":87.21761124076923},"point_estimate":58.80711189872657,"standard_error":16.16024548417877}}