{"mean":{"confidence_interval":{"confidence_level":0.95,"lower_bound":17913.510040417263,"upper_bound":18103.612657869362},"point_estimate":18003.40084542641,"standard_error":48.77607996172236},"median":{"confidence_interval":{"confidence_level":0.95,"lower_bound":17792.534511554622,"upper_bound":17931.237683637286},"point_estimate":17864.205304716736,"standard_error":35.64473741239585},"median_abs_dev":{"confidence_interval":{"confidence_level":0.95,"lower_bound":174.75456783481795,"upper_bound":295.54063257082913},"point_estimate":233.34149098753747,"standard_error":32.69680772134581},"slope":{"confidence_interval":{"confidence_level":0.95,"lower_bound":17967.713720503238,"upper_bound":18212.151804964637},"point_estimate":18082.58415530199,"standard_error":62.4931983233062},"std_dev":{"confidence_interval":{"confidence_level":0.95,"lower_bound":353.83912317711975,"upper_bound":600.1081252926801},"point_estimate":488.58053392865895,"standard_error":63.060217512655605}}