{"mean":{"confidence_interval":{"confidence_level":0.95,"lower_bound":175.00000219222034,"upper_bound":175.85908709348905},"point_estimate":175.33244061939783,"standard_error":0.2296050673867515},"median":{"confidence_interval":{"confidence_level":0.95,"lower_bound":174.8843188680811,"upper_bound":175.0176202874495},"point_estimate":174.9306212462867,"standard_error":0.03286814353766179},"median_abs_dev":{"confidence_interval":{"confidence_level":0.95,"lower_bound":0.21663627724251264,"upper_bound":0.36462900518795804},"point_estimate":0.281728287191255,"standard_error":0.03769762260008186},"slope":{"confidence_interval":{"confidence_level":0.95,"lower_bound":175.04590222579395,"upper_bound":175.58310955515717},"point_estimate":175.2917117386863,"standard_error":0.13792203935077854},"std_dev":{"confidence_interval":{"confidence_level":0.95,"lower_bound":0.5570081420504005,"upper_bound":3.8203441004307366},"point_estimate":2.310934689934333,"standard_error":1.0588038078811253}}