{"mean":{"confidence_interval":{"confidence_level":0.95,"lower_bound":176.341384843517,"upper_bound":177.16232482310994},"point_estimate":176.6464006439481,"standard_error":0.22704287366993112},"median":{"confidence_interval":{"confidence_level":0.95,"lower_bound":176.2426770857847,"upper_bound":176.50354797516619},"point_estimate":176.3694188635942,"standard_error":0.05996381546157473},"median_abs_dev":{"confidence_interval":{"confidence_level":0.95,"lower_bound":0.3685846393363967,"upper_bound":0.6056839612787399},"point_estimate":0.46278171375428945,"standard_error":0.05899506422808271},"slope":{"confidence_interval":{"confidence_level":0.95,"lower_bound":176.30396548232002,"upper_bound":176.51683618981255},"point_estimate":176.4045056302862,"standard_error":0.05416582631795034},"std_dev":{"confidence_interval":{"confidence_level":0.95,"lower_bound":0.4669663760906039,"upper_bound":3.840591677730932},"point_estimate":2.281956983195646,"standard_error":1.1574385454614076}}