{"mean":{"confidence_interval":{"confidence_level":0.95,"lower_bound":732.4026995842376,"upper_bound":740.7862648148789},"point_estimate":736.813183983246,"standard_error":2.1417233258541257},"median":{"confidence_interval":{"confidence_level":0.95,"lower_bound":744.0349876268251,"upper_bound":744.5379969559328},"point_estimate":744.2959108765006,"standard_error":0.11051101399778435},"median_abs_dev":{"confidence_interval":{"confidence_level":0.95,"lower_bound":1.1145226680680433,"upper_bound":1.776132476016211},"point_estimate":1.4147359214313122,"standard_error":0.16276979487972731},"slope":{"confidence_interval":{"confidence_level":0.95,"lower_bound":743.1916503775582,"upper_bound":747.0405166438875},"point_estimate":744.9117457586267,"standard_error":0.9778023444845023},"std_dev":{"confidence_interval":{"confidence_level":0.95,"lower_bound":15.8274490209306,"upper_bound":25.92172261311986},"point_estimate":21.571329151394565,"standard_error":2.5841273129278215}}