{"mean":{"confidence_interval":{"confidence_level":0.95,"lower_bound":3082.7567224961904,"upper_bound":3107.0331129389547},"point_estimate":3093.301121410492,"standard_error":6.206876593698523},"median":{"confidence_interval":{"confidence_level":0.95,"lower_bound":3080.518173452956,"upper_bound":3082.5546964127266},"point_estimate":3081.508330098344,"standard_error":0.5218983387417989},"median_abs_dev":{"confidence_interval":{"confidence_level":0.95,"lower_bound":3.6599132941342036,"upper_bound":6.781857746400584},"point_estimate":5.453654175141132,"standard_error":0.8044858617447832},"slope":{"confidence_interval":{"confidence_level":0.95,"lower_bound":3083.4305090991957,"upper_bound":3133.484591413297},"point_estimate":3103.766544235957,"standard_error":13.376268208275208},"std_dev":{"confidence_interval":{"confidence_level":0.95,"lower_bound":7.364452020804431,"upper_bound":94.95618713130479},"point_estimate":62.45260017483772,"standard_error":20.634353245714856}}