{"mean":{"confidence_interval":{"confidence_level":0.95,"lower_bound":3542.470362873002,"upper_bound":3550.9147449416096},"point_estimate":3545.759807249174,"standard_error":2.2452891746153747},"median":{"confidence_interval":{"confidence_level":0.95,"lower_bound":3541.3655024916943,"upper_bound":3544.0334821428573},"point_estimate":3542.4864532019706,"standard_error":0.5995976291503652},"median_abs_dev":{"confidence_interval":{"confidence_level":0.95,"lower_bound":2.7634055813646015,"upper_bound":4.646922465577694},"point_estimate":3.72435874873988,"standard_error":0.4713679160360819},"slope":{"confidence_interval":{"confidence_level":0.95,"lower_bound":3542.395478316925,"upper_bound":3544.2804334568127},"point_estimate":3543.2962830648735,"standard_error":0.4804461552093238},"std_dev":{"confidence_interval":{"confidence_level":0.95,"lower_bound":4.825311776901654,"upper_bound":37.16340656484809},"point_estimate":22.48453219388812,"standard_error":10.018827411776332}}