{"mean":{"confidence_interval":{"confidence_level":0.95,"lower_bound":3131.7824042477664,"upper_bound":3141.213452549913},"point_estimate":3135.250536542174,"standard_error":2.6340585246152863},"median":{"confidence_interval":{"confidence_level":0.95,"lower_bound":3130.3935380528205,"upper_bound":3132.6942656218607},"point_estimate":3131.7962912708167,"standard_error":0.610975296633052},"median_abs_dev":{"confidence_interval":{"confidence_level":0.95,"lower_bound":3.074066436311092,"upper_bound":5.289488582119363},"point_estimate":3.8721408144547484,"standard_error":0.5537128422729214},"slope":{"confidence_interval":{"confidence_level":0.95,"lower_bound":3131.8786752261753,"upper_bound":3134.0892375412914},"point_estimate":3132.930597332924,"standard_error":0.5655451958294133},"std_dev":{"confidence_interval":{"confidence_level":0.95,"lower_bound":4.730076480520066,"upper_bound":44.289586411582626},"point_estimate":26.279702412332266,"standard_error":13.537649498538027}}