{"mean":{"confidence_interval":{"confidence_level":0.95,"lower_bound":267.37894528918895,"upper_bound":268.2872386545677},"point_estimate":267.7179834065394,"standard_error":0.24829189681986444},"median":{"confidence_interval":{"confidence_level":0.95,"lower_bound":267.27720054796634,"upper_bound":267.4827120475419},"point_estimate":267.4027739728017,"standard_error":0.053419414969187},"median_abs_dev":{"confidence_interval":{"confidence_level":0.95,"lower_bound":0.2916048210430494,"upper_bound":0.45840347263804865},"point_estimate":0.3889246079262344,"standard_error":0.04002079469261008},"slope":{"confidence_interval":{"confidence_level":0.95,"lower_bound":267.43954663497834,"upper_bound":269.33690283626646},"point_estimate":268.07019839902176,"standard_error":0.5525395315423312},"std_dev":{"confidence_interval":{"confidence_level":0.95,"lower_bound":0.44746267734317524,"upper_bound":4.187645968395483},"point_estimate":2.49463653186543,"standard_error":1.2333171635703433}}