{"mean":{"confidence_interval":{"confidence_level":0.95,"lower_bound":320.0015327625923,"upper_bound":320.7795867132317},"point_estimate":320.2966378442516,"standard_error":0.21432298864878718},"median":{"confidence_interval":{"confidence_level":0.95,"lower_bound":320.00493048819914,"upper_bound":320.2431315035655},"point_estimate":320.0771993771568,"standard_error":0.059043660720020145},"median_abs_dev":{"confidence_interval":{"confidence_level":0.95,"lower_bound":0.38478800879105884,"upper_bound":0.6273151226580161},"point_estimate":0.4868130227541885,"standard_error":0.05936707960612411},"slope":{"confidence_interval":{"confidence_level":0.95,"lower_bound":319.9852453204661,"upper_bound":320.2905486461401},"point_estimate":320.1399697768755,"standard_error":0.07777279804029662},"std_dev":{"confidence_interval":{"confidence_level":0.95,"lower_bound":0.5073179965889999,"upper_bound":3.6294693388995065},"point_estimate":2.160763125582582,"standard_error":1.0770706686838958}}