{"mean":{"confidence_interval":{"confidence_level":0.95,"lower_bound":311.3593778569327,"upper_bound":311.72762016634493},"point_estimate":311.5167307047376,"standard_error":0.09480735011971063},"median":{"confidence_interval":{"confidence_level":0.95,"lower_bound":311.31764954752424,"upper_bound":311.4714670290227},"point_estimate":311.38385181113904,"standard_error":0.03896040689941505},"median_abs_dev":{"confidence_interval":{"confidence_level":0.95,"lower_bound":0.31179418540027193,"upper_bound":0.5384322032620553},"point_estimate":0.42717698772753987,"standard_error":0.05688047808413239},"slope":{"confidence_interval":{"confidence_level":0.95,"lower_bound":311.37624605076945,"upper_bound":311.5887880297663},"point_estimate":311.47767289231734,"standard_error":0.054312287988861764},"std_dev":{"confidence_interval":{"confidence_level":0.95,"lower_bound":0.44759247159976046,"upper_bound":1.4727052173530912},"point_estimate":0.9513177063636041,"standard_error":0.3209405461732982}}