{"mean":{"confidence_interval":{"confidence_level":0.95,"lower_bound":181.1811405617851,"upper_bound":182.67096819644115},"point_estimate":181.89088099014222,"standard_error":0.3808621059352228},"median":{"confidence_interval":{"confidence_level":0.95,"lower_bound":180.2341704982598,"upper_bound":181.38195469643847},"point_estimate":180.7586311537594,"standard_error":0.27637273971688897},"median_abs_dev":{"confidence_interval":{"confidence_level":0.95,"lower_bound":1.6898346983935963,"upper_bound":3.015566501136033},"point_estimate":2.18403985725634,"standard_error":0.32648049466695067},"slope":{"confidence_interval":{"confidence_level":0.95,"lower_bound":180.9237305626035,"upper_bound":182.16071133420323},"point_estimate":181.50941620637457,"standard_error":0.31629828527027226},"std_dev":{"confidence_interval":{"confidence_level":0.95,"lower_bound":2.8330688486326876,"upper_bound":4.701585794582449},"point_estimate":3.821742056753836,"standard_error":0.47791223205361755}}