{"mean":{"confidence_interval":{"confidence_level":0.95,"lower_bound":370.0973585088136,"upper_bound":370.9548097693035},"point_estimate":370.4502333899959,"standard_error":0.22348703583751567},"median":{"confidence_interval":{"confidence_level":0.95,"lower_bound":369.98138990982943,"upper_bound":370.09205069590547},"point_estimate":370.0450100929363,"standard_error":0.030194131732228003},"median_abs_dev":{"confidence_interval":{"confidence_level":0.95,"lower_bound":0.15397075920839107,"upper_bound":0.26648836489513994},"point_estimate":0.22033490786577795,"standard_error":0.028082861450227117},"slope":{"confidence_interval":{"confidence_level":0.95,"lower_bound":370.0416651975717,"upper_bound":370.18053233865714},"point_estimate":370.105662140327,"standard_error":0.035688852425819866},"std_dev":{"confidence_interval":{"confidence_level":0.95,"lower_bound":0.29741226608543336,"upper_bound":3.5934772963089046},"point_estimate":2.2481267949445414,"standard_error":0.8634361570821845}}