{"mean":{"confidence_interval":{"confidence_level":0.95,"lower_bound":337.60082537122713,"upper_bound":337.820655301977},"point_estimate":337.6931221350969,"standard_error":0.056856616488147695},"median":{"confidence_interval":{"confidence_level":0.95,"lower_bound":337.5482451563172,"upper_bound":337.6491029518486},"point_estimate":337.60680510569387,"standard_error":0.02715257732265424},"median_abs_dev":{"confidence_interval":{"confidence_level":0.95,"lower_bound":0.1379199395319826,"upper_bound":0.25845708837168907},"point_estimate":0.19316413649822378,"standard_error":0.03158331400703553},"slope":{"confidence_interval":{"confidence_level":0.95,"lower_bound":337.59297950863044,"upper_bound":337.7585874844059},"point_estimate":337.6681962358089,"standard_error":0.04269306214944605},"std_dev":{"confidence_interval":{"confidence_level":0.95,"lower_bound":0.23311680842385224,"upper_bound":0.8996719747588998},"point_estimate":0.5723828939987669,"standard_error":0.2044056095420292}}