{"mean":{"confidence_interval":{"confidence_level":0.95,"lower_bound":100.33742529891597,"upper_bound":100.40745294730986},"point_estimate":100.36629489504303,"standard_error":0.018199720719433703},"median":{"confidence_interval":{"confidence_level":0.95,"lower_bound":100.3300465914676,"upper_bound":100.36031410651623},"point_estimate":100.34783046291321,"standard_error":0.007210385349782722},"median_abs_dev":{"confidence_interval":{"confidence_level":0.95,"lower_bound":0.0412423935158661,"upper_bound":0.07288151752038616},"point_estimate":0.05465242918003043,"standard_error":0.00827947822265613},"slope":{"confidence_interval":{"confidence_level":0.95,"lower_bound":100.33333133803858,"upper_bound":100.46006775481999},"point_estimate":100.37948927802228,"standard_error":0.0348303913193755},"std_dev":{"confidence_interval":{"confidence_level":0.95,"lower_bound":0.07147723058197739,"upper_bound":0.290732956319104},"point_estimate":0.18221082507686626,"standard_error":0.06986764368134574}}