{"mean":{"confidence_interval":{"confidence_level":0.95,"lower_bound":16234.96141682738,"upper_bound":16313.157736877445},"point_estimate":16263.212073605333,"standard_error":22.754810326981122},"median":{"confidence_interval":{"confidence_level":0.95,"lower_bound":16225.860501029512,"upper_bound":16237.919427346846},"point_estimate":16233.880689964157,"standard_error":3.059623810954183},"median_abs_dev":{"confidence_interval":{"confidence_level":0.95,"lower_bound":17.065406105408503,"upper_bound":27.019364819542865},"point_estimate":22.345375516745936,"standard_error":2.439365014613156},"slope":{"confidence_interval":{"confidence_level":0.95,"lower_bound":16232.888445650442,"upper_bound":16261.231603091175},"point_estimate":16243.764554932142,"standard_error":7.598384632867114},"std_dev":{"confidence_interval":{"confidence_level":0.95,"lower_bound":24.67646633273601,"upper_bound":388.1550783816262},"point_estimate":228.44713913296127,"standard_error":124.98863508400544}}