{"mean":{"confidence_interval":{"confidence_level":0.95,"lower_bound":16873.287915209483,"upper_bound":16919.51548679767},"point_estimate":16893.040909407195,"standard_error":11.96193614374843},"median":{"confidence_interval":{"confidence_level":0.95,"lower_bound":16863.991128482696,"upper_bound":16881.350282485877},"point_estimate":16870.174535916063,"standard_error":4.243455870053701},"median_abs_dev":{"confidence_interval":{"confidence_level":0.95,"lower_bound":29.685371547176004,"upper_bound":46.40132724375828},"point_estimate":35.990163170141244,"standard_error":4.091815557407053},"slope":{"confidence_interval":{"confidence_level":0.95,"lower_bound":16876.922485088075,"upper_bound":16919.326860804016},"point_estimate":16893.684692513267,"standard_error":11.299579282896401},"std_dev":{"confidence_interval":{"confidence_level":0.95,"lower_bound":46.59618497461313,"upper_bound":185.80015706513066},"point_estimate":119.89312705008153,"standard_error":39.1838709554036}}