{"mean":{"confidence_interval":{"confidence_level":0.95,"lower_bound":16793.75095953433,"upper_bound":16878.62381118627},"point_estimate":16831.851673639037,"standard_error":21.86167693254522},"median":{"confidence_interval":{"confidence_level":0.95,"lower_bound":16772.236559139783,"upper_bound":16785.856614065848},"point_estimate":16775.453953038297,"standard_error":3.574251692518443},"median_abs_dev":{"confidence_interval":{"confidence_level":0.95,"lower_bound":31.83951381449631,"upper_bound":64.35474702843348},"point_estimate":44.09089169046007,"standard_error":9.013721356545327},"slope":{"confidence_interval":{"confidence_level":0.95,"lower_bound":16778.247155191864,"upper_bound":16821.709804099904},"point_estimate":16796.416549656482,"standard_error":11.200355382497111},"std_dev":{"confidence_interval":{"confidence_level":0.95,"lower_bound":108.79544799678857,"upper_bound":306.43515980493646},"point_estimate":220.58901701349015,"standard_error":50.30543537981393}}