{"mean":{"confidence_interval":{"confidence_level":0.95,"lower_bound":129.3516951864238,"upper_bound":129.37556399393466},"point_estimate":129.36267166550562,"standard_error":0.006095821255991087},"median":{"confidence_interval":{"confidence_level":0.95,"lower_bound":129.34956340059273,"upper_bound":129.36821070459095},"point_estimate":129.3617408680768,"standard_error":0.004761676976221103},"median_abs_dev":{"confidence_interval":{"confidence_level":0.95,"lower_bound":0.025519217068925223,"upper_bound":0.04074913217196267},"point_estimate":0.03326843075472158,"standard_error":0.0037995588642627098},"slope":{"confidence_interval":{"confidence_level":0.95,"lower_bound":129.35647610845933,"upper_bound":129.38705219934698},"point_estimate":129.36940929015702,"standard_error":0.008005375371428326},"std_dev":{"confidence_interval":{"confidence_level":0.95,"lower_bound":0.034833752440892395,"upper_bound":0.08710041262768027},"point_estimate":0.06090336350855415,"standard_error":0.014050929775724894}}