{"mean":{"confidence_interval":{"confidence_level":0.95,"lower_bound":128.59565701615787,"upper_bound":128.6358447867796},"point_estimate":128.61518080240083,"standard_error":0.010226232402419055},"median":{"confidence_interval":{"confidence_level":0.95,"lower_bound":128.58124456350626,"upper_bound":128.6181448296758},"point_estimate":128.59866374963656,"standard_error":0.010065865783373196},"median_abs_dev":{"confidence_interval":{"confidence_level":0.95,"lower_bound":0.050083524726912354,"upper_bound":0.08801201429373043},"point_estimate":0.06907673298745425,"standard_error":0.009761233418460464},"slope":{"confidence_interval":{"confidence_level":0.95,"lower_bound":128.5867492057619,"upper_bound":128.6149922534052},"point_estimate":128.59995601299775,"standard_error":0.007189652843529532},"std_dev":{"confidence_interval":{"confidence_level":0.95,"lower_bound":0.0739581057835665,"upper_bound":0.12791161345348365},"point_estimate":0.10248484992427509,"standard_error":0.013733154297108476}}