{"mean":{"confidence_interval":{"confidence_level":0.95,"lower_bound":2391.085114581587,"upper_bound":2397.5339814463773},"point_estimate":2393.4199785887113,"standard_error":1.8743512729566307},"median":{"confidence_interval":{"confidence_level":0.95,"lower_bound":2390.4179247181964,"upper_bound":2391.1981376461526},"point_estimate":2390.8407057340896,"standard_error":0.20327288317295517},"median_abs_dev":{"confidence_interval":{"confidence_level":0.95,"lower_bound":1.3330988694788541,"upper_bound":2.591562798684615},"point_estimate":1.9611144869224078,"standard_error":0.3286930617288256},"slope":{"confidence_interval":{"confidence_level":0.95,"lower_bound":2391.2165512304064,"upper_bound":2392.6295669112988},"point_estimate":2391.8452071326537,"standard_error":0.3625284767539544},"std_dev":{"confidence_interval":{"confidence_level":0.95,"lower_bound":2.5229258463389477,"upper_bound":31.93844749224509},"point_estimate":18.805965859556352,"standard_error":10.259213877167442}}