{"mean":{"confidence_interval":{"confidence_level":0.95,"lower_bound":1821.6271428118264,"upper_bound":1828.6694607352567},"point_estimate":1824.509677014092,"standard_error":1.8421433689636117},"median":{"confidence_interval":{"confidence_level":0.95,"lower_bound":1820.2523897058823,"upper_bound":1820.915278731685},"point_estimate":1820.6113173967592,"standard_error":0.1994421560200329},"median_abs_dev":{"confidence_interval":{"confidence_level":0.95,"lower_bound":0.8822136794877018,"upper_bound":1.7880168057487489},"point_estimate":1.3351484943198184,"standard_error":0.2468327619558404},"slope":{"confidence_interval":{"confidence_level":0.95,"lower_bound":1821.0023409715743,"upper_bound":1836.431041820789},"point_estimate":1827.1934797981553,"standard_error":4.091192629741468},"std_dev":{"confidence_interval":{"confidence_level":0.95,"lower_bound":3.748468581235477,"upper_bound":29.86561663857332},"point_estimate":18.535707364287383,"standard_error":7.268415643065187}}