{"mean":{"confidence_interval":{"confidence_level":0.95,"lower_bound":2771.6607407385914,"upper_bound":2781.8192758308887},"point_estimate":2775.284413701179,"standard_error":3.012387907029504},"median":{"confidence_interval":{"confidence_level":0.95,"lower_bound":2770.746251441753,"upper_bound":2771.359891324951},"point_estimate":2770.9588162221407,"standard_error":0.15107774684479894},"median_abs_dev":{"confidence_interval":{"confidence_level":0.95,"lower_bound":0.9415267826318278,"upper_bound":1.774843153476432},"point_estimate":1.336210323263109,"standard_error":0.21863445836487055},"slope":{"confidence_interval":{"confidence_level":0.95,"lower_bound":2771.1808844392613,"upper_bound":2772.5401661198184},"point_estimate":2771.786106657825,"standard_error":0.34923053613222543},"std_dev":{"confidence_interval":{"confidence_level":0.95,"lower_bound":3.1492489984117036,"upper_bound":51.69278554055641},"point_estimate":30.348291212169077,"standard_error":17.033814237883295}}