{"mean":{"confidence_interval":{"confidence_level":0.95,"lower_bound":582.4275794391785,"upper_bound":582.5735487722923},"point_estimate":582.4947813320981,"standard_error":0.037499446472961745},"median":{"confidence_interval":{"confidence_level":0.95,"lower_bound":582.3906907650409,"upper_bound":582.4995090966524},"point_estimate":582.4261946026245,"standard_error":0.028965491360553194},"median_abs_dev":{"confidence_interval":{"confidence_level":0.95,"lower_bound":0.10583352531732312,"upper_bound":0.21682432046292277},"point_estimate":0.14665008615650035,"standard_error":0.02783668994367429},"slope":{"confidence_interval":{"confidence_level":0.95,"lower_bound":582.3983609731309,"upper_bound":582.6529909117601},"point_estimate":582.5044968113024,"standard_error":0.06698618748956615},"std_dev":{"confidence_interval":{"confidence_level":0.95,"lower_bound":0.15607821373740816,"upper_bound":0.3630502003414464},"point_estimate":0.26673753705337777,"standard_error":0.0539605550118175}}