{"mean":{"confidence_interval":{"confidence_level":0.95,"lower_bound":582.1885576849116,"upper_bound":582.544198841776},"point_estimate":582.3501616184534,"standard_error":0.09080041659402768},"median":{"confidence_interval":{"confidence_level":0.95,"lower_bound":582.1905040961035,"upper_bound":582.3378562577448},"point_estimate":582.2499277158199,"standard_error":0.03738756606703034},"median_abs_dev":{"confidence_interval":{"confidence_level":0.95,"lower_bound":0.1274380479543832,"upper_bound":0.2615059941147806},"point_estimate":0.191239386939383,"standard_error":0.03357100590191945},"slope":{"confidence_interval":{"confidence_level":0.95,"lower_bound":582.3136783596678,"upper_bound":582.750464868572},"point_estimate":582.5124809345137,"standard_error":0.11234688897383523},"std_dev":{"confidence_interval":{"confidence_level":0.95,"lower_bound":0.29031958456207274,"upper_bound":0.941648998819917},"point_estimate":0.6487311386894175,"standard_error":0.17040539686110454}}