{"mean":{"confidence_interval":{"confidence_level":0.95,"lower_bound":581.3206764355853,"upper_bound":581.694784525279},"point_estimate":581.507614275481,"standard_error":0.09522782118195017},"median":{"confidence_interval":{"confidence_level":0.95,"lower_bound":581.4247551675057,"upper_bound":581.7487084892053},"point_estimate":581.5556385546749,"standard_error":0.07813077069722221},"median_abs_dev":{"confidence_interval":{"confidence_level":0.95,"lower_bound":0.2836198551045549,"upper_bound":0.5860413155541656},"point_estimate":0.3992746201031609,"standard_error":0.07655792469372213},"slope":{"confidence_interval":{"confidence_level":0.95,"lower_bound":581.5328075181467,"upper_bound":581.7563622947507},"point_estimate":581.6481502451035,"standard_error":0.05682709946786808},"std_dev":{"confidence_interval":{"confidence_level":0.95,"lower_bound":0.4545657647322377,"upper_bound":0.8871464684074015},"point_estimate":0.6804285818397696,"standard_error":0.11097893929843511}}