{"mean":{"confidence_interval":{"confidence_level":0.95,"lower_bound":573.6714094327815,"upper_bound":573.8148573803268},"point_estimate":573.7401661679563,"standard_error":0.036519587660113775},"median":{"confidence_interval":{"confidence_level":0.95,"lower_bound":573.6554808894919,"upper_bound":573.733962893582},"point_estimate":573.7169797479098,"standard_error":0.02100780353301549},"median_abs_dev":{"confidence_interval":{"confidence_level":0.95,"lower_bound":0.09726001777602275,"upper_bound":0.20342199184707416},"point_estimate":0.14857200234341392,"standard_error":0.02922314627148646},"slope":{"confidence_interval":{"confidence_level":0.95,"lower_bound":573.6843803104817,"upper_bound":573.820097933249},"point_estimate":573.7452532239199,"standard_error":0.03476733277648184},"std_dev":{"confidence_interval":{"confidence_level":0.95,"lower_bound":0.17078041724392332,"upper_bound":0.3307373739052693},"point_estimate":0.260238026459579,"standard_error":0.04083779000875055}}