{"mean":{"confidence_interval":{"confidence_level":0.95,"lower_bound":580.4658189216832,"upper_bound":580.7743245576395},"point_estimate":580.6039604725576,"standard_error":0.07902635059905648},"median":{"confidence_interval":{"confidence_level":0.95,"lower_bound":580.3888712522046,"upper_bound":580.6888888888889},"point_estimate":580.4964630712584,"standard_error":0.08160815243827396},"median_abs_dev":{"confidence_interval":{"confidence_level":0.95,"lower_bound":0.24155391682156194,"upper_bound":0.5098198588322109},"point_estimate":0.3599663596570345,"standard_error":0.06978773687605708},"slope":{"confidence_interval":{"confidence_level":0.95,"lower_bound":580.4017612916772,"upper_bound":580.6299519219417},"point_estimate":580.5173259647534,"standard_error":0.058367045232216384},"std_dev":{"confidence_interval":{"confidence_level":0.95,"lower_bound":0.31018744828062483,"upper_bound":0.8331019725502137},"point_estimate":0.5653861621625311,"standard_error":0.15602752323943184}}