{"mean":{"confidence_interval":{"confidence_level":0.95,"lower_bound":581.1168811474992,"upper_bound":581.419214899834},"point_estimate":581.2696329075434,"standard_error":0.07691600295772466},"median":{"confidence_interval":{"confidence_level":0.95,"lower_bound":581.1634477182896,"upper_bound":581.416203474967},"point_estimate":581.3057486631016,"standard_error":0.06285637206688777},"median_abs_dev":{"confidence_interval":{"confidence_level":0.95,"lower_bound":0.26177963700567985,"upper_bound":0.6523061696963782},"point_estimate":0.5069832355331453,"standard_error":0.1023160640574158},"slope":{"confidence_interval":{"confidence_level":0.95,"lower_bound":581.1256338859645,"upper_bound":581.4017408537034},"point_estimate":581.2643992935099,"standard_error":0.07032076388250859},"std_dev":{"confidence_interval":{"confidence_level":0.95,"lower_bound":0.4029234723072047,"upper_bound":0.6886404868577818},"point_estimate":0.5502729693884687,"standard_error":0.0733628093773264}}