{"mean":{"confidence_interval":{"confidence_level":0.95,"lower_bound":786.9287850109895,"upper_bound":788.9066407822962},"point_estimate":787.6573979030289,"standard_error":0.5600511139348454},"median":{"confidence_interval":{"confidence_level":0.95,"lower_bound":786.7582463732391,"upper_bound":787.2150686485874},"point_estimate":786.8837668052918,"standard_error":0.12892625586166284},"median_abs_dev":{"confidence_interval":{"confidence_level":0.95,"lower_bound":0.6551683790119657,"upper_bound":1.2003899607246047},"point_estimate":0.798205604574082,"standard_error":0.13761431002823665},"slope":{"confidence_interval":{"confidence_level":0.95,"lower_bound":786.9696224744868,"upper_bound":787.4342549268869},"point_estimate":787.1929248292155,"standard_error":0.11869753575114368},"std_dev":{"confidence_interval":{"confidence_level":0.95,"lower_bound":1.0510727672282598,"upper_bound":9.460625248150073},"point_estimate":5.598750856989079,"standard_error":2.931873571695484}}