{"mean":{"confidence_interval":{"confidence_level":0.95,"lower_bound":786.8318603065128,"upper_bound":790.108300337442},"point_estimate":788.029125277694,"standard_error":0.9298568553875031},"median":{"confidence_interval":{"confidence_level":0.95,"lower_bound":786.3725377283558,"upper_bound":787.0936381531236},"point_estimate":786.8186165667798,"standard_error":0.21191807097917187},"median_abs_dev":{"confidence_interval":{"confidence_level":0.95,"lower_bound":0.9736277901696164,"upper_bound":1.664334676332198},"point_estimate":1.3315177063666255,"standard_error":0.18929023616238322},"slope":{"confidence_interval":{"confidence_level":0.95,"lower_bound":786.8372263677051,"upper_bound":787.6853896186914},"point_estimate":787.2233719354532,"standard_error":0.21752501048576472},"std_dev":{"confidence_interval":{"confidence_level":0.95,"lower_bound":1.5857474505195095,"upper_bound":15.842868374396271},"point_estimate":9.362374245413497,"standard_error":4.950772860452341}}