{"mean":{"confidence_interval":{"confidence_level":0.95,"lower_bound":786.905889916996,"upper_bound":788.0105282139525},"point_estimate":787.3811376063182,"standard_error":0.28535463558612423},"median":{"confidence_interval":{"confidence_level":0.95,"lower_bound":786.5536382536383,"upper_bound":787.0858316299493},"point_estimate":786.7875695548489,"standard_error":0.13480098832264725},"median_abs_dev":{"confidence_interval":{"confidence_level":0.95,"lower_bound":0.6934599569946781,"upper_bound":1.224917224505724},"point_estimate":0.9360292081982517,"standard_error":0.14303074327924195},"slope":{"confidence_interval":{"confidence_level":0.95,"lower_bound":786.8465569335964,"upper_bound":787.4236668727775},"point_estimate":787.1181591930164,"standard_error":0.1472836142793225},"std_dev":{"confidence_interval":{"confidence_level":0.95,"lower_bound":1.285605590221767,"upper_bound":4.411921816276778},"point_estimate":2.8747405958364416,"standard_error":0.9209690336220709}}