{"mean":{"confidence_interval":{"confidence_level":0.95,"lower_bound":2781.8027137368113,"upper_bound":2787.152834998905},"point_estimate":2784.240030364206,"standard_error":1.365962066139052},"median":{"confidence_interval":{"confidence_level":0.95,"lower_bound":2782.311797752809,"upper_bound":2784.564280277995},"point_estimate":2783.4593076931146,"standard_error":0.5166400145747444},"median_abs_dev":{"confidence_interval":{"confidence_level":0.95,"lower_bound":4.846529585053699,"upper_bound":8.46680073455044},"point_estimate":6.558812404487708,"standard_error":1.0130448813104944},"slope":{"confidence_interval":{"confidence_level":0.95,"lower_bound":2782.8771700592306,"upper_bound":2785.83306639709},"point_estimate":2784.3339709147,"standard_error":0.751546454796351},"std_dev":{"confidence_interval":{"confidence_level":0.95,"lower_bound":7.8467124099610785,"upper_bound":20.17822939773136},"point_estimate":13.760658878305655,"standard_error":3.5431257650690138}}