{"mean":{"confidence_interval":{"confidence_level":0.95,"lower_bound":2607.6958617006094,"upper_bound":2627.814450506865},"point_estimate":2617.5766385054344,"standard_error":5.142156813259595},"median":{"confidence_interval":{"confidence_level":0.95,"lower_bound":2601.199196083172,"upper_bound":2617.825472813239},"point_estimate":2608.8491396215313,"standard_error":4.770702766449644},"median_abs_dev":{"confidence_interval":{"confidence_level":0.95,"lower_bound":31.977083317504082,"upper_bound":53.47482635686304},"point_estimate":42.555160143959455,"standard_error":5.516159404268648},"slope":{"confidence_interval":{"confidence_level":0.95,"lower_bound":2608.2781975793187,"upper_bound":2623.009881532096},"point_estimate":2615.5949028530194,"standard_error":3.750206470311786},"std_dev":{"confidence_interval":{"confidence_level":0.95,"lower_bound":42.20232319601886,"upper_bound":60.49537277066822},"point_estimate":51.792528157427235,"standard_error":4.673013698244717}}