{"mean":{"confidence_interval":{"confidence_level":0.95,"lower_bound":2212.134156889288,"upper_bound":2221.4069566028597},"point_estimate":2215.746790118756,"standard_error":2.4933250589096954},"median":{"confidence_interval":{"confidence_level":0.95,"lower_bound":2209.4311409395973,"upper_bound":2213.205841976815},"point_estimate":2211.0215077641797,"standard_error":0.9452575579500362},"median_abs_dev":{"confidence_interval":{"confidence_level":0.95,"lower_bound":5.440522400920549,"upper_bound":9.965345714778856},"point_estimate":7.5726680677590315,"standard_error":1.2005015530467795},"slope":{"confidence_interval":{"confidence_level":0.95,"lower_bound":2210.9989079179504,"upper_bound":2215.078113825725},"point_estimate":2212.988990385966,"standard_error":1.04623916953843},"std_dev":{"confidence_interval":{"confidence_level":0.95,"lower_bound":7.541591471474942,"upper_bound":41.47552051869961},"point_estimate":25.093117850679782,"standard_error":11.576621894962155}}