{"mean":{"confidence_interval":{"confidence_level":0.95,"lower_bound":33.87181153541065,"upper_bound":33.88863453942368},"point_estimate":33.880115250428005,"standard_error":0.004296162251972889},"median":{"confidence_interval":{"confidence_level":0.95,"lower_bound":33.8713836111967,"upper_bound":33.88842980647438},"point_estimate":33.88090299363509,"standard_error":0.004182490427135385},"median_abs_dev":{"confidence_interval":{"confidence_level":0.95,"lower_bound":0.027912565634702038,"upper_bound":0.047108158883618634},"point_estimate":0.03965151213499074,"standard_error":0.004887318209446363},"slope":{"confidence_interval":{"confidence_level":0.95,"lower_bound":33.869615270116775,"upper_bound":33.88267910010746},"point_estimate":33.876030624183585,"standard_error":0.0033477709127178665},"std_dev":{"confidence_interval":{"confidence_level":0.95,"lower_bound":0.03335631281155445,"upper_bound":0.05336189296489077},"point_estimate":0.04325119500111817,"standard_error":0.00517097932734791}}