{"mean":{"confidence_interval":{"confidence_level":0.95,"lower_bound":32.93494679660743,"upper_bound":32.95531628422104},"point_estimate":32.94465588934965,"standard_error":0.005198240316825371},"median":{"confidence_interval":{"confidence_level":0.95,"lower_bound":32.932743036170635,"upper_bound":32.948748538111175},"point_estimate":32.941392571864284,"standard_error":0.0036656303882822614},"median_abs_dev":{"confidence_interval":{"confidence_level":0.95,"lower_bound":0.0283968859231439,"upper_bound":0.0462176265872156},"point_estimate":0.03777476026140328,"standard_error":0.0045287837141137575},"slope":{"confidence_interval":{"confidence_level":0.95,"lower_bound":32.93162271110943,"upper_bound":32.94485038655725},"point_estimate":32.93810973659142,"standard_error":0.003380070179427707},"std_dev":{"confidence_interval":{"confidence_level":0.95,"lower_bound":0.036971970987895536,"upper_bound":0.06681660998110238},"point_estimate":0.05215886352817014,"standard_error":0.0077121321989414675}}