{"mean":{"confidence_interval":{"confidence_level":0.95,"lower_bound":14675.540412120668,"upper_bound":14678.824025567923},"point_estimate":14677.085030273991,"standard_error":0.8381483115960803},"median":{"confidence_interval":{"confidence_level":0.95,"lower_bound":14674.10274509804,"upper_bound":14676.409852560524},"point_estimate":14675.282639363886,"standard_error":0.6788594950265332},"median_abs_dev":{"confidence_interval":{"confidence_level":0.95,"lower_bound":3.9619884112053514,"upper_bound":7.18338134494886},"point_estimate":5.1342505093838415,"standard_error":0.795139781391119},"slope":{"confidence_interval":{"confidence_level":0.95,"lower_bound":14674.678781410772,"upper_bound":14678.12678982169},"point_estimate":14676.184859265119,"standard_error":0.8869675537056324},"std_dev":{"confidence_interval":{"confidence_level":0.95,"lower_bound":5.592856470574236,"upper_bound":10.833641048010938},"point_estimate":8.39431002763426,"standard_error":1.3360482287088113}}