{"mean":{"confidence_interval":{"confidence_level":0.95,"lower_bound":15747.587580500465,"upper_bound":15766.566596659635},"point_estimate":15756.704829239054,"standard_error":4.82964667225043},"median":{"confidence_interval":{"confidence_level":0.95,"lower_bound":15748.132080200501,"upper_bound":15767.08547008547},"point_estimate":15758.446585620499,"standard_error":5.24706859983802},"median_abs_dev":{"confidence_interval":{"confidence_level":0.95,"lower_bound":31.255885038703447,"upper_bound":47.10535320411686},"point_estimate":39.66140918834223,"standard_error":4.1137762875551855},"slope":{"confidence_interval":{"confidence_level":0.95,"lower_bound":15720.518963906728,"upper_bound":15738.91295079361},"point_estimate":15729.328010865052,"standard_error":4.685324730227002},"std_dev":{"confidence_interval":{"confidence_level":0.95,"lower_bound":34.68681282393122,"upper_bound":65.46572747004414},"point_estimate":48.685758312193556,"standard_error":8.533646007863718}}