{"mean":{"confidence_interval":{"confidence_level":0.95,"lower_bound":184.76746457736382,"upper_bound":184.8058265570042},"point_estimate":184.78497742957072,"standard_error":0.009866349467124736},"median":{"confidence_interval":{"confidence_level":0.95,"lower_bound":184.7653179499506,"upper_bound":184.7870045802954},"point_estimate":184.77246841866304,"standard_error":0.004640184172700722},"median_abs_dev":{"confidence_interval":{"confidence_level":0.95,"lower_bound":0.04168585619157582,"upper_bound":0.06737700578544967},"point_estimate":0.05400728320645023,"standard_error":0.0067117821712456},"slope":{"confidence_interval":{"confidence_level":0.95,"lower_bound":184.7665114788889,"upper_bound":184.78813788033136},"point_estimate":184.7770107211205,"standard_error":0.005502646541012522},"std_dev":{"confidence_interval":{"confidence_level":0.95,"lower_bound":0.05033478543229214,"upper_bound":0.14311614799059968},"point_estimate":0.09969631460089765,"standard_error":0.024467057268465972}}