{"mean":{"confidence_interval":{"confidence_level":0.95,"lower_bound":58.50784431075534,"upper_bound":58.557774907415066},"point_estimate":58.53250579309704,"standard_error":0.012714897251519289},"median":{"confidence_interval":{"confidence_level":0.95,"lower_bound":58.48981191767487,"upper_bound":58.55821408598519},"point_estimate":58.532968321888845,"standard_error":0.01860024077568094},"median_abs_dev":{"confidence_interval":{"confidence_level":0.95,"lower_bound":0.09743787699573725,"upper_bound":0.15095413410147465},"point_estimate":0.12814497331778796,"standard_error":0.013537102433959922},"slope":{"confidence_interval":{"confidence_level":0.95,"lower_bound":58.48759192319045,"upper_bound":58.535262495336426},"point_estimate":58.51103615550504,"standard_error":0.012173512686708408},"std_dev":{"confidence_interval":{"confidence_level":0.95,"lower_bound":0.10522616730737082,"upper_bound":0.14920413898704357},"point_estimate":0.12780817271547468,"standard_error":0.011298230082042518}}