{"mean":{"confidence_interval":{"confidence_level":0.95,"lower_bound":58.41353478244504,"upper_bound":58.480968175478274},"point_estimate":58.44819621194659,"standard_error":0.0171609001917015},"median":{"confidence_interval":{"confidence_level":0.95,"lower_bound":58.4255314547336,"upper_bound":58.502945318324485},"point_estimate":58.45537492105276,"standard_error":0.019474073970156897},"median_abs_dev":{"confidence_interval":{"confidence_level":0.95,"lower_bound":0.0998299966732592,"upper_bound":0.165753789514533},"point_estimate":0.13093898135176038,"standard_error":0.016760550396617054},"slope":{"confidence_interval":{"confidence_level":0.95,"lower_bound":58.40800013339565,"upper_bound":58.457203349902166},"point_estimate":58.43297867047777,"standard_error":0.01255881986618948},"std_dev":{"confidence_interval":{"confidence_level":0.95,"lower_bound":0.12894474324615676,"upper_bound":0.2204897578568506},"point_estimate":0.17250672465573338,"standard_error":0.02417060276896757}}