{"mean":{"confidence_interval":{"confidence_level":0.95,"lower_bound":58.516321271129634,"upper_bound":58.562157304166774},"point_estimate":58.54057214042131,"standard_error":0.011686967958163496},"median":{"confidence_interval":{"confidence_level":0.95,"lower_bound":58.547803914823874,"upper_bound":58.57969415272986},"point_estimate":58.55876601520335,"standard_error":0.008326126271023197},"median_abs_dev":{"confidence_interval":{"confidence_level":0.95,"lower_bound":0.055083504306967894,"upper_bound":0.09656006560308664},"point_estimate":0.0749441529282602,"standard_error":0.010748084198776079},"slope":{"confidence_interval":{"confidence_level":0.95,"lower_bound":58.52949096465172,"upper_bound":58.564978258437506},"point_estimate":58.54777362037122,"standard_error":0.009067018634536182},"std_dev":{"confidence_interval":{"confidence_level":0.95,"lower_bound":0.07717316032093498,"upper_bound":0.15524598700945222},"point_estimate":0.11745318864252549,"standard_error":0.020260426546549786}}