{"mean":{"confidence_interval":{"confidence_level":0.95,"lower_bound":57.84851154547297,"upper_bound":57.91967070936369},"point_estimate":57.88202539983795,"standard_error":0.0181849654067571},"median":{"confidence_interval":{"confidence_level":0.95,"lower_bound":57.82141433206668,"upper_bound":57.8859952530581},"point_estimate":57.85663024054658,"standard_error":0.018832999060392687},"median_abs_dev":{"confidence_interval":{"confidence_level":0.95,"lower_bound":0.0977598215304247,"upper_bound":0.1632607475675198},"point_estimate":0.12843106552705932,"standard_error":0.01668146110158024},"slope":{"confidence_interval":{"confidence_level":0.95,"lower_bound":57.829749266891795,"upper_bound":57.88179372165366},"point_estimate":57.856061346795535,"standard_error":0.013287799609585515},"std_dev":{"confidence_interval":{"confidence_level":0.95,"lower_bound":0.12727675389683057,"upper_bound":0.23728183738202926},"point_estimate":0.18277432998893914,"standard_error":0.02846399277314947}}