{"mean":{"confidence_interval":{"confidence_level":0.95,"lower_bound":57.895264227746104,"upper_bound":57.951716126013714},"point_estimate":57.923076851729384,"standard_error":0.014412896419493025},"median":{"confidence_interval":{"confidence_level":0.95,"lower_bound":57.8848351250151,"upper_bound":57.94417667078372},"point_estimate":57.91560323513389,"standard_error":0.01471552506812732},"median_abs_dev":{"confidence_interval":{"confidence_level":0.95,"lower_bound":0.10397287426636267,"upper_bound":0.1719185276634936},"point_estimate":0.15281070200730912,"standard_error":0.017289021479305},"slope":{"confidence_interval":{"confidence_level":0.95,"lower_bound":57.90431045609867,"upper_bound":57.959368922333745},"point_estimate":57.93201729928206,"standard_error":0.014052838364616753},"std_dev":{"confidence_interval":{"confidence_level":0.95,"lower_bound":0.12144030274806589,"upper_bound":0.16675607432454384},"point_estimate":0.14512771942715275,"standard_error":0.011563310985496913}}