{"mean":{"confidence_interval":{"confidence_level":0.95,"lower_bound":915.2700525793629,"upper_bound":915.3886957449613},"point_estimate":915.3266866827116,"standard_error":0.030271205870067066},"median":{"confidence_interval":{"confidence_level":0.95,"lower_bound":915.1993699721434,"upper_bound":915.3407387180494},"point_estimate":915.2582356521348,"standard_error":0.03515748187325328},"median_abs_dev":{"confidence_interval":{"confidence_level":0.95,"lower_bound":0.18797412790126694,"upper_bound":0.2926867798638481},"point_estimate":0.2271409498204378,"standard_error":0.027017647885673342},"slope":{"confidence_interval":{"confidence_level":0.95,"lower_bound":915.2125464283703,"upper_bound":915.3322409910119},"point_estimate":915.2691644566283,"standard_error":0.030572050871358603},"std_dev":{"confidence_interval":{"confidence_level":0.95,"lower_bound":0.22893247415746026,"upper_bound":0.3792795343561973},"point_estimate":0.30579373948425365,"standard_error":0.0388037552341859}}