{"mean":{"confidence_interval":{"confidence_level":0.95,"lower_bound":231.89232357889063,"upper_bound":232.17936794703596},"point_estimate":232.00964671969777,"standard_error":0.075007368478401},"median":{"confidence_interval":{"confidence_level":0.95,"lower_bound":231.8389017101289,"upper_bound":232.00202802132847},"point_estimate":231.91100118100587,"standard_error":0.045956361673993196},"median_abs_dev":{"confidence_interval":{"confidence_level":0.95,"lower_bound":0.22770244150941113,"upper_bound":0.3633509403006733},"point_estimate":0.2692097112297455,"standard_error":0.033801075592486386},"slope":{"confidence_interval":{"confidence_level":0.95,"lower_bound":231.9305731676783,"upper_bound":232.08064008382237},"point_estimate":232.00260626264472,"standard_error":0.03828806634446718},"std_dev":{"confidence_interval":{"confidence_level":0.95,"lower_bound":0.2865326853958239,"upper_bound":1.2091758486533442},"point_estimate":0.7516282070535979,"standard_error":0.3017268966090799}}