{"mean":{"confidence_interval":{"confidence_level":0.95,"lower_bound":232.21605360191694,"upper_bound":233.1708038450698},"point_estimate":232.57817386393137,"standard_error":0.25750397100706834},"median":{"confidence_interval":{"confidence_level":0.95,"lower_bound":232.1005607493818,"upper_bound":232.20925270193754},"point_estimate":232.1628820909517,"standard_error":0.023399285401749174},"median_abs_dev":{"confidence_interval":{"confidence_level":0.95,"lower_bound":0.20040785126987973,"upper_bound":0.45106700129955396},"point_estimate":0.34411396775387,"standard_error":0.06294086135222453},"slope":{"confidence_interval":{"confidence_level":0.95,"lower_bound":232.16939163386905,"upper_bound":232.64002506551435},"point_estimate":232.3462388140067,"standard_error":0.1274149134295712},"std_dev":{"confidence_interval":{"confidence_level":0.95,"lower_bound":0.48958196829480033,"upper_bound":4.323744512089985},"point_estimate":2.5920477121984744,"standard_error":1.2354664281324133}}