{"mean":{"confidence_interval":{"confidence_level":0.95,"lower_bound":1125.5982163488516,"upper_bound":1127.2990377963638},"point_estimate":1126.3497451171497,"standard_error":0.43727011514246067},"median":{"confidence_interval":{"confidence_level":0.95,"lower_bound":1125.0391870722501,"upper_bound":1125.4197017587167},"point_estimate":1125.2708074775055,"standard_error":0.10778566744969535},"median_abs_dev":{"confidence_interval":{"confidence_level":0.95,"lower_bound":0.53023033384362,"upper_bound":1.0404021065889328},"point_estimate":0.7336467909999957,"standard_error":0.1350423170042087},"slope":{"confidence_interval":{"confidence_level":0.95,"lower_bound":1125.3928076404086,"upper_bound":1126.177842119315},"point_estimate":1125.7339452435388,"standard_error":0.20108279036604335},"std_dev":{"confidence_interval":{"confidence_level":0.95,"lower_bound":1.6426904217447915,"upper_bound":6.362472289148971},"point_estimate":4.405272386425139,"standard_error":1.1699163289594385}}