{"mean":{"confidence_interval":{"confidence_level":0.95,"lower_bound":53620.351657294654,"upper_bound":53914.80804531142},"point_estimate":53746.941994181565,"standard_error":75.95030826814447},"median":{"confidence_interval":{"confidence_level":0.95,"lower_bound":53541.178208679594,"upper_bound":53665.64777327935},"point_estimate":53599.07076555024,"standard_error":30.37610753546451},"median_abs_dev":{"confidence_interval":{"confidence_level":0.95,"lower_bound":176.9414969598757,"upper_bound":320.85992334185215},"point_estimate":233.2963443049673,"standard_error":38.71714438867932},"slope":{"confidence_interval":{"confidence_level":0.95,"lower_bound":53589.44756326573,"upper_bound":53817.924630420006},"point_estimate":53689.09276271068,"standard_error":58.86294876024571},"std_dev":{"confidence_interval":{"confidence_level":0.95,"lower_bound":326.74192985239443,"upper_bound":1178.0288024807935},"point_estimate":764.164112448685,"standard_error":247.14534156577957}}