{"mean":{"confidence_interval":{"confidence_level":0.95,"lower_bound":52900.34260974223,"upper_bound":53070.6414428939},"point_estimate":52981.6075694919,"standard_error":43.3991358688695},"median":{"confidence_interval":{"confidence_level":0.95,"lower_bound":52871.286315789475,"upper_bound":52992.91744066047},"point_estimate":52909.2947098169,"standard_error":31.797078726428207},"median_abs_dev":{"confidence_interval":{"confidence_level":0.95,"lower_bound":184.9626473104866,"upper_bound":298.06417712165603},"point_estimate":216.20718695128676,"standard_error":30.462573745071403},"slope":{"confidence_interval":{"confidence_level":0.95,"lower_bound":52902.132808557355,"upper_bound":53048.889437248676},"point_estimate":52972.2603786176,"standard_error":37.32852970769529},"std_dev":{"confidence_interval":{"confidence_level":0.95,"lower_bound":286.14874550556146,"upper_bound":588.1995111012978},"point_estimate":437.1745073049444,"standard_error":79.36275255319947}}