{"mean":{"confidence_interval":{"confidence_level":0.95,"lower_bound":54347.15264288841,"upper_bound":54587.31652731625},"point_estimate":54454.64976687055,"standard_error":61.635849264057555},"median":{"confidence_interval":{"confidence_level":0.95,"lower_bound":54284.688995215314,"upper_bound":54400.61578947368},"point_estimate":54348.26172636452,"standard_error":29.47079057633725},"median_abs_dev":{"confidence_interval":{"confidence_level":0.95,"lower_bound":149.14139497899959,"upper_bound":265.3125186676211},"point_estimate":208.70063475832958,"standard_error":29.206377581183606},"slope":{"confidence_interval":{"confidence_level":0.95,"lower_bound":54330.624910457605,"upper_bound":54490.933352966764},"point_estimate":54401.178687904925,"standard_error":41.27454354647423},"std_dev":{"confidence_interval":{"confidence_level":0.95,"lower_bound":288.62341424347903,"upper_bound":880.5787824386446},"point_estimate":619.0660766512801,"standard_error":148.66320382131696}}