{"mean":{"confidence_interval":{"confidence_level":0.95,"lower_bound":12396.102594791517,"upper_bound":12561.855555198948},"point_estimate":12464.537716465986,"standard_error":43.17583545532727},"median":{"confidence_interval":{"confidence_level":0.95,"lower_bound":12356.347120418848,"upper_bound":12391.92351261304},"point_estimate":12370.154472371585,"standard_error":10.981658802109445},"median_abs_dev":{"confidence_interval":{"confidence_level":0.95,"lower_bound":22.841748024972226,"upper_bound":70.66430881526676},"point_estimate":38.611436595557464,"standard_error":12.924182189723846},"slope":{"confidence_interval":{"confidence_level":0.95,"lower_bound":12350.535374949874,"upper_bound":12363.450541828763},"point_estimate":12356.114493378504,"standard_error":3.2992533878243},"std_dev":{"confidence_interval":{"confidence_level":0.95,"lower_bound":86.38943857978956,"upper_bound":485.80750216878386},"point_estimate":307.9862821524411,"standard_error":115.98218165610587}}