{"mean":{"confidence_interval":{"confidence_level":0.95,"lower_bound":12392.771396120579,"upper_bound":12603.594536299985},"point_estimate":12476.27251472975,"standard_error":56.11235396025874},"median":{"confidence_interval":{"confidence_level":0.95,"lower_bound":12349.608512075663,"upper_bound":12396.783246073299},"point_estimate":12362.59587925164,"standard_error":10.644993631781771},"median_abs_dev":{"confidence_interval":{"confidence_level":0.95,"lower_bound":27.305753112880176,"upper_bound":87.27121887963044},"point_estimate":49.20610220551746,"standard_error":14.41628989330169},"slope":{"confidence_interval":{"confidence_level":0.95,"lower_bound":12340.66036577398,"upper_bound":12355.62800803487},"point_estimate":12347.002362210967,"standard_error":3.81044283637782},"std_dev":{"confidence_interval":{"confidence_level":0.95,"lower_bound":93.39766133193014,"upper_bound":649.4752504206408},"point_estimate":400.994510380885,"standard_error":173.20656083526552}}