{"mean":{"confidence_interval":{"confidence_level":0.95,"lower_bound":12536.850300906788,"upper_bound":12694.991792218292},"point_estimate":12600.053265323719,"standard_error":41.6320197354125},"median":{"confidence_interval":{"confidence_level":0.95,"lower_bound":12504.116005291005,"upper_bound":12535.655045351474},"point_estimate":12514.8943547274,"standard_error":7.741633155623245},"median_abs_dev":{"confidence_interval":{"confidence_level":0.95,"lower_bound":22.654362931137342,"upper_bound":62.338972867937095},"point_estimate":38.42686592041227,"standard_error":10.29492461192155},"slope":{"confidence_interval":{"confidence_level":0.95,"lower_bound":12495.495949510396,"upper_bound":12507.09517112556},"point_estimate":12500.485872553641,"standard_error":2.94886208056529},"std_dev":{"confidence_interval":{"confidence_level":0.95,"lower_bound":75.38883337623342,"upper_bound":474.7431755144472},"point_estimate":295.8774368081403,"standard_error":121.78119964745211}}