{"mean":{"confidence_interval":{"confidence_level":0.95,"lower_bound":67970.0832945005,"upper_bound":68367.0041370142},"point_estimate":68123.78885051623,"standard_error":106.28048144499348},"median":{"confidence_interval":{"confidence_level":0.95,"lower_bound":67917.05864779875,"upper_bound":68083.12873563218},"point_estimate":67964.48055555555,"standard_error":45.29219684861132},"median_abs_dev":{"confidence_interval":{"confidence_level":0.95,"lower_bound":224.87046817441706,"upper_bound":362.6111919893274},"point_estimate":290.87693647716617,"standard_error":35.418709550099464},"slope":{"confidence_interval":{"confidence_level":0.95,"lower_bound":67997.5073143848,"upper_bound":68107.20005837738},"point_estimate":68051.49295640609,"standard_error":28.042219651284675},"std_dev":{"confidence_interval":{"confidence_level":0.95,"lower_bound":286.0577511364701,"upper_bound":1766.8089982685694},"point_estimate":1066.418466432338,"standard_error":490.675114215777}}