{"mean":{"confidence_interval":{"confidence_level":0.95,"lower_bound":74131.41629383218,"upper_bound":74439.1881920954},"point_estimate":74282.32720410524,"standard_error":78.54519252378591},"median":{"confidence_interval":{"confidence_level":0.95,"lower_bound":73942.3963897063,"upper_bound":74314.39935064936},"point_estimate":74117.06408479004,"standard_error":96.99604535059017},"median_abs_dev":{"confidence_interval":{"confidence_level":0.95,"lower_bound":552.1294698189154,"upper_bound":933.0162279271777},"point_estimate":836.6234542566759,"standard_error":98.9702023064543},"slope":{"confidence_interval":{"confidence_level":0.95,"lower_bound":74178.30506562255,"upper_bound":74536.62468077731},"point_estimate":74363.25851569592,"standard_error":91.5459756682623},"std_dev":{"confidence_interval":{"confidence_level":0.95,"lower_bound":667.244902667237,"upper_bound":902.4205070310853},"point_estimate":790.9261577016266,"standard_error":59.864894742350074}}