{"mean":{"confidence_interval":{"confidence_level":0.95,"lower_bound":77903.07991101276,"upper_bound":78236.89648332399},"point_estimate":78042.00291499325,"standard_error":86.1770271413161},"median":{"confidence_interval":{"confidence_level":0.95,"lower_bound":77863.61846958622,"upper_bound":77961.5060728745},"point_estimate":77915.26510764196,"standard_error":23.223561465235534},"median_abs_dev":{"confidence_interval":{"confidence_level":0.95,"lower_bound":247.32438302763674,"upper_bound":472.2997402020073},"point_estimate":397.7342739948394,"standard_error":59.308948038201564},"slope":{"confidence_interval":{"confidence_level":0.95,"lower_bound":77839.80223517703,"upper_bound":77986.58577519651},"point_estimate":77912.0574955383,"standard_error":37.51615085539418},"std_dev":{"confidence_interval":{"confidence_level":0.95,"lower_bound":361.76803809962337,"upper_bound":1370.1088112311431},"point_estimate":865.7204009067029,"standard_error":320.6987606487356}}