{"mean":{"confidence_interval":{"confidence_level":0.95,"lower_bound":260.64251388059006,"upper_bound":261.4341896932025},"point_estimate":260.94259881855817,"standard_error":0.21317840227983673},"median":{"confidence_interval":{"confidence_level":0.95,"lower_bound":260.57716162271646,"upper_bound":260.7426090817395},"point_estimate":260.63285766944193,"standard_error":0.040554640409651094},"median_abs_dev":{"confidence_interval":{"confidence_level":0.95,"lower_bound":0.2962728343519486,"upper_bound":0.48247213191350485},"point_estimate":0.376302145904805,"standard_error":0.04593635756129179},"slope":{"confidence_interval":{"confidence_level":0.95,"lower_bound":260.597823022741,"upper_bound":261.08206048172553},"point_estimate":260.79280898602514,"standard_error":0.12639359648914283},"std_dev":{"confidence_interval":{"confidence_level":0.95,"lower_bound":0.4283524480810138,"upper_bound":3.5777789720886926},"point_estimate":2.1430745784372145,"standard_error":1.0181371289409227}}