{"mean":{"confidence_interval":{"confidence_level":0.95,"lower_bound":260.22583854556353,"upper_bound":265.5340246042948},"point_estimate":262.3948491402006,"standard_error":1.3923253576428278},"median":{"confidence_interval":{"confidence_level":0.95,"lower_bound":259.5480637328984,"upper_bound":259.71084454773774},"point_estimate":259.6138160004665,"standard_error":0.03843955257423949},"median_abs_dev":{"confidence_interval":{"confidence_level":0.95,"lower_bound":0.24753575954713655,"upper_bound":0.4142708505138328},"point_estimate":0.3381925573732078,"standard_error":0.04375200060393615},"slope":{"confidence_interval":{"confidence_level":0.95,"lower_bound":259.78196124366673,"upper_bound":260.7474975740252},"point_estimate":260.199153116109,"standard_error":0.24818975353018763},"std_dev":{"confidence_interval":{"confidence_level":0.95,"lower_bound":3.1423230602489,"upper_bound":22.52529052719565},"point_estimate":13.999055799146696,"standard_error":5.450904578859518}}