{"mean":{"confidence_interval":{"confidence_level":0.95,"lower_bound":208.07530222505687,"upper_bound":209.30102468407622},"point_estimate":208.52907765871925,"standard_error":0.34536250652650596},"median":{"confidence_interval":{"confidence_level":0.95,"lower_bound":207.9577599508082,"upper_bound":208.22418670438472},"point_estimate":208.057816118064,"standard_error":0.0558895431726718},"median_abs_dev":{"confidence_interval":{"confidence_level":0.95,"lower_bound":0.40734695846910474,"upper_bound":0.6798676762945434},"point_estimate":0.5594150352599543,"standard_error":0.07203764605941769},"slope":{"confidence_interval":{"confidence_level":0.95,"lower_bound":207.9848926523832,"upper_bound":208.4279718628297},"point_estimate":208.1717375898458,"standard_error":0.11477570216130029},"std_dev":{"confidence_interval":{"confidence_level":0.95,"lower_bound":0.5943543769078882,"upper_bound":5.849739000899349},"point_estimate":3.4673109313636177,"standard_error":1.7970475554684535}}