{"mean":{"confidence_interval":{"confidence_level":0.95,"lower_bound":2076.577686627105,"upper_bound":2077.806430599618},"point_estimate":2077.104784335207,"standard_error":0.31844243417950574},"median":{"confidence_interval":{"confidence_level":0.95,"lower_bound":2076.1904699510833,"upper_bound":2076.7780107151175},"point_estimate":2076.487647182289,"standard_error":0.13054945799943252},"median_abs_dev":{"confidence_interval":{"confidence_level":0.95,"lower_bound":0.6695683357737835,"upper_bound":1.215190872262985},"point_estimate":0.8767099814883955,"standard_error":0.13721337226499522},"slope":{"confidence_interval":{"confidence_level":0.95,"lower_bound":2076.5635930458484,"upper_bound":2077.209379992106},"point_estimate":2076.8500195764436,"standard_error":0.1655187171396086},"std_dev":{"confidence_interval":{"confidence_level":0.95,"lower_bound":1.0338302270864286,"upper_bound":4.887081271240446},"point_estimate":3.199125316284169,"standard_error":1.0426957862074593}}