{"mean":{"confidence_interval":{"confidence_level":0.95,"lower_bound":2301.7744713386523,"upper_bound":2303.1927713460846},"point_estimate":2302.364615038943,"standard_error":0.36793148336914444},"median":{"confidence_interval":{"confidence_level":0.95,"lower_bound":2301.488410160029,"upper_bound":2301.91128383604},"point_estimate":2301.6547934163373,"standard_error":0.10856382543902517},"median_abs_dev":{"confidence_interval":{"confidence_level":0.95,"lower_bound":0.7538866499187667,"upper_bound":1.1925735317652468},"point_estimate":0.9435328487595336,"standard_error":0.10879230227997319},"slope":{"confidence_interval":{"confidence_level":0.95,"lower_bound":2301.5967739697953,"upper_bound":2302.142467089188},"point_estimate":2301.851351889561,"standard_error":0.13965927760730315},"std_dev":{"confidence_interval":{"confidence_level":0.95,"lower_bound":1.2594754330765117,"upper_bound":5.8969537885253125},"point_estimate":3.7138269521063925,"standard_error":1.3557092061056315}}