{"mean":{"confidence_interval":{"confidence_level":0.95,"lower_bound":356.9695153940743,"upper_bound":357.956143981473},"point_estimate":357.35085804555473,"standard_error":0.26313314084785455},"median":{"confidence_interval":{"confidence_level":0.95,"lower_bound":356.8715098634294,"upper_bound":357.19995616253584},"point_estimate":357.05138801073457,"standard_error":0.08545287677754147},"median_abs_dev":{"confidence_interval":{"confidence_level":0.95,"lower_bound":0.3699574705797083,"upper_bound":0.7915306933990073},"point_estimate":0.564534838232432,"standard_error":0.10654515036862111},"slope":{"confidence_interval":{"confidence_level":0.95,"lower_bound":356.691155127566,"upper_bound":357.00265468427796},"point_estimate":356.8421022091855,"standard_error":0.0795207989895615},"std_dev":{"confidence_interval":{"confidence_level":0.95,"lower_bound":0.48160734858057486,"upper_bound":3.0886395133010534},"point_estimate":1.8812524185360535,"standard_error":0.857236918722955}}