{"mean":{"confidence_interval":{"confidence_level":0.95,"lower_bound":895.4613640199867,"upper_bound":895.6312137834376},"point_estimate":895.539363141879,"standard_error":0.043348763150566426},"median":{"confidence_interval":{"confidence_level":0.95,"lower_bound":895.4213845226503,"upper_bound":895.4978213491058},"point_estimate":895.4684599049319,"standard_error":0.018849679121818005},"median_abs_dev":{"confidence_interval":{"confidence_level":0.95,"lower_bound":0.12404839117653355,"upper_bound":0.2327457766293005},"point_estimate":0.1733322124143245,"standard_error":0.027819626179402944},"slope":{"confidence_interval":{"confidence_level":0.95,"lower_bound":895.414122986819,"upper_bound":895.5093823179317},"point_estimate":895.4586086237567,"standard_error":0.02420794884203798},"std_dev":{"confidence_interval":{"confidence_level":0.95,"lower_bound":0.25159110032577714,"upper_bound":0.6007302925674636},"point_estimate":0.43806673636042065,"standard_error":0.08947918970222778}}