{"mean":{"confidence_interval":{"confidence_level":0.95,"lower_bound":895.6868779187304,"upper_bound":895.9518992975804},"point_estimate":895.8022336433289,"standard_error":0.06819420215587985},"median":{"confidence_interval":{"confidence_level":0.95,"lower_bound":895.6469258589511,"upper_bound":895.7583093497695},"point_estimate":895.7149934289764,"standard_error":0.027875756476878757},"median_abs_dev":{"confidence_interval":{"confidence_level":0.95,"lower_bound":0.1945566167990987,"upper_bound":0.3392923554980386},"point_estimate":0.250345655541777,"standard_error":0.03881879625021598},"slope":{"confidence_interval":{"confidence_level":0.95,"lower_bound":895.7089857072075,"upper_bound":895.8228379675137},"point_estimate":895.7643840748276,"standard_error":0.029027044490740676},"std_dev":{"confidence_interval":{"confidence_level":0.95,"lower_bound":0.3158125154636851,"upper_bound":1.0528470964520014},"point_estimate":0.6862208192164462,"standard_error":0.21814795412106336}}