{"mean":{"confidence_interval":{"confidence_level":0.95,"lower_bound":895.6149362181477,"upper_bound":895.7230897713614},"point_estimate":895.6669071770364,"standard_error":0.02756429428503968},"median":{"confidence_interval":{"confidence_level":0.95,"lower_bound":895.5811582179123,"upper_bound":895.6761160714286},"point_estimate":895.6250138824246,"standard_error":0.023298486021098432},"median_abs_dev":{"confidence_interval":{"confidence_level":0.95,"lower_bound":0.1417221422255107,"upper_bound":0.23100724811997633},"point_estimate":0.19089959911002638,"standard_error":0.023522193267304838},"slope":{"confidence_interval":{"confidence_level":0.95,"lower_bound":895.6196399146432,"upper_bound":895.7583215637261},"point_estimate":895.6813727986926,"standard_error":0.03572356815302968},"std_dev":{"confidence_interval":{"confidence_level":0.95,"lower_bound":0.19982861602173396,"upper_bound":0.3427761600140021},"point_estimate":0.2753389818305843,"standard_error":0.03668904758544377}}