{"mean":{"confidence_interval":{"confidence_level":0.95,"lower_bound":895.3916159566287,"upper_bound":895.5001870726599},"point_estimate":895.4431732664204,"standard_error":0.027694287972784344},"median":{"confidence_interval":{"confidence_level":0.95,"lower_bound":895.3269439421338,"upper_bound":895.4207091752496},"point_estimate":895.3822169251283,"standard_error":0.020901375783528995},"median_abs_dev":{"confidence_interval":{"confidence_level":0.95,"lower_bound":0.1298015455584673,"upper_bound":0.25376272275624284},"point_estimate":0.1897822655388919,"standard_error":0.032154856555075294},"slope":{"confidence_interval":{"confidence_level":0.95,"lower_bound":895.3555299366408,"upper_bound":895.4639858773829},"point_estimate":895.4065088581407,"standard_error":0.027628074618775488},"std_dev":{"confidence_interval":{"confidence_level":0.95,"lower_bound":0.20116296131834616,"upper_bound":0.3472429034438607},"point_estimate":0.27835122225624037,"standard_error":0.037299135262552005}}