{"mean":{"confidence_interval":{"confidence_level":0.95,"lower_bound":89.36061982373529,"upper_bound":89.39609159892912},"point_estimate":89.37506681920618,"standard_error":0.009287715773527678},"median":{"confidence_interval":{"confidence_level":0.95,"lower_bound":89.35663116406414,"upper_bound":89.37633461867588},"point_estimate":89.3633138862221,"standard_error":0.004738453790708742},"median_abs_dev":{"confidence_interval":{"confidence_level":0.95,"lower_bound":0.028395538293866887,"upper_bound":0.045911977840931865},"point_estimate":0.03604101987880503,"standard_error":0.004457064270592662},"slope":{"confidence_interval":{"confidence_level":0.95,"lower_bound":89.35404861594304,"upper_bound":89.37028732232554},"point_estimate":89.3621923250317,"standard_error":0.004149130450792044},"std_dev":{"confidence_interval":{"confidence_level":0.95,"lower_bound":0.034991296811612706,"upper_bound":0.15144708878430918},"point_estimate":0.09355880693890739,"standard_error":0.038158641761558074}}