{"mean":{"confidence_interval":{"confidence_level":0.95,"lower_bound":217.66061601572733,"upper_bound":217.8093156817274},"point_estimate":217.73061085803366,"standard_error":0.037901862064058864},"median":{"confidence_interval":{"confidence_level":0.95,"lower_bound":217.59352992957747,"upper_bound":217.78745658070042},"point_estimate":217.6748468403506,"standard_error":0.05311179303371566},"median_abs_dev":{"confidence_interval":{"confidence_level":0.95,"lower_bound":0.2188026240814113,"upper_bound":0.3477936792781701},"point_estimate":0.2767536069366492,"standard_error":0.03233926315804646},"slope":{"confidence_interval":{"confidence_level":0.95,"lower_bound":217.64967144935588,"upper_bound":217.90619580495073},"point_estimate":217.76128757034968,"standard_error":0.06626452055509593},"std_dev":{"confidence_interval":{"confidence_level":0.95,"lower_bound":0.25683822471445056,"upper_bound":0.5101734056089477},"point_estimate":0.3798674568520878,"standard_error":0.06721162885424033}}