{"mean":{"confidence_interval":{"confidence_level":0.95,"lower_bound":87715.58063336459,"upper_bound":87990.74737512431},"point_estimate":87833.10222384761,"standard_error":71.24024750400096},"median":{"confidence_interval":{"confidence_level":0.95,"lower_bound":87682.375,"upper_bound":87790.72276512982},"point_estimate":87742.0267091374,"standard_error":23.074707102642005},"median_abs_dev":{"confidence_interval":{"confidence_level":0.95,"lower_bound":174.62272388880783,"upper_bound":287.5724477354828},"point_estimate":216.49581397444626,"standard_error":28.536538004109804},"slope":{"confidence_interval":{"confidence_level":0.95,"lower_bound":87796.28997050386,"upper_bound":87976.467124415},"point_estimate":87871.55393207232,"standard_error":46.760251667855556},"std_dev":{"confidence_interval":{"confidence_level":0.95,"lower_bound":225.93828118920675,"upper_bound":1092.8211241620918},"point_estimate":716.3921336484417,"standard_error":235.15770836066997}}