{"mean":{"confidence_interval":{"confidence_level":0.95,"lower_bound":32939.39798622704,"upper_bound":32969.79111195256},"point_estimate":32952.58467252848,"standard_error":7.856176347678786},"median":{"confidence_interval":{"confidence_level":0.95,"lower_bound":32931.364112903226,"upper_bound":32940.095430107525},"point_estimate":32936.9251558688,"standard_error":2.0259773202446207},"median_abs_dev":{"confidence_interval":{"confidence_level":0.95,"lower_bound":14.67759457553182,"upper_bound":26.521869809647878},"point_estimate":20.85350670312891,"standard_error":3.0506781983071374},"slope":{"confidence_interval":{"confidence_level":0.95,"lower_bound":32935.747051902996,"upper_bound":32950.85919153628},"point_estimate":32942.36176311035,"standard_error":3.868472309029254},"std_dev":{"confidence_interval":{"confidence_level":0.95,"lower_bound":28.9115241375758,"upper_bound":119.04567832247724},"point_estimate":79.2303269127121,"standard_error":23.835250925282427}}