{"mean":{"confidence_interval":{"confidence_level":0.95,"lower_bound":6.4201362839051574,"upper_bound":6.423415939431262},"point_estimate":6.421803136549418,"standard_error":0.0008386717435437588},"median":{"confidence_interval":{"confidence_level":0.95,"lower_bound":6.422304701506517,"upper_bound":6.425434649964658},"point_estimate":6.423726610921893,"standard_error":0.0007551251575391609},"median_abs_dev":{"confidence_interval":{"confidence_level":0.95,"lower_bound":0.0050913163368924985,"upper_bound":0.00923034025847353},"point_estimate":0.006577421811754565,"standard_error":0.0010471174011450729},"slope":{"confidence_interval":{"confidence_level":0.95,"lower_bound":6.41809813730038,"upper_bound":6.422903902044409},"point_estimate":6.420560930387913,"standard_error":0.001227468720055173},"std_dev":{"confidence_interval":{"confidence_level":0.95,"lower_bound":0.007199384179044703,"upper_bound":0.009487332561822137},"point_estimate":0.008439824676021255,"standard_error":0.000584460540823067}}