{"mean":{"confidence_interval":{"confidence_level":0.95,"lower_bound":242.64713856466503,"upper_bound":242.88667783209806},"point_estimate":242.76168013172676,"standard_error":0.06105159859040848},"median":{"confidence_interval":{"confidence_level":0.95,"lower_bound":242.62438408868675,"upper_bound":242.78128069744596},"point_estimate":242.69380651860402,"standard_error":0.03777278201112331},"median_abs_dev":{"confidence_interval":{"confidence_level":0.95,"lower_bound":0.29489415459773155,"upper_bound":0.4959129262176436},"point_estimate":0.39119620993063275,"standard_error":0.05261684574620172},"slope":{"confidence_interval":{"confidence_level":0.95,"lower_bound":242.6843775866341,"upper_bound":242.8439083241208},"point_estimate":242.76276838177762,"standard_error":0.040714433491584615},"std_dev":{"confidence_interval":{"confidence_level":0.95,"lower_bound":0.42544841837014685,"upper_bound":0.79927958110762},"point_estimate":0.6135018649066003,"standard_error":0.09706637495348322}}