{"mean":{"confidence_interval":{"confidence_level":0.95,"lower_bound":6854.451468216176,"upper_bound":6855.937174811564},"point_estimate":6855.064999898602,"standard_error":0.386354936674029},"median":{"confidence_interval":{"confidence_level":0.95,"lower_bound":6854.234577231932,"upper_bound":6854.89051724138},"point_estimate":6854.406665667933,"standard_error":0.14777076009419812},"median_abs_dev":{"confidence_interval":{"confidence_level":0.95,"lower_bound":0.9603187535660966,"upper_bound":1.7169844788013051},"point_estimate":1.3256392603629295,"standard_error":0.18911032684895498},"slope":{"confidence_interval":{"confidence_level":0.95,"lower_bound":6854.536766092313,"upper_bound":6855.670465434033},"point_estimate":6855.022346172857,"standard_error":0.2917208469808165},"std_dev":{"confidence_interval":{"confidence_level":0.95,"lower_bound":1.447234846433926,"upper_bound":6.216941110121138},"point_estimate":3.880604515209225,"standard_error":1.5012638291137204}}