{"mean":{"confidence_interval":{"confidence_level":0.95,"lower_bound":6849.389597311671,"upper_bound":6851.0831856835275},"point_estimate":6850.163293323288,"standard_error":0.43457612116909516},"median":{"confidence_interval":{"confidence_level":0.95,"lower_bound":6848.833135156559,"upper_bound":6849.535679513185},"point_estimate":6849.137538770297,"standard_error":0.16478452489212622},"median_abs_dev":{"confidence_interval":{"confidence_level":0.95,"lower_bound":1.114790210094231,"upper_bound":1.8071773817091947},"point_estimate":1.454773365810208,"standard_error":0.17994721493949115},"slope":{"confidence_interval":{"confidence_level":0.95,"lower_bound":6849.144228405781,"upper_bound":6850.165408236285},"point_estimate":6849.6178012362225,"standard_error":0.2613284415458123},"std_dev":{"confidence_interval":{"confidence_level":0.95,"lower_bound":2.300581697403628,"upper_bound":5.981459993090607},"point_estimate":4.37626784269878,"standard_error":0.9222268228823012}}