{"mean":{"confidence_interval":{"confidence_level":0.95,"lower_bound":6828.204663620634,"upper_bound":6831.979484176232},"point_estimate":6829.683997973011,"standard_error":1.0026600996396382},"median":{"confidence_interval":{"confidence_level":0.95,"lower_bound":6827.509045477262,"upper_bound":6828.34263322884},"point_estimate":6827.888912906054,"standard_error":0.18994352410953438},"median_abs_dev":{"confidence_interval":{"confidence_level":0.95,"lower_bound":1.3296367824694981,"upper_bound":2.304839611460864},"point_estimate":1.7039091487755458,"standard_error":0.2579295926892303},"slope":{"confidence_interval":{"confidence_level":0.95,"lower_bound":6827.3853318022575,"upper_bound":6828.159255002041},"point_estimate":6827.769721253751,"standard_error":0.19731747676917044},"std_dev":{"confidence_interval":{"confidence_level":0.95,"lower_bound":2.5935650833251267,"upper_bound":16.58690790113906},"point_estimate":10.092353153968055,"standard_error":4.447431128515044}}