{"mean":{"confidence_interval":{"confidence_level":0.95,"lower_bound":880.8779863627813,"upper_bound":883.8684868522079},"point_estimate":882.0914799840368,"standard_error":0.7830047254710853},"median":{"confidence_interval":{"confidence_level":0.95,"lower_bound":880.5357354497354,"upper_bound":880.7630655270656},"point_estimate":880.6159323141444,"standard_error":0.05459699234354423},"median_abs_dev":{"confidence_interval":{"confidence_level":0.95,"lower_bound":0.4330148806979209,"upper_bound":0.8444416959125207},"point_estimate":0.6508280879227282,"standard_error":0.10394509931867678},"slope":{"confidence_interval":{"confidence_level":0.95,"lower_bound":880.7667087510263,"upper_bound":882.0854211196378},"point_estimate":881.3142411086482,"standard_error":0.34142760370522757},"std_dev":{"confidence_interval":{"confidence_level":0.95,"lower_bound":1.1527160939332728,"upper_bound":12.743773763540762},"point_estimate":7.871442021839205,"standard_error":3.1858614763785518}}