{"mean":{"confidence_interval":{"confidence_level":0.95,"lower_bound":100.3503779600408,"upper_bound":100.37911646530895},"point_estimate":100.36453488114462,"standard_error":0.007313013071006619},"median":{"confidence_interval":{"confidence_level":0.95,"lower_bound":100.33690430039044,"upper_bound":100.37359122753578},"point_estimate":100.35450789186216,"standard_error":0.009813291410802916},"median_abs_dev":{"confidence_interval":{"confidence_level":0.95,"lower_bound":0.05106767574770637,"upper_bound":0.08390177172652069},"point_estimate":0.0707648957808816,"standard_error":0.008507174628924011},"slope":{"confidence_interval":{"confidence_level":0.95,"lower_bound":100.33956863402474,"upper_bound":100.36383623428745},"point_estimate":100.35172574412118,"standard_error":0.00620414676419945},"std_dev":{"confidence_interval":{"confidence_level":0.95,"lower_bound":0.062185723848751824,"upper_bound":0.08329548568834878},"point_estimate":0.07332415677039572,"standard_error":0.005395810391944748}}