{"mean":{"confidence_interval":{"confidence_level":0.95,"lower_bound":7132.19197490877,"upper_bound":7133.848080870919},"point_estimate":7132.93601828844,"standard_error":0.42485410953659536},"median":{"confidence_interval":{"confidence_level":0.95,"lower_bound":7132.879806499628,"upper_bound":7133.3408473221425},"point_estimate":7133.183481200114,"standard_error":0.12859462237832914},"median_abs_dev":{"confidence_interval":{"confidence_level":0.95,"lower_bound":0.9231235597789003,"upper_bound":2.4653967776955},"point_estimate":1.3395805856385277,"standard_error":0.38695120939702027},"slope":{"confidence_interval":{"confidence_level":0.95,"lower_bound":7133.206659792233,"upper_bound":7133.804119975142},"point_estimate":7133.480432866651,"standard_error":0.15228510351723465},"std_dev":{"confidence_interval":{"confidence_level":0.95,"lower_bound":2.3338840851444553,"upper_bound":6.330424575946821},"point_estimate":4.281236520475256,"standard_error":1.167286770219328}}