{"mean":{"confidence_interval":{"confidence_level":0.95,"lower_bound":7985.954954902695,"upper_bound":7987.746553694808},"point_estimate":7986.786820176374,"standard_error":0.45978990006421283},"median":{"confidence_interval":{"confidence_level":0.95,"lower_bound":7985.842008797654,"upper_bound":7986.871975806452},"point_estimate":7986.231255204373,"standard_error":0.21287768272598293},"median_abs_dev":{"confidence_interval":{"confidence_level":0.95,"lower_bound":1.7610144848643778,"upper_bound":4.278764928689869},"point_estimate":2.7763414717656865,"standard_error":0.7211840991478694},"slope":{"confidence_interval":{"confidence_level":0.95,"lower_bound":7984.89592856874,"upper_bound":7986.289444082776},"point_estimate":7985.577267217092,"standard_error":0.3559077403568355},"std_dev":{"confidence_interval":{"confidence_level":0.95,"lower_bound":2.8148164419005557,"upper_bound":6.300744890625824},"point_estimate":4.619127162333301,"standard_error":0.9213855197366125}}