{"mean":{"confidence_interval":{"confidence_level":0.95,"lower_bound":7192.198240169374,"upper_bound":7196.4951993945215},"point_estimate":7194.37881157507,"standard_error":1.0975550749856078},"median":{"confidence_interval":{"confidence_level":0.95,"lower_bound":7197.032237086585,"upper_bound":7198.0697032436165},"point_estimate":7197.454992024861,"standard_error":0.2777883509070619},"median_abs_dev":{"confidence_interval":{"confidence_level":0.95,"lower_bound":3.134409726961653,"upper_bound":8.475827341321233},"point_estimate":6.356139942980527,"standard_error":1.3847144175994641},"slope":{"confidence_interval":{"confidence_level":0.95,"lower_bound":7185.190847767463,"upper_bound":7192.77835312533},"point_estimate":7188.787251773847,"standard_error":1.9343191016023114},"std_dev":{"confidence_interval":{"confidence_level":0.95,"lower_bound":9.273123549272771,"upper_bound":12.462295101381974},"point_estimate":11.008572271751033,"standard_error":0.8109650086402556}}