{"mean":{"confidence_interval":{"confidence_level":0.95,"lower_bound":7617.272527434725,"upper_bound":7629.803847808604},"point_estimate":7623.691566907663,"standard_error":3.2144388458628863},"median":{"confidence_interval":{"confidence_level":0.95,"lower_bound":7636.877307692308,"upper_bound":7641.394627594627},"point_estimate":7640.287451437452,"standard_error":1.126537800503662},"median_abs_dev":{"confidence_interval":{"confidence_level":0.95,"lower_bound":5.561104035527666,"upper_bound":11.685404223180678},"point_estimate":7.3104839182898305,"standard_error":1.5432535054633094},"slope":{"confidence_interval":{"confidence_level":0.95,"lower_bound":7590.776411532906,"upper_bound":7608.489614132715},"point_estimate":7598.865240908935,"standard_error":4.5272838944116},"std_dev":{"confidence_interval":{"confidence_level":0.95,"lower_bound":27.944263040349377,"upper_bound":35.344282494342075},"point_estimate":32.27846304265765,"standard_error":1.903821033179153}}