{"mean":{"confidence_interval":{"confidence_level":0.95,"lower_bound":164.10433982813288,"upper_bound":164.15434381382983},"point_estimate":164.12830964077747,"standard_error":0.012754335822093128},"median":{"confidence_interval":{"confidence_level":0.95,"lower_bound":164.09832207508612,"upper_bound":164.13721135786102},"point_estimate":164.10977481554627,"standard_error":0.01078500076742253},"median_abs_dev":{"confidence_interval":{"confidence_level":0.95,"lower_bound":0.08099313132448015,"upper_bound":0.13200677774840838},"point_estimate":0.10826235721596435,"standard_error":0.013422796378262679},"slope":{"confidence_interval":{"confidence_level":0.95,"lower_bound":164.0847840337341,"upper_bound":164.1285033149185},"point_estimate":164.10651463733979,"standard_error":0.011141926735396367},"std_dev":{"confidence_interval":{"confidence_level":0.95,"lower_bound":0.09762181514976369,"upper_bound":0.16145790266127538},"point_estimate":0.1281814752457517,"standard_error":0.0167421725565922}}