{"mean":{"confidence_interval":{"confidence_level":0.95,"lower_bound":163.9555934830008,"upper_bound":163.99850171377398},"point_estimate":163.9770001022518,"standard_error":0.010942382139403038},"median":{"confidence_interval":{"confidence_level":0.95,"lower_bound":163.9474636555666,"upper_bound":163.99349860433358},"point_estimate":163.96556473583826,"standard_error":0.013658602537830652},"median_abs_dev":{"confidence_interval":{"confidence_level":0.95,"lower_bound":0.0707862202910744,"upper_bound":0.11414657851142714},"point_estimate":0.09064405883321813,"standard_error":0.010830415650083048},"slope":{"confidence_interval":{"confidence_level":0.95,"lower_bound":163.96145014464628,"upper_bound":164.00542646986582},"point_estimate":163.98307050754926,"standard_error":0.011212097680657477},"std_dev":{"confidence_interval":{"confidence_level":0.95,"lower_bound":0.09325091568056673,"upper_bound":0.125588902448876},"point_estimate":0.11041507653601293,"standard_error":0.008225092414433678}}