{"mean":{"confidence_interval":{"confidence_level":0.95,"lower_bound":163.9272359091674,"upper_bound":164.036237679489},"point_estimate":163.97072233296447,"standard_error":0.028720595376514394},"median":{"confidence_interval":{"confidence_level":0.95,"lower_bound":163.90789367509115,"upper_bound":163.93692086636872},"point_estimate":163.92052717263437,"standard_error":0.007956201002790928},"median_abs_dev":{"confidence_interval":{"confidence_level":0.95,"lower_bound":0.048597614970740825,"upper_bound":0.10060447790381385},"point_estimate":0.07077290230681087,"standard_error":0.013594473590934308},"slope":{"confidence_interval":{"confidence_level":0.95,"lower_bound":163.90431270438174,"upper_bound":163.9313104782873},"point_estimate":163.91717568240168,"standard_error":0.006897789164294876},"std_dev":{"confidence_interval":{"confidence_level":0.95,"lower_bound":0.09303746876164608,"upper_bound":0.4697010157673969},"point_estimate":0.2884949019839617,"standard_error":0.1216692131318456}}