{"mean":{"confidence_interval":{"confidence_level":0.95,"lower_bound":162.754841941849,"upper_bound":162.8032762473473},"point_estimate":162.77950921059036,"standard_error":0.012386781853744703},"median":{"confidence_interval":{"confidence_level":0.95,"lower_bound":162.77248337883324,"upper_bound":162.82118472245054},"point_estimate":162.79765049588312,"standard_error":0.010562992873263134},"median_abs_dev":{"confidence_interval":{"confidence_level":0.95,"lower_bound":0.06366080339273243,"upper_bound":0.11405041614974726},"point_estimate":0.08978011118925419,"standard_error":0.012871012434302326},"slope":{"confidence_interval":{"confidence_level":0.95,"lower_bound":162.76234475846192,"upper_bound":162.81160674989164},"point_estimate":162.78786801203128,"standard_error":0.012581405190176868},"std_dev":{"confidence_interval":{"confidence_level":0.95,"lower_bound":0.10026783101484751,"upper_bound":0.1470153021269173},"point_estimate":0.12451084067219964,"standard_error":0.011959558581444398}}