{"mean":{"confidence_interval":{"confidence_level":0.95,"lower_bound":16445.375447647886,"upper_bound":16783.239427790897},"point_estimate":16590.003650637715,"standard_error":87.02889507391625},"median":{"confidence_interval":{"confidence_level":0.95,"lower_bound":16402.857187894075,"upper_bound":16418.440281030445},"point_estimate":16409.332495674666,"standard_error":4.461022816846493},"median_abs_dev":{"confidence_interval":{"confidence_level":0.95,"lower_bound":26.616270299891774,"upper_bound":47.96820225631999},"point_estimate":36.446524284907106,"standard_error":5.687349721949923},"slope":{"confidence_interval":{"confidence_level":0.95,"lower_bound":16429.028783005313,"upper_bound":16562.64284791255},"point_estimate":16486.113427990706,"standard_error":34.66034393956237},"std_dev":{"confidence_interval":{"confidence_level":0.95,"lower_bound":182.0279021061656,"upper_bound":1332.1386579367843},"point_estimate":878.7468095878477,"standard_error":292.1195863982439}}