{"mean":{"confidence_interval":{"confidence_level":0.95,"lower_bound":16097.991413681493,"upper_bound":16194.525597546773},"point_estimate":16136.324301458395,"standard_error":25.529399276281882},"median":{"confidence_interval":{"confidence_level":0.95,"lower_bound":16086.223325062034,"upper_bound":16100.080837173578},"point_estimate":16094.72107897664,"standard_error":3.465798028822853},"median_abs_dev":{"confidence_interval":{"confidence_level":0.95,"lower_bound":35.01752210435882,"upper_bound":64.84219647766815},"point_estimate":49.449112780718714,"standard_error":7.760064052831177},"slope":{"confidence_interval":{"confidence_level":0.95,"lower_bound":16119.067746648609,"upper_bound":16289.252385723314},"point_estimate":16179.004240360002,"standard_error":48.69131547560429},"std_dev":{"confidence_interval":{"confidence_level":0.95,"lower_bound":50.99992927597829,"upper_bound":421.91744662516146},"point_estimate":257.58131776277475,"standard_error":110.04883740467768}}