{"mean":{"confidence_interval":{"confidence_level":0.95,"lower_bound":16010.74900374788,"upper_bound":16181.089899704559},"point_estimate":16085.444865538962,"standard_error":43.96521401069751},"median":{"confidence_interval":{"confidence_level":0.95,"lower_bound":15972.67746031746,"upper_bound":15984.068376068377},"point_estimate":15977.646477937267,"standard_error":2.568599017884406},"median_abs_dev":{"confidence_interval":{"confidence_level":0.95,"lower_bound":16.006727814019442,"upper_bound":30.149129221831835},"point_estimate":20.634651052621205,"standard_error":3.6537912941920103},"slope":{"confidence_interval":{"confidence_level":0.95,"lower_bound":15991.341484082957,"upper_bound":16052.68486945495},"point_estimate":16017.474203944916,"standard_error":15.7630323158495},"std_dev":{"confidence_interval":{"confidence_level":0.95,"lower_bound":145.25053359085578,"upper_bound":639.4907925581344},"point_estimate":442.1955852173599,"standard_error":119.98406232254274}}