{"mean":{"confidence_interval":{"confidence_level":0.95,"lower_bound":500.1731260312289,"upper_bound":501.52959671026457},"point_estimate":500.7058822447881,"standard_error":0.35993127661128677},"median":{"confidence_interval":{"confidence_level":0.95,"lower_bound":499.98809633238346,"upper_bound":500.2334525939177},"point_estimate":500.09939684599703,"standard_error":0.061899118556335855},"median_abs_dev":{"confidence_interval":{"confidence_level":0.95,"lower_bound":0.31823717108702243,"upper_bound":0.5601085695107115},"point_estimate":0.412694352684857,"standard_error":0.06158026942988206},"slope":{"confidence_interval":{"confidence_level":0.95,"lower_bound":500.1071946896332,"upper_bound":500.35782765148724},"point_estimate":500.220302682246,"standard_error":0.06386843271360577},"std_dev":{"confidence_interval":{"confidence_level":0.95,"lower_bound":0.5894063362926728,"upper_bound":5.93358868166472},"point_estimate":3.611983303663779,"standard_error":1.5772080119336143}}