{"mean":{"confidence_interval":{"confidence_level":0.95,"lower_bound":697.9744416914276,"upper_bound":699.2444921182404},"point_estimate":698.4866871901643,"standard_error":0.33359099701523814},"median":{"confidence_interval":{"confidence_level":0.95,"lower_bound":697.8359801366832,"upper_bound":698.3402790122391},"point_estimate":698.1257350564572,"standard_error":0.13336687166710992},"median_abs_dev":{"confidence_interval":{"confidence_level":0.95,"lower_bound":0.7006575467491422,"upper_bound":1.1227919807711597},"point_estimate":0.9243121170960656,"standard_error":0.10403375353831269},"slope":{"confidence_interval":{"confidence_level":0.95,"lower_bound":697.8886181398325,"upper_bound":698.8962178314424},"point_estimate":698.310750396803,"standard_error":0.26361757843333694},"std_dev":{"confidence_interval":{"confidence_level":0.95,"lower_bound":1.074630291279708,"upper_bound":5.470010878097769},"point_estimate":3.364370056694985,"standard_error":1.4010012910706011}}