{"mean":{"confidence_interval":{"confidence_level":0.95,"lower_bound":647.2188294794861,"upper_bound":661.2340720856324},"point_estimate":653.0429093682892,"standard_error":3.6645508253735137},"median":{"confidence_interval":{"confidence_level":0.95,"lower_bound":645.6338989714858,"upper_bound":646.4963264757957},"point_estimate":645.9866717383798,"standard_error":0.24790659434201373},"median_abs_dev":{"confidence_interval":{"confidence_level":0.95,"lower_bound":1.4513032072149872,"upper_bound":2.5090811483585904},"point_estimate":2.0064894003471596,"standard_error":0.25802399042398183},"slope":{"confidence_interval":{"confidence_level":0.95,"lower_bound":645.650013979913,"upper_bound":649.958254200239},"point_estimate":647.4832390083066,"standard_error":1.1032377783178413},"std_dev":{"confidence_interval":{"confidence_level":0.95,"lower_bound":6.432674241477166,"upper_bound":57.67876379838564},"point_estimate":36.92363054867648,"standard_error":13.67329381485212}}