{"mean":{"confidence_interval":{"confidence_level":0.95,"lower_bound":82.12856098593412,"upper_bound":91.56322029400724},"point_estimate":86.79205108873482,"standard_error":2.4086313453567554},"median":{"confidence_interval":{"confidence_level":0.95,"lower_bound":65.9060292434838,"upper_bound":104.85996363636363},"point_estimate":68.62616083916083,"standard_error":10.238757317801923},"median_abs_dev":{"confidence_interval":{"confidence_level":0.95,"lower_bound":2.7602622918676842,"upper_bound":36.185289321770014},"point_estimate":6.870982860066941,"standard_error":8.950423228119433},"slope":{"confidence_interval":{"confidence_level":0.95,"lower_bound":101.61742942859232,"upper_bound":109.62859698203478},"point_estimate":106.04762646264626,"standard_error":2.041697622602588},"std_dev":{"confidence_interval":{"confidence_level":0.95,"lower_bound":22.7876947103518,"upper_bound":25.26117604251089},"point_estimate":24.265957667401388,"standard_error":0.6261316465456587}}