{"mean":{"confidence_interval":{"confidence_level":0.95,"lower_bound":53.89366688420841,"upper_bound":54.122871953871744},"point_estimate":53.97785370806448,"standard_error":0.06439884222445659},"median":{"confidence_interval":{"confidence_level":0.95,"lower_bound":53.86103033566685,"upper_bound":53.90208159248324},"point_estimate":53.885844423930045,"standard_error":0.010013902462112246},"median_abs_dev":{"confidence_interval":{"confidence_level":0.95,"lower_bound":0.050184483941218334,"upper_bound":0.08674650615933277},"point_estimate":0.06590615639664146,"standard_error":0.009660728731578729},"slope":{"confidence_interval":{"confidence_level":0.95,"lower_bound":53.895112430675645,"upper_bound":53.93287288139511},"point_estimate":53.91320998424439,"standard_error":0.009640649364817499},"std_dev":{"confidence_interval":{"confidence_level":0.95,"lower_bound":0.08668746473710116,"upper_bound":1.0921368198234125},"point_estimate":0.6461629050084896,"standard_error":0.3360998996917876}}