{"mean":{"confidence_interval":{"confidence_level":0.95,"lower_bound":49.23396116100458,"upper_bound":49.43297377818469},"point_estimate":49.30549823453416,"standard_error":0.057825309743832584},"median":{"confidence_interval":{"confidence_level":0.95,"lower_bound":49.21321722098756,"upper_bound":49.24099947126691},"point_estimate":49.22391052834516,"standard_error":0.007438882849120714},"median_abs_dev":{"confidence_interval":{"confidence_level":0.95,"lower_bound":0.04724491984799135,"upper_bound":0.0752537191024504},"point_estimate":0.06047793211654382,"standard_error":0.006652032437092803},"slope":{"confidence_interval":{"confidence_level":0.95,"lower_bound":49.22500975404004,"upper_bound":49.25000870507773},"point_estimate":49.23716810101249,"standard_error":0.006387592648913493},"std_dev":{"confidence_interval":{"confidence_level":0.95,"lower_bound":0.06795808825851982,"upper_bound":0.986231334391085},"point_estimate":0.5802613836188572,"standard_error":0.3177867528399711}}