{"mean":{"confidence_interval":{"confidence_level":0.95,"lower_bound":49.236629817377576,"upper_bound":49.40866793578285},"point_estimate":49.30155280309712,"standard_error":0.046457369199322134},"median":{"confidence_interval":{"confidence_level":0.95,"lower_bound":49.205489200756446,"upper_bound":49.24335584257612},"point_estimate":49.22548027136615,"standard_error":0.008698673069690225},"median_abs_dev":{"confidence_interval":{"confidence_level":0.95,"lower_bound":0.05099619137739685,"upper_bound":0.08276283455271341},"point_estimate":0.06502155911220409,"standard_error":0.007784089556055973},"slope":{"confidence_interval":{"confidence_level":0.95,"lower_bound":49.24400474262167,"upper_bound":49.28475337878869},"point_estimate":49.26266973994209,"standard_error":0.010420980032516357},"std_dev":{"confidence_interval":{"confidence_level":0.95,"lower_bound":0.08204703560948685,"upper_bound":0.7806941617847021},"point_estimate":0.46752214248366947,"standard_error":0.2239930445437746}}