{"mean":{"confidence_interval":{"confidence_level":0.95,"lower_bound":4327.97686067102,"upper_bound":4329.503561301861},"point_estimate":4328.661506826483,"standard_error":0.3918119333149202},"median":{"confidence_interval":{"confidence_level":0.95,"lower_bound":4327.359681372549,"upper_bound":4328.211783827006},"point_estimate":4327.638107000613,"standard_error":0.20187873353389427},"median_abs_dev":{"confidence_interval":{"confidence_level":0.95,"lower_bound":0.4970018863569448,"upper_bound":1.4593936320778003},"point_estimate":0.9279648325201084,"standard_error":0.2295685382314098},"slope":{"confidence_interval":{"confidence_level":0.95,"lower_bound":4327.551129681143,"upper_bound":4328.331550390859},"point_estimate":4327.890119051697,"standard_error":0.19960911559251301},"std_dev":{"confidence_interval":{"confidence_level":0.95,"lower_bound":1.3607826234813178,"upper_bound":3.9491849245806803},"point_estimate":2.793439916818106,"standard_error":0.6696581054284206}}