{"mean":{"confidence_interval":{"confidence_level":0.95,"lower_bound":4327.496534824765,"upper_bound":4328.211525873672},"point_estimate":4327.826714872847,"standard_error":0.1827893564729191},"median":{"confidence_interval":{"confidence_level":0.95,"lower_bound":4327.244660364146,"upper_bound":4327.604779411765},"point_estimate":4327.38057776385,"standard_error":0.09800371906180741},"median_abs_dev":{"confidence_interval":{"confidence_level":0.95,"lower_bound":0.33224788445645564,"upper_bound":0.704927667267611},"point_estimate":0.4597248854602017,"standard_error":0.09743730275995624},"slope":{"confidence_interval":{"confidence_level":0.95,"lower_bound":4327.193081379327,"upper_bound":4327.430991564205},"point_estimate":4327.306099258282,"standard_error":0.060758765667113974},"std_dev":{"confidence_interval":{"confidence_level":0.95,"lower_bound":0.7614792614923882,"upper_bound":1.714081267160176},"point_estimate":1.3100136193710223,"standard_error":0.24405595096361643}}