{"mean":{"confidence_interval":{"confidence_level":0.95,"lower_bound":4327.368236763071,"upper_bound":4328.185270704803},"point_estimate":4327.748778749205,"standard_error":0.20929349637175756},"median":{"confidence_interval":{"confidence_level":0.95,"lower_bound":4326.886029411765,"upper_bound":4327.569398377557},"point_estimate":4327.159444817591,"standard_error":0.1599278316378867},"median_abs_dev":{"confidence_interval":{"confidence_level":0.95,"lower_bound":0.41407271857411637,"upper_bound":1.254892713028296},"point_estimate":0.7480203942885488,"standard_error":0.20859024542171542},"slope":{"confidence_interval":{"confidence_level":0.95,"lower_bound":4326.918313560362,"upper_bound":4327.354978979502},"point_estimate":4327.112579310699,"standard_error":0.11183798310982992},"std_dev":{"confidence_interval":{"confidence_level":0.95,"lower_bound":0.926898260729052,"upper_bound":1.9699990840358221},"point_estimate":1.4997831854599621,"standard_error":0.269731067900098}}