{"mean":{"confidence_interval":{"confidence_level":0.95,"lower_bound":2608.667496898193,"upper_bound":2615.726795925604},"point_estimate":2611.6598992200106,"standard_error":1.8264940131863425},"median":{"confidence_interval":{"confidence_level":0.95,"lower_bound":2607.401287787842,"upper_bound":2611.2138400814874},"point_estimate":2609.507464884625,"standard_error":0.9058603190572121},"median_abs_dev":{"confidence_interval":{"confidence_level":0.95,"lower_bound":6.366635524983974,"upper_bound":10.37759677428895},"point_estimate":8.472821024619304,"standard_error":0.9569144040057038},"slope":{"confidence_interval":{"confidence_level":0.95,"lower_bound":2608.147961312596,"upper_bound":2612.1061405033442},"point_estimate":2610.0196343927632,"standard_error":1.0101263983937108},"std_dev":{"confidence_interval":{"confidence_level":0.95,"lower_bound":8.44670801185452,"upper_bound":28.79996650389958},"point_estimate":18.401238860354717,"standard_error":6.547849357838429}}