{"mean":{"confidence_interval":{"confidence_level":0.95,"lower_bound":2708.669677492908,"upper_bound":2715.260192278416},"point_estimate":2711.3281581350907,"standard_error":1.7307066193155476},"median":{"confidence_interval":{"confidence_level":0.95,"lower_bound":2707.538075417905,"upper_bound":2710.302413479053},"point_estimate":2708.5027643844423,"standard_error":0.7063079147828423},"median_abs_dev":{"confidence_interval":{"confidence_level":0.95,"lower_bound":3.9249254455105436,"upper_bound":6.529171926300097},"point_estimate":5.641955202580823,"standard_error":0.6715898278260687},"slope":{"confidence_interval":{"confidence_level":0.95,"lower_bound":2708.589734101767,"upper_bound":2711.4993027643113},"point_estimate":2709.9721002760907,"standard_error":0.7443467746373765},"std_dev":{"confidence_interval":{"confidence_level":0.95,"lower_bound":4.794705318792084,"upper_bound":28.391585327916733},"point_estimate":17.46960780993233,"standard_error":7.119932425913726}}