{"mean":{"confidence_interval":{"confidence_level":0.95,"lower_bound":2531.8215055017495,"upper_bound":2534.7319210486576},"point_estimate":2533.0331598229113,"standard_error":0.7590964654896469},"median":{"confidence_interval":{"confidence_level":0.95,"lower_bound":2531.5797352188956,"upper_bound":2532.9272520602444},"point_estimate":2532.23215451098,"standard_error":0.35004644274082863},"median_abs_dev":{"confidence_interval":{"confidence_level":0.95,"lower_bound":2.2236765370286578,"upper_bound":3.52484312006152},"point_estimate":2.8311570413708864,"standard_error":0.3423018086731936},"slope":{"confidence_interval":{"confidence_level":0.95,"lower_bound":2531.892535162899,"upper_bound":2534.175567441258},"point_estimate":2532.8772482980253,"standard_error":0.5918013607585252},"std_dev":{"confidence_interval":{"confidence_level":0.95,"lower_bound":3.0679236569539325,"upper_bound":12.13510892408141},"point_estimate":7.642457169280121,"standard_error":2.8662005006986124}}