{"mean":{"confidence_interval":{"confidence_level":0.95,"lower_bound":5206.3572405174855,"upper_bound":5216.112733796982},"point_estimate":5210.191088506317,"standard_error":2.574121117933304},"median":{"confidence_interval":{"confidence_level":0.95,"lower_bound":5206.296817869711,"upper_bound":5208.105759162304},"point_estimate":5207.079165338797,"standard_error":0.45568148606933306},"median_abs_dev":{"confidence_interval":{"confidence_level":0.95,"lower_bound":3.2296973684957098,"upper_bound":5.9590200953458154},"point_estimate":4.428584082920042,"standard_error":0.6873068550962609},"slope":{"confidence_interval":{"confidence_level":0.95,"lower_bound":5205.788023892786,"upper_bound":5211.561604787692},"point_estimate":5208.135525049574,"standard_error":1.5122158046856164},"std_dev":{"confidence_interval":{"confidence_level":0.95,"lower_bound":6.182643236852937,"upper_bound":42.497055735830976},"point_estimate":25.82019295951,"standard_error":11.216168691617316}}