{"mean":{"confidence_interval":{"confidence_level":0.95,"lower_bound":66.4577788589193,"upper_bound":67.89042212070366},"point_estimate":67.10570226445859,"standard_error":0.36887813003516734},"median":{"confidence_interval":{"confidence_level":0.95,"lower_bound":66.11823614924892,"upper_bound":66.22338268955026},"point_estimate":66.16262783200155,"standard_error":0.02750015231880841},"median_abs_dev":{"confidence_interval":{"confidence_level":0.95,"lower_bound":0.20865388284966482,"upper_bound":0.3498359683417849},"point_estimate":0.2804298300300162,"standard_error":0.03536897849344496},"slope":{"confidence_interval":{"confidence_level":0.95,"lower_bound":66.15239801296862,"upper_bound":66.32784855978791},"point_estimate":66.23129602828821,"standard_error":0.0451057559247475},"std_dev":{"confidence_interval":{"confidence_level":0.95,"lower_bound":2.0009639509483983,"upper_bound":5.024346383853561},"point_estimate":3.721025093828442,"standard_error":0.7811306624353812}}