{"mean":{"confidence_interval":{"confidence_level":0.95,"lower_bound":63.87597586612743,"upper_bound":64.05751893672081},"point_estimate":63.94129072288394,"standard_error":0.05344974422955729},"median":{"confidence_interval":{"confidence_level":0.95,"lower_bound":63.86363005772736,"upper_bound":63.90101561491805},"point_estimate":63.88238878545998,"standard_error":0.00958789515279352},"median_abs_dev":{"confidence_interval":{"confidence_level":0.95,"lower_bound":0.05808736782269921,"upper_bound":0.08900660219995812},"point_estimate":0.07467071298970988,"standard_error":0.007779753303067755},"slope":{"confidence_interval":{"confidence_level":0.95,"lower_bound":63.875001807838856,"upper_bound":63.903450590992755},"point_estimate":63.88909373319844,"standard_error":0.007255691386308057},"std_dev":{"confidence_interval":{"confidence_level":0.95,"lower_bound":0.07117045723816728,"upper_bound":0.9142883136151648},"point_estimate":0.5364307901479227,"standard_error":0.29931170429235454}}