{"mean":{"confidence_interval":{"confidence_level":0.95,"lower_bound":63.63220645644743,"upper_bound":63.83123500513877},"point_estimate":63.70956145252248,"standard_error":0.05306747564489175},"median":{"confidence_interval":{"confidence_level":0.95,"lower_bound":63.573805308859306,"upper_bound":63.639266429122436},"point_estimate":63.615320455129854,"standard_error":0.018233671229689972},"median_abs_dev":{"confidence_interval":{"confidence_level":0.95,"lower_bound":0.09895341794426593,"upper_bound":0.17404477249274433},"point_estimate":0.15432866964854997,"standard_error":0.0209825716536941},"slope":{"confidence_interval":{"confidence_level":0.95,"lower_bound":63.60112917781393,"upper_bound":63.66281219295455},"point_estimate":63.630000209941436,"standard_error":0.015745832000709392},"std_dev":{"confidence_interval":{"confidence_level":0.95,"lower_bound":0.15593045971655137,"upper_bound":0.8799357017965234},"point_estimate":0.5337309538252124,"standard_error":0.2431792850061326}}