{"mean":{"confidence_interval":{"confidence_level":0.95,"lower_bound":63.90306626526829,"upper_bound":64.07047959268161},"point_estimate":63.966223333175975,"standard_error":0.045213073980579686},"median":{"confidence_interval":{"confidence_level":0.95,"lower_bound":63.89341460558788,"upper_bound":63.920032561608856},"point_estimate":63.90698483674859,"standard_error":0.006476520226661778},"median_abs_dev":{"confidence_interval":{"confidence_level":0.95,"lower_bound":0.05308554485780785,"upper_bound":0.1109912245890148},"point_estimate":0.08326190823006785,"standard_error":0.015231920623928176},"slope":{"confidence_interval":{"confidence_level":0.95,"lower_bound":63.89461334557916,"upper_bound":63.972411369637335},"point_estimate":63.92777027979108,"standard_error":0.020152322112585875},"std_dev":{"confidence_interval":{"confidence_level":0.95,"lower_bound":0.10340950680087706,"upper_bound":0.755796838583777},"point_estimate":0.45311284529840395,"standard_error":0.21761545039975203}}