{"mean":{"confidence_interval":{"confidence_level":0.95,"lower_bound":25.85432217568094,"upper_bound":25.963037849247275},"point_estimate":25.906190644398134,"standard_error":0.02773233411419735},"median":{"confidence_interval":{"confidence_level":0.95,"lower_bound":25.803574572542765,"upper_bound":25.913893585828028},"point_estimate":25.869819886916705,"standard_error":0.031328854199531075},"median_abs_dev":{"confidence_interval":{"confidence_level":0.95,"lower_bound":0.17360296045971374,"upper_bound":0.27688947459162006},"point_estimate":0.22494529215753778,"standard_error":0.025763457086667357},"slope":{"confidence_interval":{"confidence_level":0.95,"lower_bound":25.851446318670323,"upper_bound":25.966976994898218},"point_estimate":25.90809252882188,"standard_error":0.029509623080403755},"std_dev":{"confidence_interval":{"confidence_level":0.95,"lower_bound":0.2017426166877975,"upper_bound":0.36117304181837245},"point_estimate":0.27860192143891527,"standard_error":0.04207846188084555}}