{"mean":{"confidence_interval":{"confidence_level":0.95,"lower_bound":24.12113536270037,"upper_bound":24.177249390170115},"point_estimate":24.144855389125933,"standard_error":0.014457106711083053},"median":{"confidence_interval":{"confidence_level":0.95,"lower_bound":24.107374421537273,"upper_bound":24.13453891475956},"point_estimate":24.127994986468465,"standard_error":0.0073394858480786505},"median_abs_dev":{"confidence_interval":{"confidence_level":0.95,"lower_bound":0.04154441135677904,"upper_bound":0.0740686458244667},"point_estimate":0.05857624228207702,"standard_error":0.008188522896345219},"slope":{"confidence_interval":{"confidence_level":0.95,"lower_bound":24.1109488225327,"upper_bound":24.140737120967547},"point_estimate":24.125324027945254,"standard_error":0.007574853133074286},"std_dev":{"confidence_interval":{"confidence_level":0.95,"lower_bound":0.061388026225221076,"upper_bound":0.2261174538954343},"point_estimate":0.1446128046329709,"standard_error":0.049486443594923095}}