{"mean":{"confidence_interval":{"confidence_level":0.95,"lower_bound":23.965130960403716,"upper_bound":24.075322674482702},"point_estimate":24.01547932182653,"standard_error":0.028267871086833905},"median":{"confidence_interval":{"confidence_level":0.95,"lower_bound":23.930877956625284,"upper_bound":24.022736592242786},"point_estimate":23.97871439999652,"standard_error":0.022469858659314626},"median_abs_dev":{"confidence_interval":{"confidence_level":0.95,"lower_bound":0.1540675433665783,"upper_bound":0.24777977803638923},"point_estimate":0.1819710567353469,"standard_error":0.024299478888657695},"slope":{"confidence_interval":{"confidence_level":0.95,"lower_bound":23.95495228206789,"upper_bound":24.06224803877745},"point_estimate":24.006741976056194,"standard_error":0.02735726185316156},"std_dev":{"confidence_interval":{"confidence_level":0.95,"lower_bound":0.17500933024764792,"upper_bound":0.411445274730331},"point_estimate":0.28558776456320156,"standard_error":0.07110577050477443}}