{"mean":{"confidence_interval":{"confidence_level":0.95,"lower_bound":25.36466391300572,"upper_bound":25.431708208013635},"point_estimate":25.39475196668993,"standard_error":0.017149394842450018},"median":{"confidence_interval":{"confidence_level":0.95,"lower_bound":25.369528854545273,"upper_bound":25.40938842275355},"point_estimate":25.396290408298427,"standard_error":0.012477714092248385},"median_abs_dev":{"confidence_interval":{"confidence_level":0.95,"lower_bound":0.051047394790870254,"upper_bound":0.0871095087875792},"point_estimate":0.07750026889555502,"standard_error":0.0091906249092906},"slope":{"confidence_interval":{"confidence_level":0.95,"lower_bound":25.36409897551577,"upper_bound":25.393501539905554},"point_estimate":25.378420582355826,"standard_error":0.007513252503223877},"std_dev":{"confidence_interval":{"confidence_level":0.95,"lower_bound":0.07900722912770018,"upper_bound":0.2659862989476286},"point_estimate":0.17274479794781478,"standard_error":0.05331668638274447}}