{"mean":{"confidence_interval":{"confidence_level":0.95,"lower_bound":22030.24413845267,"upper_bound":22105.367483737922},"point_estimate":22061.6947357388,"standard_error":19.37785118789517},"median":{"confidence_interval":{"confidence_level":0.95,"lower_bound":22023.01548821549,"upper_bound":22056.305747126436},"point_estimate":22040.356895424837,"standard_error":7.929972861737738},"median_abs_dev":{"confidence_interval":{"confidence_level":0.95,"lower_bound":62.897923511788534,"upper_bound":100.99013929585385},"point_estimate":82.60866772885026,"standard_error":9.589752641221706},"slope":{"confidence_interval":{"confidence_level":0.95,"lower_bound":22021.06172322488,"upper_bound":22055.683431785514},"point_estimate":22038.430915455723,"standard_error":8.812766893656242},"std_dev":{"confidence_interval":{"confidence_level":0.95,"lower_bound":82.89998199110103,"upper_bound":307.07217459875744},"point_estimate":194.4324231281758,"standard_error":71.20667181852843}}