{"mean":{"confidence_interval":{"confidence_level":0.95,"lower_bound":117.32040107639034,"upper_bound":117.34248623782749},"point_estimate":117.33144057451182,"standard_error":0.005640019181227144},"median":{"confidence_interval":{"confidence_level":0.95,"lower_bound":117.31569245350077,"upper_bound":117.34316875962564},"point_estimate":117.33008017120557,"standard_error":0.006370858720385234},"median_abs_dev":{"confidence_interval":{"confidence_level":0.95,"lower_bound":0.041752290362807594,"upper_bound":0.06672370242326273},"point_estimate":0.051404243910137086,"standard_error":0.006195373649362276},"slope":{"confidence_interval":{"confidence_level":0.95,"lower_bound":117.32139590590012,"upper_bound":117.34515520911891},"point_estimate":117.3330160358025,"standard_error":0.00606312662889811},"std_dev":{"confidence_interval":{"confidence_level":0.95,"lower_bound":0.04835892730612259,"upper_bound":0.06467941240162167},"point_estimate":0.05684447684433321,"standard_error":0.004170064483402231}}