{"mean":{"confidence_interval":{"confidence_level":0.95,"lower_bound":52.788051338489595,"upper_bound":52.87042257043875},"point_estimate":52.82851924044602,"standard_error":0.021097082921226886},"median":{"confidence_interval":{"confidence_level":0.95,"lower_bound":52.74307720281645,"upper_bound":52.796593610654426},"point_estimate":52.776721491115936,"standard_error":0.014783014372132655},"median_abs_dev":{"confidence_interval":{"confidence_level":0.95,"lower_bound":0.10607951647164188,"upper_bound":0.21690504929112212},"point_estimate":0.14883242620727882,"standard_error":0.0281541523910138},"slope":{"confidence_interval":{"confidence_level":0.95,"lower_bound":52.76183017047585,"upper_bound":52.82752579707981},"point_estimate":52.791932376401746,"standard_error":0.016692672046734674},"std_dev":{"confidence_interval":{"confidence_level":0.95,"lower_bound":0.18360997930693787,"upper_bound":0.23411086770368414},"point_estimate":0.21152840001951714,"standard_error":0.012840200595915839}}