{"mean":{"confidence_interval":{"confidence_level":0.95,"lower_bound":53.981280716034334,"upper_bound":54.02241893886194},"point_estimate":54.00135255342473,"standard_error":0.010506103531958843},"median":{"confidence_interval":{"confidence_level":0.95,"lower_bound":53.97081007289566,"upper_bound":54.01170043050966},"point_estimate":53.99543844758944,"standard_error":0.009783452533671607},"median_abs_dev":{"confidence_interval":{"confidence_level":0.95,"lower_bound":0.07115261133198408,"upper_bound":0.1118023741470051},"point_estimate":0.09495631319704985,"standard_error":0.010499412620001546},"slope":{"confidence_interval":{"confidence_level":0.95,"lower_bound":53.96718991071454,"upper_bound":54.00624544679458},"point_estimate":53.98629648560113,"standard_error":0.009966787579478827},"std_dev":{"confidence_interval":{"confidence_level":0.95,"lower_bound":0.08557407247049631,"upper_bound":0.12423657210574308},"point_estimate":0.10595802701131736,"standard_error":0.009880660879698031}}