{"mean":{"confidence_interval":{"confidence_level":0.95,"lower_bound":53.726494643848724,"upper_bound":53.77458733504565},"point_estimate":53.75051145410533,"standard_error":0.012226573287265292},"median":{"confidence_interval":{"confidence_level":0.95,"lower_bound":53.72587807668904,"upper_bound":53.781070676684635},"point_estimate":53.75947007383215,"standard_error":0.013877170829636987},"median_abs_dev":{"confidence_interval":{"confidence_level":0.95,"lower_bound":0.07380169109447633,"upper_bound":0.11177245022745969},"point_estimate":0.09159553703500799,"standard_error":0.009738272087862649},"slope":{"confidence_interval":{"confidence_level":0.95,"lower_bound":53.7501922506574,"upper_bound":53.78245000354191},"point_estimate":53.766362143002276,"standard_error":0.008223170143797554},"std_dev":{"confidence_interval":{"confidence_level":0.95,"lower_bound":0.09309440190427754,"upper_bound":0.1520170479967679},"point_estimate":0.12323504365817545,"standard_error":0.015084358975532858}}