{"mean":{"confidence_interval":{"confidence_level":0.95,"lower_bound":2077.856814802174,"upper_bound":2078.175823167523},"point_estimate":2078.0039132378943,"standard_error":0.08166830528827487},"median":{"confidence_interval":{"confidence_level":0.95,"lower_bound":2077.802619236884,"upper_bound":2078.0198266806724},"point_estimate":2077.9150883959833,"standard_error":0.051554742337383525},"median_abs_dev":{"confidence_interval":{"confidence_level":0.95,"lower_bound":0.40432682334406495,"upper_bound":0.6975363739190844},"point_estimate":0.5491680932350601,"standard_error":0.07487888265449019},"slope":{"confidence_interval":{"confidence_level":0.95,"lower_bound":2077.8307991173247,"upper_bound":2078.326246786402},"point_estimate":2078.0396597303024,"standard_error":0.12829890157453358},"std_dev":{"confidence_interval":{"confidence_level":0.95,"lower_bound":0.5059579795945278,"upper_bound":1.1423903603741026},"point_estimate":0.8204878965091735,"standard_error":0.17038329610259115}}