{"mean":{"confidence_interval":{"confidence_level":0.95,"lower_bound":208.60527664736304,"upper_bound":209.19720334228901},"point_estimate":208.84621010176124,"standard_error":0.1554074068735085},"median":{"confidence_interval":{"confidence_level":0.95,"lower_bound":208.64410965356146,"upper_bound":208.82482389636345},"point_estimate":208.71767989261423,"standard_error":0.0465208846015773},"median_abs_dev":{"confidence_interval":{"confidence_level":0.95,"lower_bound":0.4017012901935928,"upper_bound":0.6881145366185019},"point_estimate":0.5103496313832924,"standard_error":0.07025052644201052},"slope":{"confidence_interval":{"confidence_level":0.95,"lower_bound":208.62469643975146,"upper_bound":208.90218787497344},"point_estimate":208.76173783425236,"standard_error":0.0709556269360298},"std_dev":{"confidence_interval":{"confidence_level":0.95,"lower_bound":0.5774866648968416,"upper_bound":2.5245323533698554},"point_estimate":1.5620340878916539,"standard_error":0.6389307156653267}}