{"mean":{"confidence_interval":{"confidence_level":0.95,"lower_bound":219.04892183343185,"upper_bound":219.6888453805988},"point_estimate":219.2846048876635,"standard_error":0.18297140212766705},"median":{"confidence_interval":{"confidence_level":0.95,"lower_bound":219.00810551468575,"upper_bound":219.1153731263188},"point_estimate":219.07326384210876,"standard_error":0.02528553187401643},"median_abs_dev":{"confidence_interval":{"confidence_level":0.95,"lower_bound":0.16648746293825348,"upper_bound":0.29475068144461386},"point_estimate":0.21269268342386138,"standard_error":0.03676185960714462},"slope":{"confidence_interval":{"confidence_level":0.95,"lower_bound":219.03763666172867,"upper_bound":219.1376258097608},"point_estimate":219.085421540608,"standard_error":0.025607938737156114},"std_dev":{"confidence_interval":{"confidence_level":0.95,"lower_bound":0.3070265365744367,"upper_bound":3.116609284266692},"point_estimate":1.8399324145090004,"standard_error":0.9787756260512163}}