{"mean":{"confidence_interval":{"confidence_level":0.95,"lower_bound":250.23809524578132,"upper_bound":250.58338148090954},"point_estimate":250.39240816631704,"standard_error":0.08850196777438636},"median":{"confidence_interval":{"confidence_level":0.95,"lower_bound":250.15441787822198,"upper_bound":250.41933656808095},"point_estimate":250.2663894762032,"standard_error":0.06902951511288234},"median_abs_dev":{"confidence_interval":{"confidence_level":0.95,"lower_bound":0.3563135051513393,"upper_bound":0.6271537050688162},"point_estimate":0.45114083090369284,"standard_error":0.07144919163096326},"slope":{"confidence_interval":{"confidence_level":0.95,"lower_bound":250.26408505300125,"upper_bound":250.6018186103949},"point_estimate":250.41164487148745,"standard_error":0.0869367212775625},"std_dev":{"confidence_interval":{"confidence_level":0.95,"lower_bound":0.47782072077202337,"upper_bound":1.3175508578867192},"point_estimate":0.8915998386482563,"standard_error":0.23725269485367625}}