{"mean":{"confidence_interval":{"confidence_level":0.95,"lower_bound":186.86772422611799,"upper_bound":187.37727214989533},"point_estimate":187.08332702497515,"standard_error":0.13226199209889974},"median":{"confidence_interval":{"confidence_level":0.95,"lower_bound":186.7671865453663,"upper_bound":186.8563835784973},"point_estimate":186.80689301178637,"standard_error":0.025694854510543878},"median_abs_dev":{"confidence_interval":{"confidence_level":0.95,"lower_bound":0.13337148435456925,"upper_bound":0.2758487519408123},"point_estimate":0.18578666660825333,"standard_error":0.03571409327061763},"slope":{"confidence_interval":{"confidence_level":0.95,"lower_bound":186.87158978332315,"upper_bound":187.21955109576274},"point_estimate":187.01641722221467,"standard_error":0.09072925679065484},"std_dev":{"confidence_interval":{"confidence_level":0.95,"lower_bound":0.35006777540303086,"upper_bound":2.0263210929985838},"point_estimate":1.3241688521509556,"standard_error":0.4475600470954035}}