{"mean":{"confidence_interval":{"confidence_level":0.95,"lower_bound":119.54312544772904,"upper_bound":121.46061835866132},"point_estimate":120.47699416235197,"standard_error":0.49042111048952547},"median":{"confidence_interval":{"confidence_level":0.95,"lower_bound":117.39316748644217,"upper_bound":118.28045208039532},"point_estimate":117.5903084057985,"standard_error":0.2726936676235045},"median_abs_dev":{"confidence_interval":{"confidence_level":0.95,"lower_bound":0.9627187612564451,"upper_bound":2.423583513394511},"point_estimate":1.3247517444569619,"standard_error":0.39777669792222076},"slope":{"confidence_interval":{"confidence_level":0.95,"lower_bound":122.3221518693433,"upper_bound":125.06908664881134},"point_estimate":123.79754954562662,"standard_error":0.7010767704958948},"std_dev":{"confidence_interval":{"confidence_level":0.95,"lower_bound":4.274703848487085,"upper_bound":5.4295383522450615},"point_estimate":4.924319263675849,"standard_error":0.29465612820125087}}