{"mean":{"confidence_interval":{"confidence_level":0.95,"lower_bound":121.76270508682254,"upper_bound":125.59253491747039},"point_estimate":123.61723250096107,"standard_error":0.9755477789172099},"median":{"confidence_interval":{"confidence_level":0.95,"lower_bound":117.56705899447834,"upper_bound":118.9551282051282},"point_estimate":118.00497707528959,"standard_error":0.3565685839678088},"median_abs_dev":{"confidence_interval":{"confidence_level":0.95,"lower_bound":1.3839975850735529,"upper_bound":3.4156540300786142},"point_estimate":1.9824520487858486,"standard_error":0.552227678398952},"slope":{"confidence_interval":{"confidence_level":0.95,"lower_bound":127.51185955195156,"upper_bound":133.07283332165258},"point_estimate":130.41665414232025,"standard_error":1.415008815702553},"std_dev":{"confidence_interval":{"confidence_level":0.95,"lower_bound":8.058909575817815,"upper_bound":11.350917618967033},"point_estimate":9.805017566695927,"standard_error":0.8421439420961321}}