{"mean":{"confidence_interval":{"confidence_level":0.95,"lower_bound":115.57827539653672,"upper_bound":117.01263914516544},"point_estimate":116.28391540685764,"standard_error":0.36621216071383633},"median":{"confidence_interval":{"confidence_level":0.95,"lower_bound":113.78973607038124,"upper_bound":114.46621117084827},"point_estimate":113.93957145083372,"standard_error":0.30205141353986176},"median_abs_dev":{"confidence_interval":{"confidence_level":0.95,"lower_bound":0.7378494646500108,"upper_bound":2.821401293603455},"point_estimate":1.2721500697250716,"standard_error":0.5772548066497012},"slope":{"confidence_interval":{"confidence_level":0.95,"lower_bound":117.90828123901379,"upper_bound":119.5268921623706},"point_estimate":118.7994652257715,"standard_error":0.41255439619556306},"std_dev":{"confidence_interval":{"confidence_level":0.95,"lower_bound":3.3248638379582807,"upper_bound":3.9493522961231315},"point_estimate":3.680746577729527,"standard_error":0.1583114805986992}}