{"mean":{"confidence_interval":{"confidence_level":0.95,"lower_bound":119.75741716045269,"upper_bound":122.13106382906619},"point_estimate":120.91516815877827,"standard_error":0.6057707548628661},"median":{"confidence_interval":{"confidence_level":0.95,"lower_bound":116.97430798600064,"upper_bound":117.9547141796585},"point_estimate":117.35942835931701,"standard_error":0.24991279299497324},"median_abs_dev":{"confidence_interval":{"confidence_level":0.95,"lower_bound":1.2549235333344373,"upper_bound":2.9183734331019715},"point_estimate":1.9091664878900487,"standard_error":0.4496001602303552},"slope":{"confidence_interval":{"confidence_level":0.95,"lower_bound":123.27122696883363,"upper_bound":126.51572603149711},"point_estimate":125.02355172800796,"standard_error":0.8274985048773116},"std_dev":{"confidence_interval":{"confidence_level":0.95,"lower_bound":5.391091205569855,"upper_bound":6.615586150647641},"point_estimate":6.098351419505806,"standard_error":0.31268605375000347}}