{"mean":{"confidence_interval":{"confidence_level":0.95,"lower_bound":45.786155944020386,"upper_bound":46.11143909778672},"point_estimate":45.9201785119736,"standard_error":0.08492756865651264},"median":{"confidence_interval":{"confidence_level":0.95,"lower_bound":45.70580863294647,"upper_bound":45.77653007617547},"point_estimate":45.74284400460484,"standard_error":0.019933885170970354},"median_abs_dev":{"confidence_interval":{"confidence_level":0.95,"lower_bound":0.11618385139014713,"upper_bound":0.20118193859428646},"point_estimate":0.16563617028374544,"standard_error":0.021262531373478007},"slope":{"confidence_interval":{"confidence_level":0.95,"lower_bound":45.7242162238805,"upper_bound":45.888551914933956},"point_estimate":45.78855312322184,"standard_error":0.04309993039750003},"std_dev":{"confidence_interval":{"confidence_level":0.95,"lower_bound":0.26978482591779473,"upper_bound":1.369409762349921},"point_estimate":0.856758140137457,"standard_error":0.3262952925583529}}