{"mean":{"confidence_interval":{"confidence_level":0.95,"lower_bound":44.4551659166522,"upper_bound":44.976420498447446},"point_estimate":44.670322298054415,"standard_error":0.13598517353992948},"median":{"confidence_interval":{"confidence_level":0.95,"lower_bound":44.38438055640417,"upper_bound":44.46180673444485},"point_estimate":44.42308246009884,"standard_error":0.018774706530457024},"median_abs_dev":{"confidence_interval":{"confidence_level":0.95,"lower_bound":0.107918066017677,"upper_bound":0.162851029796181},"point_estimate":0.13287564546658795,"standard_error":0.013792628229944374},"slope":{"confidence_interval":{"confidence_level":0.95,"lower_bound":44.43202440002274,"upper_bound":44.77639540380963},"point_estimate":44.582362049987,"standard_error":0.0884413184530105},"std_dev":{"confidence_interval":{"confidence_level":0.95,"lower_bound":0.27804338644514603,"upper_bound":2.172626358611533},"point_estimate":1.3648520114085034,"standard_error":0.5149999029453054}}