{"mean":{"confidence_interval":{"confidence_level":0.95,"lower_bound":126.7909385378086,"upper_bound":127.33897816818623},"point_estimate":126.99996879432742,"standard_error":0.14645581209815223},"median":{"confidence_interval":{"confidence_level":0.95,"lower_bound":126.70249928591831,"upper_bound":126.77425181502302},"point_estimate":126.73613022506876,"standard_error":0.01801656550664219},"median_abs_dev":{"confidence_interval":{"confidence_level":0.95,"lower_bound":0.09703845837765322,"upper_bound":0.20442284888452036},"point_estimate":0.1285702633472189,"standard_error":0.028050681587760137},"slope":{"confidence_interval":{"confidence_level":0.95,"lower_bound":126.75946725911584,"upper_bound":126.88950930293626},"point_estimate":126.81945860620287,"standard_error":0.03329567458334117},"std_dev":{"confidence_interval":{"confidence_level":0.95,"lower_bound":0.2517961274350061,"upper_bound":2.448918084779891},"point_estimate":1.4726175365873515,"standard_error":0.6855387276671887}}