{"mean":{"confidence_interval":{"confidence_level":0.95,"lower_bound":405.5270779799695,"upper_bound":407.72220448939254},"point_estimate":406.4239863934009,"standard_error":0.5731096633104698},"median":{"confidence_interval":{"confidence_level":0.95,"lower_bound":405.26909935766025,"upper_bound":405.7705006780837},"point_estimate":405.5078852998675,"standard_error":0.11269626906209396},"median_abs_dev":{"confidence_interval":{"confidence_level":0.95,"lower_bound":0.8177381909700273,"upper_bound":1.30488904118803},"point_estimate":1.0906789165175388,"standard_error":0.1230141274034424},"slope":{"confidence_interval":{"confidence_level":0.95,"lower_bound":405.66627655455744,"upper_bound":408.41659480189134},"point_estimate":406.6640435989405,"standard_error":0.7536056104702725},"std_dev":{"confidence_interval":{"confidence_level":0.95,"lower_bound":1.1926889906544942,"upper_bound":9.150244328374987},"point_estimate":5.73624037300241,"standard_error":2.18414534115796}}