{"mean":{"confidence_interval":{"confidence_level":0.95,"lower_bound":237.69319873765704,"upper_bound":239.00130492714158},"point_estimate":238.34022955334345,"standard_error":0.33317760932498025},"median":{"confidence_interval":{"confidence_level":0.95,"lower_bound":237.58436329593894,"upper_bound":239.37393538214658},"point_estimate":238.6137529131164,"standard_error":0.48102619022616344},"median_abs_dev":{"confidence_interval":{"confidence_level":0.95,"lower_bound":2.2668020730946634,"upper_bound":3.733008242974292},"point_estimate":3.051087862068654,"standard_error":0.3741086753683531},"slope":{"confidence_interval":{"confidence_level":0.95,"lower_bound":238.0760095865618,"upper_bound":239.41311773172927},"point_estimate":238.73138075104475,"standard_error":0.34174800666403926},"std_dev":{"confidence_interval":{"confidence_level":0.95,"lower_bound":2.769844059242765,"upper_bound":3.884984125854819},"point_estimate":3.344896783084754,"standard_error":0.2846532998281158}}