{"mean":{"confidence_interval":{"confidence_level":0.95,"lower_bound":207.57851163764548,"upper_bound":208.28616850948984},"point_estimate":207.86874946544918,"standard_error":0.18529450306687387},"median":{"confidence_interval":{"confidence_level":0.95,"lower_bound":207.50108924485127,"upper_bound":207.69000081427197},"point_estimate":207.6144100367197,"standard_error":0.05019323584775472},"median_abs_dev":{"confidence_interval":{"confidence_level":0.95,"lower_bound":0.3143860321201826,"upper_bound":0.5385507340707052},"point_estimate":0.4391914275516316,"standard_error":0.05578171278932319},"slope":{"confidence_interval":{"confidence_level":0.95,"lower_bound":207.5355776293029,"upper_bound":207.8693703808162},"point_estimate":207.68082772650556,"standard_error":0.08521440787377732},"std_dev":{"confidence_interval":{"confidence_level":0.95,"lower_bound":0.4913722665059686,"upper_bound":2.9971617132680226},"point_estimate":1.8624848548279467,"standard_error":0.7220081022464773}}