{"mean":{"confidence_interval":{"confidence_level":0.95,"lower_bound":278.2368378291061,"upper_bound":279.26773339237906},"point_estimate":278.6135747952389,"standard_error":0.29155790735128984},"median":{"confidence_interval":{"confidence_level":0.95,"lower_bound":278.16940683155855,"upper_bound":278.38770053475935},"point_estimate":278.2711126356444,"standard_error":0.058001822596609555},"median_abs_dev":{"confidence_interval":{"confidence_level":0.95,"lower_bound":0.3234624267608589,"upper_bound":0.5828604308616541},"point_estimate":0.4385631575093603,"standard_error":0.06656433602973372},"slope":{"confidence_interval":{"confidence_level":0.95,"lower_bound":278.23894250530424,"upper_bound":278.5639720060598},"point_estimate":278.37669685391904,"standard_error":0.08388444976258862},"std_dev":{"confidence_interval":{"confidence_level":0.95,"lower_bound":0.4707593596501679,"upper_bound":4.955140653503006},"point_estimate":2.928622584978239,"standard_error":1.5456545240227335}}