{"mean":{"confidence_interval":{"confidence_level":0.95,"lower_bound":15.621016587263359,"upper_bound":15.665757471379028},"point_estimate":15.64030769880097,"standard_error":0.011562986428385448},"median":{"confidence_interval":{"confidence_level":0.95,"lower_bound":15.60837222582277,"upper_bound":15.624611598972862},"point_estimate":15.616074141801942,"standard_error":0.004354800200292987},"median_abs_dev":{"confidence_interval":{"confidence_level":0.95,"lower_bound":0.02906892708421869,"upper_bound":0.04836932171542593},"point_estimate":0.037777381843444556,"standard_error":0.005047629504142644},"slope":{"confidence_interval":{"confidence_level":0.95,"lower_bound":15.625028929075619,"upper_bound":15.671183897101454},"point_estimate":15.643072777851005,"standard_error":0.012204088670113564},"std_dev":{"confidence_interval":{"confidence_level":0.95,"lower_bound":0.04556949461460887,"upper_bound":0.1764588112123456},"point_estimate":0.11557938599803622,"standard_error":0.03505057400628509}}