{"mean":{"confidence_interval":{"confidence_level":0.95,"lower_bound":15.778764788936037,"upper_bound":15.81895027023773},"point_estimate":15.795738371622436,"standard_error":0.010419895029957153},"median":{"confidence_interval":{"confidence_level":0.95,"lower_bound":15.767484000421913,"upper_bound":15.795307848577105},"point_estimate":15.780289814184208,"standard_error":0.005775196238149058},"median_abs_dev":{"confidence_interval":{"confidence_level":0.95,"lower_bound":0.04025563769634174,"upper_bound":0.05975863039706656},"point_estimate":0.04899903579763819,"standard_error":0.0048416826728520474},"slope":{"confidence_interval":{"confidence_level":0.95,"lower_bound":15.778591653800582,"upper_bound":15.79605802899718},"point_estimate":15.787289389399195,"standard_error":0.00447074083216565},"std_dev":{"confidence_interval":{"confidence_level":0.95,"lower_bound":0.04531355564314834,"upper_bound":0.1649830205596917},"point_estimate":0.10508918900542742,"standard_error":0.03771336046426127}}