{"mean":{"confidence_interval":{"confidence_level":0.95,"lower_bound":15.601094486742873,"upper_bound":15.655318332146487},"point_estimate":15.62083539601857,"standard_error":0.015567289992831202},"median":{"confidence_interval":{"confidence_level":0.95,"lower_bound":15.599283419093148,"upper_bound":15.61100042598173},"point_estimate":15.603626253997804,"standard_error":0.0028233724854454523},"median_abs_dev":{"confidence_interval":{"confidence_level":0.95,"lower_bound":0.02046660989337155,"upper_bound":0.03328014352015558},"point_estimate":0.02641102200559046,"standard_error":0.0032012253479045205},"slope":{"confidence_interval":{"confidence_level":0.95,"lower_bound":15.598996488143657,"upper_bound":15.61072990415868},"point_estimate":15.604683966211027,"standard_error":0.0029915738720778513},"std_dev":{"confidence_interval":{"confidence_level":0.95,"lower_bound":0.02596532664282188,"upper_bound":0.26611727922448974},"point_estimate":0.15674178576159142,"standard_error":0.08454441323658678}}