{"mean":{"confidence_interval":{"confidence_level":0.95,"lower_bound":122231.3153834067,"upper_bound":122427.30618183671},"point_estimate":122307.39292765356,"standard_error":52.12145542546958},"median":{"confidence_interval":{"confidence_level":0.95,"lower_bound":122190.08527131783,"upper_bound":122265.22077922078},"point_estimate":122223.82055555555,"standard_error":18.490975655100893},"median_abs_dev":{"confidence_interval":{"confidence_level":0.95,"lower_bound":109.4669781100464,"upper_bound":178.94484575209304},"point_estimate":133.6080117125,"standard_error":17.861256106159264},"slope":{"confidence_interval":{"confidence_level":0.95,"lower_bound":122232.74664560899,"upper_bound":122301.39970556485},"point_estimate":122265.25173209858,"standard_error":17.454179737451344},"std_dev":{"confidence_interval":{"confidence_level":0.95,"lower_bound":152.26289166069924,"upper_bound":860.5424687610196},"point_estimate":521.8205159494761,"standard_error":236.55743944840424}}