{"mean":{"confidence_interval":{"confidence_level":0.95,"lower_bound":131603.31387983574,"upper_bound":132810.56506281046},"point_estimate":132126.95865454868,"standard_error":310.9960963046612},"median":{"confidence_interval":{"confidence_level":0.95,"lower_bound":131369.18619791666,"upper_bound":131461.90570175438},"point_estimate":131425.18063256048,"standard_error":23.537982642851336},"median_abs_dev":{"confidence_interval":{"confidence_level":0.95,"lower_bound":136.86990435034372,"upper_bound":216.65941803512823},"point_estimate":175.45299549086707,"standard_error":20.598574497525593},"slope":{"confidence_interval":{"confidence_level":0.95,"lower_bound":131467.66441693052,"upper_bound":131873.65702029542},"point_estimate":131643.9252663662,"standard_error":104.75690618945721},"std_dev":{"confidence_interval":{"confidence_level":0.95,"lower_bound":1025.3779456560942,"upper_bound":4598.295304321639},"point_estimate":3119.179284744244,"standard_error":889.197689433974}}