{"mean":{"confidence_interval":{"confidence_level":0.95,"lower_bound":77.31512092115956,"upper_bound":78.14234715693034},"point_estimate":77.6920545679101,"standard_error":0.21125795901703678},"median":{"confidence_interval":{"confidence_level":0.95,"lower_bound":76.90695472498909,"upper_bound":77.6037286491556},"point_estimate":77.17513356202801,"standard_error":0.17530371669989617},"median_abs_dev":{"confidence_interval":{"confidence_level":0.95,"lower_bound":0.8074286589108899,"upper_bound":1.4448582048152654},"point_estimate":1.0603091697722353,"standard_error":0.1688346496959375},"slope":{"confidence_interval":{"confidence_level":0.95,"lower_bound":77.09579256054128,"upper_bound":77.51839222798523},"point_estimate":77.30466296147605,"standard_error":0.10818080719790477},"std_dev":{"confidence_interval":{"confidence_level":0.95,"lower_bound":1.169237330849895,"upper_bound":3.0071153776617248},"point_estimate":2.1201136175151536,"standard_error":0.480723056740637}}