{"mean":{"confidence_interval":{"confidence_level":0.95,"lower_bound":10034.337520409947,"upper_bound":10067.051748272037},"point_estimate":10046.364440630907,"standard_error":9.249273410491982},"median":{"confidence_interval":{"confidence_level":0.95,"lower_bound":10032.330198537094,"upper_bound":10036.867045454546},"point_estimate":10034.621515993571,"standard_error":1.0386564807664898},"median_abs_dev":{"confidence_interval":{"confidence_level":0.95,"lower_bound":6.574448709172935,"upper_bound":11.375716928568536},"point_estimate":9.119071811310034,"standard_error":1.1827583116276958},"slope":{"confidence_interval":{"confidence_level":0.95,"lower_bound":10035.068059454501,"upper_bound":10040.673200448826},"point_estimate":10037.59987751014,"standard_error":1.4377308535353994},"std_dev":{"confidence_interval":{"confidence_level":0.95,"lower_bound":15.137807880061262,"upper_bound":157.64295995172404},"point_estimate":93.20276641427232,"standard_error":48.84171961987351}}