{"mean":{"confidence_interval":{"confidence_level":0.95,"lower_bound":7258.144672707397,"upper_bound":7321.719650548424},"point_estimate":7290.442001117617,"standard_error":16.173538059142235},"median":{"confidence_interval":{"confidence_level":0.95,"lower_bound":7307.562477954145,"upper_bound":7346.914814814815},"point_estimate":7333.3308346624135,"standard_error":10.11430614557748},"median_abs_dev":{"confidence_interval":{"confidence_level":0.95,"lower_bound":64.98288220021072,"upper_bound":116.91238153901772},"point_estimate":89.62457798272835,"standard_error":12.468518352867997},"slope":{"confidence_interval":{"confidence_level":0.95,"lower_bound":7299.01325184154,"upper_bound":7345.098524358675},"point_estimate":7324.357833385328,"standard_error":11.762494861141187},"std_dev":{"confidence_interval":{"confidence_level":0.95,"lower_bound":119.91240337833386,"upper_bound":203.4485518223862},"point_estimate":162.5255204352363,"standard_error":21.356059440622847}}