{"mean":{"confidence_interval":{"confidence_level":0.95,"lower_bound":181.90832507088282,"upper_bound":181.95666768726576},"point_estimate":181.93042897830773,"standard_error":0.01236812467474857},"median":{"confidence_interval":{"confidence_level":0.95,"lower_bound":181.90483098601737,"upper_bound":181.93939132187384},"point_estimate":181.92454015999755,"standard_error":0.008693999829213185},"median_abs_dev":{"confidence_interval":{"confidence_level":0.95,"lower_bound":0.04708468970119715,"upper_bound":0.09079916249082744},"point_estimate":0.0667604824539595,"standard_error":0.010787835151886709},"slope":{"confidence_interval":{"confidence_level":0.95,"lower_bound":181.89516125450643,"upper_bound":181.930657453482},"point_estimate":181.91148006586772,"standard_error":0.008993827023971288},"std_dev":{"confidence_interval":{"confidence_level":0.95,"lower_bound":0.07319099332695173,"upper_bound":0.17633279841157729},"point_estimate":0.12429538646426877,"standard_error":0.027618172155697045}}