{"mean":{"confidence_interval":{"confidence_level":0.95,"lower_bound":181.46571964218805,"upper_bound":181.5343198875069},"point_estimate":181.49937856163424,"standard_error":0.017558095194607114},"median":{"confidence_interval":{"confidence_level":0.95,"lower_bound":181.4387999358622,"upper_bound":181.51902754871418},"point_estimate":181.47219164091678,"standard_error":0.01882554638257499},"median_abs_dev":{"confidence_interval":{"confidence_level":0.95,"lower_bound":0.11360618671564802,"upper_bound":0.1782101741313476},"point_estimate":0.14523671700278967,"standard_error":0.01686940107389336},"slope":{"confidence_interval":{"confidence_level":0.95,"lower_bound":181.49006750972444,"upper_bound":181.56212503655075},"point_estimate":181.5258333970392,"standard_error":0.01834700818141839},"std_dev":{"confidence_interval":{"confidence_level":0.95,"lower_bound":0.1442613136131246,"upper_bound":0.20379355884146358},"point_estimate":0.17614449383394318,"standard_error":0.015194808486758334}}