{"mean":{"confidence_interval":{"confidence_level":0.95,"lower_bound":6.845907753310192,"upper_bound":6.878398983730124},"point_estimate":6.861029100149997,"standard_error":0.008270881295904208},"median":{"confidence_interval":{"confidence_level":0.95,"lower_bound":6.84663747985429,"upper_bound":6.861358818273058},"point_estimate":6.85272309203949,"standard_error":0.004021725994820138},"median_abs_dev":{"confidence_interval":{"confidence_level":0.95,"lower_bound":0.0384173180346519,"upper_bound":0.07016081625971254},"point_estimate":0.055538031395866806,"standard_error":0.008421889691726166},"slope":{"confidence_interval":{"confidence_level":0.95,"lower_bound":6.837515196854302,"upper_bound":6.865569692691038},"point_estimate":6.851444523756934,"standard_error":0.00713717439311988},"std_dev":{"confidence_interval":{"confidence_level":0.95,"lower_bound":0.05252957741915087,"upper_bound":0.1176989838798692},"point_estimate":0.08343551153250377,"standard_error":0.017927768926743047}}