{"mean":{"confidence_interval":{"confidence_level":0.95,"lower_bound":7.196996360549372,"upper_bound":7.324521789743268},"point_estimate":7.252910493725336,"standard_error":0.03290928673310368},"median":{"confidence_interval":{"confidence_level":0.95,"lower_bound":7.172920421086627,"upper_bound":7.179339786287757},"point_estimate":7.175659887871154,"standard_error":0.0015388066643791992},"median_abs_dev":{"confidence_interval":{"confidence_level":0.95,"lower_bound":0.01035429694786611,"upper_bound":0.018501767261404452},"point_estimate":0.014231312199549281,"standard_error":0.00200506082990458},"slope":{"confidence_interval":{"confidence_level":0.95,"lower_bound":7.184791203461912,"upper_bound":7.244884781228114},"point_estimate":7.2103380774331844,"standard_error":0.015529044893511519},"std_dev":{"confidence_interval":{"confidence_level":0.95,"lower_bound":0.1165970647332082,"upper_bound":0.4820624994093321},"point_estimate":0.3301135524628541,"standard_error":0.09245558520379552}}