{"mean":{"confidence_interval":{"confidence_level":0.95,"lower_bound":6.7300684453882065,"upper_bound":6.796282107935102},"point_estimate":6.758777151215116,"standard_error":0.01696096354988907},"median":{"confidence_interval":{"confidence_level":0.95,"lower_bound":6.71946492067162,"upper_bound":6.7317793262691055},"point_estimate":6.727160261098385,"standard_error":0.0028959841180428553},"median_abs_dev":{"confidence_interval":{"confidence_level":0.95,"lower_bound":0.02050431835622617,"upper_bound":0.034135942572115434},"point_estimate":0.028052187016516832,"standard_error":0.003477204679169618},"slope":{"confidence_interval":{"confidence_level":0.95,"lower_bound":6.731426647406307,"upper_bound":6.855994206903312},"point_estimate":6.783461873989246,"standard_error":0.03309011451301192},"std_dev":{"confidence_interval":{"confidence_level":0.95,"lower_bound":0.03418130888316066,"upper_bound":0.2530441491117897},"point_estimate":0.17039112661147995,"standard_error":0.05204302687346439}}