{"mean":{"confidence_interval":{"confidence_level":0.95,"lower_bound":7.242827055120421,"upper_bound":7.304064009768587},"point_estimate":7.269114187801266,"standard_error":0.01584334403361966},"median":{"confidence_interval":{"confidence_level":0.95,"lower_bound":7.230674437984049,"upper_bound":7.24119716686099},"point_estimate":7.236322951069128,"standard_error":0.0032512773304727766},"median_abs_dev":{"confidence_interval":{"confidence_level":0.95,"lower_bound":0.018402292616204022,"upper_bound":0.031118855955779987},"point_estimate":0.024673362780738724,"standard_error":0.0030717328726992},"slope":{"confidence_interval":{"confidence_level":0.95,"lower_bound":7.233972083023393,"upper_bound":7.2480316126808635},"point_estimate":7.2404489008853785,"standard_error":0.0036073885868928204},"std_dev":{"confidence_interval":{"confidence_level":0.95,"lower_bound":0.05387239967756224,"upper_bound":0.2445628098249802},"point_estimate":0.1594522920286959,"standard_error":0.049773233311103476}}