{"mean":{"confidence_interval":{"confidence_level":0.95,"lower_bound":3.650856875054246,"upper_bound":3.6837487220949643},"point_estimate":3.6661683842792168,"standard_error":0.00834177571615392},"median":{"confidence_interval":{"confidence_level":0.95,"lower_bound":3.6501853671803053,"upper_bound":3.675382977088924},"point_estimate":3.6631313764393925,"standard_error":0.006876088918036281},"median_abs_dev":{"confidence_interval":{"confidence_level":0.95,"lower_bound":0.03806356746441298,"upper_bound":0.05922152223607637},"point_estimate":0.04806104994965334,"standard_error":0.005369982800774917},"slope":{"confidence_interval":{"confidence_level":0.95,"lower_bound":3.633400354323658,"upper_bound":3.6707898683177564},"point_estimate":3.6524673815650712,"standard_error":0.009497835896847984},"std_dev":{"confidence_interval":{"confidence_level":0.95,"lower_bound":0.05106277064915943,"upper_bound":0.12012746482865458},"point_estimate":0.08380296740542814,"standard_error":0.01939906566838622}}