{"mean":{"confidence_interval":{"confidence_level":0.95,"lower_bound":496.6293070366264,"upper_bound":496.8980751425749},"point_estimate":496.7629026949148,"standard_error":0.06827157331345307},"median":{"confidence_interval":{"confidence_level":0.95,"lower_bound":496.70964259884124,"upper_bound":496.94661872107935},"point_estimate":496.816516297837,"standard_error":0.060701809304711994},"median_abs_dev":{"confidence_interval":{"confidence_level":0.95,"lower_bound":0.32632769377849646,"upper_bound":0.5210550729565187},"point_estimate":0.40495104752652394,"standard_error":0.050049328718951965},"slope":{"confidence_interval":{"confidence_level":0.95,"lower_bound":496.76490314861394,"upper_bound":496.940141796191},"point_estimate":496.85430445157135,"standard_error":0.04472299772357552},"std_dev":{"confidence_interval":{"confidence_level":0.95,"lower_bound":0.5227867210331368,"upper_bound":0.8484468914220542},"point_estimate":0.6871429506441705,"standard_error":0.08391858277616755}}