{"mean":{"confidence_interval":{"confidence_level":0.95,"lower_bound":494.79239269112804,"upper_bound":495.9269815317949},"point_estimate":495.3381583823382,"standard_error":0.29095244132392384},"median":{"confidence_interval":{"confidence_level":0.95,"lower_bound":494.011961722488,"upper_bound":494.99655344655343},"point_estimate":494.56612478651954,"standard_error":0.23578277807525433},"median_abs_dev":{"confidence_interval":{"confidence_level":0.95,"lower_bound":1.5570459310053129,"upper_bound":2.6598611639217027},"point_estimate":2.2653361521069186,"standard_error":0.2695623374789578},"slope":{"confidence_interval":{"confidence_level":0.95,"lower_bound":495.41037754326925,"upper_bound":496.6033122844308},"point_estimate":495.97879777529994,"standard_error":0.3046719823572641},"std_dev":{"confidence_interval":{"confidence_level":0.95,"lower_bound":2.269492785647155,"upper_bound":3.559139117844295},"point_estimate":2.9387376556936653,"standard_error":0.3299461429860822}}