{"mean":{"confidence_interval":{"confidence_level":0.95,"lower_bound":5324.792318059463,"upper_bound":5399.227323287756},"point_estimate":5361.912182512245,"standard_error":19.072621785461273},"median":{"confidence_interval":{"confidence_level":0.95,"lower_bound":5173.386244510554,"upper_bound":5532.4534263836385},"point_estimate":5528.9863775727035,"standard_error":152.5665580287856},"median_abs_dev":{"confidence_interval":{"confidence_level":0.95,"lower_bound":10.445202168616712,"upper_bound":384.5033764807251},"point_estimate":66.1242970828746,"standard_error":94.69825473876207},"slope":{"confidence_interval":{"confidence_level":0.95,"lower_bound":5472.317391961599,"upper_bound":5510.170575403562},"point_estimate":5493.778869358694,"standard_error":9.67822319249345},"std_dev":{"confidence_interval":{"confidence_level":0.95,"lower_bound":182.07994742819187,"upper_bound":199.9017823150226},"point_estimate":190.56351328660665,"standard_error":4.66089362118706}}