{"mean":{"confidence_interval":{"confidence_level":0.95,"lower_bound":289.6093475132428,"upper_bound":289.70344869012865},"point_estimate":289.6544812720206,"standard_error":0.02401629400116119},"median":{"confidence_interval":{"confidence_level":0.95,"lower_bound":289.5644145007714,"upper_bound":289.6116561224769},"point_estimate":289.587547703841,"standard_error":0.016311219364736375},"median_abs_dev":{"confidence_interval":{"confidence_level":0.95,"lower_bound":0.053477609876661204,"upper_bound":0.17480983349770163},"point_estimate":0.10268513805066812,"standard_error":0.030760882359007934},"slope":{"confidence_interval":{"confidence_level":0.95,"lower_bound":289.579614846774,"upper_bound":289.66784325889387},"point_estimate":289.6191008070924,"standard_error":0.022634745604453433},"std_dev":{"confidence_interval":{"confidence_level":0.95,"lower_bound":0.1263913150899189,"upper_bound":0.20627716325649564},"point_estimate":0.17096110820873212,"standard_error":0.02053209382594677}}