{"mean":{"confidence_interval":{"confidence_level":0.95,"lower_bound":8936.7859805388,"upper_bound":8938.059294086956},"point_estimate":8937.361365789846,"standard_error":0.3267829257008859},"median":{"confidence_interval":{"confidence_level":0.95,"lower_bound":8936.321988655322,"upper_bound":8936.707394451609},"point_estimate":8936.50749044499,"standard_error":0.10507292532415617},"median_abs_dev":{"confidence_interval":{"confidence_level":0.95,"lower_bound":0.8390695324551142,"upper_bound":1.4348368886556797},"point_estimate":1.1268544244385623,"standard_error":0.1572298022402515},"slope":{"confidence_interval":{"confidence_level":0.95,"lower_bound":8936.70532128335,"upper_bound":8938.1629605953},"point_estimate":8937.319374841074,"standard_error":0.38006032246608984},"std_dev":{"confidence_interval":{"confidence_level":0.95,"lower_bound":1.8314806490411497,"upper_bound":4.66946467133641},"point_estimate":3.2765395195012514,"standard_error":0.7557285173010797}}