{"mean":{"confidence_interval":{"confidence_level":0.95,"lower_bound":334.16206704122715,"upper_bound":334.34482454969924},"point_estimate":334.25386810842707,"standard_error":0.04664806320779598},"median":{"confidence_interval":{"confidence_level":0.95,"lower_bound":334.23349056603774,"upper_bound":334.4233679336808},"point_estimate":334.34378224874854,"standard_error":0.056744028955974454},"median_abs_dev":{"confidence_interval":{"confidence_level":0.95,"lower_bound":0.27097643887134215,"upper_bound":0.5712004860377865},"point_estimate":0.42096538357932717,"standard_error":0.08176947864518748},"slope":{"confidence_interval":{"confidence_level":0.95,"lower_bound":334.1927161156743,"upper_bound":334.3621396565788},"point_estimate":334.2800443327915,"standard_error":0.04324277358802112},"std_dev":{"confidence_interval":{"confidence_level":0.95,"lower_bound":0.40249938228937876,"upper_bound":0.5297746958358232},"point_estimate":0.4693060345397012,"standard_error":0.032402116778241084}}