{"mean":{"confidence_interval":{"confidence_level":0.95,"lower_bound":335.64580190323505,"upper_bound":335.856600264017},"point_estimate":335.74934621450143,"standard_error":0.053718757574732705},"median":{"confidence_interval":{"confidence_level":0.95,"lower_bound":335.7213291451096,"upper_bound":335.89207175925924},"point_estimate":335.8270330849142,"standard_error":0.04144158707419499},"median_abs_dev":{"confidence_interval":{"confidence_level":0.95,"lower_bound":0.3089731189938011,"upper_bound":0.49238098810083264},"point_estimate":0.3868224773904397,"standard_error":0.04402583201404033},"slope":{"confidence_interval":{"confidence_level":0.95,"lower_bound":335.7865441810401,"upper_bound":335.9416690777974},"point_estimate":335.8672913114937,"standard_error":0.03956246785894066},"std_dev":{"confidence_interval":{"confidence_level":0.95,"lower_bound":0.4005042410839218,"upper_bound":0.6943823273383545},"point_estimate":0.5407105115004325,"standard_error":0.07696405648923953}}