{"mean":{"confidence_interval":{"confidence_level":0.95,"lower_bound":33.21792908898156,"upper_bound":33.24129406006766},"point_estimate":33.22869368091031,"standard_error":0.005954756319837919},"median":{"confidence_interval":{"confidence_level":0.95,"lower_bound":33.22052894998937,"upper_bound":33.23613573035217},"point_estimate":33.22607940451278,"standard_error":0.004020912677801756},"median_abs_dev":{"confidence_interval":{"confidence_level":0.95,"lower_bound":0.031016761932873876,"upper_bound":0.05600961247426827},"point_estimate":0.04496943814698068,"standard_error":0.00637007242920689},"slope":{"confidence_interval":{"confidence_level":0.95,"lower_bound":33.22279183114254,"upper_bound":33.24056030088676},"point_estimate":33.23178029077135,"standard_error":0.004526736482685267},"std_dev":{"confidence_interval":{"confidence_level":0.95,"lower_bound":0.038275036148097144,"upper_bound":0.08556406206694983},"point_estimate":0.05987091652391446,"standard_error":0.014175091474944015}}