{"mean":{"confidence_interval":{"confidence_level":0.95,"lower_bound":32.89375113968815,"upper_bound":32.91065174369609},"point_estimate":32.90240960918193,"standard_error":0.0043111347202526235},"median":{"confidence_interval":{"confidence_level":0.95,"lower_bound":32.89731614960473,"upper_bound":32.913451419021214},"point_estimate":32.90450922613116,"standard_error":0.0035329210732870683},"median_abs_dev":{"confidence_interval":{"confidence_level":0.95,"lower_bound":0.027109171950564514,"upper_bound":0.04311846087835377},"point_estimate":0.03547394071947588,"standard_error":0.0039003974112825795},"slope":{"confidence_interval":{"confidence_level":0.95,"lower_bound":32.90366319829269,"upper_bound":32.917235456199656},"point_estimate":32.9105191956059,"standard_error":0.00345797401071618},"std_dev":{"confidence_interval":{"confidence_level":0.95,"lower_bound":0.03281930088587742,"upper_bound":0.054136502611557995},"point_estimate":0.04340215321096277,"standard_error":0.005499712101647875}}