{"mean":{"confidence_interval":{"confidence_level":0.95,"lower_bound":9883.881174523543,"upper_bound":9910.230858718533},"point_estimate":9895.155833917619,"standard_error":6.8189973297996005},"median":{"confidence_interval":{"confidence_level":0.95,"lower_bound":9875.639321074965,"upper_bound":9883.978354978353},"point_estimate":9878.545918402186,"standard_error":2.2226134235661976},"median_abs_dev":{"confidence_interval":{"confidence_level":0.95,"lower_bound":11.687922364079721,"upper_bound":22.668959068779184},"point_estimate":15.68359701176176,"standard_error":2.6155242781143944},"slope":{"confidence_interval":{"confidence_level":0.95,"lower_bound":9884.462396594701,"upper_bound":9901.028800067206},"point_estimate":9891.477450118295,"standard_error":4.2671694359898895},"std_dev":{"confidence_interval":{"confidence_level":0.95,"lower_bound":25.61285827420638,"upper_bound":106.07371532469891},"point_estimate":68.63854266143565,"standard_error":22.227108867414174}}