{"mean":{"confidence_interval":{"confidence_level":0.95,"lower_bound":2624.168856123127,"upper_bound":2637.4372886897127},"point_estimate":2629.6008604793337,"standard_error":3.4877804377606516},"median":{"confidence_interval":{"confidence_level":0.95,"lower_bound":2622.7334054834055,"upper_bound":2626.2706622879036},"point_estimate":2623.926068209453,"standard_error":0.9862837929215768},"median_abs_dev":{"confidence_interval":{"confidence_level":0.95,"lower_bound":6.315946057583564,"upper_bound":10.130414374193268},"point_estimate":9.346647218323392,"standard_error":0.9720597242133172},"slope":{"confidence_interval":{"confidence_level":0.95,"lower_bound":2622.5198367039784,"upper_bound":2637.13044319818},"point_estimate":2627.951339976215,"standard_error":3.9716254175259076},"std_dev":{"confidence_interval":{"confidence_level":0.95,"lower_bound":7.7784094320962796,"upper_bound":56.406898810713585},"point_estimate":35.096134385621035,"standard_error":13.756518660122154}}