{"mean":{"confidence_interval":{"confidence_level":0.95,"lower_bound":171.04229102920917,"upper_bound":171.06463931430423},"point_estimate":171.05328719225452,"standard_error":0.005712794411330204},"median":{"confidence_interval":{"confidence_level":0.95,"lower_bound":171.03325435219008,"upper_bound":171.06572637222257},"point_estimate":171.04807801089794,"standard_error":0.008254681282530645},"median_abs_dev":{"confidence_interval":{"confidence_level":0.95,"lower_bound":0.03937885577737268,"upper_bound":0.06448513604833632},"point_estimate":0.05071502584552777,"standard_error":0.006361067930115796},"slope":{"confidence_interval":{"confidence_level":0.95,"lower_bound":171.0430222474617,"upper_bound":171.06749706515305},"point_estimate":171.05479583273802,"standard_error":0.006236706225451856},"std_dev":{"confidence_interval":{"confidence_level":0.95,"lower_bound":0.04864357031248594,"upper_bound":0.06511355501359851},"point_estimate":0.0573956931873413,"standard_error":0.004187952720127431}}