{"mean":{"confidence_interval":{"confidence_level":0.95,"lower_bound":170.84416152362704,"upper_bound":170.87855697582853},"point_estimate":170.8596185714926,"standard_error":0.008805314385979757},"median":{"confidence_interval":{"confidence_level":0.95,"lower_bound":170.8299375745028,"upper_bound":170.84620548253005},"point_estimate":170.84101277319616,"standard_error":0.00484177030534196},"median_abs_dev":{"confidence_interval":{"confidence_level":0.95,"lower_bound":0.027569050626879785,"upper_bound":0.051847672206126946},"point_estimate":0.041172696494154094,"standard_error":0.006463443836826054},"slope":{"confidence_interval":{"confidence_level":0.95,"lower_bound":170.83526109595587,"upper_bound":170.85567903370344},"point_estimate":170.84456353821162,"standard_error":0.005199373513631313},"std_dev":{"confidence_interval":{"confidence_level":0.95,"lower_bound":0.04587591318801053,"upper_bound":0.12694697198064156},"point_estimate":0.08842727301262802,"standard_error":0.021224884407888774}}