{"mean":{"confidence_interval":{"confidence_level":0.95,"lower_bound":171.0237711283543,"upper_bound":171.06426495751518},"point_estimate":171.04326007425013,"standard_error":0.010349585018697323},"median":{"confidence_interval":{"confidence_level":0.95,"lower_bound":171.02351128772173,"upper_bound":171.06103761476948},"point_estimate":171.04490460316816,"standard_error":0.010171014698090968},"median_abs_dev":{"confidence_interval":{"confidence_level":0.95,"lower_bound":0.06437270600142989,"upper_bound":0.1089464773990542},"point_estimate":0.08693603831278376,"standard_error":0.011101033170175243},"slope":{"confidence_interval":{"confidence_level":0.95,"lower_bound":171.02577993358736,"upper_bound":171.06805055674906},"point_estimate":171.04558425329068,"standard_error":0.010761220295905998},"std_dev":{"confidence_interval":{"confidence_level":0.95,"lower_bound":0.07676819903325309,"upper_bound":0.13040790905247507},"point_estimate":0.10411604251635714,"standard_error":0.013755353963563578}}