{"mean":{"confidence_interval":{"confidence_level":0.95,"lower_bound":69.12509366859769,"upper_bound":72.11754680144145},"point_estimate":70.58828787428884,"standard_error":0.762918965636804},"median":{"confidence_interval":{"confidence_level":0.95,"lower_bound":64.3718045112782,"upper_bound":73.97737835643724},"point_estimate":66.19878964237517,"standard_error":3.6548397799432744},"median_abs_dev":{"confidence_interval":{"confidence_level":0.95,"lower_bound":1.7150796047187216,"upper_bound":12.895142290577658},"point_estimate":4.748767965793737,"standard_error":3.9630808398735184},"slope":{"confidence_interval":{"confidence_level":0.95,"lower_bound":74.52996124447365,"upper_bound":77.75023582919586},"point_estimate":76.21872574075947,"standard_error":0.819359857274218},"std_dev":{"confidence_interval":{"confidence_level":0.95,"lower_bound":6.583129547610127,"upper_bound":8.660486209415954},"point_estimate":7.637998737157036,"standard_error":0.5345179717171165}}