{"mean":{"confidence_interval":{"confidence_level":0.95,"lower_bound":145707.51571783383,"upper_bound":145816.00283032592},"point_estimate":145754.38011304528,"standard_error":28.000121611028728},"median":{"confidence_interval":{"confidence_level":0.95,"lower_bound":145667.8880046584,"upper_bound":145746.78480821504},"point_estimate":145710.82482993198,"standard_error":21.9553386891081},"median_abs_dev":{"confidence_interval":{"confidence_level":0.95,"lower_bound":107.26241000049602,"upper_bound":167.9607735398486},"point_estimate":133.8852298710444,"standard_error":15.065328330395102},"slope":{"confidence_interval":{"confidence_level":0.95,"lower_bound":145705.89642027,"upper_bound":145781.28341417987},"point_estimate":145741.61313010618,"standard_error":19.337969405326785},"std_dev":{"confidence_interval":{"confidence_level":0.95,"lower_bound":135.8443911608228,"upper_bound":432.6163688819693},"point_estimate":281.32303921239026,"standard_error":92.91355199423947}}