{"mean":{"confidence_interval":{"confidence_level":0.95,"lower_bound":43354.81165007369,"upper_bound":43387.001736886756},"point_estimate":43370.37885293132,"standard_error":8.226242219589116},"median":{"confidence_interval":{"confidence_level":0.95,"lower_bound":43345.18829294644,"upper_bound":43373.686983471074},"point_estimate":43357.665285412266,"standard_error":7.96410431302357},"median_abs_dev":{"confidence_interval":{"confidence_level":0.95,"lower_bound":27.589837691997804,"upper_bound":65.52687412600032},"point_estimate":38.41157192483333,"standard_error":10.418113722600506},"slope":{"confidence_interval":{"confidence_level":0.95,"lower_bound":43349.53839219889,"upper_bound":43376.942243704616},"point_estimate":43362.21719489596,"standard_error":6.992381077776014},"std_dev":{"confidence_interval":{"confidence_level":0.95,"lower_bound":43.158231301772716,"upper_bound":72.50420546243187},"point_estimate":58.76968102769195,"standard_error":7.538955964711423}}