{"mean":{"confidence_interval":{"confidence_level":0.95,"lower_bound":43309.62750189174,"upper_bound":43343.57833595381},"point_estimate":43325.746168600905,"standard_error":8.650065652938508},"median":{"confidence_interval":{"confidence_level":0.95,"lower_bound":43307.864204545454,"upper_bound":43326.1020661157},"point_estimate":43317.002415458934,"standard_error":5.0275203290436865},"median_abs_dev":{"confidence_interval":{"confidence_level":0.95,"lower_bound":21.10570917074945,"upper_bound":51.678417468510595},"point_estimate":35.48898520211562,"standard_error":7.665789499202921},"slope":{"confidence_interval":{"confidence_level":0.95,"lower_bound":43318.51264590728,"upper_bound":43366.73114085227},"point_estimate":43340.42766813152,"standard_error":12.372574404702005},"std_dev":{"confidence_interval":{"confidence_level":0.95,"lower_bound":40.84760916388447,"upper_bound":78.92597056088786},"point_estimate":61.82574173088955,"standard_error":9.732877729227173}}