{"mean":{"confidence_interval":{"confidence_level":0.95,"lower_bound":43630.39732961308,"upper_bound":43675.97794106585},"point_estimate":43652.38011834638,"standard_error":11.641572271484335},"median":{"confidence_interval":{"confidence_level":0.95,"lower_bound":43622.43436819172,"upper_bound":43681.7103909465},"point_estimate":43645.52774413221,"standard_error":15.628218211058117},"median_abs_dev":{"confidence_interval":{"confidence_level":0.95,"lower_bound":56.02741858176553,"upper_bound":101.18254542587572},"point_estimate":84.60290026933126,"standard_error":11.963548392760998},"slope":{"confidence_interval":{"confidence_level":0.95,"lower_bound":43632.934005357616,"upper_bound":43690.67102522233},"point_estimate":43659.357457667335,"standard_error":14.734051132505789},"std_dev":{"confidence_interval":{"confidence_level":0.95,"lower_bound":58.98578256546946,"upper_bound":109.62356758078002},"point_estimate":83.44022230712972,"standard_error":13.635394769950013}}