{"mean":{"confidence_interval":{"confidence_level":0.95,"lower_bound":18.57786965805634,"upper_bound":18.705921835638208},"point_estimate":18.63312270271915,"standard_error":0.03303052403228202},"median":{"confidence_interval":{"confidence_level":0.95,"lower_bound":18.54618049346352,"upper_bound":18.57859873904955},"point_estimate":18.558612155831106,"standard_error":0.00827692342960817},"median_abs_dev":{"confidence_interval":{"confidence_level":0.95,"lower_bound":0.04590602318972819,"upper_bound":0.07832910148351506},"point_estimate":0.05704256000669867,"standard_error":0.00825156060655961},"slope":{"confidence_interval":{"confidence_level":0.95,"lower_bound":18.58275763147962,"upper_bound":18.732104555136388},"point_estimate":18.6463540488495,"standard_error":0.03866831724103349},"std_dev":{"confidence_interval":{"confidence_level":0.95,"lower_bound":0.10400430202559395,"upper_bound":0.5015694276043494},"point_estimate":0.3330153490880207,"standard_error":0.10284335517093267}}