{"mean":{"confidence_interval":{"confidence_level":0.95,"lower_bound":20055.049560724736,"upper_bound":20215.326560596186},"point_estimate":20123.87035766329,"standard_error":41.45283968164701},"median":{"confidence_interval":{"confidence_level":0.95,"lower_bound":20027.12212121212,"upper_bound":20038.150454545455},"point_estimate":20031.613773314202,"standard_error":2.6882766735921773},"median_abs_dev":{"confidence_interval":{"confidence_level":0.95,"lower_bound":20.95490281155445,"upper_bound":33.33864503853439},"point_estimate":25.56095017120296,"standard_error":3.209357516130322},"slope":{"confidence_interval":{"confidence_level":0.95,"lower_bound":20046.462392982143,"upper_bound":20194.172564721157},"point_estimate":20111.96500091621,"standard_error":37.65306738516311},"std_dev":{"confidence_interval":{"confidence_level":0.95,"lower_bound":118.02716175890694,"upper_bound":624.9356546379544},"point_estimate":416.06641848993445,"standard_error":130.99869296787216}}