{"mean":{"confidence_interval":{"confidence_level":0.95,"lower_bound":297.2682332015881,"upper_bound":297.4319840517868},"point_estimate":297.34807052835504,"standard_error":0.0416638907917014},"median":{"confidence_interval":{"confidence_level":0.95,"lower_bound":297.19607259611473,"upper_bound":297.3781014465083},"point_estimate":297.31656981487623,"standard_error":0.04383590362023689},"median_abs_dev":{"confidence_interval":{"confidence_level":0.95,"lower_bound":0.24553343698239685,"upper_bound":0.40309128947334155},"point_estimate":0.3136680589600686,"standard_error":0.041906300926719466},"slope":{"confidence_interval":{"confidence_level":0.95,"lower_bound":297.30987194478,"upper_bound":297.4813028259289},"point_estimate":297.392171620886,"standard_error":0.043783729644767594},"std_dev":{"confidence_interval":{"confidence_level":0.95,"lower_bound":0.32982061060667106,"upper_bound":0.5018252119242541},"point_estimate":0.4187545302192578,"standard_error":0.044203438063041785}}