{"mean":{"confidence_interval":{"confidence_level":0.95,"lower_bound":93.96727178031232,"upper_bound":94.08377046579977},"point_estimate":94.02071127835592,"standard_error":0.029623988276059228},"median":{"confidence_interval":{"confidence_level":0.95,"lower_bound":93.94141381490833,"upper_bound":94.02168916350786},"point_estimate":93.98906829549449,"standard_error":0.019922961357384097},"median_abs_dev":{"confidence_interval":{"confidence_level":0.95,"lower_bound":0.11668013055816912,"upper_bound":0.19904457109943136},"point_estimate":0.16712809866441278,"standard_error":0.020934167467850488},"slope":{"confidence_interval":{"confidence_level":0.95,"lower_bound":93.94968620829944,"upper_bound":94.06550204315518},"point_estimate":94.00055553851816,"standard_error":0.02990626707235804},"std_dev":{"confidence_interval":{"confidence_level":0.95,"lower_bound":0.17780850169814527,"upper_bound":0.41913101566389543},"point_estimate":0.29827186478244105,"standard_error":0.06450582002354192}}