{"mean":{"confidence_interval":{"confidence_level":0.95,"lower_bound":94.50026608383804,"upper_bound":97.64775752647091},"point_estimate":95.82937251364295,"standard_error":0.8156063647079811},"median":{"confidence_interval":{"confidence_level":0.95,"lower_bound":94.12083505512679,"upper_bound":94.22919460718572},"point_estimate":94.16896777418297,"standard_error":0.029184505556859378},"median_abs_dev":{"confidence_interval":{"confidence_level":0.95,"lower_bound":0.1325804839355748,"upper_bound":0.26250190048089556},"point_estimate":0.16511086901236635,"standard_error":0.03471984340854216},"slope":{"confidence_interval":{"confidence_level":0.95,"lower_bound":94.18960125356007,"upper_bound":94.66704488576679},"point_estimate":94.3676587867296,"standard_error":0.12601073443330307},"std_dev":{"confidence_interval":{"confidence_level":0.95,"lower_bound":1.8600255934568097,"upper_bound":12.844761708858156},"point_estimate":8.205958624114531,"standard_error":2.8799562012253603}}