{"mean":{"confidence_interval":{"confidence_level":0.95,"lower_bound":102.34117322846889,"upper_bound":102.61054634961178},"point_estimate":102.45067936207246,"standard_error":0.07051949042306117},"median":{"confidence_interval":{"confidence_level":0.95,"lower_bound":102.32240108905432,"upper_bound":102.42571560752543},"point_estimate":102.39065295571758,"standard_error":0.02277444614315136},"median_abs_dev":{"confidence_interval":{"confidence_level":0.95,"lower_bound":0.1680306238726193,"upper_bound":0.3127874590525721},"point_estimate":0.2535655488998824,"standard_error":0.03683472010170711},"slope":{"confidence_interval":{"confidence_level":0.95,"lower_bound":102.3317965030809,"upper_bound":102.45061649597278},"point_estimate":102.38945990357526,"standard_error":0.03017717157303067},"std_dev":{"confidence_interval":{"confidence_level":0.95,"lower_bound":0.2580331518101553,"upper_bound":1.145792731023064},"point_estimate":0.7086611582140155,"standard_error":0.28942478754443707}}