{"mean":{"confidence_interval":{"confidence_level":0.95,"lower_bound":94.04593953018392,"upper_bound":94.29989038307045},"point_estimate":94.14280370007933,"standard_error":0.06929695329364803},"median":{"confidence_interval":{"confidence_level":0.95,"lower_bound":94.05446617447758,"upper_bound":94.11329659191689},"point_estimate":94.08233237592191,"standard_error":0.01460104787599049},"median_abs_dev":{"confidence_interval":{"confidence_level":0.95,"lower_bound":0.10585760807528644,"upper_bound":0.19794225268698393},"point_estimate":0.13657455225552542,"standard_error":0.023038209942644293},"slope":{"confidence_interval":{"confidence_level":0.95,"lower_bound":94.05756153826003,"upper_bound":94.11106763951402},"point_estimate":94.08431581971826,"standard_error":0.013651207317779478},"std_dev":{"confidence_interval":{"confidence_level":0.95,"lower_bound":0.16001658177129197,"upper_bound":1.1769490492474},"point_estimate":0.7009697257614392,"standard_error":0.3435504211505953}}