{"mean":{"confidence_interval":{"confidence_level":0.95,"lower_bound":1597.8960493415902,"upper_bound":1598.2943042295517},"point_estimate":1598.0706944926333,"standard_error":0.10250229758865122},"median":{"confidence_interval":{"confidence_level":0.95,"lower_bound":1597.806459250181,"upper_bound":1598.024719466119},"point_estimate":1597.9258449745003,"standard_error":0.05836007385355882},"median_abs_dev":{"confidence_interval":{"confidence_level":0.95,"lower_bound":0.266425596334336,"upper_bound":0.4622154362933474},"point_estimate":0.34235085195698234,"standard_error":0.05097163241951301},"slope":{"confidence_interval":{"confidence_level":0.95,"lower_bound":1597.869766391811,"upper_bound":1598.0560801724703},"point_estimate":1597.9533934877827,"standard_error":0.047688767587460934},"std_dev":{"confidence_interval":{"confidence_level":0.95,"lower_bound":0.4439192540181093,"upper_bound":1.5615251571475115},"point_estimate":1.0312076303452644,"standard_error":0.2989607867729333}}