{"mean":{"confidence_interval":{"confidence_level":0.95,"lower_bound":1595.0831085111206,"upper_bound":1595.3104857031117},"point_estimate":1595.1946182105444,"standard_error":0.057965510127167046},"median":{"confidence_interval":{"confidence_level":0.95,"lower_bound":1595.0487827981435,"upper_bound":1595.2605305534366},"point_estimate":1595.1701505016722,"standard_error":0.05265707824451361},"median_abs_dev":{"confidence_interval":{"confidence_level":0.95,"lower_bound":0.32190624471220514,"upper_bound":0.5425761715458998},"point_estimate":0.43867297388684334,"standard_error":0.05647780014642533},"slope":{"confidence_interval":{"confidence_level":0.95,"lower_bound":1595.2262714992573,"upper_bound":1595.4167371900985},"point_estimate":1595.321556149991,"standard_error":0.04851402651741258},"std_dev":{"confidence_interval":{"confidence_level":0.95,"lower_bound":0.46942302873803327,"upper_bound":0.6906134416364509},"point_estimate":0.5851640614153252,"standard_error":0.05662160135295747}}