{"mean":{"confidence_interval":{"confidence_level":0.95,"lower_bound":1601.5056291421643,"upper_bound":1602.0285465205864},"point_estimate":1601.7643911990956,"standard_error":0.13334068557336173},"median":{"confidence_interval":{"confidence_level":0.95,"lower_bound":1601.0220857069978,"upper_bound":1602.1752141773145},"point_estimate":1601.397353482319,"standard_error":0.27875370167461144},"median_abs_dev":{"confidence_interval":{"confidence_level":0.95,"lower_bound":1.0244204287706573,"upper_bound":1.7754395914447927},"point_estimate":1.5500598461080937,"standard_error":0.19316270373490424},"slope":{"confidence_interval":{"confidence_level":0.95,"lower_bound":1600.8937059874065,"upper_bound":1601.4139588694952},"point_estimate":1601.1459809495525,"standard_error":0.13297210795241357},"std_dev":{"confidence_interval":{"confidence_level":0.95,"lower_bound":1.1720502458343647,"upper_bound":1.5006260998172134},"point_estimate":1.342603127501273,"standard_error":0.08390451259041162}}