{"mean":{"confidence_interval":{"confidence_level":0.95,"lower_bound":21996.605503051764,"upper_bound":22086.997078686756},"point_estimate":22033.26090466384,"standard_error":23.60859018796579},"median":{"confidence_interval":{"confidence_level":0.95,"lower_bound":21976.38074074074,"upper_bound":22018.436361995526},"point_estimate":21997.099099405652,"standard_error":11.096435858798399},"median_abs_dev":{"confidence_interval":{"confidence_level":0.95,"lower_bound":47.951682295252226,"upper_bound":88.47686219023443},"point_estimate":73.86995859647891,"standard_error":9.978784490149113},"slope":{"confidence_interval":{"confidence_level":0.95,"lower_bound":21997.629283080347,"upper_bound":22042.653338587756},"point_estimate":22018.975273007898,"standard_error":11.512260784946708},"std_dev":{"confidence_interval":{"confidence_level":0.95,"lower_bound":77.61753711787333,"upper_bound":381.5402299072463},"point_estimate":236.6335212381996,"standard_error":94.05418258397924}}