{"mean":{"confidence_interval":{"confidence_level":0.95,"lower_bound":22552.74341460285,"upper_bound":22603.653624175226},"point_estimate":22574.75915209784,"standard_error":13.066297634271473},"median":{"confidence_interval":{"confidence_level":0.95,"lower_bound":22544.27228163993,"upper_bound":22567.826173826175},"point_estimate":22552.47661590654,"standard_error":5.218250775216073},"median_abs_dev":{"confidence_interval":{"confidence_level":0.95,"lower_bound":28.958678883112462,"upper_bound":47.360173784497285},"point_estimate":36.92720900350348,"standard_error":4.715484748118133},"slope":{"confidence_interval":{"confidence_level":0.95,"lower_bound":22556.094955497218,"upper_bound":22598.8918738829},"point_estimate":22574.803828673914,"standard_error":11.03797059226254},"std_dev":{"confidence_interval":{"confidence_level":0.95,"lower_bound":61.42546644090734,"upper_bound":198.93951048660983},"point_estimate":131.0652376828591,"standard_error":39.85127903388372}}