{"mean":{"confidence_interval":{"confidence_level":0.95,"lower_bound":3759.7272594394335,"upper_bound":3777.880495894366},"point_estimate":3767.3608560870525,"standard_error":4.714226536108342},"median":{"confidence_interval":{"confidence_level":0.95,"lower_bound":3756.5187025945515,"upper_bound":3757.8135795763174},"point_estimate":3757.0894284695814,"standard_error":0.3117969111260985},"median_abs_dev":{"confidence_interval":{"confidence_level":0.95,"lower_bound":2.406466725337666,"upper_bound":4.287271397410955},"point_estimate":3.4089877754082107,"standard_error":0.4641367551484964},"slope":{"confidence_interval":{"confidence_level":0.95,"lower_bound":3758.907656553904,"upper_bound":3767.7826403411623},"point_estimate":3762.7611948614417,"standard_error":2.273737062287147},"std_dev":{"confidence_interval":{"confidence_level":0.95,"lower_bound":13.808584427648116,"upper_bound":74.42711229126928},"point_estimate":47.36821286246036,"standard_error":16.44164946298745}}