{"mean":{"confidence_interval":{"confidence_level":0.95,"lower_bound":143357.18241028843,"upper_bound":143438.19404856832},"point_estimate":143396.81626934675,"standard_error":20.687080306399363},"median":{"confidence_interval":{"confidence_level":0.95,"lower_bound":143309.83282674773,"upper_bound":143416.8111111111},"point_estimate":143337.5577702907,"standard_error":27.773415146308235},"median_abs_dev":{"confidence_interval":{"confidence_level":0.95,"lower_bound":137.28258897691413,"upper_bound":237.52709621782049},"point_estimate":177.41950167972527,"standard_error":25.403150485597124},"slope":{"confidence_interval":{"confidence_level":0.95,"lower_bound":143286.89228733745,"upper_bound":143375.19919678435},"point_estimate":143328.9797846693,"standard_error":22.612124461136208},"std_dev":{"confidence_interval":{"confidence_level":0.95,"lower_bound":172.39230528179712,"upper_bound":239.96593916485665},"point_estimate":206.93631922959847,"standard_error":17.30404849313745}}