{"mean":{"confidence_interval":{"confidence_level":0.95,"lower_bound":145516.62560664452,"upper_bound":146299.53942822095},"point_estimate":145795.3248125375,"standard_error":233.29583500029307},"median":{"confidence_interval":{"confidence_level":0.95,"lower_bound":145451.85123509215,"upper_bound":145587.09362244897},"point_estimate":145490.31596638655,"standard_error":37.0579700405319},"median_abs_dev":{"confidence_interval":{"confidence_level":0.95,"lower_bound":195.50494112616633,"upper_bound":324.01425715780584},"point_estimate":265.43071181079466,"standard_error":32.4257752414915},"slope":{"confidence_interval":{"confidence_level":0.95,"lower_bound":145410.39938700094,"upper_bound":145554.5914570574},"point_estimate":145479.00450463383,"standard_error":36.70178717560804},"std_dev":{"confidence_interval":{"confidence_level":0.95,"lower_bound":262.5484744347107,"upper_bound":4008.8111460419386},"point_estimate":2349.1957243403176,"standard_error":1329.6402596158216}}