{"mean":{"confidence_interval":{"confidence_level":0.95,"lower_bound":144874.00536005286,"upper_bound":144937.39243332343},"point_estimate":144904.4789539009,"standard_error":16.187624135154493},"median":{"confidence_interval":{"confidence_level":0.95,"lower_bound":144841.76090793216,"upper_bound":144890.2142857143},"point_estimate":144866.8719084533,"standard_error":12.73354858379182},"median_abs_dev":{"confidence_interval":{"confidence_level":0.95,"lower_bound":80.2449337599416,"upper_bound":129.75318466404755},"point_estimate":104.14694584332449,"standard_error":13.077275395509462},"slope":{"confidence_interval":{"confidence_level":0.95,"lower_bound":144838.22410139456,"upper_bound":144902.58527862967},"point_estimate":144868.18307965124,"standard_error":16.450311803656618},"std_dev":{"confidence_interval":{"confidence_level":0.95,"lower_bound":125.02061835758147,"upper_bound":194.11170333567875},"point_estimate":162.15007425390814,"standard_error":17.66046005108426}}