{"mean":{"confidence_interval":{"confidence_level":0.95,"lower_bound":145047.77496471832,"upper_bound":145110.80172740505},"point_estimate":145077.9116067198,"standard_error":16.088869951618726},"median":{"confidence_interval":{"confidence_level":0.95,"lower_bound":145005.10714285713,"upper_bound":145079.61583011583},"point_estimate":145047.72613894043,"standard_error":20.864560851955673},"median_abs_dev":{"confidence_interval":{"confidence_level":0.95,"lower_bound":90.58729802544836,"upper_bound":162.52792092406912},"point_estimate":120.23105730602846,"standard_error":19.427260357305506},"slope":{"confidence_interval":{"confidence_level":0.95,"lower_bound":145049.74617030442,"upper_bound":145119.9772135612},"point_estimate":145083.92331567057,"standard_error":17.920130048723845},"std_dev":{"confidence_interval":{"confidence_level":0.95,"lower_bound":119.07500807265959,"upper_bound":209.04761851340746},"point_estimate":161.7432102045633,"standard_error":23.956500754561848}}