{"mean":{"confidence_interval":{"confidence_level":0.95,"lower_bound":144868.27886165385,"upper_bound":144952.14854581148},"point_estimate":144908.9367462623,"standard_error":21.48452706306828},"median":{"confidence_interval":{"confidence_level":0.95,"lower_bound":144822.66585956418,"upper_bound":144914.12987012987},"point_estimate":144860.33401360543,"standard_error":24.79547591529656},"median_abs_dev":{"confidence_interval":{"confidence_level":0.95,"lower_bound":129.2502122886964,"upper_bound":228.25106775333785},"point_estimate":168.89801593004572,"standard_error":26.018849093931724},"slope":{"confidence_interval":{"confidence_level":0.95,"lower_bound":144819.7481007953,"upper_bound":144900.95328357382},"point_estimate":144858.30358166734,"standard_error":20.796857997343647},"std_dev":{"confidence_interval":{"confidence_level":0.95,"lower_bound":169.72504159389675,"upper_bound":260.04607441309946},"point_estimate":216.68845116058841,"standard_error":23.142265682099207}}