{"mean":{"confidence_interval":{"confidence_level":0.95,"lower_bound":144822.70844218307,"upper_bound":145061.45282262654},"point_estimate":144926.5104261129,"standard_error":61.54757997335729},"median":{"confidence_interval":{"confidence_level":0.95,"lower_bound":144733.86394557822,"upper_bound":144840.03856328857},"point_estimate":144799.3921832884,"standard_error":30.888234960075224},"median_abs_dev":{"confidence_interval":{"confidence_level":0.95,"lower_bound":122.80679907438754,"upper_bound":212.7652747226603},"point_estimate":173.58509193943212,"standard_error":24.657730612140128},"slope":{"confidence_interval":{"confidence_level":0.95,"lower_bound":144858.43011193135,"upper_bound":145274.19476121812},"point_estimate":145042.69409065,"standard_error":107.19449484157029},"std_dev":{"confidence_interval":{"confidence_level":0.95,"lower_bound":243.20654608011404,"upper_bound":925.3640310805216},"point_estimate":615.9826865961603,"standard_error":177.6100312566682}}