{"mean":{"confidence_interval":{"confidence_level":0.95,"lower_bound":2446.1187312777847,"upper_bound":2446.425938977363},"point_estimate":2446.2666759472813,"standard_error":0.07847427842232584},"median":{"confidence_interval":{"confidence_level":0.95,"lower_bound":2446.0611952861955,"upper_bound":2446.3551123773345},"point_estimate":2446.2255880441844,"standard_error":0.08648946850531983},"median_abs_dev":{"confidence_interval":{"confidence_level":0.95,"lower_bound":0.4627865274069927,"upper_bound":0.8025422330234327},"point_estimate":0.58672996303586,"standard_error":0.08513558417220753},"slope":{"confidence_interval":{"confidence_level":0.95,"lower_bound":2446.1396895248695,"upper_bound":2446.4667707170697},"point_estimate":2446.293562513797,"standard_error":0.08351619445789712},"std_dev":{"confidence_interval":{"confidence_level":0.95,"lower_bound":0.5890335267427076,"upper_bound":1.0088067125002267},"point_estimate":0.7886657142402064,"standard_error":0.11068012658323537}}