{"mean":{"confidence_interval":{"confidence_level":0.95,"lower_bound":3705.122586968378,"upper_bound":3705.7730260527296},"point_estimate":3705.4523476107906,"standard_error":0.16584796229893284},"median":{"confidence_interval":{"confidence_level":0.95,"lower_bound":3705.305970149254,"upper_bound":3705.9702558635395},"point_estimate":3705.6322038134685,"standard_error":0.15218262619254844},"median_abs_dev":{"confidence_interval":{"confidence_level":0.95,"lower_bound":1.009200198364587,"upper_bound":1.8297640363504655},"point_estimate":1.2680292750111328,"standard_error":0.20323989663567912},"slope":{"confidence_interval":{"confidence_level":0.95,"lower_bound":3705.0124620739507,"upper_bound":3705.765752791864},"point_estimate":3705.3804114568284,"standard_error":0.19280177830660347},"std_dev":{"confidence_interval":{"confidence_level":0.95,"lower_bound":1.3557747467744181,"upper_bound":1.9523005323945797},"point_estimate":1.6645758227015195,"standard_error":0.15269882898970075}}