{"mean":{"confidence_interval":{"confidence_level":0.95,"lower_bound":3703.1698149394415,"upper_bound":3703.9047196262068},"point_estimate":3703.5173973667993,"standard_error":0.1873057370040707},"median":{"confidence_interval":{"confidence_level":0.95,"lower_bound":3702.6388059701494,"upper_bound":3703.1656021973467},"point_estimate":3702.821141451832,"standard_error":0.1404412875218982},"median_abs_dev":{"confidence_interval":{"confidence_level":0.95,"lower_bound":0.7520670663637703,"upper_bound":1.3418788345414459},"point_estimate":0.9905584286678345,"standard_error":0.155048990917419},"slope":{"confidence_interval":{"confidence_level":0.95,"lower_bound":3702.796277900221,"upper_bound":3703.448074254475},"point_estimate":3703.080178114158,"standard_error":0.16807078480878088},"std_dev":{"confidence_interval":{"confidence_level":0.95,"lower_bound":1.3693494104621613,"upper_bound":2.3611603868076845},"point_estimate":1.8829078931721495,"standard_error":0.255535700772476}}