{"mean":{"confidence_interval":{"confidence_level":0.95,"lower_bound":3723.595688256215,"upper_bound":3724.0167688149977},"point_estimate":3723.7949156837294,"standard_error":0.1072460938773868},"median":{"confidence_interval":{"confidence_level":0.95,"lower_bound":3723.392105263158,"upper_bound":3723.6750367767245},"point_estimate":3723.5710608939935,"standard_error":0.0638422878764808},"median_abs_dev":{"confidence_interval":{"confidence_level":0.95,"lower_bound":0.43104563526180406,"upper_bound":0.868439251631141},"point_estimate":0.6116670231966839,"standard_error":0.12054190692278229},"slope":{"confidence_interval":{"confidence_level":0.95,"lower_bound":3723.549352799812,"upper_bound":3723.8600381271976},"point_estimate":3723.6971430460294,"standard_error":0.07929396620816107},"std_dev":{"confidence_interval":{"confidence_level":0.95,"lower_bound":0.7754498696806351,"upper_bound":1.404366198843304},"point_estimate":1.0802011409142045,"standard_error":0.16556060077718868}}