{"mean":{"confidence_interval":{"confidence_level":0.95,"lower_bound":49.05797601129769,"upper_bound":49.08626111201108},"point_estimate":49.071732883552265,"standard_error":0.00721142313482359},"median":{"confidence_interval":{"confidence_level":0.95,"lower_bound":49.05733023131655,"upper_bound":49.074850345206585},"point_estimate":49.064675841682735,"standard_error":0.0045729313809458735},"median_abs_dev":{"confidence_interval":{"confidence_level":0.95,"lower_bound":0.03404901219493643,"upper_bound":0.05824818047520842},"point_estimate":0.043277770612923525,"standard_error":0.006091167862941186},"slope":{"confidence_interval":{"confidence_level":0.95,"lower_bound":49.056464315694086,"upper_bound":49.075301418814234},"point_estimate":49.06574187925474,"standard_error":0.004802803940329194},"std_dev":{"confidence_interval":{"confidence_level":0.95,"lower_bound":0.05032306417002452,"upper_bound":0.09483015637024045},"point_estimate":0.0724033487737033,"standard_error":0.011622129605671064}}