{"mean":{"confidence_interval":{"confidence_level":0.95,"lower_bound":49.19570730746325,"upper_bound":49.22341935018382},"point_estimate":49.20855294083819,"standard_error":0.007051059587514568},"median":{"confidence_interval":{"confidence_level":0.95,"lower_bound":49.19093407186784,"upper_bound":49.215585857079816},"point_estimate":49.205150330153984,"standard_error":0.0061978219543716035},"median_abs_dev":{"confidence_interval":{"confidence_level":0.95,"lower_bound":0.03611766853171377,"upper_bound":0.05662615336256155},"point_estimate":0.046042086203467614,"standard_error":0.005096134648381519},"slope":{"confidence_interval":{"confidence_level":0.95,"lower_bound":49.1980021314873,"upper_bound":49.21934870826476},"point_estimate":49.208469241067895,"standard_error":0.005465320258835408},"std_dev":{"confidence_interval":{"confidence_level":0.95,"lower_bound":0.0452798875513062,"upper_bound":0.09992725274195703},"point_estimate":0.07091842421215944,"standard_error":0.015495461381199152}}