{"mean":{"confidence_interval":{"confidence_level":0.95,"lower_bound":438.6549114235514,"upper_bound":442.0876049261214},"point_estimate":439.93878461445735,"standard_error":0.9498666163485363},"median":{"confidence_interval":{"confidence_level":0.95,"lower_bound":438.5297828976517,"upper_bound":439.7452883983692},"point_estimate":439.19600484352895,"standard_error":0.3159649305905973},"median_abs_dev":{"confidence_interval":{"confidence_level":0.95,"lower_bound":1.7040243837187026,"upper_bound":2.7604058914389347},"point_estimate":2.196495852424425,"standard_error":0.2753514888698562},"slope":{"confidence_interval":{"confidence_level":0.95,"lower_bound":438.49963881788915,"upper_bound":439.548100938618},"point_estimate":439.0298363314003,"standard_error":0.26684402971505583},"std_dev":{"confidence_interval":{"confidence_level":0.95,"lower_bound":2.1372177966384354,"upper_bound":16.02968465346176},"point_estimate":9.525539407885473,"standard_error":4.805606745912452}}