{"mean":{"confidence_interval":{"confidence_level":0.95,"lower_bound":50181.073450703036,"upper_bound":50206.157092104964},"point_estimate":50193.386507785086,"standard_error":6.3973578193830365},"median":{"confidence_interval":{"confidence_level":0.95,"lower_bound":50156.792501719785,"upper_bound":50203.03392857143},"point_estimate":50181.06029411765,"standard_error":14.933023301000418},"median_abs_dev":{"confidence_interval":{"confidence_level":0.95,"lower_bound":43.811684062517166,"upper_bound":93.07878213374583},"point_estimate":72.35462934045044,"standard_error":14.13037400704201},"slope":{"confidence_interval":{"confidence_level":0.95,"lower_bound":50197.36828160889,"upper_bound":50230.33666047819},"point_estimate":50214.493591103885,"standard_error":8.439258872725864},"std_dev":{"confidence_interval":{"confidence_level":0.95,"lower_bound":57.3653737774649,"upper_bound":70.31684735486233},"point_estimate":64.29814355963512,"standard_error":3.2984927674791256}}