{"mean":{"confidence_interval":{"confidence_level":0.95,"lower_bound":50038.77544603401,"upper_bound":50099.73739735031},"point_estimate":50064.17647761423,"standard_error":15.863764825618317},"median":{"confidence_interval":{"confidence_level":0.95,"lower_bound":50012.28787878788,"upper_bound":50031.509090909094},"point_estimate":50025.69597957423,"standard_error":5.096644295914684},"median_abs_dev":{"confidence_interval":{"confidence_level":0.95,"lower_bound":30.419642832822245,"upper_bound":58.58740756225275},"point_estimate":49.311406727882535,"standard_error":7.023615008432557},"slope":{"confidence_interval":{"confidence_level":0.95,"lower_bound":50051.74273421779,"upper_bound":50119.414494754565},"point_estimate":50082.06004433279,"standard_error":17.32658489067445},"std_dev":{"confidence_interval":{"confidence_level":0.95,"lower_bound":66.44492135418173,"upper_bound":252.99294306609693},"point_estimate":160.059638137212,"standard_error":59.8563941954079}}