{"mean":{"confidence_interval":{"confidence_level":0.95,"lower_bound":6859.412078104408,"upper_bound":6860.986682886585},"point_estimate":6860.1330826005005,"standard_error":0.4033407152225788},"median":{"confidence_interval":{"confidence_level":0.95,"lower_bound":6859.0023988006,"upper_bound":6859.900969827586},"point_estimate":6859.482001459588,"standard_error":0.21197736632777558},"median_abs_dev":{"confidence_interval":{"confidence_level":0.95,"lower_bound":1.7908391159508994,"upper_bound":2.8120342267106606},"point_estimate":2.4118237675260192,"standard_error":0.27918464877384214},"slope":{"confidence_interval":{"confidence_level":0.95,"lower_bound":6859.274147802634,"upper_bound":6861.270438729991},"point_estimate":6860.100931620491,"standard_error":0.520466631176478},"std_dev":{"confidence_interval":{"confidence_level":0.95,"lower_bound":2.242222288471717,"upper_bound":5.601695727763878},"point_estimate":4.037776833073479,"standard_error":0.8559952430544634}}