{"mean":{"confidence_interval":{"confidence_level":0.95,"lower_bound":1085.6970652420077,"upper_bound":1086.9588472369617},"point_estimate":1086.2359900538297,"standard_error":0.3251758945192044},"median":{"confidence_interval":{"confidence_level":0.95,"lower_bound":1085.1738827418926,"upper_bound":1086.1172920567228},"point_estimate":1085.6572526957516,"standard_error":0.29430107713656084},"median_abs_dev":{"confidence_interval":{"confidence_level":0.95,"lower_bound":1.2794078980932777,"upper_bound":2.122203347512832},"point_estimate":1.6990746470155202,"standard_error":0.23719719558126223},"slope":{"confidence_interval":{"confidence_level":0.95,"lower_bound":1085.2577155727138,"upper_bound":1085.9761036397388},"point_estimate":1085.6101319581094,"standard_error":0.18372700773369274},"std_dev":{"confidence_interval":{"confidence_level":0.95,"lower_bound":1.5737726737724622,"upper_bound":5.027123292672631},"point_estimate":3.258834449753745,"standard_error":1.0916683327193772}}