{"mean":{"confidence_interval":{"confidence_level":0.95,"lower_bound":1064.750445747485,"upper_bound":1066.0764848182237},"point_estimate":1065.3483988732485,"standard_error":0.3394540461664039},"median":{"confidence_interval":{"confidence_level":0.95,"lower_bound":1065.1119411431805,"upper_bound":1065.905285795133},"point_estimate":1065.5328018433179,"standard_error":0.16568302379805952},"median_abs_dev":{"confidence_interval":{"confidence_level":0.95,"lower_bound":1.2625026674894275,"upper_bound":2.2102010921009843},"point_estimate":1.8479016041317835,"standard_error":0.2677929402878142},"slope":{"confidence_interval":{"confidence_level":0.95,"lower_bound":1064.9868663363222,"upper_bound":1065.6292926180536},"point_estimate":1065.3037853816195,"standard_error":0.16322752806919322},"std_dev":{"confidence_interval":{"confidence_level":0.95,"lower_bound":1.8306578263092248,"upper_bound":5.131406688137602},"point_estimate":3.4124143427991234,"standard_error":0.9631763614870773}}