{"mean":{"confidence_interval":{"confidence_level":0.95,"lower_bound":1095.274148831859,"upper_bound":1097.719623585694},"point_estimate":1096.325741803876,"standard_error":0.6335434918369309},"median":{"confidence_interval":{"confidence_level":0.95,"lower_bound":1094.8529254865143,"upper_bound":1095.174708470847},"point_estimate":1095.0518880705804,"standard_error":0.08130585809736006},"median_abs_dev":{"confidence_interval":{"confidence_level":0.95,"lower_bound":0.5585893711860722,"upper_bound":1.060679880503407},"point_estimate":0.7965975176918503,"standard_error":0.12083293454569528},"slope":{"confidence_interval":{"confidence_level":0.95,"lower_bound":1095.0068691407282,"upper_bound":1097.3012136049465},"point_estimate":1095.9267261152006,"standard_error":0.5991839459050385},"std_dev":{"confidence_interval":{"confidence_level":0.95,"lower_bound":1.8146655557222693,"upper_bound":9.49014952881608},"point_estimate":6.3392826883133635,"standard_error":1.9973483460496075}}