{"mean":{"confidence_interval":{"confidence_level":0.95,"lower_bound":5461.325356808005,"upper_bound":5462.000178215812},"point_estimate":5461.630046426214,"standard_error":0.1720082579925237},"median":{"confidence_interval":{"confidence_level":0.95,"lower_bound":5461.082006882007,"upper_bound":5461.376490339726},"point_estimate":5461.201674953568,"standard_error":0.07433852490788381},"median_abs_dev":{"confidence_interval":{"confidence_level":0.95,"lower_bound":0.44574922798750993,"upper_bound":0.8248048356892933},"point_estimate":0.5564405662352883,"standard_error":0.09509454906267359},"slope":{"confidence_interval":{"confidence_level":0.95,"lower_bound":5461.29976740194,"upper_bound":5462.101788651025},"point_estimate":5461.628744180306,"standard_error":0.20935336544159644},"std_dev":{"confidence_interval":{"confidence_level":0.95,"lower_bound":0.9366898839623099,"upper_bound":2.4085041887733376},"point_estimate":1.7276969218021574,"standard_error":0.37895648789792713}}