{"mean":{"confidence_interval":{"confidence_level":0.95,"lower_bound":5437.158938965774,"upper_bound":5437.680383904342},"point_estimate":5437.401006823132,"standard_error":0.13364563147904943},"median":{"confidence_interval":{"confidence_level":0.95,"lower_bound":5436.858024691358,"upper_bound":5437.210772833723},"point_estimate":5437.01454450605,"standard_error":0.09930225631171052},"median_abs_dev":{"confidence_interval":{"confidence_level":0.95,"lower_bound":0.40516700065808287,"upper_bound":0.7258139776233341},"point_estimate":0.5046053091055364,"standard_error":0.08196561146130868},"slope":{"confidence_interval":{"confidence_level":0.95,"lower_bound":5437.074650172663,"upper_bound":5437.366287863943},"point_estimate":5437.2155706130925,"standard_error":0.07445133582879467},"std_dev":{"confidence_interval":{"confidence_level":0.95,"lower_bound":0.8888485524754458,"upper_bound":1.7602020565450598},"point_estimate":1.3466101671635857,"standard_error":0.22390646596287975}}