{"mean":{"confidence_interval":{"confidence_level":0.95,"lower_bound":517.2116915391402,"upper_bound":518.3025901439759},"point_estimate":517.749051429887,"standard_error":0.2787284503736869},"median":{"confidence_interval":{"confidence_level":0.95,"lower_bound":516.7147564985719,"upper_bound":517.588990778557},"point_estimate":517.0572929186426,"standard_error":0.21191087440077216},"median_abs_dev":{"confidence_interval":{"confidence_level":0.95,"lower_bound":1.4272534640775831,"upper_bound":2.6196464448251855},"point_estimate":1.8832118967760956,"standard_error":0.306749771250388},"slope":{"confidence_interval":{"confidence_level":0.95,"lower_bound":517.3264174734957,"upper_bound":519.3142009657764},"point_estimate":518.3133091150945,"standard_error":0.5079555420954776},"std_dev":{"confidence_interval":{"confidence_level":0.95,"lower_bound":2.305622840132292,"upper_bound":3.226621476583032},"point_estimate":2.8007457506766196,"standard_error":0.23468643942304285}}