{"mean":{"confidence_interval":{"confidence_level":0.95,"lower_bound":516.0409284391277,"upper_bound":517.7209707889532},"point_estimate":516.8295776123384,"standard_error":0.42975862575317886},"median":{"confidence_interval":{"confidence_level":0.95,"lower_bound":515.2093492053388,"upper_bound":515.98327956647},"point_estimate":515.6197148753346,"standard_error":0.1730225961743589},"median_abs_dev":{"confidence_interval":{"confidence_level":0.95,"lower_bound":1.1684191727999318,"upper_bound":2.039200224793766},"point_estimate":1.6956573535106705,"standard_error":0.2283250447244608},"slope":{"confidence_interval":{"confidence_level":0.95,"lower_bound":516.3259694979665,"upper_bound":519.9383840529549},"point_estimate":518.1098222079808,"standard_error":0.9246076998439567},"std_dev":{"confidence_interval":{"confidence_level":0.95,"lower_bound":3.029961620999626,"upper_bound":5.340417748815893},"point_estimate":4.321413056262906,"standard_error":0.5906198832048227}}