{"mean":{"confidence_interval":{"confidence_level":0.95,"lower_bound":63882.18526793296,"upper_bound":63893.78303055948},"point_estimate":63887.84506130063,"standard_error":2.952388925318727},"median":{"confidence_interval":{"confidence_level":0.95,"lower_bound":63882.428125,"upper_bound":63886.497539062504},"point_estimate":63884.760671209275,"standard_error":1.045681790727643},"median_abs_dev":{"confidence_interval":{"confidence_level":0.95,"lower_bound":6.516578597922115,"upper_bound":11.624559977385825},"point_estimate":9.418991174415316,"standard_error":1.3593091319400128},"slope":{"confidence_interval":{"confidence_level":0.95,"lower_bound":63884.228164618056,"upper_bound":63898.996158344984},"point_estimate":63890.798415656864,"standard_error":3.795009073630202},"std_dev":{"confidence_interval":{"confidence_level":0.95,"lower_bound":19.07641213910425,"upper_bound":38.76444774014987},"point_estimate":29.65133016083301,"standard_error":5.0287255743764225}}