{"mean":{"confidence_interval":{"confidence_level":0.95,"lower_bound":63957.43368909474,"upper_bound":63986.04067451721},"point_estimate":63971.924749574355,"standard_error":7.2844496664962195},"median":{"confidence_interval":{"confidence_level":0.95,"lower_bound":63989.95,"upper_bound":64000.95065789474},"point_estimate":63996.745429841896,"standard_error":2.535656299539568},"median_abs_dev":{"confidence_interval":{"confidence_level":0.95,"lower_bound":14.689065155879556,"upper_bound":36.09913864938879},"point_estimate":21.191293094874393,"standard_error":5.397754429554642},"slope":{"confidence_interval":{"confidence_level":0.95,"lower_bound":63955.85205941024,"upper_bound":63985.047837925886},"point_estimate":63971.36818715827,"standard_error":7.4575786021459605},"std_dev":{"confidence_interval":{"confidence_level":0.95,"lower_bound":58.407183002062084,"upper_bound":87.7742699543404},"point_estimate":73.20782202942355,"standard_error":7.496045584827542}}