{"mean":{"confidence_interval":{"confidence_level":0.95,"lower_bound":64143.47817532681,"upper_bound":64176.95032074399},"point_estimate":64159.03668129344,"standard_error":8.573216040751502},"median":{"confidence_interval":{"confidence_level":0.95,"lower_bound":64135.319034090906,"upper_bound":64160.29615312966},"point_estimate":64145.82139703624,"standard_error":6.6649567609491625},"median_abs_dev":{"confidence_interval":{"confidence_level":0.95,"lower_bound":36.89782576538107,"upper_bound":63.5360982978832},"point_estimate":49.05552662909247,"standard_error":6.959909033662403},"slope":{"confidence_interval":{"confidence_level":0.95,"lower_bound":64150.80195701871,"upper_bound":64174.74017902683},"point_estimate":64162.45011988326,"standard_error":6.101852879401133},"std_dev":{"confidence_interval":{"confidence_level":0.95,"lower_bound":54.97582192188332,"upper_bound":120.16910344835345},"point_estimate":86.28413380357242,"standard_error":18.10156368018564}}