{"mean":{"confidence_interval":{"confidence_level":0.95,"lower_bound":2078.590900913074,"upper_bound":2078.9991945660868},"point_estimate":2078.796890730047,"standard_error":0.10403859775924358},"median":{"confidence_interval":{"confidence_level":0.95,"lower_bound":2078.6464638319985,"upper_bound":2079.036632461657},"point_estimate":2078.868929961922,"standard_error":0.0965402654374191},"median_abs_dev":{"confidence_interval":{"confidence_level":0.95,"lower_bound":0.5245742390803135,"upper_bound":0.8952681949119982},"point_estimate":0.6385567960909735,"standard_error":0.09603514781319873},"slope":{"confidence_interval":{"confidence_level":0.95,"lower_bound":2078.8729048220935,"upper_bound":2079.3515269649865},"point_estimate":2079.101089353655,"standard_error":0.12245227156406943},"std_dev":{"confidence_interval":{"confidence_level":0.95,"lower_bound":0.8344318069514034,"upper_bound":1.236584417925469},"point_estimate":1.045801021167415,"standard_error":0.10288455194862359}}