{"mean":{"confidence_interval":{"confidence_level":0.95,"lower_bound":521.2577853887458,"upper_bound":521.3384153911261},"point_estimate":521.298515318879,"standard_error":0.020563679422955092},"median":{"confidence_interval":{"confidence_level":0.95,"lower_bound":521.3519515061545,"upper_bound":521.3802326053022},"point_estimate":521.367626495919,"standard_error":0.006836906834922545},"median_abs_dev":{"confidence_interval":{"confidence_level":0.95,"lower_bound":0.05958032539815264,"upper_bound":0.16848668525497215},"point_estimate":0.08543147296547333,"standard_error":0.030148316653180803},"slope":{"confidence_interval":{"confidence_level":0.95,"lower_bound":521.3337117779492,"upper_bound":521.4022636855026},"point_estimate":521.3705145354218,"standard_error":0.017586881690067138},"std_dev":{"confidence_interval":{"confidence_level":0.95,"lower_bound":0.1764903660354082,"upper_bound":0.23462869457533383},"point_estimate":0.20696609234288307,"standard_error":0.014864330329244654}}