{"mean":{"confidence_interval":{"confidence_level":0.95,"lower_bound":107290.53120025386,"upper_bound":107377.57160235886},"point_estimate":107331.60074840699,"standard_error":22.345740413083803},"median":{"confidence_interval":{"confidence_level":0.95,"lower_bound":107244.07009087958,"upper_bound":107301.6205882353},"point_estimate":107280.81778612461,"standard_error":18.458248782335023},"median_abs_dev":{"confidence_interval":{"confidence_level":0.95,"lower_bound":90.09035979591725,"upper_bound":163.7125720935198},"point_estimate":128.7503081627007,"standard_error":18.216754227841875},"slope":{"confidence_interval":{"confidence_level":0.95,"lower_bound":107231.23530041594,"upper_bound":107290.42906827334},"point_estimate":107258.21991665436,"standard_error":15.102413913909782},"std_dev":{"confidence_interval":{"confidence_level":0.95,"lower_bound":155.5775566769548,"upper_bound":284.47846177466965},"point_estimate":223.6229567420827,"standard_error":33.09708205900545}}