{"mean":{"confidence_interval":{"confidence_level":0.95,"lower_bound":106142.89410583138,"upper_bound":106207.61645289874},"point_estimate":106174.03175590737,"standard_error":16.56943112243514},"median":{"confidence_interval":{"confidence_level":0.95,"lower_bound":106116.07591783218,"upper_bound":106171.16818181818},"point_estimate":106135.82661290321,"standard_error":12.17090498019314},"median_abs_dev":{"confidence_interval":{"confidence_level":0.95,"lower_bound":80.27681278909807,"upper_bound":136.55466906554304},"point_estimate":107.99546491603047,"standard_error":13.703884053278848},"slope":{"confidence_interval":{"confidence_level":0.95,"lower_bound":106162.2368812052,"upper_bound":106245.11796828602},"point_estimate":106201.44012945174,"standard_error":21.176914897929986},"std_dev":{"confidence_interval":{"confidence_level":0.95,"lower_bound":124.53858778989806,"upper_bound":202.75590719311032},"point_estimate":166.75813129800878,"standard_error":20.022522430704857}}