{"mean":{"confidence_interval":{"confidence_level":0.95,"lower_bound":107512.43005068137,"upper_bound":107569.31328484786},"point_estimate":107539.40643377657,"standard_error":14.52717783838934},"median":{"confidence_interval":{"confidence_level":0.95,"lower_bound":107479.12478580172,"upper_bound":107541.56108136248},"point_estimate":107510.57352941178,"standard_error":16.4518461575592},"median_abs_dev":{"confidence_interval":{"confidence_level":0.95,"lower_bound":87.0153434019619,"upper_bound":134.2144022471997},"point_estimate":117.194378910897,"standard_error":12.038447256188032},"slope":{"confidence_interval":{"confidence_level":0.95,"lower_bound":107493.60100537984,"upper_bound":107575.00637408446},"point_estimate":107530.85084971183,"standard_error":20.82939244596277},"std_dev":{"confidence_interval":{"confidence_level":0.95,"lower_bound":100.84762482534808,"upper_bound":187.40284659959931},"point_estimate":145.73556925750376,"standard_error":22.301668656658997}}