{"mean":{"confidence_interval":{"confidence_level":0.95,"lower_bound":106.62610136619223,"upper_bound":109.59580119783354},"point_estimate":107.91341727565298,"standard_error":0.7666500696537686},"median":{"confidence_interval":{"confidence_level":0.95,"lower_bound":105.60349764554896,"upper_bound":106.11639115500215},"point_estimate":105.70252055318335,"standard_error":0.12524916107638984},"median_abs_dev":{"confidence_interval":{"confidence_level":0.95,"lower_bound":0.26612000241781947,"upper_bound":0.9446328037022047},"point_estimate":0.43387514210926525,"standard_error":0.16886530937978736},"slope":{"confidence_interval":{"confidence_level":0.95,"lower_bound":106.3057819390738,"upper_bound":108.14917901893477},"point_estimate":107.10793776696357,"standard_error":0.47215843685319175},"std_dev":{"confidence_interval":{"confidence_level":0.95,"lower_bound":2.1198658663846577,"upper_bound":11.661810674591372},"point_estimate":7.717501850044013,"standard_error":2.4297206260681548}}