{"mean":{"confidence_interval":{"confidence_level":0.95,"lower_bound":1787.3304714602166,"upper_bound":1792.7759317523164},"point_estimate":1789.363604456305,"standard_error":1.5217652191787263},"median":{"confidence_interval":{"confidence_level":0.95,"lower_bound":1786.4030203325542,"upper_bound":1787.9117068951962},"point_estimate":1787.2221063322431,"standard_error":0.3766367800990476},"median_abs_dev":{"confidence_interval":{"confidence_level":0.95,"lower_bound":2.3704583587799157,"upper_bound":4.113652213408633},"point_estimate":3.089101040569081,"standard_error":0.45662092991440817},"slope":{"confidence_interval":{"confidence_level":0.95,"lower_bound":1787.4789678704808,"upper_bound":1788.9369541206224},"point_estimate":1788.1957951776933,"standard_error":0.3706961876211151},"std_dev":{"confidence_interval":{"confidence_level":0.95,"lower_bound":3.1610915570879707,"upper_bound":25.800971132415068},"point_estimate":15.322263810649225,"standard_error":7.820537133507662}}