{"mean":{"confidence_interval":{"confidence_level":0.95,"lower_bound":1742.2545701283063,"upper_bound":1750.6519815277375},"point_estimate":1745.6908830771322,"standard_error":2.189368003310726},"median":{"confidence_interval":{"confidence_level":0.95,"lower_bound":1742.556470702657,"upper_bound":1745.8059462432223},"point_estimate":1743.7596920891124,"standard_error":0.7549033397906147},"median_abs_dev":{"confidence_interval":{"confidence_level":0.95,"lower_bound":5.192269132495351,"upper_bound":8.497198699327429},"point_estimate":6.640531959979586,"standard_error":0.8172085633971956},"slope":{"confidence_interval":{"confidence_level":0.95,"lower_bound":1742.9844528002327,"upper_bound":1745.4833633001597},"point_estimate":1744.2160605167364,"standard_error":0.6360976668183452},"std_dev":{"confidence_interval":{"confidence_level":0.95,"lower_bound":8.045659272357195,"upper_bound":35.48977541642513},"point_estimate":21.94344680267038,"standard_error":8.818952401191881}}