{"mean":{"confidence_interval":{"confidence_level":0.95,"lower_bound":28.7391651014836,"upper_bound":29.003608673748786},"point_estimate":28.856529746427437,"standard_error":0.06776305358672849},"median":{"confidence_interval":{"confidence_level":0.95,"lower_bound":28.650531081316384,"upper_bound":28.83439981213812},"point_estimate":28.705822180830886,"standard_error":0.04588894849828256},"median_abs_dev":{"confidence_interval":{"confidence_level":0.95,"lower_bound":0.20324159293681415,"upper_bound":0.3304896020425539},"point_estimate":0.2513943509554894,"standard_error":0.031769354786564855},"slope":{"confidence_interval":{"confidence_level":0.95,"lower_bound":28.70015269643985,"upper_bound":28.814976411362522},"point_estimate":28.755343977972196,"standard_error":0.029289888724330537},"std_dev":{"confidence_interval":{"confidence_level":0.95,"lower_bound":0.29070484212053366,"upper_bound":1.006266766507668},"point_estimate":0.6808320027529798,"standard_error":0.18311732223513347}}