{"mean":{"confidence_interval":{"confidence_level":0.95,"lower_bound":16.791099837478136,"upper_bound":16.935678850219873},"point_estimate":16.861221168123567,"standard_error":0.03690123021791208},"median":{"confidence_interval":{"confidence_level":0.95,"lower_bound":16.73207553169838,"upper_bound":16.884079648261242},"point_estimate":16.813734747964105,"standard_error":0.038418914932918144},"median_abs_dev":{"confidence_interval":{"confidence_level":0.95,"lower_bound":0.22183535094002443,"upper_bound":0.40677287204288476},"point_estimate":0.29434279414699205,"standard_error":0.05184288801318551},"slope":{"confidence_interval":{"confidence_level":0.95,"lower_bound":16.86310303185961,"upper_bound":17.018327768311483},"point_estimate":16.940796769532344,"standard_error":0.03965332272636588},"std_dev":{"confidence_interval":{"confidence_level":0.95,"lower_bound":0.29754018408249355,"upper_bound":0.44156261133454505},"point_estimate":0.37170877440107253,"standard_error":0.03693221754735814}}