{"mean":{"confidence_interval":{"confidence_level":0.95,"lower_bound":5437.695579453754,"upper_bound":5438.189724113759},"point_estimate":5437.924277949049,"standard_error":0.12654097780188428},"median":{"confidence_interval":{"confidence_level":0.95,"lower_bound":5437.52512328402,"upper_bound":5437.736744615879},"point_estimate":5437.629225721441,"standard_error":0.05266407147047906},"median_abs_dev":{"confidence_interval":{"confidence_level":0.95,"lower_bound":0.41458106755123336,"upper_bound":0.7630295863555746},"point_estimate":0.5815156450079007,"standard_error":0.08420005440046423},"slope":{"confidence_interval":{"confidence_level":0.95,"lower_bound":5437.7231692459245,"upper_bound":5438.570355691338},"point_estimate":5438.065494310625,"standard_error":0.2238497130334547},"std_dev":{"confidence_interval":{"confidence_level":0.95,"lower_bound":0.7637202435024479,"upper_bound":1.7440057592875797},"point_estimate":1.2712789790720682,"standard_error":0.25543197111545807}}