{"mean":{"confidence_interval":{"confidence_level":0.95,"lower_bound":6233.987594995958,"upper_bound":6248.12625135729},"point_estimate":6240.184430869388,"standard_error":3.6382781572732488},"median":{"confidence_interval":{"confidence_level":0.95,"lower_bound":6231.34333172069,"upper_bound":6234.968188861544},"point_estimate":6232.623759608665,"standard_error":0.7694211757022046},"median_abs_dev":{"confidence_interval":{"confidence_level":0.95,"lower_bound":4.9919043392267906,"upper_bound":8.189342681188013},"point_estimate":7.184675594533838,"standard_error":0.8247119555968512},"slope":{"confidence_interval":{"confidence_level":0.95,"lower_bound":6234.719928574719,"upper_bound":6254.040382435586},"point_estimate":6243.333088415572,"standard_error":5.002972061963093},"std_dev":{"confidence_interval":{"confidence_level":0.95,"lower_bound":14.547358807080204,"upper_bound":53.5261416850912},"point_estimate":36.36903141082106,"standard_error":10.007488291657303}}