{"mean":{"confidence_interval":{"confidence_level":0.95,"lower_bound":5547.368413548619,"upper_bound":5646.09944867181},"point_estimate":5596.532685210876,"standard_error":25.244038272778255},"median":{"confidence_interval":{"confidence_level":0.95,"lower_bound":5350.0781010795745,"upper_bound":5836.33084232152},"point_estimate":5601.362855876814,"standard_error":227.0973916814941},"median_abs_dev":{"confidence_interval":{"confidence_level":0.95,"lower_bound":13.924319827332777,"upper_bound":372.9792316212583},"point_estimate":370.9763093461553,"standard_error":110.36401954548185},"slope":{"confidence_interval":{"confidence_level":0.95,"lower_bound":5386.639069185263,"upper_bound":5439.618161536702},"point_estimate":5409.432114073032,"standard_error":13.544867339488333},"std_dev":{"confidence_interval":{"confidence_level":0.95,"lower_bound":244.08843871770173,"upper_bound":259.7592562122734},"point_estimate":252.49963207125978,"standard_error":3.994847452713407}}