{"mean":{"confidence_interval":{"confidence_level":0.95,"lower_bound":2317.7419652961307,"upper_bound":2322.252267491901},"point_estimate":2319.6409160936887,"standard_error":1.1691210816017519},"median":{"confidence_interval":{"confidence_level":0.95,"lower_bound":2316.7261001908887,"upper_bound":2317.978934338955},"point_estimate":2317.472602198557,"standard_error":0.3029257653929704},"median_abs_dev":{"confidence_interval":{"confidence_level":0.95,"lower_bound":2.1899014753806454,"upper_bound":3.867341336762633},"point_estimate":2.84440664720201,"standard_error":0.4095104283875165},"slope":{"confidence_interval":{"confidence_level":0.95,"lower_bound":2317.596855504898,"upper_bound":2321.2238931931956},"point_estimate":2319.1229825561913,"standard_error":0.9448066880533662},"std_dev":{"confidence_interval":{"confidence_level":0.95,"lower_bound":3.687505499993148,"upper_bound":18.41225029367263},"point_estimate":11.723299628338658,"standard_error":4.0141087963438356}}