{"mean":{"confidence_interval":{"confidence_level":0.95,"lower_bound":2169.8520262825664,"upper_bound":2180.979106162122},"point_estimate":2173.9397418825824,"standard_error":3.0777511182972273},"median":{"confidence_interval":{"confidence_level":0.95,"lower_bound":2168.7842511548747,"upper_bound":2169.901855904044},"point_estimate":2169.272260562195,"standard_error":0.28711577954456396},"median_abs_dev":{"confidence_interval":{"confidence_level":0.95,"lower_bound":1.4132080653884387,"upper_bound":2.616236637191749},"point_estimate":2.0086624099389665,"standard_error":0.30088947766820623},"slope":{"confidence_interval":{"confidence_level":0.95,"lower_bound":2169.700768667911,"upper_bound":2173.892376714385},"point_estimate":2171.2322107964414,"standard_error":1.141433008876388},"std_dev":{"confidence_interval":{"confidence_level":0.95,"lower_bound":2.618007744648589,"upper_bound":52.224910661274436},"point_estimate":30.993654313841745,"standard_error":15.795039381158604}}