{"mean":{"confidence_interval":{"confidence_level":0.95,"lower_bound":2185.5733689096073,"upper_bound":2190.5080021389854},"point_estimate":2187.4111727338427,"standard_error":1.363051814051693},"median":{"confidence_interval":{"confidence_level":0.95,"lower_bound":2184.952213998182,"upper_bound":2185.918019635181},"point_estimate":2185.496429228424,"standard_error":0.24976626816125286},"median_abs_dev":{"confidence_interval":{"confidence_level":0.95,"lower_bound":1.54866474071799,"upper_bound":2.5406762466095296},"point_estimate":2.1449100428620675,"standard_error":0.2647544608691336},"slope":{"confidence_interval":{"confidence_level":0.95,"lower_bound":2185.8584024158476,"upper_bound":2188.4516973963305},"point_estimate":2186.929792953794,"standard_error":0.6773042454764946},"std_dev":{"confidence_interval":{"confidence_level":0.95,"lower_bound":2.3540081017057504,"upper_bound":23.021211832844937},"point_estimate":13.689312775146032,"standard_error":6.872435870910637}}