{"mean":{"confidence_interval":{"confidence_level":0.95,"lower_bound":2306.094930878557,"upper_bound":2315.796018164043},"point_estimate":2309.619942702107,"standard_error":2.775925976798151},"median":{"confidence_interval":{"confidence_level":0.95,"lower_bound":2304.9128178656815,"upper_bound":2305.8851688615123},"point_estimate":2305.422369975858,"standard_error":0.2961216151579604},"median_abs_dev":{"confidence_interval":{"confidence_level":0.95,"lower_bound":1.3110490089427889,"upper_bound":2.4954487397682596},"point_estimate":1.9128602393357215,"standard_error":0.32724829170142367},"slope":{"confidence_interval":{"confidence_level":0.95,"lower_bound":2306.0820763671213,"upper_bound":2308.467968404149},"point_estimate":2307.122111663391,"standard_error":0.6134509667202632},"std_dev":{"confidence_interval":{"confidence_level":0.95,"lower_bound":3.4077366578978197,"upper_bound":47.52029507873175},"point_estimate":28.03741764670552,"standard_error":15.010632152670238}}