{"mean":{"confidence_interval":{"confidence_level":0.95,"lower_bound":2170.5698959285937,"upper_bound":2180.0516086523894},"point_estimate":2174.0799888591496,"standard_error":2.62697918040589},"median":{"confidence_interval":{"confidence_level":0.95,"lower_bound":2169.5605887939223,"upper_bound":2170.8255870383105},"point_estimate":2170.19649729462,"standard_error":0.31843067702839034},"median_abs_dev":{"confidence_interval":{"confidence_level":0.95,"lower_bound":2.1231335934909406,"upper_bound":3.5401438701212293},"point_estimate":2.880899013981733,"standard_error":0.3886661874615303},"slope":{"confidence_interval":{"confidence_level":0.95,"lower_bound":2170.5189793698696,"upper_bound":2174.775036616358},"point_estimate":2172.0624225772494,"standard_error":1.1524557739133097},"std_dev":{"confidence_interval":{"confidence_level":0.95,"lower_bound":3.1347989219595425,"upper_bound":44.49326606904231},"point_estimate":26.422160765606854,"standard_error":13.35606533361852}}