{"mean":{"confidence_interval":{"confidence_level":0.95,"lower_bound":24.642166940016015,"upper_bound":24.736190164997826},"point_estimate":24.6884175764109,"standard_error":0.023980006689053746},"median":{"confidence_interval":{"confidence_level":0.95,"lower_bound":24.58351244927976,"upper_bound":24.712624564640663},"point_estimate":24.648738558302334,"standard_error":0.03631763351866117},"median_abs_dev":{"confidence_interval":{"confidence_level":0.95,"lower_bound":0.1729019689504955,"upper_bound":0.29298934151007205},"point_estimate":0.2193785124974042,"standard_error":0.029972837399519437},"slope":{"confidence_interval":{"confidence_level":0.95,"lower_bound":24.562768214574504,"upper_bound":24.644644500782892},"point_estimate":24.60235440109984,"standard_error":0.02086429876140996},"std_dev":{"confidence_interval":{"confidence_level":0.95,"lower_bound":0.2050572123577792,"upper_bound":0.27267321036084863},"point_estimate":0.24156516386860125,"standard_error":0.01728302330871292}}