{"mean":{"confidence_interval":{"confidence_level":0.95,"lower_bound":25.56480124048366,"upper_bound":25.625618296409137},"point_estimate":25.59319464746342,"standard_error":0.015542998720106583},"median":{"confidence_interval":{"confidence_level":0.95,"lower_bound":25.54482230313046,"upper_bound":25.5924307119092},"point_estimate":25.56725255883333,"standard_error":0.013469324100541472},"median_abs_dev":{"confidence_interval":{"confidence_level":0.95,"lower_bound":0.062189707882247786,"upper_bound":0.10119376968821454},"point_estimate":0.0795674046338816,"standard_error":0.009913905262931903},"slope":{"confidence_interval":{"confidence_level":0.95,"lower_bound":25.551255960895716,"upper_bound":25.60246699109921},"point_estimate":25.57504719400247,"standard_error":0.013110940108696305},"std_dev":{"confidence_interval":{"confidence_level":0.95,"lower_bound":0.09926484034591351,"upper_bound":0.21221639289350533},"point_estimate":0.15638977425496609,"standard_error":0.029467197401889023}}