{"mean":{"confidence_interval":{"confidence_level":0.95,"lower_bound":23.88314229961762,"upper_bound":24.085075965096987},"point_estimate":23.97783702048819,"standard_error":0.051678299926523064},"median":{"confidence_interval":{"confidence_level":0.95,"lower_bound":23.732357656417914,"upper_bound":23.811074129788942},"point_estimate":23.77439305783262,"standard_error":0.0209747865474574},"median_abs_dev":{"confidence_interval":{"confidence_level":0.95,"lower_bound":0.08895074777338105,"upper_bound":0.18825691915083062},"point_estimate":0.1349093154168077,"standard_error":0.026798051011674484},"slope":{"confidence_interval":{"confidence_level":0.95,"lower_bound":23.857592675585963,"upper_bound":24.025333239846734},"point_estimate":23.934913598791866,"standard_error":0.04293963616343592},"std_dev":{"confidence_interval":{"confidence_level":0.95,"lower_bound":0.3623768943420294,"upper_bound":0.6544683650055104},"point_estimate":0.5184041759952316,"standard_error":0.07475629196584414}}