{"mean":{"confidence_interval":{"confidence_level":0.95,"lower_bound":4276.534380705883,"upper_bound":4282.268775137002},"point_estimate":4278.934625953283,"standard_error":1.4897534309090863},"median":{"confidence_interval":{"confidence_level":0.95,"lower_bound":4276.112252384446,"upper_bound":4276.951840185677},"point_estimate":4276.544280491333,"standard_error":0.2598173885163269},"median_abs_dev":{"confidence_interval":{"confidence_level":0.95,"lower_bound":1.8535495769907167,"upper_bound":4.066151329488795},"point_estimate":2.885269737893884,"standard_error":0.5908287542664155},"slope":{"confidence_interval":{"confidence_level":0.95,"lower_bound":4276.8972248900645,"upper_bound":4279.67191560188},"point_estimate":4278.120013898585,"standard_error":0.7096527734694349},"std_dev":{"confidence_interval":{"confidence_level":0.95,"lower_bound":5.153699406674863,"upper_bound":23.72463144299053},"point_estimate":14.991654305229881,"standard_error":5.391540208713536}}