{"mean":{"confidence_interval":{"confidence_level":0.95,"lower_bound":165.45746253761752,"upper_bound":165.53058146347956},"point_estimate":165.4933916394479,"standard_error":0.018620720926448894},"median":{"confidence_interval":{"confidence_level":0.95,"lower_bound":165.4572737950694,"upper_bound":165.50981495805192},"point_estimate":165.4819513480667,"standard_error":0.012375595218786227},"median_abs_dev":{"confidence_interval":{"confidence_level":0.95,"lower_bound":0.10686146184606352,"upper_bound":0.19721092000616425},"point_estimate":0.14401902146124573,"standard_error":0.02486126327438426},"slope":{"confidence_interval":{"confidence_level":0.95,"lower_bound":165.48064698070738,"upper_bound":165.53383709816057},"point_estimate":165.5074205054452,"standard_error":0.013549574312953455},"std_dev":{"confidence_interval":{"confidence_level":0.95,"lower_bound":0.1503055262033465,"upper_bound":0.22444193928725387},"point_estimate":0.18742838127661296,"standard_error":0.019095879430318867}}