{"mean":{"confidence_interval":{"confidence_level":0.95,"lower_bound":165.15122600461643,"upper_bound":165.21890843620167},"point_estimate":165.183998288881,"standard_error":0.017253527193335675},"median":{"confidence_interval":{"confidence_level":0.95,"lower_bound":165.14520941019242,"upper_bound":165.18888578845144},"point_estimate":165.16745159070953,"standard_error":0.0112240674821671},"median_abs_dev":{"confidence_interval":{"confidence_level":0.95,"lower_bound":0.07643570775469279,"upper_bound":0.12331870270160677},"point_estimate":0.09589307214775364,"standard_error":0.0122005877497018},"slope":{"confidence_interval":{"confidence_level":0.95,"lower_bound":165.15614436415515,"upper_bound":165.19436528857065},"point_estimate":165.17491622662624,"standard_error":0.00972359763198995},"std_dev":{"confidence_interval":{"confidence_level":0.95,"lower_bound":0.1142921511462056,"upper_bound":0.22796087133226645},"point_estimate":0.17378039598691963,"standard_error":0.029257009812729464}}