{"mean":{"confidence_interval":{"confidence_level":0.95,"lower_bound":164.33347480332793,"upper_bound":164.40456995304828},"point_estimate":164.36538087208208,"standard_error":0.01828465255637465},"median":{"confidence_interval":{"confidence_level":0.95,"lower_bound":164.32433918928882,"upper_bound":164.36493152449364},"point_estimate":164.3386302143805,"standard_error":0.010243978684009138},"median_abs_dev":{"confidence_interval":{"confidence_level":0.95,"lower_bound":0.05978553132234334,"upper_bound":0.10164680391220476},"point_estimate":0.07541529363421494,"standard_error":0.010606340056861696},"slope":{"confidence_interval":{"confidence_level":0.95,"lower_bound":164.3240566532659,"upper_bound":164.35761184095938},"point_estimate":164.34060951742455,"standard_error":0.008532923192877682},"std_dev":{"confidence_interval":{"confidence_level":0.95,"lower_bound":0.09737488728324359,"upper_bound":0.264796722480197},"point_estimate":0.18331365665692562,"standard_error":0.04440774441099412}}