{"mean":{"confidence_interval":{"confidence_level":0.95,"lower_bound":165.43670364961983,"upper_bound":165.50016758046792},"point_estimate":165.46841549225948,"standard_error":0.01619771662604011},"median":{"confidence_interval":{"confidence_level":0.95,"lower_bound":165.3983809968833,"upper_bound":165.53030303030303},"point_estimate":165.4916186942049,"standard_error":0.03509261506856088},"median_abs_dev":{"confidence_interval":{"confidence_level":0.95,"lower_bound":0.15643448616038055,"upper_bound":0.2181442529578624},"point_estimate":0.19615749359132817,"standard_error":0.015704401358964983},"slope":{"confidence_interval":{"confidence_level":0.95,"lower_bound":165.45231570384755,"upper_bound":165.51982785058226},"point_estimate":165.48651645581157,"standard_error":0.01727545125550154},"std_dev":{"confidence_interval":{"confidence_level":0.95,"lower_bound":0.14275295176372588,"upper_bound":0.18227373630773097},"point_estimate":0.1629996387041875,"standard_error":0.010078632261240474}}