{"mean":{"confidence_interval":{"confidence_level":0.95,"lower_bound":8811.485308254878,"upper_bound":8828.576849905376},"point_estimate":8819.69670570017,"standard_error":4.365769796440259},"median":{"confidence_interval":{"confidence_level":0.95,"lower_bound":8814.047029077117,"upper_bound":8828.98407079646},"point_estimate":8820.96673119469,"standard_error":3.5921982798699874},"median_abs_dev":{"confidence_interval":{"confidence_level":0.95,"lower_bound":26.458975338579982,"upper_bound":45.8821749436703},"point_estimate":37.77568517005492,"standard_error":5.087255620131502},"slope":{"confidence_interval":{"confidence_level":0.95,"lower_bound":8820.085101991821,"upper_bound":8839.881623965726},"point_estimate":8829.588051933446,"standard_error":5.028028249099706},"std_dev":{"confidence_interval":{"confidence_level":0.95,"lower_bound":31.2917003985557,"upper_bound":59.014711621238185},"point_estimate":44.022780964404966,"standard_error":7.618603837696656}}