{"mean":{"confidence_interval":{"confidence_level":0.95,"lower_bound":8499.79781742174,"upper_bound":8512.020931234723},"point_estimate":8506.086400468574,"standard_error":3.1215520094515465},"median":{"confidence_interval":{"confidence_level":0.95,"lower_bound":8507.901438926756,"upper_bound":8522.57207977208},"point_estimate":8516.446082277,"standard_error":3.5246879564644087},"median_abs_dev":{"confidence_interval":{"confidence_level":0.95,"lower_bound":14.111657971137792,"upper_bound":29.69053804903371},"point_estimate":21.49172611293024,"standard_error":3.649455840883587},"slope":{"confidence_interval":{"confidence_level":0.95,"lower_bound":8500.099125365456,"upper_bound":8512.96885017718},"point_estimate":8506.957803013367,"standard_error":3.2844049113759284},"std_dev":{"confidence_interval":{"confidence_level":0.95,"lower_bound":25.08240413562654,"upper_bound":36.74630848076094},"point_estimate":31.28308010670056,"standard_error":2.9758533430760705}}