{"mean":{"confidence_interval":{"confidence_level":0.95,"lower_bound":8496.222015586494,"upper_bound":8513.93680925798},"point_estimate":8505.177347868983,"standard_error":4.527502012148458},"median":{"confidence_interval":{"confidence_level":0.95,"lower_bound":8494.165384615384,"upper_bound":8513.218803418804},"point_estimate":8502.2108234648,"standard_error":4.930761279584137},"median_abs_dev":{"confidence_interval":{"confidence_level":0.95,"lower_bound":31.96360949155378,"upper_bound":59.486996324800515},"point_estimate":45.96015430235779,"standard_error":6.7956868502651515},"slope":{"confidence_interval":{"confidence_level":0.95,"lower_bound":8497.41442310751,"upper_bound":8511.202359485154},"point_estimate":8504.231126292882,"standard_error":3.5176464166558614},"std_dev":{"confidence_interval":{"confidence_level":0.95,"lower_bound":39.20566501105065,"upper_bound":51.212605833995816},"point_estimate":45.51033757053165,"standard_error":3.0634554609214186}}