{"mean":{"confidence_interval":{"confidence_level":0.95,"lower_bound":702.3882344449313,"upper_bound":702.7307428010307},"point_estimate":702.5459525206031,"standard_error":0.08769831586484655},"median":{"confidence_interval":{"confidence_level":0.95,"lower_bound":702.2451123428095,"upper_bound":702.4140697757718},"point_estimate":702.3315158167286,"standard_error":0.04651151054751429},"median_abs_dev":{"confidence_interval":{"confidence_level":0.95,"lower_bound":0.2414777434496599,"upper_bound":0.4282325622484113},"point_estimate":0.33390594619081215,"standard_error":0.04997124552246656},"slope":{"confidence_interval":{"confidence_level":0.95,"lower_bound":702.3563422165087,"upper_bound":702.7447403965986},"point_estimate":702.5303227909326,"standard_error":0.09977945887059521},"std_dev":{"confidence_interval":{"confidence_level":0.95,"lower_bound":0.519228159320831,"upper_bound":1.1825706629630564},"point_estimate":0.8849827447993714,"standard_error":0.16942520091167013}}