{"mean":{"confidence_interval":{"confidence_level":0.95,"lower_bound":14.478356358701301,"upper_bound":14.488112550025358},"point_estimate":14.483207847956422,"standard_error":0.0024898171975933996},"median":{"confidence_interval":{"confidence_level":0.95,"lower_bound":14.479060196046817,"upper_bound":14.485728423923632},"point_estimate":14.482882673431824,"standard_error":0.0016274629673048721},"median_abs_dev":{"confidence_interval":{"confidence_level":0.95,"lower_bound":0.012094567087742309,"upper_bound":0.021718807938828556},"point_estimate":0.017480698998831614,"standard_error":0.0024000135099380053},"slope":{"confidence_interval":{"confidence_level":0.95,"lower_bound":14.47734764115408,"upper_bound":14.482938876218583},"point_estimate":14.480099225432806,"standard_error":0.0014257478089884997},"std_dev":{"confidence_interval":{"confidence_level":0.95,"lower_bound":0.019782850401324853,"upper_bound":0.029674877647280544},"point_estimate":0.025007754689331967,"standard_error":0.0025298336345894045}}