{"mean":{"confidence_interval":{"confidence_level":0.95,"lower_bound":8032.6490528691165,"upper_bound":8166.460644134497},"point_estimate":8097.778157640923,"standard_error":34.205260359316455},"median":{"confidence_interval":{"confidence_level":0.95,"lower_bound":7879.2073596982655,"upper_bound":7886.566263542454},"point_estimate":7882.110325727514,"standard_error":3.2261691346754},"median_abs_dev":{"confidence_interval":{"confidence_level":0.95,"lower_bound":11.356749717214681,"upper_bound":29.16599301777021},"point_estimate":19.878847366988346,"standard_error":4.763711167563823},"slope":{"confidence_interval":{"confidence_level":0.95,"lower_bound":7929.398020726386,"upper_bound":8000.512269188632},"point_estimate":7960.017186228218,"standard_error":18.21867749900991},"std_dev":{"confidence_interval":{"confidence_level":0.95,"lower_bound":303.695798495546,"upper_bound":369.2701807798742},"point_estimate":343.678202363651,"standard_error":16.953268345321735}}