{"mean":{"confidence_interval":{"confidence_level":0.95,"lower_bound":8289.911566793526,"upper_bound":8302.560560111637},"point_estimate":8294.977091246263,"standard_error":3.3071739717519812},"median":{"confidence_interval":{"confidence_level":0.95,"lower_bound":8286.981953592416,"upper_bound":8289.576756581388},"point_estimate":8288.443996788043,"standard_error":0.7043939763999525},"median_abs_dev":{"confidence_interval":{"confidence_level":0.95,"lower_bound":5.210764374175166,"upper_bound":9.781507970035198},"point_estimate":8.088684326045783,"standard_error":1.2163909490686606},"slope":{"confidence_interval":{"confidence_level":0.95,"lower_bound":8290.671658169711,"upper_bound":8296.57881990384},"point_estimate":8293.42338416509,"standard_error":1.5096920132450007},"std_dev":{"confidence_interval":{"confidence_level":0.95,"lower_bound":10.693255088407758,"upper_bound":53.84079824386384},"point_estimate":33.192660803348225,"standard_error":13.720617916886278}}