{"mean":{"confidence_interval":{"confidence_level":0.95,"lower_bound":53.87585125249304,"upper_bound":53.936351057827686},"point_estimate":53.90626677722664,"standard_error":0.015388608801987282},"median":{"confidence_interval":{"confidence_level":0.95,"lower_bound":53.88478634753774,"upper_bound":53.94098692757774},"point_estimate":53.909667541313425,"standard_error":0.013232633264078019},"median_abs_dev":{"confidence_interval":{"confidence_level":0.95,"lower_bound":0.08222139186250148,"upper_bound":0.1319668603458779},"point_estimate":0.09398595689818492,"standard_error":0.013479540107866388},"slope":{"confidence_interval":{"confidence_level":0.95,"lower_bound":53.89809676751479,"upper_bound":53.93418206240007},"point_estimate":53.91624482300685,"standard_error":0.009195982326605115},"std_dev":{"confidence_interval":{"confidence_level":0.95,"lower_bound":0.10778823359003069,"upper_bound":0.1990330587148479},"point_estimate":0.15453088768245474,"standard_error":0.023452643112960816}}