{"mean":{"confidence_interval":{"confidence_level":0.95,"lower_bound":54.04605325033383,"upper_bound":54.109362989962676},"point_estimate":54.07718762396303,"standard_error":0.01609045742743479},"median":{"confidence_interval":{"confidence_level":0.95,"lower_bound":54.05556710239339,"upper_bound":54.1118042302799},"point_estimate":54.07444395409878,"standard_error":0.016707008240990744},"median_abs_dev":{"confidence_interval":{"confidence_level":0.95,"lower_bound":0.08602434235287851,"upper_bound":0.14758240737014458},"point_estimate":0.11118526316912658,"standard_error":0.015934817695855023},"slope":{"confidence_interval":{"confidence_level":0.95,"lower_bound":54.05472930346203,"upper_bound":54.10167218860594},"point_estimate":54.07855326147371,"standard_error":0.011931883434231185},"std_dev":{"confidence_interval":{"confidence_level":0.95,"lower_bound":0.1239665933757056,"upper_bound":0.19924067843166968},"point_estimate":0.16195404139799438,"standard_error":0.019375361670572255}}