{"mean":{"confidence_interval":{"confidence_level":0.95,"lower_bound":54.0225997938212,"upper_bound":54.07160502393683},"point_estimate":54.04721711004631,"standard_error":0.012494167551241537},"median":{"confidence_interval":{"confidence_level":0.95,"lower_bound":54.025572152893105,"upper_bound":54.08129468987929},"point_estimate":54.05885139067062,"standard_error":0.013231122191463418},"median_abs_dev":{"confidence_interval":{"confidence_level":0.95,"lower_bound":0.06315504122156118,"upper_bound":0.11019299729282393},"point_estimate":0.08157631755371991,"standard_error":0.011794267121619954},"slope":{"confidence_interval":{"confidence_level":0.95,"lower_bound":54.031594965178456,"upper_bound":54.070085593106526},"point_estimate":54.05078347480806,"standard_error":0.009817615202903552},"std_dev":{"confidence_interval":{"confidence_level":0.95,"lower_bound":0.09289985542852212,"upper_bound":0.15744656456684858},"point_estimate":0.12601731160085353,"standard_error":0.01654047473111383}}