{"mean":{"confidence_interval":{"confidence_level":0.95,"lower_bound":54.2891396219231,"upper_bound":54.31818040391122},"point_estimate":54.303035770082424,"standard_error":0.007390878780307414},"median":{"confidence_interval":{"confidence_level":0.95,"lower_bound":54.28341179713783,"upper_bound":54.31559683032247},"point_estimate":54.30706551369646,"standard_error":0.007229048620352326},"median_abs_dev":{"confidence_interval":{"confidence_level":0.95,"lower_bound":0.03893686942530039,"upper_bound":0.061649348780614836},"point_estimate":0.05043709242493905,"standard_error":0.005813487851526198},"slope":{"confidence_interval":{"confidence_level":0.95,"lower_bound":54.29261035152478,"upper_bound":54.31330159434355},"point_estimate":54.302960458000754,"standard_error":0.005260887807012366},"std_dev":{"confidence_interval":{"confidence_level":0.95,"lower_bound":0.05053225707339175,"upper_bound":0.09660401769868314},"point_estimate":0.07428673210971501,"standard_error":0.011877409864094572}}