{"mean":{"confidence_interval":{"confidence_level":0.95,"lower_bound":1238.040440240903,"upper_bound":1241.7277585205316},"point_estimate":1239.373870514858,"standard_error":1.0743732841149436},"median":{"confidence_interval":{"confidence_level":0.95,"lower_bound":1237.6987187932284,"upper_bound":1238.244866894429},"point_estimate":1237.9809989759926,"standard_error":0.1304323833451436},"median_abs_dev":{"confidence_interval":{"confidence_level":0.95,"lower_bound":0.8859065258064872,"upper_bound":1.634131674313455},"point_estimate":1.2909318593684063,"standard_error":0.19017265635518493},"slope":{"confidence_interval":{"confidence_level":0.95,"lower_bound":1238.0431075592132,"upper_bound":1238.5812844445134},"point_estimate":1238.3020140366827,"standard_error":0.13730785943453863},"std_dev":{"confidence_interval":{"confidence_level":0.95,"lower_bound":1.3569317484945909,"upper_bound":18.3750858741511},"point_estimate":10.808500919670085,"standard_error":5.92057724267692}}