{"mean":{"confidence_interval":{"confidence_level":0.95,"lower_bound":1124.9171204660522,"upper_bound":1129.1758265727115},"point_estimate":1126.4649402978562,"standard_error":1.2356826669612853},"median":{"confidence_interval":{"confidence_level":0.95,"lower_bound":1124.4115612634503,"upper_bound":1125.082107936508},"point_estimate":1124.688846247977,"standard_error":0.201413117876456},"median_abs_dev":{"confidence_interval":{"confidence_level":0.95,"lower_bound":1.158007016737249,"upper_bound":2.153306540166358},"point_estimate":1.6536092921787933,"standard_error":0.25564640514592735},"slope":{"confidence_interval":{"confidence_level":0.95,"lower_bound":1124.7718924439823,"upper_bound":1125.794382313308},"point_estimate":1125.2371017028015,"standard_error":0.2630774312435195},"std_dev":{"confidence_interval":{"confidence_level":0.95,"lower_bound":1.7827403962360155,"upper_bound":21.143810282057856},"point_estimate":12.449032139703908,"standard_error":6.770223738269304}}