{"mean":{"confidence_interval":{"confidence_level":0.95,"lower_bound":1144.697189908576,"upper_bound":1146.7162297481136},"point_estimate":1145.551985510791,"standard_error":0.5219622137541474},"median":{"confidence_interval":{"confidence_level":0.95,"lower_bound":1144.2104940255044,"upper_bound":1145.4296423719602},"point_estimate":1145.0105678818873,"standard_error":0.33897339498773493},"median_abs_dev":{"confidence_interval":{"confidence_level":0.95,"lower_bound":1.8382369671784622,"upper_bound":2.8693284380132913},"point_estimate":2.3911359427833108,"standard_error":0.2669770927612885},"slope":{"confidence_interval":{"confidence_level":0.95,"lower_bound":1144.8428619031486,"upper_bound":1146.1297586036685},"point_estimate":1145.4159856298959,"standard_error":0.33088469285292604},"std_dev":{"confidence_interval":{"confidence_level":0.95,"lower_bound":2.2671260386403724,"upper_bound":8.134564638847435},"point_estimate":5.225653807940694,"standard_error":1.783620928477615}}