{"mean":{"confidence_interval":{"confidence_level":0.95,"lower_bound":1250.6345801268887,"upper_bound":1252.0087603240713},"point_estimate":1251.268640739196,"standard_error":0.3517609837550898},"median":{"confidence_interval":{"confidence_level":0.95,"lower_bound":1250.6180084489129,"upper_bound":1251.116775392817},"point_estimate":1250.8678096322706,"standard_error":0.13184674563571486},"median_abs_dev":{"confidence_interval":{"confidence_level":0.95,"lower_bound":0.8548572322980001,"upper_bound":1.615262572034077},"point_estimate":1.2425768973301181,"standard_error":0.19704957656822075},"slope":{"confidence_interval":{"confidence_level":0.95,"lower_bound":1250.9493670385807,"upper_bound":1252.1220776551722},"point_estimate":1251.4171875545765,"standard_error":0.3099865943685983},"std_dev":{"confidence_interval":{"confidence_level":0.95,"lower_bound":1.993910184872815,"upper_bound":4.899341035953168},"point_estimate":3.538383429348903,"standard_error":0.7457168996144864}}