{"mean":{"confidence_interval":{"confidence_level":0.95,"lower_bound":1128.4672567526727,"upper_bound":1133.0540746302734},"point_estimate":1130.127643078891,"standard_error":1.3246315872287804},"median":{"confidence_interval":{"confidence_level":0.95,"lower_bound":1128.1069285714286,"upper_bound":1128.869155279503},"point_estimate":1128.5264285714286,"standard_error":0.1709956762676124},"median_abs_dev":{"confidence_interval":{"confidence_level":0.95,"lower_bound":1.111032180275121,"upper_bound":1.9964110098146994},"point_estimate":1.4836866524307966,"standard_error":0.2245428860166083},"slope":{"confidence_interval":{"confidence_level":0.95,"lower_bound":1128.612233392228,"upper_bound":1129.908227323176},"point_estimate":1129.194420472461,"standard_error":0.3338848137490298},"std_dev":{"confidence_interval":{"confidence_level":0.95,"lower_bound":1.9501913585941206,"upper_bound":22.536503551927016},"point_estimate":13.2669939259898,"standard_error":7.210993179908026}}