{"mean":{"confidence_interval":{"confidence_level":0.95,"lower_bound":235.3220895271277,"upper_bound":235.3551368797547},"point_estimate":235.337725777448,"standard_error":0.008420643072745313},"median":{"confidence_interval":{"confidence_level":0.95,"lower_bound":235.32155678851174,"upper_bound":235.33619318301086},"point_estimate":235.32865904765384,"standard_error":0.003732643950833466},"median_abs_dev":{"confidence_interval":{"confidence_level":0.95,"lower_bound":0.030376292516278876,"upper_bound":0.05409710878344653},"point_estimate":0.04514227088009238,"standard_error":0.005924965569583075},"slope":{"confidence_interval":{"confidence_level":0.95,"lower_bound":235.3380968691072,"upper_bound":235.35443156886157},"point_estimate":235.3458668751408,"standard_error":0.0041606172542367325},"std_dev":{"confidence_interval":{"confidence_level":0.95,"lower_bound":0.0577360766512269,"upper_bound":0.10774968989541957},"point_estimate":0.08460113399219403,"standard_error":0.012765972984171581}}