{"mean":{"confidence_interval":{"confidence_level":0.95,"lower_bound":235.2553580425825,"upper_bound":235.28388963324653},"point_estimate":235.26928444404092,"standard_error":0.007274154357617214},"median":{"confidence_interval":{"confidence_level":0.95,"lower_bound":235.25441724861645,"upper_bound":235.27887557670118},"point_estimate":235.2658969330962,"standard_error":0.00641730444519594},"median_abs_dev":{"confidence_interval":{"confidence_level":0.95,"lower_bound":0.04095433801880903,"upper_bound":0.07402297493190993},"point_estimate":0.052672065913409304,"standard_error":0.00880475577591347},"slope":{"confidence_interval":{"confidence_level":0.95,"lower_bound":235.2715768725091,"upper_bound":235.299892913904},"point_estimate":235.28551228927498,"standard_error":0.007233547325311691},"std_dev":{"confidence_interval":{"confidence_level":0.95,"lower_bound":0.05605058390968141,"upper_bound":0.09073167878309078},"point_estimate":0.07298028136563937,"standard_error":0.009030613520684398}}