{"mean":{"confidence_interval":{"confidence_level":0.95,"lower_bound":235.24136184061163,"upper_bound":235.27380502556602},"point_estimate":235.25715048029423,"standard_error":0.00825604535802642},"median":{"confidence_interval":{"confidence_level":0.95,"lower_bound":235.23414215215857,"upper_bound":235.26672391469054},"point_estimate":235.25112667880418,"standard_error":0.007794354674478938},"median_abs_dev":{"confidence_interval":{"confidence_level":0.95,"lower_bound":0.04413376120238033,"upper_bound":0.08258255066725145},"point_estimate":0.06125346108838497,"standard_error":0.010113761549558458},"slope":{"confidence_interval":{"confidence_level":0.95,"lower_bound":235.2285166368215,"upper_bound":235.2626912691591},"point_estimate":235.24444102273605,"standard_error":0.008727644884887838},"std_dev":{"confidence_interval":{"confidence_level":0.95,"lower_bound":0.06465808681057018,"upper_bound":0.09948126182680987},"point_estimate":0.08272205445793222,"standard_error":0.008903651844242187}}