{"mean":{"confidence_interval":{"confidence_level":0.95,"lower_bound":3775.387462463819,"upper_bound":3777.049568754925},"point_estimate":3776.156400019349,"standard_error":0.4260361105686614},"median":{"confidence_interval":{"confidence_level":0.95,"lower_bound":3775.0819511822037,"upper_bound":3776.1573956719712},"point_estimate":3775.7300602844143,"standard_error":0.25418293805758124},"median_abs_dev":{"confidence_interval":{"confidence_level":0.95,"lower_bound":1.5166757350341649,"upper_bound":3.185582209749598},"point_estimate":2.2804830994821077,"standard_error":0.440524184240046},"slope":{"confidence_interval":{"confidence_level":0.95,"lower_bound":3774.6574957821517,"upper_bound":3775.5508623522715},"point_estimate":3775.1095216946924,"standard_error":0.22748798499239317},"std_dev":{"confidence_interval":{"confidence_level":0.95,"lower_bound":2.6856124253767057,"upper_bound":5.832834601248907},"point_estimate":4.274678174109777,"standard_error":0.8294160114741397}}