{"mean":{"confidence_interval":{"confidence_level":0.95,"lower_bound":3847.433628664518,"upper_bound":3848.083030622227},"point_estimate":3847.7598269889368,"standard_error":0.1663815742417175},"median":{"confidence_interval":{"confidence_level":0.95,"lower_bound":3847.2061231600037,"upper_bound":3848.060226277252},"point_estimate":3847.455708129931,"standard_error":0.2584331589365187},"median_abs_dev":{"confidence_interval":{"confidence_level":0.95,"lower_bound":1.0901191173935525,"upper_bound":1.916770022467809},"point_estimate":1.4455962629624692,"standard_error":0.22491808000102997},"slope":{"confidence_interval":{"confidence_level":0.95,"lower_bound":3847.2606288970924,"upper_bound":3847.8781820573627},"point_estimate":3847.5526053247463,"standard_error":0.15724712408876837},"std_dev":{"confidence_interval":{"confidence_level":0.95,"lower_bound":1.4031326115623444,"upper_bound":1.939327540243181},"point_estimate":1.676591403483213,"standard_error":0.13747169087156116}}