{"mean":{"confidence_interval":{"confidence_level":0.95,"lower_bound":3814.2843308811716,"upper_bound":3814.8451261325527},"point_estimate":3814.5492104790023,"standard_error":0.14314998824486502},"median":{"confidence_interval":{"confidence_level":0.95,"lower_bound":3814.0832715477295,"upper_bound":3814.4827398731586},"point_estimate":3814.2766102318733,"standard_error":0.10215319662841586},"median_abs_dev":{"confidence_interval":{"confidence_level":0.95,"lower_bound":0.6173525067517966,"upper_bound":1.043562099159182},"point_estimate":0.8168837935425953,"standard_error":0.10931154588214817},"slope":{"confidence_interval":{"confidence_level":0.95,"lower_bound":3814.16582273368,"upper_bound":3814.461656912508},"point_estimate":3814.3093696559094,"standard_error":0.07537920072597244},"std_dev":{"confidence_interval":{"confidence_level":0.95,"lower_bound":0.9640200847839852,"upper_bound":1.8823022988436193},"point_estimate":1.4369492934931747,"standard_error":0.236856862118538}}