{"mean":{"confidence_interval":{"confidence_level":0.95,"lower_bound":3855.720551259776,"upper_bound":3857.0638620652267},"point_estimate":3856.3925868311367,"standard_error":0.34264514472377894},"median":{"confidence_interval":{"confidence_level":0.95,"lower_bound":3855.6431416881996,"upper_bound":3857.4679351656096},"point_estimate":3856.705497449197,"standard_error":0.45646588127154647},"median_abs_dev":{"confidence_interval":{"confidence_level":0.95,"lower_bound":2.4450864308431015,"upper_bound":3.9189867936333256},"point_estimate":3.1914861154350422,"standard_error":0.36811558292771773},"slope":{"confidence_interval":{"confidence_level":0.95,"lower_bound":3856.302223985994,"upper_bound":3857.567082344687},"point_estimate":3856.9514007902003,"standard_error":0.32279566740274684},"std_dev":{"confidence_interval":{"confidence_level":0.95,"lower_bound":2.9092746853514795,"upper_bound":3.9526811863489257},"point_estimate":3.4453040726039452,"standard_error":0.26626802093922103}}