{"mean":{"confidence_interval":{"confidence_level":0.95,"lower_bound":3899.9019172022663,"upper_bound":3903.8386817375126},"point_estimate":3901.8709882198323,"standard_error":1.0023680339857421},"median":{"confidence_interval":{"confidence_level":0.95,"lower_bound":3898.214888317532,"upper_bound":3904.466188050023},"point_estimate":3901.674100503062,"standard_error":1.707055308884351},"median_abs_dev":{"confidence_interval":{"confidence_level":0.95,"lower_bound":8.084088787335174,"upper_bound":13.130544156341927},"point_estimate":11.334885385539083,"standard_error":1.3362534572227511},"slope":{"confidence_interval":{"confidence_level":0.95,"lower_bound":3900.8223926398464,"upper_bound":3904.8119633563683},"point_estimate":3902.8130320138607,"standard_error":1.0167382022038665},"std_dev":{"confidence_interval":{"confidence_level":0.95,"lower_bound":8.80159159732467,"upper_bound":11.248814162354162},"point_estimate":10.093441021049626,"standard_error":0.6245351783047034}}