{"mean":{"confidence_interval":{"confidence_level":0.95,"lower_bound":73366.9736902535,"upper_bound":73446.81155814232},"point_estimate":73405.16520338383,"standard_error":20.388923091089435},"median":{"confidence_interval":{"confidence_level":0.95,"lower_bound":73361.89723320158,"upper_bound":73420.28367346938},"point_estimate":73394.60779666557,"standard_error":15.386014221918767},"median_abs_dev":{"confidence_interval":{"confidence_level":0.95,"lower_bound":106.95704392915385,"upper_bound":198.58558767569232},"point_estimate":157.16505256690584,"standard_error":24.120480465356795},"slope":{"confidence_interval":{"confidence_level":0.95,"lower_bound":73349.04090851881,"upper_bound":73443.65049360233},"point_estimate":73394.86366463298,"standard_error":24.091328164683834},"std_dev":{"confidence_interval":{"confidence_level":0.95,"lower_bound":149.08486669319404,"upper_bound":265.0832968743521},"point_estimate":205.03680536265747,"standard_error":30.448759090473487}}