{"mean":{"confidence_interval":{"confidence_level":0.95,"lower_bound":2060687.1913499995,"upper_bound":2062558.9222100002},"point_estimate":2061358.8583999998,"standard_error":548.410056462219},"median":{"confidence_interval":{"confidence_level":0.95,"lower_bound":2060496.32,"upper_bound":2060643.02},"point_estimate":2060576.44,"standard_error":43.19253254626047},"median_abs_dev":{"confidence_interval":{"confidence_level":0.95,"lower_bound":188.58671665219265,"upper_bound":346.06848585611834},"point_estimate":255.9264074563911,"standard_error":39.3637957144498},"slope":null,"std_dev":{"confidence_interval":{"confidence_level":0.95,"lower_bound":544.2796317184417,"upper_bound":9352.988690636217},"point_estimate":5499.920691220056,"standard_error":3039.5183729704563}}