{"mean":{"confidence_interval":{"confidence_level":0.95,"lower_bound":2059162.3930200005,"upper_bound":2059566.8651300007},"point_estimate":2059338.5687999995,"standard_error":104.22517446614354},"median":{"confidence_interval":{"confidence_level":0.95,"lower_bound":2058983.06,"upper_bound":2059095.24},"point_estimate":2059047.24,"standard_error":31.940227118641527},"median_abs_dev":{"confidence_interval":{"confidence_level":0.95,"lower_bound":158.1934171912638,"upper_bound":301.5015306474297},"point_estimate":228.17213594916936,"standard_error":36.580050993078125},"slope":null,"std_dev":{"confidence_interval":{"confidence_level":0.95,"lower_bound":514.7279833238109,"upper_bound":1577.4488122033406},"point_estimate":1045.790802227097,"standard_error":317.44989477653826}}