{"mean":{"confidence_interval":{"confidence_level":0.95,"lower_bound":2061255.7705099997,"upper_bound":2061411.00583},"point_estimate":2061329.0508000003,"standard_error":39.804028642532145},"median":{"confidence_interval":{"confidence_level":0.95,"lower_bound":2061199.88,"upper_bound":2061334.64},"point_estimate":2061257.34,"standard_error":37.01788364652982},"median_abs_dev":{"confidence_interval":{"confidence_level":0.95,"lower_bound":197.42301249526182,"upper_bound":315.28971040236445},"point_estimate":260.25559937959474,"standard_error":30.000720700974245},"slope":null,"std_dev":{"confidence_interval":{"confidence_level":0.95,"lower_bound":275.28295569918987,"upper_bound":517.6904155394482},"point_estimate":400.1343996776788,"standard_error":62.9588422070103}}