{"mean":{"confidence_interval":{"confidence_level":0.95,"lower_bound":9.222642381835417,"upper_bound":9.226768011452574},"point_estimate":9.224767230163245,"standard_error":0.001049183413809898},"median":{"confidence_interval":{"confidence_level":0.95,"lower_bound":9.224259132646075,"upper_bound":9.2303933163536},"point_estimate":9.228668644506445,"standard_error":0.001739821579015743},"median_abs_dev":{"confidence_interval":{"confidence_level":0.95,"lower_bound":0.005791771008110291,"upper_bound":0.011655686191780973},"point_estimate":0.0077823847919735595,"standard_error":0.0015774094576804542},"slope":{"confidence_interval":{"confidence_level":0.95,"lower_bound":9.221328951552584,"upper_bound":9.2260056078935},"point_estimate":9.22366507919169,"standard_error":0.0011968609649310373},"std_dev":{"confidence_interval":{"confidence_level":0.95,"lower_bound":0.00852777177250487,"upper_bound":0.012920629457293135},"point_estimate":0.010593892322770429,"standard_error":0.0011503441688430495}}