{"mean":{"confidence_interval":{"confidence_level":0.95,"lower_bound":9.16619169745788,"upper_bound":9.169751658768398},"point_estimate":9.16803640107172,"standard_error":0.0009070845892980883},"median":{"confidence_interval":{"confidence_level":0.95,"lower_bound":9.168617432697983,"upper_bound":9.171709879827208},"point_estimate":9.16973536097052,"standard_error":0.0007381308870632413},"median_abs_dev":{"confidence_interval":{"confidence_level":0.95,"lower_bound":0.0044352284854655795,"upper_bound":0.00854498422227101},"point_estimate":0.006569460563848885,"standard_error":0.0010745590670616656},"slope":{"confidence_interval":{"confidence_level":0.95,"lower_bound":9.167496532480865,"upper_bound":9.17057354534171},"point_estimate":9.169050223958534,"standard_error":0.0007815073467410944},"std_dev":{"confidence_interval":{"confidence_level":0.95,"lower_bound":0.007163761321986818,"upper_bound":0.010790081236139632},"point_estimate":0.009087678633702231,"standard_error":0.0009257810118646062}}