{"mean":{"confidence_interval":{"confidence_level":0.95,"lower_bound":2707.2648461147396,"upper_bound":2707.6053713706365},"point_estimate":2707.417009322466,"standard_error":0.0873105294400974},"median":{"confidence_interval":{"confidence_level":0.95,"lower_bound":2707.1412958626074,"upper_bound":2707.2493025596777},"point_estimate":2707.1914219034607,"standard_error":0.025497869610132486},"median_abs_dev":{"confidence_interval":{"confidence_level":0.95,"lower_bound":0.1751028204884688,"upper_bound":0.3534314770661946},"point_estimate":0.2496355022431335,"standard_error":0.042033442419745715},"slope":{"confidence_interval":{"confidence_level":0.95,"lower_bound":2707.207247826134,"upper_bound":2707.4610727811482},"point_estimate":2707.3208622203056,"standard_error":0.0653106050416749},"std_dev":{"confidence_interval":{"confidence_level":0.95,"lower_bound":0.48413306561839237,"upper_bound":1.276723420057036},"point_estimate":0.8737189004860418,"standard_error":0.22567257527141868}}