{"mean":{"confidence_interval":{"confidence_level":0.95,"lower_bound":2713.061878891362,"upper_bound":2713.390454994134},"point_estimate":2713.211459705138,"standard_error":0.0840427151605648},"median":{"confidence_interval":{"confidence_level":0.95,"lower_bound":2712.9319520547947,"upper_bound":2713.0580821917806},"point_estimate":2712.999038678485,"standard_error":0.02932917412472993},"median_abs_dev":{"confidence_interval":{"confidence_level":0.95,"lower_bound":0.18727247915322168,"upper_bound":0.36480242311202477},"point_estimate":0.27254577237857447,"standard_error":0.044816425151965426},"slope":{"confidence_interval":{"confidence_level":0.95,"lower_bound":2712.995692752185,"upper_bound":2713.1804679724805},"point_estimate":2713.0807687427505,"standard_error":0.04695414756431869},"std_dev":{"confidence_interval":{"confidence_level":0.95,"lower_bound":0.4576572728577022,"upper_bound":1.1756090345903243},"point_estimate":0.8425830788279645,"standard_error":0.18495030516196892}}