{"mean":{"confidence_interval":{"confidence_level":0.95,"lower_bound":92061.93375238132,"upper_bound":92192.82057895625},"point_estimate":92124.6882794973,"standard_error":33.47022773812081},"median":{"confidence_interval":{"confidence_level":0.95,"lower_bound":92011.30352715467,"upper_bound":92123.37607655503},"point_estimate":92068.3675820707,"standard_error":24.12887473032146},"median_abs_dev":{"confidence_interval":{"confidence_level":0.95,"lower_bound":194.2500800740931,"upper_bound":335.3269403517422},"point_estimate":262.60234803411186,"standard_error":37.323204909473624},"slope":{"confidence_interval":{"confidence_level":0.95,"lower_bound":91963.05492171463,"upper_bound":92067.55758922262},"point_estimate":92013.99751521421,"standard_error":26.764066415749472},"std_dev":{"confidence_interval":{"confidence_level":0.95,"lower_bound":244.38457985309077,"upper_bound":425.2024051174426},"point_estimate":337.1365648212274,"standard_error":46.650191849429724}}