{"mean":{"confidence_interval":{"confidence_level":0.95,"lower_bound":37059.31729877222,"upper_bound":37150.32327557984},"point_estimate":37106.068860406514,"standard_error":23.218941028057095},"median":{"confidence_interval":{"confidence_level":0.95,"lower_bound":37093.97890164734,"upper_bound":37199.182491877844},"point_estimate":37146.50184337656,"standard_error":28.587274922757054},"median_abs_dev":{"confidence_interval":{"confidence_level":0.95,"lower_bound":157.244802301484,"upper_bound":266.8763839646208},"point_estimate":210.8675295545569,"standard_error":28.15975526497758},"slope":{"confidence_interval":{"confidence_level":0.95,"lower_bound":37081.402464543076,"upper_bound":37235.25251439824},"point_estimate":37163.67780131247,"standard_error":39.593600911718376},"std_dev":{"confidence_interval":{"confidence_level":0.95,"lower_bound":192.36882205750257,"upper_bound":268.6854720387168},"point_estimate":232.46652786178336,"standard_error":19.564693912189536}}