{"mean":{"confidence_interval":{"confidence_level":0.95,"lower_bound":36614.592707473465,"upper_bound":36808.18611232922},"point_estimate":36714.06098805313,"standard_error":49.44667965884158},"median":{"confidence_interval":{"confidence_level":0.95,"lower_bound":36817.22849968613,"upper_bound":36947.71428571428},"point_estimate":36896.11905522544,"standard_error":27.9418445043333},"median_abs_dev":{"confidence_interval":{"confidence_level":0.95,"lower_bound":179.7588107362368,"upper_bound":341.12312078319553},"point_estimate":225.3621315111026,"standard_error":39.38263900676224},"slope":{"confidence_interval":{"confidence_level":0.95,"lower_bound":36693.782580414176,"upper_bound":36904.3213777704},"point_estimate":36804.69491628765,"standard_error":54.033479847000194},"std_dev":{"confidence_interval":{"confidence_level":0.95,"lower_bound":405.3778163816543,"upper_bound":575.4879085510037},"point_estimate":498.3221258026032,"standard_error":43.38424735936669}}