{"mean":{"confidence_interval":{"confidence_level":0.95,"lower_bound":39081.132498674975,"upper_bound":39264.14322960524},"point_estimate":39174.83151004586,"standard_error":46.632674570827774},"median":{"confidence_interval":{"confidence_level":0.95,"lower_bound":39183.918269230766,"upper_bound":39356.60601577909},"point_estimate":39247.80713980181,"standard_error":46.91772638685559},"median_abs_dev":{"confidence_interval":{"confidence_level":0.95,"lower_bound":258.2583496594961,"upper_bound":444.97460851899973},"point_estimate":373.3211495983211,"standard_error":49.33185237109539},"slope":{"confidence_interval":{"confidence_level":0.95,"lower_bound":39215.16957643305,"upper_bound":39413.03587490656},"point_estimate":39319.66564072251,"standard_error":50.491269761823894},"std_dev":{"confidence_interval":{"confidence_level":0.95,"lower_bound":382.54137089425285,"upper_bound":543.3767151176148},"point_estimate":469.3612813341606,"standard_error":41.264529695843166}}