{"mean":{"confidence_interval":{"confidence_level":0.95,"lower_bound":34.92181217685924,"upper_bound":34.982578795505006},"point_estimate":34.95072360543964,"standard_error":0.015480114307935031},"median":{"confidence_interval":{"confidence_level":0.95,"lower_bound":34.918498555626016,"upper_bound":34.96742594733941},"point_estimate":34.94076932369975,"standard_error":0.013378893505483977},"median_abs_dev":{"confidence_interval":{"confidence_level":0.95,"lower_bound":0.08443455585289351,"upper_bound":0.15422171178255606},"point_estimate":0.12290985524443045,"standard_error":0.018461515516157694},"slope":{"confidence_interval":{"confidence_level":0.95,"lower_bound":34.91692673244268,"upper_bound":34.95966825938353},"point_estimate":34.93802255790368,"standard_error":0.010912649820890479},"std_dev":{"confidence_interval":{"confidence_level":0.95,"lower_bound":0.1139640989406592,"upper_bound":0.20492313154086073},"point_estimate":0.15595552543811664,"standard_error":0.02485565991256583}}