{"mean":{"confidence_interval":{"confidence_level":0.95,"lower_bound":34.2077756378171,"upper_bound":34.323577930039036},"point_estimate":34.26365998603474,"standard_error":0.029466069359060106},"median":{"confidence_interval":{"confidence_level":0.95,"lower_bound":34.18406669387403,"upper_bound":34.30033630343584},"point_estimate":34.25549349667965,"standard_error":0.029100634111393013},"median_abs_dev":{"confidence_interval":{"confidence_level":0.95,"lower_bound":0.18242609377672286,"upper_bound":0.32493818139127134},"point_estimate":0.23908202673554285,"standard_error":0.03560514040202161},"slope":{"confidence_interval":{"confidence_level":0.95,"lower_bound":34.25771510606113,"upper_bound":34.344867210043674},"point_estimate":34.301628686206236,"standard_error":0.022241127094448126},"std_dev":{"confidence_interval":{"confidence_level":0.95,"lower_bound":0.22477061009609975,"upper_bound":0.3788191442848328},"point_estimate":0.29601030177189225,"standard_error":0.04137907756558385}}