{"mean":{"confidence_interval":{"confidence_level":0.95,"lower_bound":34.708762249230105,"upper_bound":34.87552688442009},"point_estimate":34.78279767437478,"standard_error":0.042948346227698685},"median":{"confidence_interval":{"confidence_level":0.95,"lower_bound":34.67897075544566,"upper_bound":34.73631967483168},"point_estimate":34.70875677891932,"standard_error":0.015496392454467878},"median_abs_dev":{"confidence_interval":{"confidence_level":0.95,"lower_bound":0.08012975336841414,"upper_bound":0.16295384294046758},"point_estimate":0.13015217294298764,"standard_error":0.021983088168065244},"slope":{"confidence_interval":{"confidence_level":0.95,"lower_bound":34.74201256306524,"upper_bound":34.98611122094629},"point_estimate":34.84827278303447,"standard_error":0.06284215052429204},"std_dev":{"confidence_interval":{"confidence_level":0.95,"lower_bound":0.15773998308808218,"upper_bound":0.6233256084275264},"point_estimate":0.4333827188451687,"standard_error":0.11437648903983279}}