{"mean":{"confidence_interval":{"confidence_level":0.95,"lower_bound":40702.837155521636,"upper_bound":40904.071963105074},"point_estimate":40794.70082525378,"standard_error":51.461752305151016},"median":{"confidence_interval":{"confidence_level":0.95,"lower_bound":40658.19027027027,"upper_bound":40765.31282051282},"point_estimate":40721.46492723493,"standard_error":29.221700756027122},"median_abs_dev":{"confidence_interval":{"confidence_level":0.95,"lower_bound":183.433970891118,"upper_bound":364.4795711851455},"point_estimate":261.78484992244046,"standard_error":46.39983810989708},"slope":{"confidence_interval":{"confidence_level":0.95,"lower_bound":40779.058275232484,"upper_bound":40896.51613093243},"point_estimate":40837.329541480714,"standard_error":30.046032535741446},"std_dev":{"confidence_interval":{"confidence_level":0.95,"lower_bound":314.94348874073154,"upper_bound":740.477466402743},"point_estimate":518.6491169045352,"standard_error":122.64562547257674}}