{"mean":{"confidence_interval":{"confidence_level":0.95,"lower_bound":48870.384989704005,"upper_bound":49002.41836263556},"point_estimate":48932.169228383136,"standard_error":33.53348835191968},"median":{"confidence_interval":{"confidence_level":0.95,"lower_bound":48889.25919228451,"upper_bound":48995.65409457076},"point_estimate":48953.04258700143,"standard_error":26.136093640039313},"median_abs_dev":{"confidence_interval":{"confidence_level":0.95,"lower_bound":136.286306673511,"upper_bound":233.33505170825345},"point_estimate":186.64445412343397,"standard_error":24.34865687180501},"slope":{"confidence_interval":{"confidence_level":0.95,"lower_bound":48885.3960721714,"upper_bound":49022.867431283106},"point_estimate":48943.96766591371,"standard_error":35.488883838565066},"std_dev":{"confidence_interval":{"confidence_level":0.95,"lower_bound":199.9242877304896,"upper_bound":461.0324489245795},"point_estimate":336.8742220680799,"standard_error":67.69050674926281}}