{"mean":{"confidence_interval":{"confidence_level":0.95,"lower_bound":28.352319691329324,"upper_bound":28.35935626255116},"point_estimate":28.355823912747656,"standard_error":0.0017895195617171423},"median":{"confidence_interval":{"confidence_level":0.95,"lower_bound":28.35276423103108,"upper_bound":28.36138275160477},"point_estimate":28.35693111950519,"standard_error":0.00201997127035033},"median_abs_dev":{"confidence_interval":{"confidence_level":0.95,"lower_bound":0.011710591765997138,"upper_bound":0.01924609539356522},"point_estimate":0.015237891995263231,"standard_error":0.0018903068653090117},"slope":{"confidence_interval":{"confidence_level":0.95,"lower_bound":28.352225085958704,"upper_bound":28.359079233458953},"point_estimate":28.355755074827425,"standard_error":0.001752838672613401},"std_dev":{"confidence_interval":{"confidence_level":0.95,"lower_bound":0.014446242032914437,"upper_bound":0.021243269178046496},"point_estimate":0.017968789357696184,"standard_error":0.0017379687506338412}}