{"mean":{"confidence_interval":{"confidence_level":0.95,"lower_bound":28.032568763527962,"upper_bound":28.04207014147232},"point_estimate":28.036956337257326,"standard_error":0.0024219109880272618},"median":{"confidence_interval":{"confidence_level":0.95,"lower_bound":28.02818165777451,"upper_bound":28.033703962048286},"point_estimate":28.030968254746426,"standard_error":0.0014098019303573066},"median_abs_dev":{"confidence_interval":{"confidence_level":0.95,"lower_bound":0.009134109071590976,"upper_bound":0.017033532382111357},"point_estimate":0.01304893792110324,"standard_error":0.002074136017575819},"slope":{"confidence_interval":{"confidence_level":0.95,"lower_bound":28.031504560976977,"upper_bound":28.03882303190726},"point_estimate":28.03503443756862,"standard_error":0.0018655546097211644},"std_dev":{"confidence_interval":{"confidence_level":0.95,"lower_bound":0.015402665697978424,"upper_bound":0.03313423259634766},"point_estimate":0.024315433914567357,"standard_error":0.004651274132079912}}