{"mean":{"confidence_interval":{"confidence_level":0.95,"lower_bound":87.23120432595825,"upper_bound":87.78202265014677},"point_estimate":87.50623693437252,"standard_error":0.13986356148539078},"median":{"confidence_interval":{"confidence_level":0.95,"lower_bound":87.01938936655553,"upper_bound":87.81660096225863},"point_estimate":87.6115847340927,"standard_error":0.19267771895330393},"median_abs_dev":{"confidence_interval":{"confidence_level":0.95,"lower_bound":1.1078801787153272,"upper_bound":1.909287618477884},"point_estimate":1.5862402087581424,"standard_error":0.21931119965783802},"slope":{"confidence_interval":{"confidence_level":0.95,"lower_bound":87.46984293193293,"upper_bound":87.9972631734781},"point_estimate":87.7412876903601,"standard_error":0.13437487964168943},"std_dev":{"confidence_interval":{"confidence_level":0.95,"lower_bound":1.2035789942781179,"upper_bound":1.5909965024777377},"point_estimate":1.4047831633209569,"standard_error":0.09890241179442683}}