{"mean":{"confidence_interval":{"confidence_level":0.95,"lower_bound":82.73594436817454,"upper_bound":82.95998266770812},"point_estimate":82.82444904211351,"standard_error":0.05927438479933751},"median":{"confidence_interval":{"confidence_level":0.95,"lower_bound":82.69922012998711,"upper_bound":82.76505450540873},"point_estimate":82.73676895755575,"standard_error":0.017350618159373856},"median_abs_dev":{"confidence_interval":{"confidence_level":0.95,"lower_bound":0.09847967592249413,"upper_bound":0.1810108440102435},"point_estimate":0.1439789930562314,"standard_error":0.02132545677606054},"slope":{"confidence_interval":{"confidence_level":0.95,"lower_bound":82.69567621639452,"upper_bound":82.76289276858253},"point_estimate":82.72822124623941,"standard_error":0.017129993485861715},"std_dev":{"confidence_interval":{"confidence_level":0.95,"lower_bound":0.15591415201054518,"upper_bound":0.9738883968216281},"point_estimate":0.5941925118344966,"standard_error":0.25726207935997375}}