{"mean":{"confidence_interval":{"confidence_level":0.95,"lower_bound":81.82145366458683,"upper_bound":82.04356223604246},"point_estimate":81.9185701486832,"standard_error":0.05709519672108965},"median":{"confidence_interval":{"confidence_level":0.95,"lower_bound":81.80227518959913,"upper_bound":81.84237925824846},"point_estimate":81.81924403810001,"standard_error":0.009465379077770944},"median_abs_dev":{"confidence_interval":{"confidence_level":0.95,"lower_bound":0.0723479163550882,"upper_bound":0.1256893473957419},"point_estimate":0.10449490649491537,"standard_error":0.013633738554776306},"slope":{"confidence_interval":{"confidence_level":0.95,"lower_bound":81.81959744336405,"upper_bound":82.2439969753117},"point_estimate":82.0017776714792,"standard_error":0.11052138274080973},"std_dev":{"confidence_interval":{"confidence_level":0.95,"lower_bound":0.16223383926119136,"upper_bound":0.8426578020692275},"point_estimate":0.5735305168057104,"standard_error":0.1614510047673106}}