{"mean":{"confidence_interval":{"confidence_level":0.95,"lower_bound":85.60231287784833,"upper_bound":85.84123425964225},"point_estimate":85.69534224599667,"standard_error":0.06384905246201684},"median":{"confidence_interval":{"confidence_level":0.95,"lower_bound":85.58585299263618,"upper_bound":85.67108056812158},"point_estimate":85.62390977009925,"standard_error":0.02283786437611348},"median_abs_dev":{"confidence_interval":{"confidence_level":0.95,"lower_bound":0.1562211167458622,"upper_bound":0.23896329272620495},"point_estimate":0.20580558012019215,"standard_error":0.02135925198255752},"slope":{"confidence_interval":{"confidence_level":0.95,"lower_bound":85.62291655216065,"upper_bound":85.69404079726502},"point_estimate":85.65800838980883,"standard_error":0.018131336192396916},"std_dev":{"confidence_interval":{"confidence_level":0.95,"lower_bound":0.18644717405691102,"upper_bound":1.0619518785564648},"point_estimate":0.6414111733100143,"standard_error":0.2954460808792975}}