{"mean":{"confidence_interval":{"confidence_level":0.95,"lower_bound":82.63766080026403,"upper_bound":82.77743217662315},"point_estimate":82.69396730201406,"standard_error":0.036815446334708846},"median":{"confidence_interval":{"confidence_level":0.95,"lower_bound":82.63762297324625,"upper_bound":82.69750083956039},"point_estimate":82.66813410775251,"standard_error":0.017521892981776574},"median_abs_dev":{"confidence_interval":{"confidence_level":0.95,"lower_bound":0.08225362564724312,"upper_bound":0.1398517375880075},"point_estimate":0.11133456463071066,"standard_error":0.014325695754260506},"slope":{"confidence_interval":{"confidence_level":0.95,"lower_bound":82.63637236805883,"upper_bound":82.6801450052722},"point_estimate":82.65856743691677,"standard_error":0.011163052724942136},"std_dev":{"confidence_interval":{"confidence_level":0.95,"lower_bound":0.12323178665511067,"upper_bound":0.6096315490213697},"point_estimate":0.37202676431851034,"standard_error":0.16035317117777975}}