{"mean":{"confidence_interval":{"confidence_level":0.95,"lower_bound":80.8083525525956,"upper_bound":81.14050978289362},"point_estimate":80.961996514233,"standard_error":0.08507151793437057},"median":{"confidence_interval":{"confidence_level":0.95,"lower_bound":80.60098495360923,"upper_bound":80.76343433883369},"point_estimate":80.65341206591398,"standard_error":0.04327214709299485},"median_abs_dev":{"confidence_interval":{"confidence_level":0.95,"lower_bound":0.20527730121669133,"upper_bound":0.4094136725671223},"point_estimate":0.28769526045292615,"standard_error":0.05225243854561888},"slope":{"confidence_interval":{"confidence_level":0.95,"lower_bound":80.75440007840031,"upper_bound":80.94087839931196},"point_estimate":80.84532052627546,"standard_error":0.047712601867594275},"std_dev":{"confidence_interval":{"confidence_level":0.95,"lower_bound":0.5205613671713121,"upper_bound":1.1297442191648333},"point_estimate":0.8527534817228328,"standard_error":0.15505714147961205}}