{"mean":{"confidence_interval":{"confidence_level":0.95,"lower_bound":82.02347117818684,"upper_bound":82.27409957486458},"point_estimate":82.12314179062905,"standard_error":0.06626878099500058},"median":{"confidence_interval":{"confidence_level":0.95,"lower_bound":82.0140593895156,"upper_bound":82.09965315824925},"point_estimate":82.05727331592354,"standard_error":0.023486963788126876},"median_abs_dev":{"confidence_interval":{"confidence_level":0.95,"lower_bound":0.13406436505901254,"upper_bound":0.2227757526893619},"point_estimate":0.1784534081739844,"standard_error":0.022903632759226102},"slope":{"confidence_interval":{"confidence_level":0.95,"lower_bound":82.03625894142067,"upper_bound":82.10879364132134},"point_estimate":82.0725870556878,"standard_error":0.018448597996034374},"std_dev":{"confidence_interval":{"confidence_level":0.95,"lower_bound":0.19415369216682873,"upper_bound":1.0890784174958172},"point_estimate":0.664365659259795,"standard_error":0.2859040595583435}}