{"mean":{"confidence_interval":{"confidence_level":0.95,"lower_bound":85.68565808683668,"upper_bound":85.99504189450506},"point_estimate":85.80945666582134,"standard_error":0.08160435673489505},"median":{"confidence_interval":{"confidence_level":0.95,"lower_bound":85.67345689173004,"upper_bound":85.78156892148951},"point_estimate":85.72329566993838,"standard_error":0.028676963696921565},"median_abs_dev":{"confidence_interval":{"confidence_level":0.95,"lower_bound":0.16517252204162924,"upper_bound":0.2930155524974404},"point_estimate":0.21542212431440838,"standard_error":0.032418438110382294},"slope":{"confidence_interval":{"confidence_level":0.95,"lower_bound":85.7052934610826,"upper_bound":85.83165538248734},"point_estimate":85.76264047727253,"standard_error":0.03214407581028806},"std_dev":{"confidence_interval":{"confidence_level":0.95,"lower_bound":0.24492678541558854,"upper_bound":1.3389196369046645},"point_estimate":0.820606046605724,"standard_error":0.3467190434129332}}