{"mean":{"confidence_interval":{"confidence_level":0.95,"lower_bound":1154.0570116270287,"upper_bound":1157.7944370204302},"point_estimate":1155.416762989683,"standard_error":1.0717022709550006},"median":{"confidence_interval":{"confidence_level":0.95,"lower_bound":1153.8210436013155,"upper_bound":1154.5573441533184},"point_estimate":1154.095446304752,"standard_error":0.22796896222994972},"median_abs_dev":{"confidence_interval":{"confidence_level":0.95,"lower_bound":0.9351778851915975,"upper_bound":1.5249376736099796},"point_estimate":1.1098923426588687,"standard_error":0.1596005158970952},"slope":{"confidence_interval":{"confidence_level":0.95,"lower_bound":1153.616585803364,"upper_bound":1154.8285293419103},"point_estimate":1154.1411026984376,"standard_error":0.31178490683743926},"std_dev":{"confidence_interval":{"confidence_level":0.95,"lower_bound":1.5544207283118652,"upper_bound":18.22994973892287},"point_estimate":10.749207658098472,"standard_error":5.757155019699063}}