{"mean":{"confidence_interval":{"confidence_level":0.95,"lower_bound":645577.2269022613,"upper_bound":645904.1317661937},"point_estimate":645728.547812764,"standard_error":83.30312235623013},"median":{"confidence_interval":{"confidence_level":0.95,"lower_bound":645433.5125,"upper_bound":645679.2610294118},"point_estimate":645511.3416666667,"standard_error":72.66490921103347},"median_abs_dev":{"confidence_interval":{"confidence_level":0.95,"lower_bound":348.57015219153624,"upper_bound":624.0333889211516},"point_estimate":458.3087168633938,"standard_error":73.86167881634725},"slope":{"confidence_interval":{"confidence_level":0.95,"lower_bound":645480.6918396666,"upper_bound":645756.525091159},"point_estimate":645610.2166809516,"standard_error":70.78330179007797},"std_dev":{"confidence_interval":{"confidence_level":0.95,"lower_bound":511.9728391413421,"upper_bound":1138.4508000794367},"point_estimate":835.6034872276149,"standard_error":163.5287620942585}}