{"mean":{"confidence_interval":{"confidence_level":0.95,"lower_bound":20514.229480933536,"upper_bound":20516.673540472046},"point_estimate":20515.30836146356,"standard_error":0.627734506972556},"median":{"confidence_interval":{"confidence_level":0.95,"lower_bound":20513.261119832547,"upper_bound":20514.359683632487},"point_estimate":20513.91493280239,"standard_error":0.3415545306652668},"median_abs_dev":{"confidence_interval":{"confidence_level":0.95,"lower_bound":1.4521447552902733,"upper_bound":2.572378078315239},"point_estimate":1.8984925225466416,"standard_error":0.2994399954189279},"slope":{"confidence_interval":{"confidence_level":0.95,"lower_bound":20513.856151573702,"upper_bound":20515.005558659203},"point_estimate":20514.39348917164,"standard_error":0.29297921128823845},"std_dev":{"confidence_interval":{"confidence_level":0.95,"lower_bound":2.8454023475688888,"upper_bound":9.220003123276856},"point_estimate":6.29514855284169,"standard_error":1.6808974020308232}}