{"mean":{"confidence_interval":{"confidence_level":0.95,"lower_bound":20443.098139666243,"upper_bound":20448.38353676531},"point_estimate":20445.347583006467,"standard_error":1.3643879877197698},"median":{"confidence_interval":{"confidence_level":0.95,"lower_bound":20441.395987940632,"upper_bound":20442.707614365972},"point_estimate":20441.94964219454,"standard_error":0.3163436241565309},"median_abs_dev":{"confidence_interval":{"confidence_level":0.95,"lower_bound":1.5606882791497703,"upper_bound":2.8748126324587746},"point_estimate":1.9865004847007215,"standard_error":0.33800271492355627},"slope":{"confidence_interval":{"confidence_level":0.95,"lower_bound":20441.953194758767,"upper_bound":20443.466620689236},"point_estimate":20442.575763715267,"standard_error":0.3901089756874186},"std_dev":{"confidence_interval":{"confidence_level":0.95,"lower_bound":5.697618234834,"upper_bound":21.280049150213237},"point_estimate":13.771526988801273,"standard_error":4.565643010674424}}