{"mean":{"confidence_interval":{"confidence_level":0.95,"lower_bound":49.48303703077496,"upper_bound":49.59761371116589},"point_estimate":49.53993455978281,"standard_error":0.0292741900704248},"median":{"confidence_interval":{"confidence_level":0.95,"lower_bound":49.43499991662915,"upper_bound":49.60596165333224},"point_estimate":49.513597618928515,"standard_error":0.04466233776721974},"median_abs_dev":{"confidence_interval":{"confidence_level":0.95,"lower_bound":0.22719499598922355,"upper_bound":0.3651598359010822},"point_estimate":0.2943592657287964,"standard_error":0.03564699953190619},"slope":{"confidence_interval":{"confidence_level":0.95,"lower_bound":49.46637779702829,"upper_bound":49.599503980120076},"point_estimate":49.53264572072062,"standard_error":0.03388223726155278},"std_dev":{"confidence_interval":{"confidence_level":0.95,"lower_bound":0.24992277693461665,"upper_bound":0.33334075691290266},"point_estimate":0.2935436468905762,"standard_error":0.02129853878318343}}