{"mean":{"confidence_interval":{"confidence_level":0.95,"lower_bound":50.121546653292526,"upper_bound":50.332573839071586},"point_estimate":50.21448956805861,"standard_error":0.054301031200811915},"median":{"confidence_interval":{"confidence_level":0.95,"lower_bound":50.085951836374804,"upper_bound":50.168193144023796},"point_estimate":50.11505627994593,"standard_error":0.023376511913068925},"median_abs_dev":{"confidence_interval":{"confidence_level":0.95,"lower_bound":0.13733096842944745,"upper_bound":0.2420596244119872},"point_estimate":0.18009137508137946,"standard_error":0.026459851402757174},"slope":{"confidence_interval":{"confidence_level":0.95,"lower_bound":50.15279140998768,"upper_bound":50.52274019163485},"point_estimate":50.301111549145475,"standard_error":0.09850657861985121},"std_dev":{"confidence_interval":{"confidence_level":0.95,"lower_bound":0.22079353365309945,"upper_bound":0.7970472044566111},"point_estimate":0.5451355829272867,"standard_error":0.14957269748450241}}