{"mean":{"confidence_interval":{"confidence_level":0.95,"lower_bound":95649.48415930214,"upper_bound":95730.41553492847},"point_estimate":95687.6350687661,"standard_error":20.64193289633344},"median":{"confidence_interval":{"confidence_level":0.95,"lower_bound":95631.21818181819,"upper_bound":95708.10200845666},"point_estimate":95673.21849173555,"standard_error":22.819943896660057},"median_abs_dev":{"confidence_interval":{"confidence_level":0.95,"lower_bound":110.12665119150131,"upper_bound":185.8006668884147},"point_estimate":139.0243326367189,"standard_error":19.28314351881226},"slope":{"confidence_interval":{"confidence_level":0.95,"lower_bound":95634.97773888844,"upper_bound":95708.27669529288},"point_estimate":95671.7994320029,"standard_error":18.69223878102171},"std_dev":{"confidence_interval":{"confidence_level":0.95,"lower_bound":134.63553079097636,"upper_bound":276.5116876865312},"point_estimate":207.64711231453688,"standard_error":37.0481876176024}}