{"mean":{"confidence_interval":{"confidence_level":0.95,"lower_bound":96035.15119760521,"upper_bound":96109.33247472736},"point_estimate":96071.55493467955,"standard_error":18.903401897649236},"median":{"confidence_interval":{"confidence_level":0.95,"lower_bound":96004.33566433567,"upper_bound":96102.40067340067},"point_estimate":96035.16767676768,"standard_error":27.259911373704625},"median_abs_dev":{"confidence_interval":{"confidence_level":0.95,"lower_bound":125.63183463479022,"upper_bound":214.95863257149108},"point_estimate":154.43926179305814,"standard_error":23.057921529445853},"slope":{"confidence_interval":{"confidence_level":0.95,"lower_bound":96045.47728185792,"upper_bound":96125.8589580738},"point_estimate":96085.7783502828,"standard_error":20.506442770104172},"std_dev":{"confidence_interval":{"confidence_level":0.95,"lower_bound":156.8463816249903,"upper_bound":221.11732313933433},"point_estimate":189.61967748417743,"standard_error":16.458724407625816}}