{"mean":{"confidence_interval":{"confidence_level":0.95,"lower_bound":97619.57782528158,"upper_bound":97828.55347374918},"point_estimate":97721.98465504596,"standard_error":53.334005311997444},"median":{"confidence_interval":{"confidence_level":0.95,"lower_bound":97622.2288676236,"upper_bound":97808.91860465116},"point_estimate":97705.65370123522,"standard_error":43.87896978391275},"median_abs_dev":{"confidence_interval":{"confidence_level":0.95,"lower_bound":374.6410122261579,"upper_bound":561.1893241429818},"point_estimate":488.57328449693534,"standard_error":46.993393289236344},"slope":{"confidence_interval":{"confidence_level":0.95,"lower_bound":97742.50966311694,"upper_bound":97930.34942363948},"point_estimate":97834.66200303612,"standard_error":47.99212499780695},"std_dev":{"confidence_interval":{"confidence_level":0.95,"lower_bound":425.24190613838164,"upper_bound":652.2783808990314},"point_estimate":536.3653287167583,"standard_error":58.787616643035705}}