{"mean":{"confidence_interval":{"confidence_level":0.95,"lower_bound":95859.57920439907,"upper_bound":95937.99100615879},"point_estimate":95898.08912148149,"standard_error":20.036548100598687},"median":{"confidence_interval":{"confidence_level":0.95,"lower_bound":95816.7834224599,"upper_bound":95932.15019762846},"point_estimate":95857.25658157394,"standard_error":25.88849941099963},"median_abs_dev":{"confidence_interval":{"confidence_level":0.95,"lower_bound":153.30069389345158,"upper_bound":233.07584030954277},"point_estimate":193.54982000399525,"standard_error":19.979698052742553},"slope":{"confidence_interval":{"confidence_level":0.95,"lower_bound":95842.9735216749,"upper_bound":95938.64040229408},"point_estimate":95889.07426387415,"standard_error":24.426928186573697},"std_dev":{"confidence_interval":{"confidence_level":0.95,"lower_bound":167.41472216302762,"upper_bound":235.29594463866113},"point_estimate":201.48886765014643,"standard_error":17.466636968194543}}