{"mean":{"confidence_interval":{"confidence_level":0.95,"lower_bound":96418.76154099691,"upper_bound":97007.16293228758},"point_estimate":96695.64481377241,"standard_error":150.26518705296294},"median":{"confidence_interval":{"confidence_level":0.95,"lower_bound":95963.16407624634,"upper_bound":96187.54545454546},"point_estimate":96073.29838634018,"standard_error":53.19450488578557},"median_abs_dev":{"confidence_interval":{"confidence_level":0.95,"lower_bound":265.24665559396925,"upper_bound":648.7238013554135},"point_estimate":418.51349091541425,"standard_error":92.95032984100104},"slope":{"confidence_interval":{"confidence_level":0.95,"lower_bound":96226.18842387953,"upper_bound":96563.10794639362},"point_estimate":96388.04297674543,"standard_error":86.24649419635438},"std_dev":{"confidence_interval":{"confidence_level":0.95,"lower_bound":1047.7640431708453,"upper_bound":1876.0941719291643},"point_estimate":1510.0331074255844,"standard_error":211.01740929934965}}