{"mean":{"confidence_interval":{"confidence_level":0.95,"lower_bound":96527.45953754088,"upper_bound":96685.36630789534},"point_estimate":96594.86277822779,"standard_error":40.641215363358604},"median":{"confidence_interval":{"confidence_level":0.95,"lower_bound":96494.05454545455,"upper_bound":96597.48011363637},"point_estimate":96532.72925495557,"standard_error":25.42357486593267},"median_abs_dev":{"confidence_interval":{"confidence_level":0.95,"lower_bound":160.0242193420982,"upper_bound":265.42036226898193},"point_estimate":221.801260283477,"standard_error":27.07731903358175},"slope":{"confidence_interval":{"confidence_level":0.95,"lower_bound":96480.56532072312,"upper_bound":96809.54022213352},"point_estimate":96607.81893681905,"standard_error":88.16694736414867},"std_dev":{"confidence_interval":{"confidence_level":0.95,"lower_bound":192.80362647371126,"upper_bound":630.8176229423772},"point_estimate":407.90810986438385,"standard_error":137.48167803704993}}