{"mean":{"confidence_interval":{"confidence_level":0.95,"lower_bound":21421.635460347978,"upper_bound":21446.288037936767},"point_estimate":21433.949628502276,"standard_error":6.286911133973976},"median":{"confidence_interval":{"confidence_level":0.95,"lower_bound":21381.57033979041,"upper_bound":21485.122994765283},"point_estimate":21447.363337631636,"standard_error":30.574955749625644},"median_abs_dev":{"confidence_interval":{"confidence_level":0.95,"lower_bound":30.69371515073899,"upper_bound":100.93466904091103},"point_estimate":95.21033791687864,"standard_error":20.004683879233063},"slope":{"confidence_interval":{"confidence_level":0.95,"lower_bound":21416.287472362823,"upper_bound":21447.950645646735},"point_estimate":21431.997163770364,"standard_error":8.070009613370493},"std_dev":{"confidence_interval":{"confidence_level":0.95,"lower_bound":60.08990563730946,"upper_bound":65.74784503812265},"point_estimate":63.359641466078436,"standard_error":1.4410665495921307}}