{"mean":{"confidence_interval":{"confidence_level":0.95,"lower_bound":21537.660354884705,"upper_bound":21554.239796140944},"point_estimate":21546.522703240444,"standard_error":4.250662502488658},"median":{"confidence_interval":{"confidence_level":0.95,"lower_bound":21553.509973404256,"upper_bound":21559.8718924972},"point_estimate":21557.279905437354,"standard_error":1.8968156107587884},"median_abs_dev":{"confidence_interval":{"confidence_level":0.95,"lower_bound":7.6522836911438175,"upper_bound":13.50644524609632},"point_estimate":10.344356332846017,"standard_error":1.572273870580218},"slope":{"confidence_interval":{"confidence_level":0.95,"lower_bound":21519.156909859932,"upper_bound":21548.671508527284},"point_estimate":21534.89586554273,"standard_error":7.56405081704764},"std_dev":{"confidence_interval":{"confidence_level":0.95,"lower_bound":27.961169258632545,"upper_bound":54.60660558979395},"point_estimate":42.75807570935985,"standard_error":6.842134197781402}}