{"mean":{"confidence_interval":{"confidence_level":0.95,"lower_bound":107301.99355982097,"upper_bound":107382.54944060436},"point_estimate":107340.8396145509,"standard_error":20.63016607434593},"median":{"confidence_interval":{"confidence_level":0.95,"lower_bound":107251.446875,"upper_bound":107341.66826690821},"point_estimate":107302.29503246753,"standard_error":25.556492168104832},"median_abs_dev":{"confidence_interval":{"confidence_level":0.95,"lower_bound":120.73679911480104,"upper_bound":214.5860331418944},"point_estimate":172.89114956693555,"standard_error":25.82870624336007},"slope":{"confidence_interval":{"confidence_level":0.95,"lower_bound":107253.7961629979,"upper_bound":107326.46388453571},"point_estimate":107289.31681335895,"standard_error":18.532637624815273},"std_dev":{"confidence_interval":{"confidence_level":0.95,"lower_bound":162.16735364986994,"upper_bound":248.42943822579076},"point_estimate":206.7654579896237,"standard_error":22.072540996461576}}