{"mean":{"confidence_interval":{"confidence_level":0.95,"lower_bound":126.30270849777074,"upper_bound":126.46074812033423},"point_estimate":126.37255939307484,"standard_error":0.04062699468338325},"median":{"confidence_interval":{"confidence_level":0.95,"lower_bound":126.2795470794309,"upper_bound":126.34377115059222},"point_estimate":126.31772208121828,"standard_error":0.017545926946291954},"median_abs_dev":{"confidence_interval":{"confidence_level":0.95,"lower_bound":0.14446620446106023,"upper_bound":0.2624471377674352},"point_estimate":0.2039601978258238,"standard_error":0.030454537444999184},"slope":{"confidence_interval":{"confidence_level":0.95,"lower_bound":126.27396339922255,"upper_bound":126.36505030299408},"point_estimate":126.31777538989978,"standard_error":0.02326717117473451},"std_dev":{"confidence_interval":{"confidence_level":0.95,"lower_bound":0.2097269108114648,"upper_bound":0.6140381757822819},"point_estimate":0.40998346528370294,"standard_error":0.11834633068570126}}