{"mean":{"confidence_interval":{"confidence_level":0.95,"lower_bound":72730.15834631342,"upper_bound":72771.24380040885},"point_estimate":72749.30583881153,"standard_error":10.512638538055157},"median":{"confidence_interval":{"confidence_level":0.95,"lower_bound":72720.37737522894,"upper_bound":72743.98463248936},"point_estimate":72735.2348356009,"standard_error":6.0007988203958895},"median_abs_dev":{"confidence_interval":{"confidence_level":0.95,"lower_bound":40.097262831538295,"upper_bound":83.77431089127036},"point_estimate":58.45601235353561,"standard_error":11.876133999476396},"slope":{"confidence_interval":{"confidence_level":0.95,"lower_bound":72716.41635578837,"upper_bound":72745.91725851211},"point_estimate":72730.33491502881,"standard_error":7.542436491019084},"std_dev":{"confidence_interval":{"confidence_level":0.95,"lower_bound":65.85215821919007,"upper_bound":139.52133459267517},"point_estimate":105.49077532580317,"standard_error":18.69464855811699}}