{"mean":{"confidence_interval":{"confidence_level":0.95,"lower_bound":72546.79901927007,"upper_bound":72594.37681377598},"point_estimate":72570.32471050235,"standard_error":12.162233471643415},"median":{"confidence_interval":{"confidence_level":0.95,"lower_bound":72539.21305418719,"upper_bound":72589.17787114847},"point_estimate":72574.97033189033,"standard_error":11.569163862478677},"median_abs_dev":{"confidence_interval":{"confidence_level":0.95,"lower_bound":86.23474879101411,"upper_bound":157.72804712879562},"point_estimate":130.40440427826812,"standard_error":18.495687050034032},"slope":{"confidence_interval":{"confidence_level":0.95,"lower_bound":72535.93472852297,"upper_bound":72573.93068979893},"point_estimate":72555.07412189407,"standard_error":9.698685754080113},"std_dev":{"confidence_interval":{"confidence_level":0.95,"lower_bound":104.27198254576646,"upper_bound":137.80096506895458},"point_estimate":122.06109886158406,"standard_error":8.594126749642298}}