{"mean":{"confidence_interval":{"confidence_level":0.95,"lower_bound":74203.74718196622,"upper_bound":74281.02409190318},"point_estimate":74241.64948891872,"standard_error":19.66042383361746},"median":{"confidence_interval":{"confidence_level":0.95,"lower_bound":74205.50728889117,"upper_bound":74270.74767230835},"point_estimate":74238.15151515152,"standard_error":15.72219608152902},"median_abs_dev":{"confidence_interval":{"confidence_level":0.95,"lower_bound":122.3959531754123,"upper_bound":211.93697922786848},"point_estimate":162.8196425639297,"standard_error":22.700520908551095},"slope":{"confidence_interval":{"confidence_level":0.95,"lower_bound":74186.50843549108,"upper_bound":74303.95163289734},"point_estimate":74243.08956279424,"standard_error":29.9902874932383},"std_dev":{"confidence_interval":{"confidence_level":0.95,"lower_bound":160.44942528703712,"upper_bound":230.584246650307},"point_estimate":196.57472634142894,"standard_error":17.88445889459727}}