{"mean":{"confidence_interval":{"confidence_level":0.95,"lower_bound":72795.49391811815,"upper_bound":72870.1909437863},"point_estimate":72831.68446913529,"standard_error":19.070156635137483},"median":{"confidence_interval":{"confidence_level":0.95,"lower_bound":72777.11513859275,"upper_bound":72858.33004926109},"point_estimate":72835.35783858999,"standard_error":21.114980747127138},"median_abs_dev":{"confidence_interval":{"confidence_level":0.95,"lower_bound":153.59997083075157,"upper_bound":239.79901330711297},"point_estimate":205.0669350748691,"standard_error":21.506903033622613},"slope":{"confidence_interval":{"confidence_level":0.95,"lower_bound":72832.41747135835,"upper_bound":72910.68573551021},"point_estimate":72870.38460934366,"standard_error":19.86217958841169},"std_dev":{"confidence_interval":{"confidence_level":0.95,"lower_bound":152.42973090312407,"upper_bound":238.1497647593092},"point_estimate":191.85235141174365,"standard_error":22.899984302560394}}