{"mean":{"confidence_interval":{"confidence_level":0.95,"lower_bound":15.827466086286567,"upper_bound":15.831000369207286},"point_estimate":15.82919492583667,"standard_error":0.000899236778936406},"median":{"confidence_interval":{"confidence_level":0.95,"lower_bound":15.827038889721106,"upper_bound":15.829504909322843},"point_estimate":15.827741613638114,"standard_error":0.0006425808678994139},"median_abs_dev":{"confidence_interval":{"confidence_level":0.95,"lower_bound":0.00398375151782171,"upper_bound":0.007072831320196709},"point_estimate":0.005426146126070034,"standard_error":0.0007920361545960775},"slope":{"confidence_interval":{"confidence_level":0.95,"lower_bound":15.828221360678016,"upper_bound":15.832095810700213},"point_estimate":15.830096098222441,"standard_error":0.000989603199352301},"std_dev":{"confidence_interval":{"confidence_level":0.95,"lower_bound":0.006935415324863384,"upper_bound":0.010996381663945953},"point_estimate":0.009051455273927448,"standard_error":0.0010374541233665012}}