{"mean":{"confidence_interval":{"confidence_level":0.95,"lower_bound":15.793168422752187,"upper_bound":15.798459401735903},"point_estimate":15.79549158920044,"standard_error":0.0013588086725959527},"median":{"confidence_interval":{"confidence_level":0.95,"lower_bound":15.793101613100655,"upper_bound":15.794679910623877},"point_estimate":15.794056774243234,"standard_error":0.00043667996879267514},"median_abs_dev":{"confidence_interval":{"confidence_level":0.95,"lower_bound":0.004178068536311306,"upper_bound":0.0075102659193616046},"point_estimate":0.005873061989365,"standard_error":0.0008409781356224652},"slope":{"confidence_interval":{"confidence_level":0.95,"lower_bound":15.792564906048554,"upper_bound":15.795225845818617},"point_estimate":15.793868634199297,"standard_error":0.0006778402967265887},"std_dev":{"confidence_interval":{"confidence_level":0.95,"lower_bound":0.006195602341068008,"upper_bound":0.02053192454445724},"point_estimate":0.013607168968635541,"standard_error":0.0039007854064459146}}