{"mean":{"confidence_interval":{"confidence_level":0.95,"lower_bound":86.41730095991011,"upper_bound":87.21868233741982},"point_estimate":86.7759503705634,"standard_error":0.20637248819005502},"median":{"confidence_interval":{"confidence_level":0.95,"lower_bound":86.22873375072854,"upper_bound":86.38275548468276},"point_estimate":86.29574862094645,"standard_error":0.03643183235104271},"median_abs_dev":{"confidence_interval":{"confidence_level":0.95,"lower_bound":0.1883235618062255,"upper_bound":0.3202843101767216},"point_estimate":0.24341127447312708,"standard_error":0.0339345587019238},"slope":{"confidence_interval":{"confidence_level":0.95,"lower_bound":86.59257761844684,"upper_bound":88.17400226148199},"point_estimate":87.30577275035053,"standard_error":0.4061646279383601},"std_dev":{"confidence_interval":{"confidence_level":0.95,"lower_bound":0.959899091925113,"upper_bound":2.9006930412657757},"point_estimate":2.0786004703364713,"standard_error":0.49458881242354347}}