{"mean":{"confidence_interval":{"confidence_level":0.95,"lower_bound":28110.651008458197,"upper_bound":28275.77379018039},"point_estimate":28195.31870870526,"standard_error":42.16755416159739},"median":{"confidence_interval":{"confidence_level":0.95,"lower_bound":28171.41574074074,"upper_bound":28373.119988545248},"point_estimate":28302.67020417854,"standard_error":56.3656112342303},"median_abs_dev":{"confidence_interval":{"confidence_level":0.95,"lower_bound":278.5203352218624,"upper_bound":502.5741492356379},"point_estimate":364.11472101079505,"standard_error":57.93474254331636},"slope":{"confidence_interval":{"confidence_level":0.95,"lower_bound":28379.0652836645,"upper_bound":28508.454571422106},"point_estimate":28446.65257113771,"standard_error":33.086948024275856},"std_dev":{"confidence_interval":{"confidence_level":0.95,"lower_bound":355.41702144852246,"upper_bound":491.0024666680746},"point_estimate":425.32990546759515,"standard_error":34.80564877215486}}