{"mean":{"confidence_interval":{"confidence_level":0.95,"lower_bound":28658.590223508698,"upper_bound":28940.175492955746},"point_estimate":28804.36814049876,"standard_error":71.89996702053182},"median":{"confidence_interval":{"confidence_level":0.95,"lower_bound":28807.83588719959,"upper_bound":29099.052325581397},"point_estimate":28971.351466049382,"standard_error":80.00827982664688},"median_abs_dev":{"confidence_interval":{"confidence_level":0.95,"lower_bound":370.1305474813815,"upper_bound":647.3816008288675},"point_estimate":488.2771777348568,"standard_error":66.52047841261697},"slope":{"confidence_interval":{"confidence_level":0.95,"lower_bound":29161.16402941321,"upper_bound":29318.41330307322},"point_estimate":29243.95615634698,"standard_error":40.195185066770264},"std_dev":{"confidence_interval":{"confidence_level":0.95,"lower_bound":578.7546559910351,"upper_bound":845.6023699280183},"point_estimate":722.5474294194995,"standard_error":68.01535620858053}}