{"mean":{"confidence_interval":{"confidence_level":0.95,"lower_bound":2728.5531612395152,"upper_bound":2728.9184980705922},"point_estimate":2728.718229232559,"standard_error":0.09407554496903825},"median":{"confidence_interval":{"confidence_level":0.95,"lower_bound":2728.4061345158907,"upper_bound":2728.528127869605},"point_estimate":2728.474189606247,"standard_error":0.037070642844349674},"median_abs_dev":{"confidence_interval":{"confidence_level":0.95,"lower_bound":0.22406917382092922,"upper_bound":0.4239935250909397},"point_estimate":0.33758646132642883,"standard_error":0.053064833973519715},"slope":{"confidence_interval":{"confidence_level":0.95,"lower_bound":2728.522694178527,"upper_bound":2728.7146894637012},"point_estimate":2728.6139556452254,"standard_error":0.049206829989834416},"std_dev":{"confidence_interval":{"confidence_level":0.95,"lower_bound":0.5005427273879743,"upper_bound":1.3263835148999747},"point_estimate":0.9456968830108553,"standard_error":0.21100955987435457}}