{"mean":{"confidence_interval":{"confidence_level":0.95,"lower_bound":59.83802270927251,"upper_bound":59.86197289745648},"point_estimate":59.84967838071696,"standard_error":0.0061263052980042535},"median":{"confidence_interval":{"confidence_level":0.95,"lower_bound":59.81953426609958,"upper_bound":59.858393612429865},"point_estimate":59.832299292078446,"standard_error":0.00937919613372999},"median_abs_dev":{"confidence_interval":{"confidence_level":0.95,"lower_bound":0.038979021474125304,"upper_bound":0.07211153547705834},"point_estimate":0.0544233273453406,"standard_error":0.007598562575458723},"slope":{"confidence_interval":{"confidence_level":0.95,"lower_bound":59.821362256428316,"upper_bound":59.842351525680684},"point_estimate":59.83145014677145,"standard_error":0.005345350527499365},"std_dev":{"confidence_interval":{"confidence_level":0.95,"lower_bound":0.050763440723800984,"upper_bound":0.07181175808324221},"point_estimate":0.06175586916093592,"standard_error":0.00538789339236046}}