{"mean":{"confidence_interval":{"confidence_level":0.95,"lower_bound":59.69800609286209,"upper_bound":59.714238493694815},"point_estimate":59.705714838892305,"standard_error":0.004130518396945512},"median":{"confidence_interval":{"confidence_level":0.95,"lower_bound":59.69002248429975,"upper_bound":59.700757139184574},"point_estimate":59.69575665868095,"standard_error":0.002886761999672951},"median_abs_dev":{"confidence_interval":{"confidence_level":0.95,"lower_bound":0.018105264087866814,"upper_bound":0.03440156820085962},"point_estimate":0.02651647863533517,"standard_error":0.0042743708966057345},"slope":{"confidence_interval":{"confidence_level":0.95,"lower_bound":59.695280979320415,"upper_bound":59.712828104254875},"point_estimate":59.70371061713101,"standard_error":0.004501623774030414},"std_dev":{"confidence_interval":{"confidence_level":0.95,"lower_bound":0.03039645641860348,"upper_bound":0.05212163773761367},"point_estimate":0.04137800114865827,"standard_error":0.0055746528776673705}}