{"mean":{"confidence_interval":{"confidence_level":0.95,"lower_bound":107033.14414018083,"upper_bound":107113.95750264442},"point_estimate":107069.33315381294,"standard_error":20.70532582774315},"median":{"confidence_interval":{"confidence_level":0.95,"lower_bound":106991.26583586627,"upper_bound":107040.18947368421},"point_estimate":107022.26785714287,"standard_error":12.685915496813298},"median_abs_dev":{"confidence_interval":{"confidence_level":0.95,"lower_bound":73.82992391732814,"upper_bound":151.07503654864797},"point_estimate":103.21343505439428,"standard_error":20.253710871892824},"slope":{"confidence_interval":{"confidence_level":0.95,"lower_bound":106966.23739140858,"upper_bound":107004.06235618208},"point_estimate":106984.1042139796,"standard_error":9.628272454736061},"std_dev":{"confidence_interval":{"confidence_level":0.95,"lower_bound":116.26820294055933,"upper_bound":305.94408670180286},"point_estimate":208.21074626240423,"standard_error":55.53101109995528}}