{"mean":{"confidence_interval":{"confidence_level":0.95,"lower_bound":185.67667004548937,"upper_bound":185.70516650972428},"point_estimate":185.69085206964704,"standard_error":0.007284127613487738},"median":{"confidence_interval":{"confidence_level":0.95,"lower_bound":185.67628054917446,"upper_bound":185.700726908823},"point_estimate":185.69403143127204,"standard_error":0.0064753642966026885},"median_abs_dev":{"confidence_interval":{"confidence_level":0.95,"lower_bound":0.041657332469543916,"upper_bound":0.07459089581356601},"point_estimate":0.0596236372868475,"standard_error":0.008742504384173727},"slope":{"confidence_interval":{"confidence_level":0.95,"lower_bound":185.67889333257608,"upper_bound":185.71217097499556},"point_estimate":185.695007040286,"standard_error":0.008492146615652148},"std_dev":{"confidence_interval":{"confidence_level":0.95,"lower_bound":0.05897810370507384,"upper_bound":0.08652094773059492},"point_estimate":0.07322044272243529,"standard_error":0.007026046970451079}}