{"mean":{"confidence_interval":{"confidence_level":0.95,"lower_bound":186.82696047294294,"upper_bound":186.85029654123983},"point_estimate":186.83793882846757,"standard_error":0.005961435629775339},"median":{"confidence_interval":{"confidence_level":0.95,"lower_bound":186.82176846818035,"upper_bound":186.8349483378257},"point_estimate":186.8273159343904,"standard_error":0.002989499532271151},"median_abs_dev":{"confidence_interval":{"confidence_level":0.95,"lower_bound":0.022684900306782343,"upper_bound":0.039594981850721404},"point_estimate":0.03332632880295483,"standard_error":0.004463511408319868},"slope":{"confidence_interval":{"confidence_level":0.95,"lower_bound":186.82511562929997,"upper_bound":186.84451794602063},"point_estimate":186.83406533426646,"standard_error":0.004971724091598774},"std_dev":{"confidence_interval":{"confidence_level":0.95,"lower_bound":0.040751613729274244,"upper_bound":0.07722181813852683},"point_estimate":0.060091401473548904,"standard_error":0.009328344124638642}}