{"mean":{"confidence_interval":{"confidence_level":0.95,"lower_bound":186.7451375149384,"upper_bound":186.7634694724926},"point_estimate":186.75401019079484,"standard_error":0.004674810553136101},"median":{"confidence_interval":{"confidence_level":0.95,"lower_bound":186.74567857107397,"upper_bound":186.7576254317663},"point_estimate":186.75019428484595,"standard_error":0.003605312817455771},"median_abs_dev":{"confidence_interval":{"confidence_level":0.95,"lower_bound":0.023875600098697883,"upper_bound":0.039531308482067054},"point_estimate":0.031835108101690206,"standard_error":0.0038508795541693014},"slope":{"confidence_interval":{"confidence_level":0.95,"lower_bound":186.74777063846852,"upper_bound":186.7616027279251},"point_estimate":186.75444201384892,"standard_error":0.0035331997856554273},"std_dev":{"confidence_interval":{"confidence_level":0.95,"lower_bound":0.035594207450045566,"upper_bound":0.05755549523080504},"point_estimate":0.04708319070938612,"standard_error":0.0056337820158383145}}