{"mean":{"confidence_interval":{"confidence_level":0.95,"lower_bound":229.96583817977302,"upper_bound":230.05340111450596},"point_estimate":230.0072711920033,"standard_error":0.02232547034738407},"median":{"confidence_interval":{"confidence_level":0.95,"lower_bound":230.00557585815253,"upper_bound":230.04384189752145},"point_estimate":230.02531169636254,"standard_error":0.010695439885480624},"median_abs_dev":{"confidence_interval":{"confidence_level":0.95,"lower_bound":0.07427972720411237,"upper_bound":0.12607530033627026},"point_estimate":0.09874574705296986,"standard_error":0.01283427529688708},"slope":{"confidence_interval":{"confidence_level":0.95,"lower_bound":229.91644241508416,"upper_bound":229.99979657972537},"point_estimate":229.95881070502602,"standard_error":0.02130897071337613},"std_dev":{"confidence_interval":{"confidence_level":0.95,"lower_bound":0.1537303750313742,"upper_bound":0.30640865183151816},"point_estimate":0.22521378530551203,"standard_error":0.042079850310739284}}