{"mean":{"confidence_interval":{"confidence_level":0.95,"lower_bound":1097.3931478527584,"upper_bound":1101.6871097443313},"point_estimate":1099.0213984209859,"standard_error":1.1642604078154908},"median":{"confidence_interval":{"confidence_level":0.95,"lower_bound":1096.9807390909841,"upper_bound":1097.4622378087292},"point_estimate":1097.1256175884646,"standard_error":0.13118251161413474},"median_abs_dev":{"confidence_interval":{"confidence_level":0.95,"lower_bound":0.9140441950802964,"upper_bound":1.3913931857740116},"point_estimate":1.1087970757698111,"standard_error":0.13046414437024745},"slope":{"confidence_interval":{"confidence_level":0.95,"lower_bound":1097.0335792541514,"upper_bound":1104.2981412970257},"point_estimate":1099.50482759086,"standard_error":2.067512563757689},"std_dev":{"confidence_interval":{"confidence_level":0.95,"lower_bound":1.842910096333912,"upper_bound":19.598751425267587},"point_estimate":11.734584473551736,"standard_error":5.6312049834124736}}