{"mean":{"confidence_interval":{"confidence_level":0.95,"lower_bound":1074.6048490541402,"upper_bound":1091.1580095678823},"point_estimate":1081.4895709624102,"standard_error":4.3227584766117255},"median":{"confidence_interval":{"confidence_level":0.95,"lower_bound":1073.2151712150658,"upper_bound":1074.6843973941368},"point_estimate":1074.1340764115093,"standard_error":0.4105181618840147},"median_abs_dev":{"confidence_interval":{"confidence_level":0.95,"lower_bound":2.367379161318568,"upper_bound":3.6383450302522706},"point_estimate":2.9574859158053886,"standard_error":0.3231340573710035},"slope":{"confidence_interval":{"confidence_level":0.95,"lower_bound":1072.1762893863906,"upper_bound":1074.7320564322529},"point_estimate":1073.3012514105706,"standard_error":0.6582015471367528},"std_dev":{"confidence_interval":{"confidence_level":0.95,"lower_bound":7.783012094490852,"upper_bound":69.1724810428314},"point_estimate":43.519627542080066,"standard_error":16.323582440112613}}