{"mean":{"confidence_interval":{"confidence_level":0.95,"lower_bound":554.4710034586395,"upper_bound":555.0600911489851},"point_estimate":554.7962437556537,"standard_error":0.15124215253473328},"median":{"confidence_interval":{"confidence_level":0.95,"lower_bound":555.0010072747622,"upper_bound":555.1372711647614},"point_estimate":555.0661150948063,"standard_error":0.043003958679036},"median_abs_dev":{"confidence_interval":{"confidence_level":0.95,"lower_bound":0.20927204222601872,"upper_bound":0.34315661574493833},"point_estimate":0.2699329064914343,"standard_error":0.03373103933026204},"slope":{"confidence_interval":{"confidence_level":0.95,"lower_bound":554.8749421049406,"upper_bound":555.0811021263598},"point_estimate":554.986143320861,"standard_error":0.052560371162117134},"std_dev":{"confidence_interval":{"confidence_level":0.95,"lower_bound":0.6352468992192134,"upper_bound":2.138598802667311},"point_estimate":1.522237193679679,"standard_error":0.36917446116386693}}