{"mean":{"confidence_interval":{"confidence_level":0.95,"lower_bound":221123.35168286363,"upper_bound":221420.00143655873},"point_estimate":221253.30936636496,"standard_error":76.02785979265006},"median":{"confidence_interval":{"confidence_level":0.95,"lower_bound":220953.5466666667,"upper_bound":221254.15652173912},"point_estimate":221063.12850539293,"standard_error":79.80918458367869},"median_abs_dev":{"confidence_interval":{"confidence_level":0.95,"lower_bound":323.20920235472227,"upper_bound":581.4156811396783},"point_estimate":461.2040475285951,"standard_error":64.75264487689776},"slope":{"confidence_interval":{"confidence_level":0.95,"lower_bound":220968.79581716203,"upper_bound":221167.67978346412},"point_estimate":221062.26633072263,"standard_error":50.65886587847504},"std_dev":{"confidence_interval":{"confidence_level":0.95,"lower_bound":414.8140422715967,"upper_bound":1142.0608565447346},"point_estimate":760.6972567159241,"standard_error":227.53695720658573}}