{"mean":{"confidence_interval":{"confidence_level":0.95,"lower_bound":219909.03867887676,"upper_bound":220107.3561110198},"point_estimate":220002.78478291974,"standard_error":50.68061977266726},"median":{"confidence_interval":{"confidence_level":0.95,"lower_bound":219802.47150860343,"upper_bound":220019.0},"point_estimate":219899.42538461537,"standard_error":52.73604759552836},"median_abs_dev":{"confidence_interval":{"confidence_level":0.95,"lower_bound":285.45102076015814,"upper_bound":452.61379934224755},"point_estimate":393.37323298546636,"standard_error":42.780533197055505},"slope":{"confidence_interval":{"confidence_level":0.95,"lower_bound":219768.45132079546,"upper_bound":219948.97460093003},"point_estimate":219855.98080094578,"standard_error":46.1175454887048},"std_dev":{"confidence_interval":{"confidence_level":0.95,"lower_bound":363.9222930203975,"upper_bound":664.3550210211488},"point_estimate":509.67369639879297,"standard_error":79.19241414629641}}