{"mean":{"confidence_interval":{"confidence_level":0.95,"lower_bound":220865.82303008434,"upper_bound":221017.98513285138},"point_estimate":220941.0629150224,"standard_error":38.731659716779994},"median":{"confidence_interval":{"confidence_level":0.95,"lower_bound":220832.01700657897,"upper_bound":220984.89696969697},"point_estimate":220901.7907375145,"standard_error":45.344739640718984},"median_abs_dev":{"confidence_interval":{"confidence_level":0.95,"lower_bound":281.34412371694805,"upper_bound":484.3252260592826},"point_estimate":357.9423401977796,"standard_error":54.293947900943515},"slope":{"confidence_interval":{"confidence_level":0.95,"lower_bound":220767.9222730787,"upper_bound":220927.71722858932},"point_estimate":220846.20084764296,"standard_error":40.819854126739514},"std_dev":{"confidence_interval":{"confidence_level":0.95,"lower_bound":320.6010169238869,"upper_bound":460.30469219549747},"point_estimate":390.1312096307175,"standard_error":35.82756475181614}}