{"mean":{"confidence_interval":{"confidence_level":0.95,"lower_bound":219366.964012165,"upper_bound":219482.56563324857},"point_estimate":219423.456603636,"standard_error":29.520849514676303},"median":{"confidence_interval":{"confidence_level":0.95,"lower_bound":219327.75774647886,"upper_bound":219483.44175609757},"point_estimate":219398.1320855615,"standard_error":48.49472873278873},"median_abs_dev":{"confidence_interval":{"confidence_level":0.95,"lower_bound":211.51298934587078,"upper_bound":332.1699620351026},"point_estimate":270.98204973457024,"standard_error":31.476788149752224},"slope":{"confidence_interval":{"confidence_level":0.95,"lower_bound":219348.73918123922,"upper_bound":219459.3672624156},"point_estimate":219403.09636175557,"standard_error":28.192581514520928},"std_dev":{"confidence_interval":{"confidence_level":0.95,"lower_bound":249.04811901501816,"upper_bound":345.206274146955},"point_estimate":297.8352999317504,"standard_error":24.629861950232957}}