{"mean":{"confidence_interval":{"confidence_level":0.95,"lower_bound":732.5663271126327,"upper_bound":736.3754037374528},"point_estimate":733.9313927129358,"standard_error":1.1267436108676308},"median":{"confidence_interval":{"confidence_level":0.95,"lower_bound":732.4303682147286,"upper_bound":732.7416802204003},"point_estimate":732.5668129225169,"standard_error":0.09123650730029022},"median_abs_dev":{"confidence_interval":{"confidence_level":0.95,"lower_bound":0.2776676744413986,"upper_bound":0.9701302810240044},"point_estimate":0.46898668291094675,"standard_error":0.19903499723817702},"slope":{"confidence_interval":{"confidence_level":0.95,"lower_bound":732.5970352590094,"upper_bound":733.2502777260073},"point_estimate":732.8982060681612,"standard_error":0.16708120440932372},"std_dev":{"confidence_interval":{"confidence_level":0.95,"lower_bound":0.7610468194413896,"upper_bound":13.571135764222564},"point_estimate":8.043629758348555,"standard_error":4.457717175627393}}