{"mean":{"confidence_interval":{"confidence_level":0.95,"lower_bound":631.1959775482142,"upper_bound":633.1182355391359},"point_estimate":632.0452365526464,"standard_error":0.494911094102993},"median":{"confidence_interval":{"confidence_level":0.95,"lower_bound":630.6874494173005,"upper_bound":631.2086461126005},"point_estimate":630.8441113740218,"standard_error":0.1512570906186135},"median_abs_dev":{"confidence_interval":{"confidence_level":0.95,"lower_bound":0.3620710525532017,"upper_bound":1.0085046482845716},"point_estimate":0.5959515296342291,"standard_error":0.16217360359694674},"slope":{"confidence_interval":{"confidence_level":0.95,"lower_bound":631.1606172088921,"upper_bound":633.0936617122057},"point_estimate":631.9776572018344,"standard_error":0.5026195746045855},"std_dev":{"confidence_interval":{"confidence_level":0.95,"lower_bound":1.0182584480100156,"upper_bound":4.991761842508953},"point_estimate":3.5348267547224426,"standard_error":0.9498762381141671}}