{"mean":{"confidence_interval":{"confidence_level":0.95,"lower_bound":7244.560501415386,"upper_bound":7271.895800008452},"point_estimate":7258.549001143506,"standard_error":6.964290719562639},"median":{"confidence_interval":{"confidence_level":0.95,"lower_bound":7243.309108219612,"upper_bound":7276.737834549878},"point_estimate":7264.847117771387,"standard_error":9.075104668836898},"median_abs_dev":{"confidence_interval":{"confidence_level":0.95,"lower_bound":48.176700790430495,"upper_bound":79.28212783430713},"point_estimate":64.20037120925294,"standard_error":8.12134040672899},"slope":{"confidence_interval":{"confidence_level":0.95,"lower_bound":7246.20682217049,"upper_bound":7271.4057724433505},"point_estimate":7258.912841408337,"standard_error":6.440208356779987},"std_dev":{"confidence_interval":{"confidence_level":0.95,"lower_bound":55.00508657444337,"upper_bound":86.46883000720851},"point_estimate":69.83301932973944,"standard_error":8.316222719619358}}