{"mean":{"confidence_interval":{"confidence_level":0.95,"lower_bound":116019.67524986166,"upper_bound":116903.94624704351},"point_estimate":116387.6230989154,"standard_error":230.11705587185142},"median":{"confidence_interval":{"confidence_level":0.95,"lower_bound":115743.86805555556,"upper_bound":116303.12121212122},"point_estimate":116036.94832104832,"standard_error":133.4282569234076},"median_abs_dev":{"confidence_interval":{"confidence_level":0.95,"lower_bound":688.5206556736707,"upper_bound":1112.2358578517137},"point_estimate":940.546513717829,"standard_error":107.86832151075677},"slope":{"confidence_interval":{"confidence_level":0.95,"lower_bound":115526.24489739885,"upper_bound":115873.34922112909},"point_estimate":115695.86173686026,"standard_error":88.5169848206679},"std_dev":{"confidence_interval":{"confidence_level":0.95,"lower_bound":933.5136562142725,"upper_bound":3669.202362248656},"point_estimate":2311.798684955465,"standard_error":871.6936269398135}}