{"mean":{"confidence_interval":{"confidence_level":0.95,"lower_bound":67537.91525095596,"upper_bound":68344.87982702248},"point_estimate":67875.46079972529,"standard_error":210.6712281183246},"median":{"confidence_interval":{"confidence_level":0.95,"lower_bound":67454.51028806584,"upper_bound":67509.3509170654},"point_estimate":67483.03383654832,"standard_error":14.449075995634296},"median_abs_dev":{"confidence_interval":{"confidence_level":0.95,"lower_bound":95.10064691982949,"upper_bound":162.61408166140708},"point_estimate":134.8369764950498,"standard_error":17.2724674351379},"slope":{"confidence_interval":{"confidence_level":0.95,"lower_bound":67545.41299067735,"upper_bound":68321.73790748647},"point_estimate":67879.00219989163,"standard_error":198.1386878097769},"std_dev":{"confidence_interval":{"confidence_level":0.95,"lower_bound":409.8731020965217,"upper_bound":3362.068714159711},"point_estimate":2126.3014929672618,"standard_error":791.6195672188745}}