{"mean":{"confidence_interval":{"confidence_level":0.95,"lower_bound":70072.18358395937,"upper_bound":70160.28392269425},"point_estimate":70109.20296597533,"standard_error":22.89316207927841},"median":{"confidence_interval":{"confidence_level":0.95,"lower_bound":70055.04182369504,"upper_bound":70094.3138888889},"point_estimate":70073.50024671052,"standard_error":10.80527649542501},"median_abs_dev":{"confidence_interval":{"confidence_level":0.95,"lower_bound":67.06745201813501,"upper_bound":112.2508913348399},"point_estimate":87.90347010606455,"standard_error":11.557587130650074},"slope":{"confidence_interval":{"confidence_level":0.95,"lower_bound":70083.82261355664,"upper_bound":70161.81677387544},"point_estimate":70119.07686557312,"standard_error":20.11928194291335},"std_dev":{"confidence_interval":{"confidence_level":0.95,"lower_bound":96.12367429043776,"upper_bound":362.3696573049047},"point_estimate":229.69429506763973,"standard_error":83.37690921848655}}