{"mean":{"confidence_interval":{"confidence_level":0.95,"lower_bound":70738.34647199027,"upper_bound":70964.38728197484},"point_estimate":70830.83064646715,"standard_error":59.13313235521797},"median":{"confidence_interval":{"confidence_level":0.95,"lower_bound":70686.21440719144,"upper_bound":70816.5073051948},"point_estimate":70748.3319727891,"standard_error":32.158869523374136},"median_abs_dev":{"confidence_interval":{"confidence_level":0.95,"lower_bound":187.5174631424718,"upper_bound":301.1494253012942},"point_estimate":231.6598068521366,"standard_error":29.91901696770876},"slope":{"confidence_interval":{"confidence_level":0.95,"lower_bound":70741.51861717223,"upper_bound":70854.3864084449},"point_estimate":70797.10721991176,"standard_error":28.828306355066232},"std_dev":{"confidence_interval":{"confidence_level":0.95,"lower_bound":224.03718960738217,"upper_bound":958.6561897207208},"point_estimate":596.9651737418377,"standard_error":237.2984905623497}}