{"mean":{"confidence_interval":{"confidence_level":0.95,"lower_bound":22194.61033134622,"upper_bound":22276.995280136907},"point_estimate":22229.558376735506,"standard_error":21.324453943781187},"median":{"confidence_interval":{"confidence_level":0.95,"lower_bound":22173.957615961255,"upper_bound":22193.732897603484},"point_estimate":22186.925932797363,"standard_error":4.740493944052562},"median_abs_dev":{"confidence_interval":{"confidence_level":0.95,"lower_bound":22.99624807700399,"upper_bound":39.3170500961399},"point_estimate":30.434286681907725,"standard_error":4.130686873792017},"slope":{"confidence_interval":{"confidence_level":0.95,"lower_bound":22194.63684701715,"upper_bound":22238.56128300477},"point_estimate":22213.59900221664,"standard_error":11.300255507627911},"std_dev":{"confidence_interval":{"confidence_level":0.95,"lower_bound":66.94444079535617,"upper_bound":333.6835908782634},"point_estimate":214.51547439950428,"standard_error":71.99831951610157}}