{"mean":{"confidence_interval":{"confidence_level":0.95,"lower_bound":24236.2876347381,"upper_bound":24362.609583443384},"point_estimate":24284.384555893415,"standard_error":33.65196641268677},"median":{"confidence_interval":{"confidence_level":0.95,"lower_bound":24225.4960419341,"upper_bound":24236.66414884007},"point_estimate":24231.237602505895,"standard_error":3.2479759441851694},"median_abs_dev":{"confidence_interval":{"confidence_level":0.95,"lower_bound":20.370896932023335,"upper_bound":35.93140585056358},"point_estimate":28.181955393979827,"standard_error":4.108152822697535},"slope":{"confidence_interval":{"confidence_level":0.95,"lower_bound":24233.146611797903,"upper_bound":24264.12888110296},"point_estimate":24245.175475171836,"standard_error":8.123763819431893},"std_dev":{"confidence_interval":{"confidence_level":0.95,"lower_bound":36.25000515241354,"upper_bound":561.030012369703},"point_estimate":337.26543926893504,"standard_error":156.58931646185613}}