{"mean":{"confidence_interval":{"confidence_level":0.95,"lower_bound":24162.25908607842,"upper_bound":24264.309698897647},"point_estimate":24199.43859868369,"standard_error":29.207316235583445},"median":{"confidence_interval":{"confidence_level":0.95,"lower_bound":24145.744756097563,"upper_bound":24168.612186593895},"point_estimate":24158.49123541888,"standard_error":6.38077911389357},"median_abs_dev":{"confidence_interval":{"confidence_level":0.95,"lower_bound":27.853345370507412,"upper_bound":51.937975380384586},"point_estimate":39.79902734220619,"standard_error":6.361955322540197},"slope":{"confidence_interval":{"confidence_level":0.95,"lower_bound":24165.345562636816,"upper_bound":24183.436082730077},"point_estimate":24174.036260979574,"standard_error":4.6214998690027045},"std_dev":{"confidence_interval":{"confidence_level":0.95,"lower_bound":40.742376380383185,"upper_bound":496.1644323907274},"point_estimate":292.9492946857855,"standard_error":156.20921006029553}}