{"mean":{"confidence_interval":{"confidence_level":0.95,"lower_bound":295.0453949020682,"upper_bound":295.23669328249196},"point_estimate":295.137509753081,"standard_error":0.04879311438618566},"median":{"confidence_interval":{"confidence_level":0.95,"lower_bound":294.9257930101662,"upper_bound":295.09264891009076},"point_estimate":295.02097179777047,"standard_error":0.04048824741763501},"median_abs_dev":{"confidence_interval":{"confidence_level":0.95,"lower_bound":0.22126638034056617,"upper_bound":0.4025803038789258},"point_estimate":0.30898822041699914,"standard_error":0.046888261733187206},"slope":{"confidence_interval":{"confidence_level":0.95,"lower_bound":294.977472079977,"upper_bound":295.11611654882523},"point_estimate":295.044108477785,"standard_error":0.03525221544672567},"std_dev":{"confidence_interval":{"confidence_level":0.95,"lower_bound":0.3851217046783245,"upper_bound":0.588989697890338},"point_estimate":0.49137820318992914,"standard_error":0.05230420861209765}}