{"mean":{"confidence_interval":{"confidence_level":0.95,"lower_bound":296.9891299174543,"upper_bound":297.17447211692274},"point_estimate":297.0808695752202,"standard_error":0.04724404323684191},"median":{"confidence_interval":{"confidence_level":0.95,"lower_bound":296.9265752835552,"upper_bound":297.1395205121871},"point_estimate":297.0695394254482,"standard_error":0.0629548834062689},"median_abs_dev":{"confidence_interval":{"confidence_level":0.95,"lower_bound":0.33182058967739697,"upper_bound":0.6338625681619474},"point_estimate":0.46195021540107234,"standard_error":0.07794354077436876},"slope":{"confidence_interval":{"confidence_level":0.95,"lower_bound":297.03571952328224,"upper_bound":297.22642983880706},"point_estimate":297.1305624608786,"standard_error":0.04882198521745048},"std_dev":{"confidence_interval":{"confidence_level":0.95,"lower_bound":0.4084948350689483,"upper_bound":0.5364048139564105},"point_estimate":0.4758007664341979,"standard_error":0.03256728720745126}}