{"mean":{"confidence_interval":{"confidence_level":0.95,"lower_bound":296.0188633918813,"upper_bound":296.13059362500167},"point_estimate":296.07322288050676,"standard_error":0.02848208146935529},"median":{"confidence_interval":{"confidence_level":0.95,"lower_bound":295.999653420974,"upper_bound":296.1346099496279},"point_estimate":296.08199746424276,"standard_error":0.03303460611877339},"median_abs_dev":{"confidence_interval":{"confidence_level":0.95,"lower_bound":0.20778981106405417,"upper_bound":0.3432478689249084},"point_estimate":0.2764836671180835,"standard_error":0.03489253573481295},"slope":{"confidence_interval":{"confidence_level":0.95,"lower_bound":296.1000669510439,"upper_bound":296.2393125611084},"point_estimate":296.1715070972424,"standard_error":0.035539076027333534},"std_dev":{"confidence_interval":{"confidence_level":0.95,"lower_bound":0.22588858749002286,"upper_bound":0.3522685808283015},"point_estimate":0.28507575766536547,"standard_error":0.03330937215509222}}