{"mean":{"confidence_interval":{"confidence_level":0.95,"lower_bound":101.21926084625439,"upper_bound":101.2383487118611},"point_estimate":101.22770636440028,"standard_error":0.0048929210991437875},"median":{"confidence_interval":{"confidence_level":0.95,"lower_bound":101.21702850592024,"upper_bound":101.22696184992105},"point_estimate":101.22120449849301,"standard_error":0.0026495823329007228},"median_abs_dev":{"confidence_interval":{"confidence_level":0.95,"lower_bound":0.01462195709638721,"upper_bound":0.023672261716697656},"point_estimate":0.018352607161568543,"standard_error":0.0022555748490884894},"slope":{"confidence_interval":{"confidence_level":0.95,"lower_bound":101.22247213729574,"upper_bound":101.23499376344218},"point_estimate":101.22806856835294,"standard_error":0.003195189222408114},"std_dev":{"confidence_interval":{"confidence_level":0.95,"lower_bound":0.025063395574768083,"upper_bound":0.07436237583650614},"point_estimate":0.04910459022811848,"standard_error":0.014739321365327459}}