{"mean":{"confidence_interval":{"confidence_level":0.95,"lower_bound":928.1493018872779,"upper_bound":934.3875375105526},"point_estimate":930.8907002477214,"standard_error":1.6081355387356115},"median":{"confidence_interval":{"confidence_level":0.95,"lower_bound":926.2636203292396,"upper_bound":927.2401241200757},"point_estimate":926.8860710451288,"standard_error":0.2837514203863576},"median_abs_dev":{"confidence_interval":{"confidence_level":0.95,"lower_bound":1.6495206124610438,"upper_bound":3.08760324146737},"point_estimate":2.4553884878025567,"standard_error":0.36976866829617777},"slope":{"confidence_interval":{"confidence_level":0.95,"lower_bound":928.3951591494209,"upper_bound":938.8823046048179},"point_estimate":933.0731986468813,"standard_error":2.700393017355504},"std_dev":{"confidence_interval":{"confidence_level":0.95,"lower_bound":5.516751873436342,"upper_bound":23.458853705046046},"point_estimate":16.18368042257859,"standard_error":4.351483371150956}}