{"mean":{"confidence_interval":{"confidence_level":0.95,"lower_bound":911.7386354405933,"upper_bound":914.2982348227174},"point_estimate":912.7651935624208,"standard_error":0.6726981445838259},"median":{"confidence_interval":{"confidence_level":0.95,"lower_bound":911.2818250873551,"upper_bound":912.1267393199652},"point_estimate":911.5838401523959,"standard_error":0.20846496913359483},"median_abs_dev":{"confidence_interval":{"confidence_level":0.95,"lower_bound":1.3506680826127497,"upper_bound":2.5092045236436555},"point_estimate":1.9520130617391351,"standard_error":0.2953021308285859},"slope":{"confidence_interval":{"confidence_level":0.95,"lower_bound":911.5388685182586,"upper_bound":912.8726183876937},"point_estimate":912.117578963784,"standard_error":0.3405360036247534},"std_dev":{"confidence_interval":{"confidence_level":0.95,"lower_bound":1.944339637683549,"upper_bound":11.04795678930417},"point_estimate":6.783122254499708,"standard_error":2.803866423363936}}