{"mean":{"confidence_interval":{"confidence_level":0.95,"lower_bound":795.5654361144333,"upper_bound":799.21010872076},"point_estimate":797.0416163042364,"standard_error":0.959323859020165},"median":{"confidence_interval":{"confidence_level":0.95,"lower_bound":795.1482857142857,"upper_bound":795.5208223935091},"point_estimate":795.2604695346795,"standard_error":0.10233165950462564},"median_abs_dev":{"confidence_interval":{"confidence_level":0.95,"lower_bound":0.4755700064423834,"upper_bound":0.9834621462796359},"point_estimate":0.7294083722268153,"standard_error":0.12593641078082096},"slope":{"confidence_interval":{"confidence_level":0.95,"lower_bound":795.5521898014867,"upper_bound":797.4569167859795},"point_estimate":796.3202763765332,"standard_error":0.4967391220977255},"std_dev":{"confidence_interval":{"confidence_level":0.95,"lower_bound":1.449585726889485,"upper_bound":15.478092544813208},"point_estimate":9.62919695032589,"standard_error":3.868183954655862}}