{"mean":{"confidence_interval":{"confidence_level":0.95,"lower_bound":31.522133311262206,"upper_bound":31.54159047645547},"point_estimate":31.531595161708907,"standard_error":0.004965816927572891},"median":{"confidence_interval":{"confidence_level":0.95,"lower_bound":31.51909163468162,"upper_bound":31.538597413582735},"point_estimate":31.526550082624745,"standard_error":0.0049076330884015385},"median_abs_dev":{"confidence_interval":{"confidence_level":0.95,"lower_bound":0.03324663386615272,"upper_bound":0.055362428792400616},"point_estimate":0.043054674451536205,"standard_error":0.005661250748350801},"slope":{"confidence_interval":{"confidence_level":0.95,"lower_bound":31.523116441848842,"upper_bound":31.54197317519248},"point_estimate":31.53264616106393,"standard_error":0.0048104178380990684},"std_dev":{"confidence_interval":{"confidence_level":0.95,"lower_bound":0.04023494906362904,"upper_bound":0.05923692964458617},"point_estimate":0.04988471797468468,"standard_error":0.004893158943054496}}