{"mean":{"confidence_interval":{"confidence_level":0.95,"lower_bound":31.55568129990348,"upper_bound":31.580457209743162},"point_estimate":31.567678042510302,"standard_error":0.00631484718834991},"median":{"confidence_interval":{"confidence_level":0.95,"lower_bound":31.53394399286966,"upper_bound":31.554978144372917},"point_estimate":31.539917167095453,"standard_error":0.005464983874096954},"median_abs_dev":{"confidence_interval":{"confidence_level":0.95,"lower_bound":0.025355451682335356,"upper_bound":0.0580761028762434},"point_estimate":0.03523483625305753,"standard_error":0.008553028631856995},"slope":{"confidence_interval":{"confidence_level":0.95,"lower_bound":31.539916936664223,"upper_bound":31.562644923318086},"point_estimate":31.550634148764466,"standard_error":0.005805248801323996},"std_dev":{"confidence_interval":{"confidence_level":0.95,"lower_bound":0.0532558271939719,"upper_bound":0.07165078923623278},"point_estimate":0.06325577165968428,"standard_error":0.004688220201747698}}