{"mean":{"confidence_interval":{"confidence_level":0.95,"lower_bound":1011.3225550404371,"upper_bound":1013.2465545087252},"point_estimate":1012.3028649691894,"standard_error":0.4901627796116189},"median":{"confidence_interval":{"confidence_level":0.95,"lower_bound":1011.3162651829255,"upper_bound":1013.6707310838445},"point_estimate":1012.5729640748959,"standard_error":0.5643345879361651},"median_abs_dev":{"confidence_interval":{"confidence_level":0.95,"lower_bound":3.182372071362635,"upper_bound":5.078852562293273},"point_estimate":4.064182531799944,"standard_error":0.47958093069590846},"slope":{"confidence_interval":{"confidence_level":0.95,"lower_bound":1011.9429927148533,"upper_bound":1013.5271832905703},"point_estimate":1012.7092948849871,"standard_error":0.40387141664678167},"std_dev":{"confidence_interval":{"confidence_level":0.95,"lower_bound":4.05073949928997,"upper_bound":5.728120511310495},"point_estimate":4.924612859380054,"standard_error":0.42830162832513047}}