{"mean":{"confidence_interval":{"confidence_level":0.95,"lower_bound":30.244846811018693,"upper_bound":30.343025031997726},"point_estimate":30.291844972042735,"standard_error":0.0250583465957556},"median":{"confidence_interval":{"confidence_level":0.95,"lower_bound":30.216030343021412,"upper_bound":30.323705408750985},"point_estimate":30.266241525306068,"standard_error":0.024686328201259364},"median_abs_dev":{"confidence_interval":{"confidence_level":0.95,"lower_bound":0.1316373278228027,"upper_bound":0.2370865413353349},"point_estimate":0.17053684509868897,"standard_error":0.027863015083555213},"slope":{"confidence_interval":{"confidence_level":0.95,"lower_bound":30.268829931644675,"upper_bound":30.35467473476943},"point_estimate":30.311845211747162,"standard_error":0.02193394418422863},"std_dev":{"confidence_interval":{"confidence_level":0.95,"lower_bound":0.18338382127214709,"upper_bound":0.33164543513286576},"point_estimate":0.25200006406200814,"standard_error":0.040282996582417976}}