{"mean":{"confidence_interval":{"confidence_level":0.95,"lower_bound":57.98951103691898,"upper_bound":58.04422880138928},"point_estimate":58.016697606333764,"standard_error":0.01400919465063105},"median":{"confidence_interval":{"confidence_level":0.95,"lower_bound":57.95733059444645,"upper_bound":58.047702184402624},"point_estimate":58.00570671830312,"standard_error":0.023194499759944726},"median_abs_dev":{"confidence_interval":{"confidence_level":0.95,"lower_bound":0.12656128348172216,"upper_bound":0.20231012204188323},"point_estimate":0.17140514797195183,"standard_error":0.018851139085633295},"slope":{"confidence_interval":{"confidence_level":0.95,"lower_bound":57.96444061291185,"upper_bound":58.0330222316055},"point_estimate":57.998040945099,"standard_error":0.017522220428139706},"std_dev":{"confidence_interval":{"confidence_level":0.95,"lower_bound":0.12453415976928625,"upper_bound":0.15460365859012815},"point_estimate":0.14046450866625212,"standard_error":0.007657630306305858}}