{"mean":{"confidence_interval":{"confidence_level":0.95,"lower_bound":58.927590437814075,"upper_bound":58.95489892203034},"point_estimate":58.94165011525325,"standard_error":0.006971666389839151},"median":{"confidence_interval":{"confidence_level":0.95,"lower_bound":58.942936323628494,"upper_bound":58.960198011316514},"point_estimate":58.95096925052493,"standard_error":0.004707110519096424},"median_abs_dev":{"confidence_interval":{"confidence_level":0.95,"lower_bound":0.03407381906071773,"upper_bound":0.06267677895701149},"point_estimate":0.044375111130810274,"standard_error":0.007495439859500791},"slope":{"confidence_interval":{"confidence_level":0.95,"lower_bound":58.932284858491535,"upper_bound":58.961083829261874},"point_estimate":58.947141702598444,"standard_error":0.007342959495009889},"std_dev":{"confidence_interval":{"confidence_level":0.95,"lower_bound":0.0549412322191408,"upper_bound":0.08443013364760826},"point_estimate":0.07001528875190774,"standard_error":0.007581170915985278}}