{"mean":{"confidence_interval":{"confidence_level":0.95,"lower_bound":58.10666863209683,"upper_bound":58.16307734489716},"point_estimate":58.1353183751602,"standard_error":0.014323176126263918},"median":{"confidence_interval":{"confidence_level":0.95,"lower_bound":58.08274736703892,"upper_bound":58.185267218658055},"point_estimate":58.11948090091299,"standard_error":0.024074635173582576},"median_abs_dev":{"confidence_interval":{"confidence_level":0.95,"lower_bound":0.1158342324138369,"upper_bound":0.1803843246767558},"point_estimate":0.1558558739883056,"standard_error":0.016033160056262225},"slope":{"confidence_interval":{"confidence_level":0.95,"lower_bound":58.114446749415,"upper_bound":58.17170611622221},"point_estimate":58.142635856499254,"standard_error":0.014581017719848544},"std_dev":{"confidence_interval":{"confidence_level":0.95,"lower_bound":0.11893091350308878,"upper_bound":0.17215721329985775},"point_estimate":0.1438806588774835,"standard_error":0.013914787767586019}}