{"mean":{"confidence_interval":{"confidence_level":0.95,"lower_bound":4906.973030748599,"upper_bound":4908.795269896351},"point_estimate":4907.767004156974,"standard_error":0.4719621102447837},"median":{"confidence_interval":{"confidence_level":0.95,"lower_bound":4906.626822916666,"upper_bound":4907.162462698939},"point_estimate":4906.870375,"standard_error":0.1621716723876807},"median_abs_dev":{"confidence_interval":{"confidence_level":0.95,"lower_bound":0.6054440170289521,"upper_bound":1.3347702635690941},"point_estimate":0.9142625230194995,"standard_error":0.18835841694312236},"slope":{"confidence_interval":{"confidence_level":0.95,"lower_bound":4906.887452332378,"upper_bound":4908.184187571302},"point_estimate":4907.451808920598,"standard_error":0.3327988187696321},"std_dev":{"confidence_interval":{"confidence_level":0.95,"lower_bound":1.310050885445875,"upper_bound":5.046638535927601},"point_estimate":3.37374867341705,"standard_error":1.0054800440324667}}