{"mean":{"confidence_interval":{"confidence_level":0.95,"lower_bound":4906.647492694075,"upper_bound":4907.484028094957},"point_estimate":4907.02990935525,"standard_error":0.2145872106177261},"median":{"confidence_interval":{"confidence_level":0.95,"lower_bound":4906.266472868217,"upper_bound":4906.829791666667},"point_estimate":4906.399484427609,"standard_error":0.14440539118559922},"median_abs_dev":{"confidence_interval":{"confidence_level":0.95,"lower_bound":0.34467446436674637,"upper_bound":1.0652366341679191},"point_estimate":0.6228035271380329,"standard_error":0.1735865204302762},"slope":{"confidence_interval":{"confidence_level":0.95,"lower_bound":4906.565245214829,"upper_bound":4907.610401294906},"point_estimate":4907.055608182877,"standard_error":0.2688304011143315},"std_dev":{"confidence_interval":{"confidence_level":0.95,"lower_bound":0.8390570755781871,"upper_bound":2.046318157338992},"point_estimate":1.5314288299189207,"standard_error":0.30464871990641046}}