{"mean":{"confidence_interval":{"confidence_level":0.95,"lower_bound":4906.793672443422,"upper_bound":4909.283093857093},"point_estimate":4907.73257896141,"standard_error":0.6753816122274704},"median":{"confidence_interval":{"confidence_level":0.95,"lower_bound":4906.591917735042,"upper_bound":4906.860267857143},"point_estimate":4906.712196969696,"standard_error":0.06237760508771911},"median_abs_dev":{"confidence_interval":{"confidence_level":0.95,"lower_bound":0.1992126716522684,"upper_bound":0.48260765474604334},"point_estimate":0.3101769385333761,"standard_error":0.07340706734210709},"slope":{"confidence_interval":{"confidence_level":0.95,"lower_bound":4906.640552146795,"upper_bound":4906.9398248208045},"point_estimate":4906.773117744127,"standard_error":0.07678159935686787},"std_dev":{"confidence_interval":{"confidence_level":0.95,"lower_bound":0.772073009810247,"upper_bound":7.970130501757292},"point_estimate":4.828751312874125,"standard_error":2.3133316830846073}}