{"mean":{"confidence_interval":{"confidence_level":0.95,"lower_bound":204337.55407269677,"upper_bound":204354.9755846814},"point_estimate":204345.40063271724,"standard_error":4.450016076263098},"median":{"confidence_interval":{"confidence_level":0.95,"lower_bound":204331.98701298703,"upper_bound":204344.8403508772},"point_estimate":204337.27500000002,"standard_error":3.18758064986235},"median_abs_dev":{"confidence_interval":{"confidence_level":0.95,"lower_bound":15.36608972719491,"upper_bound":24.534831826786856},"point_estimate":18.30928600824564,"standard_error":2.3839286880200494},"slope":{"confidence_interval":{"confidence_level":0.95,"lower_bound":204338.28841330105,"upper_bound":204363.5084623227},"point_estimate":204347.848426777,"standard_error":6.796683337345715},"std_dev":{"confidence_interval":{"confidence_level":0.95,"lower_bound":23.498418465692083,"upper_bound":64.67052844114039},"point_estimate":44.66229823632328,"standard_error":10.94698288834389}}