{"mean":{"confidence_interval":{"confidence_level":0.95,"lower_bound":8.049259336475501,"upper_bound":8.05707983851974},"point_estimate":8.05318391103485,"standard_error":0.0019974247274514904},"median":{"confidence_interval":{"confidence_level":0.95,"lower_bound":8.05062768178604,"upper_bound":8.061112424230233},"point_estimate":8.054695779598381,"standard_error":0.0026491561143661036},"median_abs_dev":{"confidence_interval":{"confidence_level":0.95,"lower_bound":0.017499140841798815,"upper_bound":0.02748767099184902},"point_estimate":0.023131708004886037,"standard_error":0.002547227115292526},"slope":{"confidence_interval":{"confidence_level":0.95,"lower_bound":8.04753810608525,"upper_bound":8.057342693763198},"point_estimate":8.052571488123743,"standard_error":0.0024988642121378853},"std_dev":{"confidence_interval":{"confidence_level":0.95,"lower_bound":0.017749999733154886,"upper_bound":0.02230408015599286},"point_estimate":0.020154275822090107,"standard_error":0.0011576405961588288}}