{"mean":{"confidence_interval":{"confidence_level":0.95,"lower_bound":8.157902851764813,"upper_bound":8.163045097180477},"point_estimate":8.160517881948852,"standard_error":0.001310701464545667},"median":{"confidence_interval":{"confidence_level":0.95,"lower_bound":8.159854458864997,"upper_bound":8.167035974342557},"point_estimate":8.163378581289646,"standard_error":0.0019356699254482084},"median_abs_dev":{"confidence_interval":{"confidence_level":0.95,"lower_bound":0.008482585838533938,"upper_bound":0.016074493332614487},"point_estimate":0.012997124522853535,"standard_error":0.0020935004099376145},"slope":{"confidence_interval":{"confidence_level":0.95,"lower_bound":8.156331450491455,"upper_bound":8.163194151592696},"point_estimate":8.159807344613718,"standard_error":0.0017468615490054723},"std_dev":{"confidence_interval":{"confidence_level":0.95,"lower_bound":0.011532860632750797,"upper_bound":0.014532502566816857},"point_estimate":0.013148835591767367,"standard_error":0.0007658025008874136}}