{"mean":{"confidence_interval":{"confidence_level":0.95,"lower_bound":8.228147509992072,"upper_bound":8.255037230224897},"point_estimate":8.241554311697856,"standard_error":0.006847352394000055},"median":{"confidence_interval":{"confidence_level":0.95,"lower_bound":8.224467864830574,"upper_bound":8.26586795069921},"point_estimate":8.247752071726225,"standard_error":0.011082550234465752},"median_abs_dev":{"confidence_interval":{"confidence_level":0.95,"lower_bound":0.0519036965043115,"upper_bound":0.07798912453850576},"point_estimate":0.061704532093479696,"standard_error":0.006790524996488415},"slope":{"confidence_interval":{"confidence_level":0.95,"lower_bound":8.212691166970352,"upper_bound":8.254093629155289},"point_estimate":8.233908722148033,"standard_error":0.010576377269353916},"std_dev":{"confidence_interval":{"confidence_level":0.95,"lower_bound":0.05677193793948043,"upper_bound":0.07981553320423418},"point_estimate":0.06861425632763878,"standard_error":0.0058775507550047415}}