{"mean":{"confidence_interval":{"confidence_level":0.95,"lower_bound":8.15896080519555,"upper_bound":8.16527023451911},"point_estimate":8.161931901899726,"standard_error":0.0016069406242981952},"median":{"confidence_interval":{"confidence_level":0.95,"lower_bound":8.157172117747502,"upper_bound":8.1624240485683},"point_estimate":8.158751076194054,"standard_error":0.001534505757642222},"median_abs_dev":{"confidence_interval":{"confidence_level":0.95,"lower_bound":0.007631452603173651,"upper_bound":0.01561903355422708},"point_estimate":0.01197898709194185,"standard_error":0.0020321763352878068},"slope":{"confidence_interval":{"confidence_level":0.95,"lower_bound":8.159809010033072,"upper_bound":8.164289143159062},"point_estimate":8.162010910393889,"standard_error":0.0011423791213131351},"std_dev":{"confidence_interval":{"confidence_level":0.95,"lower_bound":0.01116234385083825,"upper_bound":0.022148760005905717},"point_estimate":0.016212485787743456,"standard_error":0.003108382746674811}}