{"mean":{"confidence_interval":{"confidence_level":0.95,"lower_bound":18246.970431559697,"upper_bound":18256.383428433568},"point_estimate":18251.589269313838,"standard_error":2.405975573645017},"median":{"confidence_interval":{"confidence_level":0.95,"lower_bound":18243.235029970027,"upper_bound":18254.14840714841},"point_estimate":18246.84359372918,"standard_error":3.1899866924995415},"median_abs_dev":{"confidence_interval":{"confidence_level":0.95,"lower_bound":15.232345630050826,"upper_bound":25.585649259271836},"point_estimate":21.16773376561287,"standard_error":2.786759840953007},"slope":{"confidence_interval":{"confidence_level":0.95,"lower_bound":18243.243828302937,"upper_bound":18255.685602911442},"point_estimate":18249.056442414392,"standard_error":3.1852914689967062},"std_dev":{"confidence_interval":{"confidence_level":0.95,"lower_bound":19.5627326340268,"upper_bound":28.430772394129487},"point_estimate":24.15459296578529,"standard_error":2.2745030377033433}}