{"mean":{"confidence_interval":{"confidence_level":0.95,"lower_bound":17970.834321305127,"upper_bound":17980.214368523095},"point_estimate":17975.470615717484,"standard_error":2.388692865094144},"median":{"confidence_interval":{"confidence_level":0.95,"lower_bound":17968.413647030935,"upper_bound":17977.452690166974},"point_estimate":17972.53681777992,"standard_error":2.5691824150305176},"median_abs_dev":{"confidence_interval":{"confidence_level":0.95,"lower_bound":13.908466168170337,"upper_bound":26.784862826367565},"point_estimate":20.209785069022626,"standard_error":3.36222963156158},"slope":{"confidence_interval":{"confidence_level":0.95,"lower_bound":17976.101567159054,"upper_bound":17987.721477227537},"point_estimate":17981.776671171596,"standard_error":2.981775569249843},"std_dev":{"confidence_interval":{"confidence_level":0.95,"lower_bound":20.3904459920922,"upper_bound":27.278945532014255},"point_estimate":24.082728711402726,"standard_error":1.7609032952911559}}