{"mean":{"confidence_interval":{"confidence_level":0.95,"lower_bound":216.44280004033294,"upper_bound":216.6334114667406},"point_estimate":216.54008765907128,"standard_error":0.04863281235077834},"median":{"confidence_interval":{"confidence_level":0.95,"lower_bound":216.5231136209548,"upper_bound":216.8237236519445},"point_estimate":216.69295878959844,"standard_error":0.06572161901981131},"median_abs_dev":{"confidence_interval":{"confidence_level":0.95,"lower_bound":0.300971963713606,"upper_bound":0.6252995335022227},"point_estimate":0.4206024693589972,"standard_error":0.07618498030507928},"slope":{"confidence_interval":{"confidence_level":0.95,"lower_bound":216.60652126475722,"upper_bound":216.75663398367362},"point_estimate":216.68541801172805,"standard_error":0.0382398507195049},"std_dev":{"confidence_interval":{"confidence_level":0.95,"lower_bound":0.42685689756591766,"upper_bound":0.5395834128846747},"point_estimate":0.48980813755646957,"standard_error":0.028674663137719027}}