{"mean":{"confidence_interval":{"confidence_level":0.95,"lower_bound":8246.219643445052,"upper_bound":8247.430367988469},"point_estimate":8246.783324897096,"standard_error":0.3101498425998454},"median":{"confidence_interval":{"confidence_level":0.95,"lower_bound":8245.93844400114,"upper_bound":8246.44584602001},"point_estimate":8246.187739395828,"standard_error":0.12758226521745775},"median_abs_dev":{"confidence_interval":{"confidence_level":0.95,"lower_bound":1.5436155485248326,"upper_bound":2.085437182268788},"point_estimate":1.8683910412092952,"standard_error":0.13467764000394788},"slope":{"confidence_interval":{"confidence_level":0.95,"lower_bound":8246.40005475615,"upper_bound":8247.155441707799},"point_estimate":8246.771888247169,"standard_error":0.19330207397736276},"std_dev":{"confidence_interval":{"confidence_level":0.95,"lower_bound":1.9853106507632932,"upper_bound":4.104931068977969},"point_estimate":3.1081116230871118,"standard_error":0.5435702606115477}}