{"mean":{"confidence_interval":{"confidence_level":0.95,"lower_bound":22353.772608030184,"upper_bound":22396.923621566297},"point_estimate":22374.91081886562,"standard_error":11.007400097317998},"median":{"confidence_interval":{"confidence_level":0.95,"lower_bound":22330.32284301347,"upper_bound":22380.367926225823},"point_estimate":22349.332228342173,"standard_error":16.27035410812961},"median_abs_dev":{"confidence_interval":{"confidence_level":0.95,"lower_bound":69.83739490048971,"upper_bound":126.38305611501099},"point_estimate":98.07381766919679,"standard_error":14.542528564344154},"slope":{"confidence_interval":{"confidence_level":0.95,"lower_bound":22331.62758098841,"upper_bound":22375.13109892382},"point_estimate":22352.450273122835,"standard_error":11.112870533534048},"std_dev":{"confidence_interval":{"confidence_level":0.95,"lower_bound":93.32365060718142,"upper_bound":124.91971990969076},"point_estimate":110.37377674134473,"standard_error":8.084515716650422}}