{"mean":{"confidence_interval":{"confidence_level":0.95,"lower_bound":339.5779187050932,"upper_bound":340.0524131833417},"point_estimate":339.8358469242812,"standard_error":0.12139540291586458},"median":{"confidence_interval":{"confidence_level":0.95,"lower_bound":339.88475672746364,"upper_bound":340.1526336178428},"point_estimate":340.05080227167116,"standard_error":0.07297931895669137},"median_abs_dev":{"confidence_interval":{"confidence_level":0.95,"lower_bound":0.4722890638412193,"upper_bound":0.8290364694434713},"point_estimate":0.6579709206346978,"standard_error":0.09381434498758533},"slope":{"confidence_interval":{"confidence_level":0.95,"lower_bound":339.8540634368204,"upper_bound":340.12822892761204},"point_estimate":339.99348558211267,"standard_error":0.06968469727789428},"std_dev":{"confidence_interval":{"confidence_level":0.95,"lower_bound":0.6831763117704447,"upper_bound":1.742992498954519},"point_estimate":1.2235911377434423,"standard_error":0.2797878869287903}}