{"mean":{"confidence_interval":{"confidence_level":0.95,"lower_bound":324.9690026749423,"upper_bound":325.33046268812126},"point_estimate":325.1477766345211,"standard_error":0.0921015493308739},"median":{"confidence_interval":{"confidence_level":0.95,"lower_bound":324.9720429480451,"upper_bound":325.23721497025775},"point_estimate":325.05846331791145,"standard_error":0.07724552645240523},"median_abs_dev":{"confidence_interval":{"confidence_level":0.95,"lower_bound":0.6618877411926456,"upper_bound":1.1420235789383706},"point_estimate":0.9440314199764965,"standard_error":0.12047167767925891},"slope":{"confidence_interval":{"confidence_level":0.95,"lower_bound":325.028748881231,"upper_bound":325.3827329181924},"point_estimate":325.20234674103193,"standard_error":0.09050628083958481},"std_dev":{"confidence_interval":{"confidence_level":0.95,"lower_bound":0.7817383974026365,"upper_bound":1.0653928307451785},"point_estimate":0.9276185492084492,"standard_error":0.07255835690583175}}