{"mean":{"confidence_interval":{"confidence_level":0.95,"lower_bound":333.0479648453174,"upper_bound":333.55278163237324},"point_estimate":333.30128921770427,"standard_error":0.12876883300299982},"median":{"confidence_interval":{"confidence_level":0.95,"lower_bound":333.09340234911133,"upper_bound":333.55959907351695},"point_estimate":333.29732112522777,"standard_error":0.10691889807539749},"median_abs_dev":{"confidence_interval":{"confidence_level":0.95,"lower_bound":0.719507377055419,"upper_bound":1.2713367810910312},"point_estimate":0.9736240721795368,"standard_error":0.14972751688287753},"slope":{"confidence_interval":{"confidence_level":0.95,"lower_bound":333.27881437832826,"upper_bound":333.6974343497201},"point_estimate":333.48862766962486,"standard_error":0.10708596713170236},"std_dev":{"confidence_interval":{"confidence_level":0.95,"lower_bound":1.0416237471794305,"upper_bound":1.5304210632806432},"point_estimate":1.2959118457416836,"standard_error":0.12489291479108204}}