{"mean":{"confidence_interval":{"confidence_level":0.95,"lower_bound":335.3143011016992,"upper_bound":335.6152491151977},"point_estimate":335.46773751026046,"standard_error":0.07648180033703365},"median":{"confidence_interval":{"confidence_level":0.95,"lower_bound":335.4183364385566,"upper_bound":335.64126586071745},"point_estimate":335.501260559954,"standard_error":0.0551190002293317},"median_abs_dev":{"confidence_interval":{"confidence_level":0.95,"lower_bound":0.38560834064954164,"upper_bound":0.6508680731732516},"point_estimate":0.4795102021885771,"standard_error":0.07124851330674808},"slope":{"confidence_interval":{"confidence_level":0.95,"lower_bound":335.34490622813996,"upper_bound":335.5289968488385},"point_estimate":335.4365608988588,"standard_error":0.046829776615575365},"std_dev":{"confidence_interval":{"confidence_level":0.95,"lower_bound":0.5624982495060415,"upper_bound":0.9736270604106682},"point_estimate":0.7688060127186104,"standard_error":0.1062500509526578}}