{"mean":{"confidence_interval":{"confidence_level":0.95,"lower_bound":341.8799294109806,"upper_bound":342.0549461747399},"point_estimate":341.9694638256404,"standard_error":0.04469105729130033},"median":{"confidence_interval":{"confidence_level":0.95,"lower_bound":341.98293460803836,"upper_bound":342.13039419087136},"point_estimate":342.06045622197075,"standard_error":0.03774527879676256},"median_abs_dev":{"confidence_interval":{"confidence_level":0.95,"lower_bound":0.3209834956117937,"upper_bound":0.5008661199440027},"point_estimate":0.4241404778566079,"standard_error":0.04636401428058291},"slope":{"confidence_interval":{"confidence_level":0.95,"lower_bound":342.0674275585557,"upper_bound":342.18167694981423},"point_estimate":342.12641580009245,"standard_error":0.029085098837855324},"std_dev":{"confidence_interval":{"confidence_level":0.95,"lower_bound":0.3754604741750111,"upper_bound":0.5193876066454101},"point_estimate":0.4509699713028737,"standard_error":0.036758905216980366}}