{"mean":{"confidence_interval":{"confidence_level":0.95,"lower_bound":136899.94156524198,"upper_bound":136913.4573340641},"point_estimate":136906.16732831352,"standard_error":3.4527859468729343},"median":{"confidence_interval":{"confidence_level":0.95,"lower_bound":136893.13402061857,"upper_bound":136901.55319148937},"point_estimate":136896.90546383648,"standard_error":1.986499136265325},"median_abs_dev":{"confidence_interval":{"confidence_level":0.95,"lower_bound":10.010468617160784,"upper_bound":19.122995245841935},"point_estimate":13.25420482365442,"standard_error":2.4772886765489095},"slope":{"confidence_interval":{"confidence_level":0.95,"lower_bound":136900.49803223275,"upper_bound":136914.3004795411},"point_estimate":136906.77907048914,"standard_error":3.531827168651496},"std_dev":{"confidence_interval":{"confidence_level":0.95,"lower_bound":20.95724271160456,"upper_bound":48.04182744041322},"point_estimate":34.742650829259055,"standard_error":7.118807773521434}}