{"mean":{"confidence_interval":{"confidence_level":0.95,"lower_bound":19902.866812707547,"upper_bound":19930.258763335452},"point_estimate":19916.609814658495,"standard_error":6.971773722104245},"median":{"confidence_interval":{"confidence_level":0.95,"lower_bound":19914.74382352941,"upper_bound":19940.902222222223},"point_estimate":19929.683751484914,"standard_error":6.127118403906307},"median_abs_dev":{"confidence_interval":{"confidence_level":0.95,"lower_bound":41.313367198007995,"upper_bound":76.45785845649672},"point_estimate":60.73744587322858,"standard_error":9.024278109326408},"slope":{"confidence_interval":{"confidence_level":0.95,"lower_bound":19903.486371935494,"upper_bound":19935.942138629023},"point_estimate":19920.45959686715,"standard_error":8.297113179506331},"std_dev":{"confidence_interval":{"confidence_level":0.95,"lower_bound":57.830972288589095,"upper_bound":82.49235458070444},"point_estimate":70.29431939539484,"standard_error":6.317367204913552}}