{"mean":{"confidence_interval":{"confidence_level":0.95,"lower_bound":21579.140590523464,"upper_bound":21609.263723741664},"point_estimate":21593.920695673023,"standard_error":7.665332964727194},"median":{"confidence_interval":{"confidence_level":0.95,"lower_bound":21567.942125841062,"upper_bound":21600.311085762405},"point_estimate":21580.48461696976,"standard_error":8.415629991470455},"median_abs_dev":{"confidence_interval":{"confidence_level":0.95,"lower_bound":50.25887244016271,"upper_bound":87.1772153665143},"point_estimate":65.5599701117771,"standard_error":9.508461720679485},"slope":{"confidence_interval":{"confidence_level":0.95,"lower_bound":21575.87437236628,"upper_bound":21617.99906390666},"point_estimate":21597.46027731576,"standard_error":10.758323849954133},"std_dev":{"confidence_interval":{"confidence_level":0.95,"lower_bound":64.24337222576092,"upper_bound":88.51851512148437},"point_estimate":76.98489974629308,"standard_error":6.210145087013606}}