{"mean":{"confidence_interval":{"confidence_level":0.95,"lower_bound":21825.481932167568,"upper_bound":21861.903960690302},"point_estimate":21843.676384715447,"standard_error":9.280351936026378},"median":{"confidence_interval":{"confidence_level":0.95,"lower_bound":21834.236784897024,"upper_bound":21867.50613154961},"point_estimate":21844.56711498399,"standard_error":7.611375700406377},"median_abs_dev":{"confidence_interval":{"confidence_level":0.95,"lower_bound":59.28561809860937,"upper_bound":108.41654293824851},"point_estimate":76.45101897725112,"standard_error":11.940014785070547},"slope":{"confidence_interval":{"confidence_level":0.95,"lower_bound":21851.075202223823,"upper_bound":21879.46667833257},"point_estimate":21865.184369028728,"standard_error":7.231980976547356},"std_dev":{"confidence_interval":{"confidence_level":0.95,"lower_bound":78.63618308198966,"upper_bound":106.31393209956049},"point_estimate":93.16459778532199,"standard_error":7.072361623878104}}