{"mean":{"confidence_interval":{"confidence_level":0.95,"lower_bound":22972.104697912895,"upper_bound":23042.021778811944},"point_estimate":23007.279929594366,"standard_error":17.822597065831566},"median":{"confidence_interval":{"confidence_level":0.95,"lower_bound":22950.18538128538,"upper_bound":23072.237012987014},"point_estimate":23019.161057692305,"standard_error":35.95886866888174},"median_abs_dev":{"confidence_interval":{"confidence_level":0.95,"lower_bound":174.10415719611296,"upper_bound":264.0024719688663},"point_estimate":226.56000319224697,"standard_error":22.636180276465268},"slope":{"confidence_interval":{"confidence_level":0.95,"lower_bound":22922.35746417435,"upper_bound":23008.05028773574},"point_estimate":22966.016924379004,"standard_error":21.843438359473627},"std_dev":{"confidence_interval":{"confidence_level":0.95,"lower_bound":160.52212685686075,"upper_bound":195.7005351030997},"point_estimate":179.3615762143845,"standard_error":8.969981757846776}}