{"mean":{"confidence_interval":{"confidence_level":0.95,"lower_bound":22506.01651296312,"upper_bound":22556.69950312672},"point_estimate":22531.14961561861,"standard_error":12.946868763079573},"median":{"confidence_interval":{"confidence_level":0.95,"lower_bound":22518.322076023393,"upper_bound":22553.38412698413},"point_estimate":22533.957407407408,"standard_error":9.561561892986019},"median_abs_dev":{"confidence_interval":{"confidence_level":0.95,"lower_bound":76.12386031519864,"upper_bound":152.98209170592816},"point_estimate":109.688696212572,"standard_error":19.91945475834137},"slope":{"confidence_interval":{"confidence_level":0.95,"lower_bound":22526.659649116864,"upper_bound":22591.30046607066},"point_estimate":22560.099664515707,"standard_error":16.440040635177546},"std_dev":{"confidence_interval":{"confidence_level":0.95,"lower_bound":109.83866641288799,"upper_bound":148.59321573567564},"point_estimate":130.20443193410696,"standard_error":9.913243212396557}}