{"mean":{"confidence_interval":{"confidence_level":0.95,"lower_bound":136770.7665296051,"upper_bound":138314.97934993668},"point_estimate":137545.76764471398,"standard_error":394.5048388273844},"median":{"confidence_interval":{"confidence_level":0.95,"lower_bound":136285.05752161163,"upper_bound":138700.10503472225},"point_estimate":137571.54320661022,"standard_error":639.3123806616962},"median_abs_dev":{"confidence_interval":{"confidence_level":0.95,"lower_bound":4029.2743889585486,"upper_bound":6095.461113966749},"point_estimate":5309.154578896313,"standard_error":531.6929865860815},"slope":{"confidence_interval":{"confidence_level":0.95,"lower_bound":135926.96206037534,"upper_bound":137665.91043153053},"point_estimate":136818.99275639132,"standard_error":443.8765024923509},"std_dev":{"confidence_interval":{"confidence_level":0.95,"lower_bound":3569.335403308846,"upper_bound":4292.6299911694},"point_estimate":3960.0408254878794,"standard_error":184.45246989911766}}