{"mean":{"confidence_interval":{"confidence_level":0.95,"lower_bound":2050088.7116199993,"upper_bound":2050352.2925400008},"point_estimate":2050204.2391999995,"standard_error":68.03676660759004},"median":{"confidence_interval":{"confidence_level":0.95,"lower_bound":2049999.92,"upper_bound":2050113.8599999999},"point_estimate":2050050.8399999999,"standard_error":36.031837165212636},"median_abs_dev":{"confidence_interval":{"confidence_level":0.95,"lower_bound":192.91590857522368,"upper_bound":338.2700099943869},"point_estimate":258.1503074167364,"standard_error":37.59810048528712},"slope":null,"std_dev":{"confidence_interval":{"confidence_level":0.95,"lower_bound":307.02782467258595,"upper_bound":1029.1510888921043},"point_estimate":683.488887376403,"standard_error":195.32185927663892}}