{"mean":{"confidence_interval":{"confidence_level":0.95,"lower_bound":2068338.1714000013,"upper_bound":2068568.0206400007},"point_estimate":2068446.5628,"standard_error":58.48819102063768},"median":{"confidence_interval":{"confidence_level":0.95,"lower_bound":2068224.96,"upper_bound":2068331.3599999999},"point_estimate":2068265.16,"standard_error":23.393477135486627},"median_abs_dev":{"confidence_interval":{"confidence_level":0.95,"lower_bound":183.0981315493645,"upper_bound":306.00863456712267},"point_estimate":243.82839167129808,"standard_error":31.181265187962058},"slope":null,"std_dev":{"confidence_interval":{"confidence_level":0.95,"lower_bound":409.52305679592615,"upper_bound":753.1749473067516},"point_estimate":591.2726590922852,"standard_error":87.9058134003662}}