{"mean":{"confidence_interval":{"confidence_level":0.95,"lower_bound":87198.6918521099,"upper_bound":87896.51336909062},"point_estimate":87523.04687101662,"standard_error":177.98314111409582},"median":{"confidence_interval":{"confidence_level":0.95,"lower_bound":86358.07291666667,"upper_bound":88321.55892255892},"point_estimate":87675.61596385542,"standard_error":788.3552406647611},"median_abs_dev":{"confidence_interval":{"confidence_level":0.95,"lower_bound":457.2507415914117,"upper_bound":2519.478500540462},"point_estimate":1818.3778207293972,"standard_error":571.8887114545452},"slope":{"confidence_interval":{"confidence_level":0.95,"lower_bound":88098.93952344623,"upper_bound":88551.95632443315},"point_estimate":88309.97247056795,"standard_error":115.1676437606807},"std_dev":{"confidence_interval":{"confidence_level":0.95,"lower_bound":1139.9614583843984,"upper_bound":2467.0761326678257},"point_estimate":1789.7977626955349,"standard_error":351.51575507629053}}