{"mean":{"confidence_interval":{"confidence_level":0.95,"lower_bound":89252.93725626846,"upper_bound":89348.58318838628},"point_estimate":89299.44403550263,"standard_error":24.4470234089205},"median":{"confidence_interval":{"confidence_level":0.95,"lower_bound":89215.87238117574,"upper_bound":89334.239009009},"point_estimate":89277.273989899,"standard_error":34.24093012989729},"median_abs_dev":{"confidence_interval":{"confidence_level":0.95,"lower_bound":173.44805118204943,"upper_bound":263.2192236167846},"point_estimate":219.96750166913037,"standard_error":23.04621884850115},"slope":{"confidence_interval":{"confidence_level":0.95,"lower_bound":89223.37207560873,"upper_bound":89337.68145516342},"point_estimate":89278.52644672676,"standard_error":29.21663818501228},"std_dev":{"confidence_interval":{"confidence_level":0.95,"lower_bound":193.87686298273917,"upper_bound":294.006304849593},"point_estimate":244.29248068737468,"standard_error":25.84576724464616}}