{"mean":{"confidence_interval":{"confidence_level":0.95,"lower_bound":87596.1142329249,"upper_bound":87950.1983719516},"point_estimate":87753.95817788591,"standard_error":91.01045229069862},"median":{"confidence_interval":{"confidence_level":0.95,"lower_bound":87576.2199074074,"upper_bound":87680.40641996892},"point_estimate":87621.47774621213,"standard_error":24.78823335934304},"median_abs_dev":{"confidence_interval":{"confidence_level":0.95,"lower_bound":159.10842173777974,"upper_bound":321.8426371484306},"point_estimate":269.5945532400845,"standard_error":41.99280729348256},"slope":{"confidence_interval":{"confidence_level":0.95,"lower_bound":87317.29102176274,"upper_bound":87480.71016323203},"point_estimate":87394.58994975618,"standard_error":41.80428826241425},"std_dev":{"confidence_interval":{"confidence_level":0.95,"lower_bound":374.650559744929,"upper_bound":1284.4987514418501},"point_estimate":911.0317002398817,"standard_error":219.09527881488444}}