{"mean":{"confidence_interval":{"confidence_level":0.95,"lower_bound":7.132585614353698,"upper_bound":7.135310850628546},"point_estimate":7.1339387239374465,"standard_error":0.000694414660414275},"median":{"confidence_interval":{"confidence_level":0.95,"lower_bound":7.13354989508526,"upper_bound":7.13584959345979},"point_estimate":7.1346614822226115,"standard_error":0.0005258639494006542},"median_abs_dev":{"confidence_interval":{"confidence_level":0.95,"lower_bound":0.003199687363258502,"upper_bound":0.006722944213359904},"point_estimate":0.004463538014297205,"standard_error":0.0009191657426179777},"slope":{"confidence_interval":{"confidence_level":0.95,"lower_bound":7.132248659760399,"upper_bound":7.134470264253244},"point_estimate":7.133365237400493,"standard_error":0.0005669745284980489},"std_dev":{"confidence_interval":{"confidence_level":0.95,"lower_bound":0.005555147150693507,"upper_bound":0.008315978297770123},"point_estimate":0.006976539363083581,"standard_error":0.0007067649607613767}}