{"mean":{"confidence_interval":{"confidence_level":0.95,"lower_bound":7.170192314017679,"upper_bound":7.171594198594409},"point_estimate":7.170876664627713,"standard_error":0.0003582516749632766},"median":{"confidence_interval":{"confidence_level":0.95,"lower_bound":7.170341481959375,"upper_bound":7.171313307661874},"point_estimate":7.170886560073791,"standard_error":0.0002434258639692353},"median_abs_dev":{"confidence_interval":{"confidence_level":0.95,"lower_bound":0.001880480234691034,"upper_bound":0.0034196749419034963},"point_estimate":0.0024679729003173685,"standard_error":0.0003761332315621108},"slope":{"confidence_interval":{"confidence_level":0.95,"lower_bound":7.169945869556509,"upper_bound":7.1716603462190225},"point_estimate":7.1707828288205215,"standard_error":0.0004368168892600789},"std_dev":{"confidence_interval":{"confidence_level":0.95,"lower_bound":0.002828854599301602,"upper_bound":0.0043835908849924506},"point_estimate":0.0036059050043784203,"standard_error":0.00040105147439407164}}