{"mean":{"confidence_interval":{"confidence_level":0.95,"lower_bound":5401.638989607716,"upper_bound":5420.065882776048},"point_estimate":5408.577330265711,"standard_error":5.008416049627502},"median":{"confidence_interval":{"confidence_level":0.95,"lower_bound":5398.753891372744,"upper_bound":5402.7751593806925},"point_estimate":5400.183499477756,"standard_error":1.143171598753183},"median_abs_dev":{"confidence_interval":{"confidence_level":0.95,"lower_bound":4.3252767713061315,"upper_bound":7.574048881926322},"point_estimate":5.920104856833906,"standard_error":0.8224017883437196},"slope":{"confidence_interval":{"confidence_level":0.95,"lower_bound":5399.564595984284,"upper_bound":5403.043865430879},"point_estimate":5401.219807374425,"standard_error":0.8911030493255381},"std_dev":{"confidence_interval":{"confidence_level":0.95,"lower_bound":7.644732241816443,"upper_bound":84.43266726755222},"point_estimate":50.46855182175801,"standard_error":24.49968643488693}}