{"mean":{"confidence_interval":{"confidence_level":0.95,"lower_bound":5337.920049454394,"upper_bound":5359.218839835437},"point_estimate":5346.022649976038,"standard_error":5.7764725562264765},"median":{"confidence_interval":{"confidence_level":0.95,"lower_bound":5335.972748845044,"upper_bound":5344.3151212981975},"point_estimate":5340.426542833626,"standard_error":1.9309300163450271},"median_abs_dev":{"confidence_interval":{"confidence_level":0.95,"lower_bound":10.635344163597102,"upper_bound":16.469253942666143},"point_estimate":13.93366657879203,"standard_error":1.4275689764415198},"slope":{"confidence_interval":{"confidence_level":0.95,"lower_bound":5333.86336374166,"upper_bound":5338.998964859093},"point_estimate":5336.365451550932,"standard_error":1.3092934336942017},"std_dev":{"confidence_interval":{"confidence_level":0.95,"lower_bound":12.462144121954923,"upper_bound":96.81272877116263},"point_estimate":57.986035098573446,"standard_error":27.798290462270295}}