{"mean":{"confidence_interval":{"confidence_level":0.95,"lower_bound":1272.3429155166052,"upper_bound":1272.881062533743},"point_estimate":1272.5524617770595,"standard_error":0.14354685977206397},"median":{"confidence_interval":{"confidence_level":0.95,"lower_bound":1272.2242257075898,"upper_bound":1272.4390097874473},"point_estimate":1272.277913128079,"standard_error":0.059329451890300894},"median_abs_dev":{"confidence_interval":{"confidence_level":0.95,"lower_bound":0.12449549941226075,"upper_bound":0.41365836152771607},"point_estimate":0.2649968032037435,"standard_error":0.06902900547165998},"slope":{"confidence_interval":{"confidence_level":0.95,"lower_bound":1272.336750769718,"upper_bound":1272.6697770346482},"point_estimate":1272.490350804304,"standard_error":0.0857929043323066},"std_dev":{"confidence_interval":{"confidence_level":0.95,"lower_bound":0.29213928602628203,"upper_bound":1.670395801048505},"point_estimate":1.0227489108088752,"standard_error":0.4577107511010861}}