{"mean":{"confidence_interval":{"confidence_level":0.95,"lower_bound":1269.115373546636,"upper_bound":1269.6739623511614},"point_estimate":1269.363484474433,"standard_error":0.14430699412606418},"median":{"confidence_interval":{"confidence_level":0.95,"lower_bound":1269.0155718136311,"upper_bound":1269.1755360886493},"point_estimate":1269.0610305271737,"standard_error":0.04135830197277894},"median_abs_dev":{"confidence_interval":{"confidence_level":0.95,"lower_bound":0.14132654466071717,"upper_bound":0.3544910647312186},"point_estimate":0.22214978171102265,"standard_error":0.05372221402718756},"slope":{"confidence_interval":{"confidence_level":0.95,"lower_bound":1269.0828523896826,"upper_bound":1269.9009064944105},"point_estimate":1269.436018605761,"standard_error":0.2111578184059666},"std_dev":{"confidence_interval":{"confidence_level":0.95,"lower_bound":0.3329556673964431,"upper_bound":1.4733233631467266},"point_estimate":1.034882039256681,"standard_error":0.27724181981166984}}