{"mean":{"confidence_interval":{"confidence_level":0.95,"lower_bound":3981.210961569916,"upper_bound":4063.0829941276647},"point_estimate":4020.3563416577067,"standard_error":20.961149761557028},"median":{"confidence_interval":{"confidence_level":0.95,"lower_bound":3906.575833482436,"upper_bound":3910.6742572996272},"point_estimate":3908.1946147938625,"standard_error":1.047623785994029},"median_abs_dev":{"confidence_interval":{"confidence_level":0.95,"lower_bound":5.864315600164146,"upper_bound":12.837304199114604},"point_estimate":8.850684767947113,"standard_error":1.7142705003212144},"slope":{"confidence_interval":{"confidence_level":0.95,"lower_bound":3912.674966741713,"upper_bound":3993.5442881061895},"point_estimate":3950.2957203835363,"standard_error":20.418794892121362},"std_dev":{"confidence_interval":{"confidence_level":0.95,"lower_bound":168.89064344676956,"upper_bound":249.7992476288752},"point_estimate":210.26400588486402,"standard_error":20.760075640886512}}