{"mean":{"confidence_interval":{"confidence_level":0.95,"lower_bound":5411.303266169744,"upper_bound":5417.756728978085},"point_estimate":5413.920184814733,"standard_error":1.6924765499715222},"median":{"confidence_interval":{"confidence_level":0.95,"lower_bound":5410.023727465536,"upper_bound":5412.138615560641},"point_estimate":5411.242631392046,"standard_error":0.6011501281540494},"median_abs_dev":{"confidence_interval":{"confidence_level":0.95,"lower_bound":3.940145920068785,"upper_bound":7.059852478474019},"point_estimate":5.552133763249224,"standard_error":0.8347547055972425},"slope":{"confidence_interval":{"confidence_level":0.95,"lower_bound":5411.188817643736,"upper_bound":5413.092813478336},"point_estimate":5412.110069952648,"standard_error":0.48580421796592366},"std_dev":{"confidence_interval":{"confidence_level":0.95,"lower_bound":5.699066243444988,"upper_bound":27.583415745511072},"point_estimate":17.070218380903615,"standard_error":6.96516648214236}}