{"mean":{"confidence_interval":{"confidence_level":0.95,"lower_bound":4671.781012714032,"upper_bound":4678.591947680166},"point_estimate":4674.418009955133,"standard_error":1.8291944835445226},"median":{"confidence_interval":{"confidence_level":0.95,"lower_bound":4670.518098719849,"upper_bound":4672.533853451372},"point_estimate":4671.65479934112,"standard_error":0.477966605666988},"median_abs_dev":{"confidence_interval":{"confidence_level":0.95,"lower_bound":3.0365568952031823,"upper_bound":5.227138987388036},"point_estimate":4.116493331005825,"standard_error":0.5570719070313799},"slope":{"confidence_interval":{"confidence_level":0.95,"lower_bound":4672.072251399748,"upper_bound":4674.156304174003},"point_estimate":4673.042628558124,"standard_error":0.5369235746968655},"std_dev":{"confidence_interval":{"confidence_level":0.95,"lower_bound":4.715132453840368,"upper_bound":30.478782686528763},"point_estimate":18.403558781680672,"standard_error":8.508370154078127}}