{"mean":{"confidence_interval":{"confidence_level":0.95,"lower_bound":19916.253792303505,"upper_bound":20015.887922442496},"point_estimate":19961.520572001922,"standard_error":25.476956719704255},"median":{"confidence_interval":{"confidence_level":0.95,"lower_bound":19880.495384615384,"upper_bound":19973.455217391303},"point_estimate":19940.23951219512,"standard_error":25.059236426209548},"median_abs_dev":{"confidence_interval":{"confidence_level":0.95,"lower_bound":116.77543602074252,"upper_bound":198.33464183955127},"point_estimate":146.16356429868404,"standard_error":19.468503427371306},"slope":{"confidence_interval":{"confidence_level":0.95,"lower_bound":19900.320167372774,"upper_bound":19954.79780208578},"point_estimate":19927.14829318753,"standard_error":13.914042449581842},"std_dev":{"confidence_interval":{"confidence_level":0.95,"lower_bound":146.67070821793845,"upper_bound":378.46417797839797},"point_estimate":257.2588814614867,"standard_error":68.00131063487414}}