{"mean":{"confidence_interval":{"confidence_level":0.95,"lower_bound":19818.15380126212,"upper_bound":19942.957580549973},"point_estimate":19873.080898485066,"standard_error":32.06312176780491},"median":{"confidence_interval":{"confidence_level":0.95,"lower_bound":19797.61561781609,"upper_bound":19856.01917396746},"point_estimate":19833.554404761904,"standard_error":12.737255801916975},"median_abs_dev":{"confidence_interval":{"confidence_level":0.95,"lower_bound":103.03502438439223,"upper_bound":164.15647921290665},"point_estimate":134.81450285542263,"standard_error":15.438520364625946},"slope":{"confidence_interval":{"confidence_level":0.95,"lower_bound":19778.557935011344,"upper_bound":19838.792426806904},"point_estimate":19808.999197103592,"standard_error":15.356679929917041},"std_dev":{"confidence_interval":{"confidence_level":0.95,"lower_bound":144.37436235755234,"upper_bound":482.39462178942},"point_estimate":323.2267808084061,"standard_error":90.44483851047205}}