{"mean":{"confidence_interval":{"confidence_level":0.95,"lower_bound":18437.802927832974,"upper_bound":18504.586173161922},"point_estimate":18468.97306431965,"standard_error":17.049286698957403},"median":{"confidence_interval":{"confidence_level":0.95,"lower_bound":18439.4363684404,"upper_bound":18464.939221272554},"point_estimate":18450.64987445072,"standard_error":6.449916300925129},"median_abs_dev":{"confidence_interval":{"confidence_level":0.95,"lower_bound":53.56896929587442,"upper_bound":96.3731619693807},"point_estimate":71.22559173475999,"standard_error":10.36234409951832},"slope":{"confidence_interval":{"confidence_level":0.95,"lower_bound":18464.320315790297,"upper_bound":18500.865527266626},"point_estimate":18480.915699609763,"standard_error":9.287545280952823},"std_dev":{"confidence_interval":{"confidence_level":0.95,"lower_bound":98.48855910328979,"upper_bound":229.4385700390778},"point_estimate":171.26852820285575,"standard_error":32.81446856285373}}