{"mean":{"confidence_interval":{"confidence_level":0.95,"lower_bound":122.72478504273693,"upper_bound":127.01056309390636},"point_estimate":124.78695873128841,"standard_error":1.0970702986703074},"median":{"confidence_interval":{"confidence_level":0.95,"lower_bound":118.21183450429352,"upper_bound":119.67549045955388},"point_estimate":118.5633730469796,"standard_error":0.3970037806556541},"median_abs_dev":{"confidence_interval":{"confidence_level":0.95,"lower_bound":1.3107823449005638,"upper_bound":3.3467623527610852},"point_estimate":1.874290855564355,"standard_error":0.5308432716574519},"slope":{"confidence_interval":{"confidence_level":0.95,"lower_bound":129.14291755374836,"upper_bound":135.95896607871285},"point_estimate":132.772496372221,"standard_error":1.7428567438677267},"std_dev":{"confidence_interval":{"confidence_level":0.95,"lower_bound":9.166212837928395,"upper_bound":12.62487151959739},"point_estimate":11.070555390298724,"standard_error":0.8845837824944435}}