{"mean":{"confidence_interval":{"confidence_level":0.95,"lower_bound":119.58531169250578,"upper_bound":121.4355152962334},"point_estimate":120.49383479732359,"standard_error":0.47256563073771324},"median":{"confidence_interval":{"confidence_level":0.95,"lower_bound":117.35849486887115,"upper_bound":118.81039257208015},"point_estimate":117.73905497112591,"standard_error":0.3244968358987668},"median_abs_dev":{"confidence_interval":{"confidence_level":0.95,"lower_bound":1.1757090815574749,"upper_bound":3.3392077455952713},"point_estimate":1.7392287748017072,"standard_error":0.4854951746021868},"slope":{"confidence_interval":{"confidence_level":0.95,"lower_bound":122.23523098044711,"upper_bound":124.6486481453105},"point_estimate":123.55433704615547,"standard_error":0.6148827141540858},"std_dev":{"confidence_interval":{"confidence_level":0.95,"lower_bound":4.221288949497375,"upper_bound":5.107184540775538},"point_estimate":4.743657557925902,"standard_error":0.22666954218796953}}