{"mean":{"confidence_interval":{"confidence_level":0.95,"lower_bound":120.19669424131345,"upper_bound":122.06204892863441},"point_estimate":121.10988759691425,"standard_error":0.4761206570958696},"median":{"confidence_interval":{"confidence_level":0.95,"lower_bound":117.97996254681648,"upper_bound":119.03812199036918},"point_estimate":118.51247254973029,"standard_error":0.2764617846537514},"median_abs_dev":{"confidence_interval":{"confidence_level":0.95,"lower_bound":1.3174097419781188,"upper_bound":3.1340551883474914},"point_estimate":2.095805529525064,"standard_error":0.4843980935897628},"slope":{"confidence_interval":{"confidence_level":0.95,"lower_bound":122.98289140459384,"upper_bound":125.39578991528427},"point_estimate":124.30187596780809,"standard_error":0.6168729613998241},"std_dev":{"confidence_interval":{"confidence_level":0.95,"lower_bound":4.287753200807239,"upper_bound":5.117521474977086},"point_estimate":4.782232747361709,"standard_error":0.21257308132917946}}