{"mean":{"confidence_interval":{"confidence_level":0.95,"lower_bound":7.487443058636496,"upper_bound":7.52336459658828},"point_estimate":7.5040145889463385,"standard_error":0.009179518879060818},"median":{"confidence_interval":{"confidence_level":0.95,"lower_bound":7.47415164148388,"upper_bound":7.496988594384547},"point_estimate":7.4842458933597795,"standard_error":0.005548980843538591},"median_abs_dev":{"confidence_interval":{"confidence_level":0.95,"lower_bound":0.04252897408739368,"upper_bound":0.0673422587658924},"point_estimate":0.05101790012807446,"standard_error":0.006280294269115611},"slope":{"confidence_interval":{"confidence_level":0.95,"lower_bound":7.482065271932846,"upper_bound":7.520596870248812},"point_estimate":7.498490292712404,"standard_error":0.009967399024406217},"std_dev":{"confidence_interval":{"confidence_level":0.95,"lower_bound":0.056984450442380305,"upper_bound":0.12832669703393848},"point_estimate":0.09271025714868557,"standard_error":0.01898527814122137}}