{"mean":{"confidence_interval":{"confidence_level":0.95,"lower_bound":25215.16778366637,"upper_bound":25354.785643511048},"point_estimate":25275.669652719705,"standard_error":36.158888651448535},"median":{"confidence_interval":{"confidence_level":0.95,"lower_bound":25185.439516129034,"upper_bound":25221.0675},"point_estimate":25210.7536609674,"standard_error":9.960650263851605},"median_abs_dev":{"confidence_interval":{"confidence_level":0.95,"lower_bound":50.10317498959207,"upper_bound":88.24294165211579},"point_estimate":65.90957567882793,"standard_error":9.80777608425768},"slope":{"confidence_interval":{"confidence_level":0.95,"lower_bound":25193.589084059648,"upper_bound":25220.635451248694},"point_estimate":25206.814255430767,"standard_error":6.892373699056215},"std_dev":{"confidence_interval":{"confidence_level":0.95,"lower_bound":99.30647202195853,"upper_bound":544.3846249383046},"point_estimate":364.03014825461884,"standard_error":113.85815260567183}}