{"mean":{"confidence_interval":{"confidence_level":0.95,"lower_bound":29766.063313956725,"upper_bound":29889.362546565466},"point_estimate":29824.25401987544,"standard_error":31.56332374773875},"median":{"confidence_interval":{"confidence_level":0.95,"lower_bound":29727.750151607033,"upper_bound":29816.709143358836},"point_estimate":29781.09195693019,"standard_error":20.420469317229585},"median_abs_dev":{"confidence_interval":{"confidence_level":0.95,"lower_bound":137.6654474631327,"upper_bound":222.61207457725655},"point_estimate":167.12234483344122,"standard_error":21.178506011965748},"slope":{"confidence_interval":{"confidence_level":0.95,"lower_bound":29791.913577250205,"upper_bound":29929.975333059112},"point_estimate":29855.909810325193,"standard_error":35.351705631194676},"std_dev":{"confidence_interval":{"confidence_level":0.95,"lower_bound":218.40415350233113,"upper_bound":403.866426164225},"point_estimate":316.70123357771774,"standard_error":47.62722294718568}}