{"mean":{"confidence_interval":{"confidence_level":0.95,"lower_bound":16010.519006048828,"upper_bound":16064.508963714636},"point_estimate":16032.190732237357,"standard_error":14.22297510198053},"median":{"confidence_interval":{"confidence_level":0.95,"lower_bound":15999.377746172002,"upper_bound":16010.165143369175},"point_estimate":16002.893811751619,"standard_error":2.823756649027251},"median_abs_dev":{"confidence_interval":{"confidence_level":0.95,"lower_bound":15.9624106238685,"upper_bound":29.378698612235798},"point_estimate":22.031039889046333,"standard_error":3.3149254840203013},"slope":{"confidence_interval":{"confidence_level":0.95,"lower_bound":16006.674331982114,"upper_bound":16026.080342707544},"point_estimate":16014.89383235531,"standard_error":4.990105024703297},"std_dev":{"confidence_interval":{"confidence_level":0.95,"lower_bound":35.06860479930738,"upper_bound":231.9760165201066},"point_estimate":142.63679555599896,"standard_error":58.754602440222286}}