{"mean":{"confidence_interval":{"confidence_level":0.95,"lower_bound":17193.1982211694,"upper_bound":17291.24549995422},"point_estimate":17229.185746707277,"standard_error":27.91948625015697},"median":{"confidence_interval":{"confidence_level":0.95,"lower_bound":17179.24500907441,"upper_bound":17197.054207271365},"point_estimate":17189.446209391914,"standard_error":4.460458372716608},"median_abs_dev":{"confidence_interval":{"confidence_level":0.95,"lower_bound":32.06450731206365,"upper_bound":53.29863564050044},"point_estimate":40.997294131539185,"standard_error":5.657890477931441},"slope":{"confidence_interval":{"confidence_level":0.95,"lower_bound":17188.247293920438,"upper_bound":17221.7813142446},"point_estimate":17203.442632195798,"standard_error":8.611576672435806},"std_dev":{"confidence_interval":{"confidence_level":0.95,"lower_bound":46.33649349238885,"upper_bound":474.52907299034246},"point_estimate":280.49059247746766,"standard_error":148.48718058261778}}