{"mean":{"confidence_interval":{"confidence_level":0.95,"lower_bound":12991.942186108668,"upper_bound":13042.754995051962},"point_estimate":13013.87262860602,"standard_error":13.09896963278161},"median":{"confidence_interval":{"confidence_level":0.95,"lower_bound":12977.692057460461,"upper_bound":12997.919736842105},"point_estimate":12987.739064156947,"standard_error":5.752734802429173},"median_abs_dev":{"confidence_interval":{"confidence_level":0.95,"lower_bound":24.933260930600696,"upper_bound":42.91344637529521},"point_estimate":29.734009952424806,"standard_error":4.727567117502057},"slope":{"confidence_interval":{"confidence_level":0.95,"lower_bound":12983.543782695808,"upper_bound":13047.440322626651},"point_estimate":13007.403290893111,"standard_error":17.35527901166834},"std_dev":{"confidence_interval":{"confidence_level":0.95,"lower_bound":49.771834184310656,"upper_bound":201.58150992935379},"point_estimate":131.20511333263144,"standard_error":40.76782425430037}}