{"mean":{"confidence_interval":{"confidence_level":0.95,"lower_bound":16782.054114232316,"upper_bound":16895.83997044688},"point_estimate":16825.15632574873,"standard_error":30.728084434970405},"median":{"confidence_interval":{"confidence_level":0.95,"lower_bound":16761.29223319054,"upper_bound":16785.389378531072},"point_estimate":16776.09997645951,"standard_error":6.288515806175979},"median_abs_dev":{"confidence_interval":{"confidence_level":0.95,"lower_bound":36.36558935328546,"upper_bound":61.263376268289264},"point_estimate":51.67024025126833,"standard_error":6.888458404367026},"slope":{"confidence_interval":{"confidence_level":0.95,"lower_bound":16765.150328037027,"upper_bound":16809.96672408217},"point_estimate":16784.331271800085,"standard_error":11.5619480604896},"std_dev":{"confidence_interval":{"confidence_level":0.95,"lower_bound":61.82146048808553,"upper_bound":514.7999891172975},"point_estimate":308.8201647787363,"standard_error":147.15878440816317}}