{"mean":{"confidence_interval":{"confidence_level":0.95,"lower_bound":1332.7675984026487,"upper_bound":1333.2920540552152},"point_estimate":1333.0191887460785,"standard_error":0.13333730204221694},"median":{"confidence_interval":{"confidence_level":0.95,"lower_bound":1332.6693225661732,"upper_bound":1333.0590484735842},"point_estimate":1332.8477198954952,"standard_error":0.10207065659578055},"median_abs_dev":{"confidence_interval":{"confidence_level":0.95,"lower_bound":0.5797004658765367,"upper_bound":1.0581017963113102},"point_estimate":0.7197702445245502,"standard_error":0.11943356951517146},"slope":{"confidence_interval":{"confidence_level":0.95,"lower_bound":1332.7132765184376,"upper_bound":1333.0451749451922},"point_estimate":1332.8809313148024,"standard_error":0.08449910109398935},"std_dev":{"confidence_interval":{"confidence_level":0.95,"lower_bound":0.9733396811279406,"upper_bound":1.6668243257043887},"point_estimate":1.3361070806407875,"standard_error":0.1783414419016211}}