{"mean":{"confidence_interval":{"confidence_level":0.95,"lower_bound":1364.3129637849077,"upper_bound":1364.663787930816},"point_estimate":1364.477737683182,"standard_error":0.08983830885414491},"median":{"confidence_interval":{"confidence_level":0.95,"lower_bound":1364.2638738145415,"upper_bound":1364.5956200432588},"point_estimate":1364.3911680383344,"standard_error":0.07608114257355805},"median_abs_dev":{"confidence_interval":{"confidence_level":0.95,"lower_bound":0.48468618227739085,"upper_bound":0.7750048608183249},"point_estimate":0.607739196671739,"standard_error":0.07400798534909697},"slope":{"confidence_interval":{"confidence_level":0.95,"lower_bound":1364.3173420370747,"upper_bound":1364.6472329972346},"point_estimate":1364.4707643175686,"standard_error":0.08412624912192984},"std_dev":{"confidence_interval":{"confidence_level":0.95,"lower_bound":0.5917837824434704,"upper_bound":1.2543039636341016},"point_estimate":0.9026937317873602,"standard_error":0.18223105530293993}}