{"mean":{"confidence_interval":{"confidence_level":0.95,"lower_bound":12.397931297161382,"upper_bound":12.401549826716554},"point_estimate":12.399668516036483,"standard_error":0.0009240535884334584},"median":{"confidence_interval":{"confidence_level":0.95,"lower_bound":12.395629192458378,"upper_bound":12.399103719376631},"point_estimate":12.397277824356976,"standard_error":0.0009059865554371907},"median_abs_dev":{"confidence_interval":{"confidence_level":0.95,"lower_bound":0.004373638346438612,"upper_bound":0.007793480262761488},"point_estimate":0.005843440063129885,"standard_error":0.0008599349372717552},"slope":{"confidence_interval":{"confidence_level":0.95,"lower_bound":12.396192580214757,"upper_bound":12.398839500253867},"point_estimate":12.397425616918575,"standard_error":0.000677306673303257},"std_dev":{"confidence_interval":{"confidence_level":0.95,"lower_bound":0.007062777842916969,"upper_bound":0.011118539980045137},"point_estimate":0.009259326844051343,"standard_error":0.001036440165158921}}