{"mean":{"confidence_interval":{"confidence_level":0.95,"lower_bound":12.431201922183613,"upper_bound":12.438190574150047},"point_estimate":12.43463374951432,"standard_error":0.0017895675066351548},"median":{"confidence_interval":{"confidence_level":0.95,"lower_bound":12.42378952155832,"upper_bound":12.432990337574271},"point_estimate":12.427016757443122,"standard_error":0.0023449559687489132},"median_abs_dev":{"confidence_interval":{"confidence_level":0.95,"lower_bound":0.00863305423963429,"upper_bound":0.019523037310604098},"point_estimate":0.012982965322109017,"standard_error":0.0028758972129054603},"slope":{"confidence_interval":{"confidence_level":0.95,"lower_bound":12.425737523494506,"upper_bound":12.430517182498166},"point_estimate":12.427895612083223,"standard_error":0.0012180305484847187},"std_dev":{"confidence_interval":{"confidence_level":0.95,"lower_bound":0.015395725822924143,"upper_bound":0.02014454475645148},"point_estimate":0.018008325651387675,"standard_error":0.0012137912800589483}}