{"mean":{"confidence_interval":{"confidence_level":0.95,"lower_bound":48.9603704859393,"upper_bound":48.98526009997524},"point_estimate":48.9726638063029,"standard_error":0.006328656342256938},"median":{"confidence_interval":{"confidence_level":0.95,"lower_bound":48.96461249319947,"upper_bound":48.98250541189361},"point_estimate":48.97376218619837,"standard_error":0.004977597602107844},"median_abs_dev":{"confidence_interval":{"confidence_level":0.95,"lower_bound":0.03173992660896646,"upper_bound":0.06276877363111219},"point_estimate":0.05131953950128042,"standard_error":0.007962269916272573},"slope":{"confidence_interval":{"confidence_level":0.95,"lower_bound":48.96838972373882,"upper_bound":48.98526717797687},"point_estimate":48.97678647478647,"standard_error":0.0042915185840322785},"std_dev":{"confidence_interval":{"confidence_level":0.95,"lower_bound":0.046168396036537405,"upper_bound":0.08100841062535108},"point_estimate":0.06369477188810115,"standard_error":0.009005522946750038}}