{"mean":{"confidence_interval":{"confidence_level":0.95,"lower_bound":49.02234247426839,"upper_bound":49.042474714523316},"point_estimate":49.03243776343587,"standard_error":0.005130988502467274},"median":{"confidence_interval":{"confidence_level":0.95,"lower_bound":49.02465597165609,"upper_bound":49.04866349682804},"point_estimate":49.03952255774765,"standard_error":0.006604081773251667},"median_abs_dev":{"confidence_interval":{"confidence_level":0.95,"lower_bound":0.031519171969698945,"upper_bound":0.05385843651312936},"point_estimate":0.03931388107976685,"standard_error":0.005811631709007263},"slope":{"confidence_interval":{"confidence_level":0.95,"lower_bound":49.02941124765034,"upper_bound":49.047447910686486},"point_estimate":49.03845820671322,"standard_error":0.004600853084326819},"std_dev":{"confidence_interval":{"confidence_level":0.95,"lower_bound":0.041505883186824535,"upper_bound":0.060867891513843926},"point_estimate":0.05151480969873638,"standard_error":0.0049595764054189565}}