{"mean":{"confidence_interval":{"confidence_level":0.95,"lower_bound":3111.802800893095,"upper_bound":3113.4143499061506},"point_estimate":3112.4952525925155,"standard_error":0.41481639452420405},"median":{"confidence_interval":{"confidence_level":0.95,"lower_bound":3111.340501567398,"upper_bound":3112.12884573656},"point_estimate":3111.6786134124495,"standard_error":0.2009913713951164},"median_abs_dev":{"confidence_interval":{"confidence_level":0.95,"lower_bound":1.294546470460652,"upper_bound":2.3633403597422133},"point_estimate":1.6620732740855444,"standard_error":0.2770017183002413},"slope":{"confidence_interval":{"confidence_level":0.95,"lower_bound":3111.586841327686,"upper_bound":3112.3449689047507},"point_estimate":3111.953742387105,"standard_error":0.19267234636235878},"std_dev":{"confidence_interval":{"confidence_level":0.95,"lower_bound":1.94566443837042,"upper_bound":6.3956736820257225},"point_estimate":4.158654812043051,"standard_error":1.3562789803232236}}