{"mean":{"confidence_interval":{"confidence_level":0.95,"lower_bound":3112.43696753142,"upper_bound":3113.802397628585},"point_estimate":3113.0316452888637,"standard_error":0.35141231353582814},"median":{"confidence_interval":{"confidence_level":0.95,"lower_bound":3112.1166142557654,"upper_bound":3112.691908890022},"point_estimate":3112.425383377775,"standard_error":0.14027744424339358},"median_abs_dev":{"confidence_interval":{"confidence_level":0.95,"lower_bound":1.0953767415594198,"upper_bound":1.9193348496465},"point_estimate":1.5575164092133147,"standard_error":0.20780949043678335},"slope":{"confidence_interval":{"confidence_level":0.95,"lower_bound":3112.4832872143406,"upper_bound":3113.313503510476},"point_estimate":3112.870872203526,"standard_error":0.2122405261835855},"std_dev":{"confidence_interval":{"confidence_level":0.95,"lower_bound":1.7402665695512562,"upper_bound":5.377741365635884},"point_estimate":3.533635736888512,"standard_error":1.095806841393406}}