{"mean":{"confidence_interval":{"confidence_level":0.95,"lower_bound":2793.025194447603,"upper_bound":2795.659393339297},"point_estimate":2794.0049718312284,"standard_error":0.7297805256595891},"median":{"confidence_interval":{"confidence_level":0.95,"lower_bound":2792.660126274891,"upper_bound":2793.269218207797},"point_estimate":2792.940953035285,"standard_error":0.15782209311291848},"median_abs_dev":{"confidence_interval":{"confidence_level":0.95,"lower_bound":0.8889087699717283,"upper_bound":1.5922613844454634},"point_estimate":1.140976994420823,"standard_error":0.17919120215812184},"slope":{"confidence_interval":{"confidence_level":0.95,"lower_bound":2793.079542279265,"upper_bound":2793.716370239584},"point_estimate":2793.392695962386,"standard_error":0.16278104973191848},"std_dev":{"confidence_interval":{"confidence_level":0.95,"lower_bound":1.473781724673808,"upper_bound":12.310217101884138},"point_estimate":7.325650320955858,"standard_error":3.6957193220528337}}