{"mean":{"confidence_interval":{"confidence_level":0.95,"lower_bound":467.0015352385833,"upper_bound":467.1095284956031},"point_estimate":467.04793954345473,"standard_error":0.027816925779181847},"median":{"confidence_interval":{"confidence_level":0.95,"lower_bound":466.9687609313927,"upper_bound":467.0087059804881},"point_estimate":466.9854633562706,"standard_error":0.00997052070373348},"median_abs_dev":{"confidence_interval":{"confidence_level":0.95,"lower_bound":0.0646410536637294,"upper_bound":0.10490571681280328},"point_estimate":0.08487274219280848,"standard_error":0.010540674668032346},"slope":{"confidence_interval":{"confidence_level":0.95,"lower_bound":466.98139735126205,"upper_bound":467.0207595393726},"point_estimate":467.0000809960031,"standard_error":0.010032578564446767},"std_dev":{"confidence_interval":{"confidence_level":0.95,"lower_bound":0.11683160433167643,"upper_bound":0.43243534508762627},"point_estimate":0.2804825157940585,"standard_error":0.09043877113472978}}