{"mean":{"confidence_interval":{"confidence_level":0.95,"lower_bound":466.84925453773207,"upper_bound":466.92868770353243},"point_estimate":466.8855784849545,"standard_error":0.020341273908007027},"median":{"confidence_interval":{"confidence_level":0.95,"lower_bound":466.80949471899726,"upper_bound":466.857818834844},"point_estimate":466.83457174656013,"standard_error":0.012872753159018344},"median_abs_dev":{"confidence_interval":{"confidence_level":0.95,"lower_bound":0.06558412069695754,"upper_bound":0.1178506565411675},"point_estimate":0.08365910520008786,"standard_error":0.012795656016592345},"slope":{"confidence_interval":{"confidence_level":0.95,"lower_bound":466.8251816914723,"upper_bound":466.8984658618454},"point_estimate":466.85787533808457,"standard_error":0.018743828340811192},"std_dev":{"confidence_interval":{"confidence_level":0.95,"lower_bound":0.1166763726487023,"upper_bound":0.28755649064419847},"point_estimate":0.2044955100885199,"standard_error":0.044997864511224575}}