{"mean":{"confidence_interval":{"confidence_level":0.95,"lower_bound":3042.411617241491,"upper_bound":3053.2661681313766},"point_estimate":3046.8518365678146,"standard_error":2.8276458759821006},"median":{"confidence_interval":{"confidence_level":0.95,"lower_bound":3038.7114487637746,"upper_bound":3043.092260623026},"point_estimate":3040.8324694311536,"standard_error":1.1023003153343378},"median_abs_dev":{"confidence_interval":{"confidence_level":0.95,"lower_bound":2.515145303190517,"upper_bound":8.108645945769025},"point_estimate":4.133720000901386,"standard_error":1.5337794804732112},"slope":{"confidence_interval":{"confidence_level":0.95,"lower_bound":3038.8740307361577,"upper_bound":3041.6981074406553},"point_estimate":3040.150492430912,"standard_error":0.7223994769833939},"std_dev":{"confidence_interval":{"confidence_level":0.95,"lower_bound":6.610584984900626,"upper_bound":32.07900583758211},"point_estimate":20.244034493691938,"standard_error":7.892498408990817}}