{"mean":{"confidence_interval":{"confidence_level":0.95,"lower_bound":19.22968066605261,"upper_bound":19.575229425453106},"point_estimate":19.387209166695115,"standard_error":0.08823975156810215},"median":{"confidence_interval":{"confidence_level":0.95,"lower_bound":19.096939159884872,"upper_bound":19.420423298685836},"point_estimate":19.300987499269183,"standard_error":0.07976739757145246},"median_abs_dev":{"confidence_interval":{"confidence_level":0.95,"lower_bound":0.4863272698809927,"upper_bound":0.736562312852114},"point_estimate":0.6244380476776833,"standard_error":0.06343620351909333},"slope":{"confidence_interval":{"confidence_level":0.95,"lower_bound":19.3424978911089,"upper_bound":19.60635163879632},"point_estimate":19.471754906093295,"standard_error":0.0669952038004046},"std_dev":{"confidence_interval":{"confidence_level":0.95,"lower_bound":0.528188439780989,"upper_bound":1.2465898377125486},"point_estimate":0.8832698239354282,"standard_error":0.1930262306093065}}