{"mean":{"confidence_interval":{"confidence_level":0.95,"lower_bound":4227.391963063953,"upper_bound":4230.374888752906},"point_estimate":4228.739711503745,"standard_error":0.7648695801990691},"median":{"confidence_interval":{"confidence_level":0.95,"lower_bound":4226.42915940007,"upper_bound":4227.202260638298},"point_estimate":4226.642148492197,"standard_error":0.2185043890472214},"median_abs_dev":{"confidence_interval":{"confidence_level":0.95,"lower_bound":1.3247686460135104,"upper_bound":2.60863413371992},"point_estimate":1.7146565024409086,"standard_error":0.32779450790291603},"slope":{"confidence_interval":{"confidence_level":0.95,"lower_bound":4226.974567124055,"upper_bound":4229.844995211064},"point_estimate":4228.208846246962,"standard_error":0.7445616521122436},"std_dev":{"confidence_interval":{"confidence_level":0.95,"lower_bound":4.276097277778677,"upper_bound":11.022450436635681},"point_estimate":7.698785645000148,"standard_error":1.8115356392516813}}