{"mean":{"confidence_interval":{"confidence_level":0.95,"lower_bound":38.818109107998254,"upper_bound":38.93492273502956},"point_estimate":38.8734377494278,"standard_error":0.029963617130924467},"median":{"confidence_interval":{"confidence_level":0.95,"lower_bound":38.76372950034548,"upper_bound":38.879508497964785},"point_estimate":38.7922718394305,"standard_error":0.024806072365026636},"median_abs_dev":{"confidence_interval":{"confidence_level":0.95,"lower_bound":0.14472454050072237,"upper_bound":0.22489169730658518},"point_estimate":0.17954550490641602,"standard_error":0.02043187266195947},"slope":{"confidence_interval":{"confidence_level":0.95,"lower_bound":38.78565051056299,"upper_bound":38.90679376505846},"point_estimate":38.839288545304285,"standard_error":0.030938569638284598},"std_dev":{"confidence_interval":{"confidence_level":0.95,"lower_bound":0.21422147725557944,"upper_bound":0.3846314588816942},"point_estimate":0.3013510449849898,"standard_error":0.0438552397555144}}