{"mean":{"confidence_interval":{"confidence_level":0.95,"lower_bound":33.99841469967546,"upper_bound":34.089383674416226},"point_estimate":34.043215094240196,"standard_error":0.023258082055631707},"median":{"confidence_interval":{"confidence_level":0.95,"lower_bound":33.983278873337724,"upper_bound":34.06993379467509},"point_estimate":34.024465701893206,"standard_error":0.024726753728238945},"median_abs_dev":{"confidence_interval":{"confidence_level":0.95,"lower_bound":0.14917387781404529,"upper_bound":0.24857549704138346},"point_estimate":0.1920794730794833,"standard_error":0.02529385361492288},"slope":{"confidence_interval":{"confidence_level":0.95,"lower_bound":34.01114391748743,"upper_bound":34.1256445415561},"point_estimate":34.065266788669014,"standard_error":0.029235508670026018},"std_dev":{"confidence_interval":{"confidence_level":0.95,"lower_bound":0.18736885081026536,"upper_bound":0.27845251114544267},"point_estimate":0.2338534512605603,"standard_error":0.02333343803363656}}