{"mean":{"confidence_interval":{"confidence_level":0.95,"lower_bound":34.24609045776028,"upper_bound":34.61101284573377},"point_estimate":34.40963327312583,"standard_error":0.09348163177695754},"median":{"confidence_interval":{"confidence_level":0.95,"lower_bound":34.1181681544908,"upper_bound":34.192458929633865},"point_estimate":34.15351683720287,"standard_error":0.022783553970904976},"median_abs_dev":{"confidence_interval":{"confidence_level":0.95,"lower_bound":0.11742467711912144,"upper_bound":0.22051041202421323},"point_estimate":0.16304635486720812,"standard_error":0.027292436483757967},"slope":{"confidence_interval":{"confidence_level":0.95,"lower_bound":34.21084423963793,"upper_bound":34.695251869239684},"point_estimate":34.430460953704724,"standard_error":0.12455005922147248},"std_dev":{"confidence_interval":{"confidence_level":0.95,"lower_bound":0.4614597273660325,"upper_bound":1.3508030939442301},"point_estimate":0.9375550047974445,"standard_error":0.23044300190687042}}