{"mean":{"confidence_interval":{"confidence_level":0.95,"lower_bound":290.2021284426557,"upper_bound":290.2497351335486},"point_estimate":290.22610174031314,"standard_error":0.012202445304643462},"median":{"confidence_interval":{"confidence_level":0.95,"lower_bound":290.1872467852739,"upper_bound":290.26458725420207},"point_estimate":290.22651136163466,"standard_error":0.019971047101767805},"median_abs_dev":{"confidence_interval":{"confidence_level":0.95,"lower_bound":0.06037901832554756,"upper_bound":0.11502280040718178},"point_estimate":0.09026897558609139,"standard_error":0.013781096318386872},"slope":{"confidence_interval":{"confidence_level":0.95,"lower_bound":290.18918767569755,"upper_bound":290.2451057565224},"point_estimate":290.2170542087646,"standard_error":0.014218516848172932},"std_dev":{"confidence_interval":{"confidence_level":0.95,"lower_bound":0.06898134881886556,"upper_bound":0.10300771746464828},"point_estimate":0.0870257688125568,"standard_error":0.00873558709715426}}