{"mean":{"confidence_interval":{"confidence_level":0.95,"lower_bound":303.8126399632986,"upper_bound":303.86004947220806},"point_estimate":303.8355198574731,"standard_error":0.012087139647152375},"median":{"confidence_interval":{"confidence_level":0.95,"lower_bound":303.7920891941991,"upper_bound":303.8397224831853},"point_estimate":303.82797484666776,"standard_error":0.014332109278100654},"median_abs_dev":{"confidence_interval":{"confidence_level":0.95,"lower_bound":0.048210862818379725,"upper_bound":0.0944970338772852},"point_estimate":0.07858468137221589,"standard_error":0.012650488995107121},"slope":{"confidence_interval":{"confidence_level":0.95,"lower_bound":303.81302435922174,"upper_bound":303.87249036437294},"point_estimate":303.83905434770804,"standard_error":0.01527718820395506},"std_dev":{"confidence_interval":{"confidence_level":0.95,"lower_bound":0.06383628431947119,"upper_bound":0.10524065003131965},"point_estimate":0.08649840557640584,"standard_error":0.01055106980156486}}