{"mean":{"confidence_interval":{"confidence_level":0.95,"lower_bound":28691.33526996613,"upper_bound":28732.444638106008},"point_estimate":28711.500537063534,"standard_error":10.502565623490913},"median":{"confidence_interval":{"confidence_level":0.95,"lower_bound":28674.00093676815,"upper_bound":28736.30021978022},"point_estimate":28707.58373026242,"standard_error":15.411870474435835},"median_abs_dev":{"confidence_interval":{"confidence_level":0.95,"lower_bound":79.15320677840135,"upper_bound":121.80403904371546},"point_estimate":98.07611194089304,"standard_error":10.754502442089514},"slope":{"confidence_interval":{"confidence_level":0.95,"lower_bound":28715.406479803758,"upper_bound":28752.131159961442},"point_estimate":28733.92956498976,"standard_error":9.363519361577048},"std_dev":{"confidence_interval":{"confidence_level":0.95,"lower_bound":87.29533176835074,"upper_bound":122.90824901572284},"point_estimate":105.5989219112086,"standard_error":9.151747732542853}}