{"mean":{"confidence_interval":{"confidence_level":0.95,"lower_bound":28962.544080899905,"upper_bound":29001.740383005945},"point_estimate":28981.976845341258,"standard_error":10.00669720402817},"median":{"confidence_interval":{"confidence_level":0.95,"lower_bound":28955.432738095238,"upper_bound":28996.480687830684},"point_estimate":28974.48125,"standard_error":11.804098744341644},"median_abs_dev":{"confidence_interval":{"confidence_level":0.95,"lower_bound":67.76774832767035,"upper_bound":116.90443673405646},"point_estimate":97.30518343599904,"standard_error":12.524940999439746},"slope":{"confidence_interval":{"confidence_level":0.95,"lower_bound":28998.130812121733,"upper_bound":29044.89186661701},"point_estimate":29022.053028858536,"standard_error":11.907777396857872},"std_dev":{"confidence_interval":{"confidence_level":0.95,"lower_bound":85.57666693791595,"upper_bound":114.58871159755046},"point_estimate":100.75539042417404,"standard_error":7.401723260391148}}