{"mean":{"confidence_interval":{"confidence_level":0.95,"lower_bound":28792.118772745842,"upper_bound":28831.461276929527},"point_estimate":28811.431542502338,"standard_error":10.05454266454159},"median":{"confidence_interval":{"confidence_level":0.95,"lower_bound":28786.460317460318,"upper_bound":28828.74705882353},"point_estimate":28803.52475492529,"standard_error":9.91619531247194},"median_abs_dev":{"confidence_interval":{"confidence_level":0.95,"lower_bound":70.82015653680902,"upper_bound":116.56332746123081},"point_estimate":96.88400947399433,"standard_error":11.710664408780719},"slope":{"confidence_interval":{"confidence_level":0.95,"lower_bound":28773.823574352107,"upper_bound":28819.45791286298},"point_estimate":28795.99700403217,"standard_error":11.616693258703789},"std_dev":{"confidence_interval":{"confidence_level":0.95,"lower_bound":83.64290021210324,"upper_bound":117.55608839345902},"point_estimate":101.22377484550482,"standard_error":8.694151759559754}}