{"mean":{"confidence_interval":{"confidence_level":0.95,"lower_bound":3285.4825077575383,"upper_bound":3287.2918633134755},"point_estimate":3286.284162488935,"standard_error":0.464962232416859},"median":{"confidence_interval":{"confidence_level":0.95,"lower_bound":3285.010907674328,"upper_bound":3285.9999655077263},"point_estimate":3285.3543822433776,"standard_error":0.22978163556594036},"median_abs_dev":{"confidence_interval":{"confidence_level":0.95,"lower_bound":1.3660389065020249,"upper_bound":2.100480816911611},"point_estimate":1.6810578808729937,"standard_error":0.18130819056512146},"slope":{"confidence_interval":{"confidence_level":0.95,"lower_bound":3285.7790704977665,"upper_bound":3286.881137694737},"point_estimate":3286.2845021075204,"standard_error":0.28124345637372244},"std_dev":{"confidence_interval":{"confidence_level":0.95,"lower_bound":2.0251274819403773,"upper_bound":6.869776180217821},"point_estimate":4.668286244865757,"standard_error":1.2796023709124311}}