{"mean":{"confidence_interval":{"confidence_level":0.95,"lower_bound":3283.3166945370867,"upper_bound":3285.6910939555887},"point_estimate":3284.3689884910673,"standard_error":0.6112743499090115},"median":{"confidence_interval":{"confidence_level":0.95,"lower_bound":3282.4328534286215,"upper_bound":3283.3411221794677},"point_estimate":3282.955403453041,"standard_error":0.23488894762286266},"median_abs_dev":{"confidence_interval":{"confidence_level":0.95,"lower_bound":1.2991018526583376,"upper_bound":2.1580500358406023},"point_estimate":1.6199844319774706,"standard_error":0.21849623285509936},"slope":{"confidence_interval":{"confidence_level":0.95,"lower_bound":3283.072583609326,"upper_bound":3284.6400326877997},"point_estimate":3283.750266260984,"standard_error":0.40497055110139474},"std_dev":{"confidence_interval":{"confidence_level":0.95,"lower_bound":2.705984479338882,"upper_bound":8.961970301766948},"point_estimate":6.1256654328306475,"standard_error":1.6345901239110252}}