{"mean":{"confidence_interval":{"confidence_level":0.95,"lower_bound":3284.56187750886,"upper_bound":3287.104077503124},"point_estimate":3285.550391630397,"standard_error":0.682807313352863},"median":{"confidence_interval":{"confidence_level":0.95,"lower_bound":3283.937166855112,"upper_bound":3284.8430831493747},"point_estimate":3284.40011150617,"standard_error":0.2647949084666123},"median_abs_dev":{"confidence_interval":{"confidence_level":0.95,"lower_bound":1.2054648606964913,"upper_bound":2.054100015451085},"point_estimate":1.6153503210020126,"standard_error":0.2075929433718954},"slope":{"confidence_interval":{"confidence_level":0.95,"lower_bound":3284.6715189151696,"upper_bound":3286.0791273158998},"point_estimate":3285.317551273858,"standard_error":0.3597250051046831},"std_dev":{"confidence_interval":{"confidence_level":0.95,"lower_bound":1.8553543497949527,"upper_bound":11.37072687891463},"point_estimate":6.8771228559905335,"standard_error":3.172725006085126}}