{"mean":{"confidence_interval":{"confidence_level":0.95,"lower_bound":3286.9586950403163,"upper_bound":3289.397405395054},"point_estimate":3288.0186689781617,"standard_error":0.6299671748530422},"median":{"confidence_interval":{"confidence_level":0.95,"lower_bound":3286.1089496909035,"upper_bound":3287.3474661675787},"point_estimate":3286.5321389151686,"standard_error":0.24206180740062958},"median_abs_dev":{"confidence_interval":{"confidence_level":0.95,"lower_bound":1.5507031488338354,"upper_bound":2.7405623052450423},"point_estimate":2.027633170582116,"standard_error":0.30399414685014586},"slope":{"confidence_interval":{"confidence_level":0.95,"lower_bound":3287.1463880474907,"upper_bound":3289.756159810624},"point_estimate":3288.248909902654,"standard_error":0.678243661344311},"std_dev":{"confidence_interval":{"confidence_level":0.95,"lower_bound":2.742637725609934,"upper_bound":9.63688580859033},"point_estimate":6.337110229544844,"standard_error":1.9119866198389237}}