{"mean":{"confidence_interval":{"confidence_level":0.95,"lower_bound":2852.9551741442397,"upper_bound":2867.5507042007525},"point_estimate":2858.58554826286,"standard_error":3.887340505944193},"median":{"confidence_interval":{"confidence_level":0.95,"lower_bound":2851.347539972001,"upper_bound":2852.0766091954024},"point_estimate":2851.7069066877493,"standard_error":0.1857956948022529},"median_abs_dev":{"confidence_interval":{"confidence_level":0.95,"lower_bound":0.9529466484114204,"upper_bound":1.6634619473881536},"point_estimate":1.2528372376070107,"standard_error":0.18358350445965738},"slope":{"confidence_interval":{"confidence_level":0.95,"lower_bound":2852.3789624362685,"upper_bound":2860.4776181425254},"point_estimate":2855.6025250327402,"standard_error":2.1058642646684196},"std_dev":{"confidence_interval":{"confidence_level":0.95,"lower_bound":6.918393993665871,"upper_bound":64.57182689208622},"point_estimate":38.99236653634486,"standard_error":17.699284315492704}}