{"mean":{"confidence_interval":{"confidence_level":0.95,"lower_bound":3283.672713585434,"upper_bound":3285.455237722996},"point_estimate":3284.4137000796263,"standard_error":0.4630604861801563},"median":{"confidence_interval":{"confidence_level":0.95,"lower_bound":3282.9937716808577,"upper_bound":3283.728044575587},"point_estimate":3283.3009114383285,"standard_error":0.20135454746321035},"median_abs_dev":{"confidence_interval":{"confidence_level":0.95,"lower_bound":1.0254426669241918,"upper_bound":1.9915039745781535},"point_estimate":1.503095720173531,"standard_error":0.24127422742941038},"slope":{"confidence_interval":{"confidence_level":0.95,"lower_bound":3283.575990464397,"upper_bound":3284.5791907262906},"point_estimate":3284.050350855388,"standard_error":0.25570996458621364},"std_dev":{"confidence_interval":{"confidence_level":0.95,"lower_bound":1.9669066895293958,"upper_bound":7.3042483968489895},"point_estimate":4.642150073720976,"standard_error":1.6797332591034428}}