{"mean":{"confidence_interval":{"confidence_level":0.95,"lower_bound":186.13836405715824,"upper_bound":186.1921691301408},"point_estimate":186.16337045262648,"standard_error":0.013787994975028034},"median":{"confidence_interval":{"confidence_level":0.95,"lower_bound":186.124206828675,"upper_bound":186.16553842296602},"point_estimate":186.14148972566966,"standard_error":0.01110431925654051},"median_abs_dev":{"confidence_interval":{"confidence_level":0.95,"lower_bound":0.05348047259947204,"upper_bound":0.08582095360874255},"point_estimate":0.0712057181518694,"standard_error":0.007934051622929275},"slope":{"confidence_interval":{"confidence_level":0.95,"lower_bound":186.12787097274364,"upper_bound":186.17239733739973},"point_estimate":186.1473190204237,"standard_error":0.01146158399162727},"std_dev":{"confidence_interval":{"confidence_level":0.95,"lower_bound":0.08135336280441591,"upper_bound":0.1897681939436447},"point_estimate":0.1387201998133501,"standard_error":0.027953577962013712}}