{"mean":{"confidence_interval":{"confidence_level":0.95,"lower_bound":184.86978768534019,"upper_bound":184.9454809947116},"point_estimate":184.90197526274355,"standard_error":0.019644312697287055},"median":{"confidence_interval":{"confidence_level":0.95,"lower_bound":184.84665029845303,"upper_bound":184.87819914066878},"point_estimate":184.86087537325162,"standard_error":0.00843905978709327},"median_abs_dev":{"confidence_interval":{"confidence_level":0.95,"lower_bound":0.04505460434098254,"upper_bound":0.08011900038243198},"point_estimate":0.05916640851153635,"standard_error":0.009027363637945221},"slope":{"confidence_interval":{"confidence_level":0.95,"lower_bound":184.86190464527624,"upper_bound":184.89422883337318},"point_estimate":184.87766477635074,"standard_error":0.008276273926534879},"std_dev":{"confidence_interval":{"confidence_level":0.95,"lower_bound":0.08347739268598738,"upper_bound":0.3069020210387996},"point_estimate":0.19736166021916207,"standard_error":0.06659198630917744}}