{"mean":{"confidence_interval":{"confidence_level":0.95,"lower_bound":185.8124291231973,"upper_bound":185.84677544247634},"point_estimate":185.82806671316743,"standard_error":0.00878164163200754},"median":{"confidence_interval":{"confidence_level":0.95,"lower_bound":185.81160186977172,"upper_bound":185.82678270183425},"point_estimate":185.82108451685772,"standard_error":0.00394814329165835},"median_abs_dev":{"confidence_interval":{"confidence_level":0.95,"lower_bound":0.02550034597591691,"upper_bound":0.0502120270564453},"point_estimate":0.04159246411631076,"standard_error":0.006372366575798041},"slope":{"confidence_interval":{"confidence_level":0.95,"lower_bound":185.81819430828915,"upper_bound":185.84973212340515},"point_estimate":185.83266156712608,"standard_error":0.00804753200587888},"std_dev":{"confidence_interval":{"confidence_level":0.95,"lower_bound":0.04943291395832191,"upper_bound":0.1287299805819813},"point_estimate":0.08811745530185178,"standard_error":0.02264527486631591}}