{"mean":{"confidence_interval":{"confidence_level":0.95,"lower_bound":185.7318965365485,"upper_bound":185.78218009554664},"point_estimate":185.75505014658964,"standard_error":0.012856687435759425},"median":{"confidence_interval":{"confidence_level":0.95,"lower_bound":185.71093896603492,"upper_bound":185.74710588716968},"point_estimate":185.73496394672702,"standard_error":0.008496760286856352},"median_abs_dev":{"confidence_interval":{"confidence_level":0.95,"lower_bound":0.047875299844835045,"upper_bound":0.0735286931025747},"point_estimate":0.06193085604161136,"standard_error":0.006464015640568093},"slope":{"confidence_interval":{"confidence_level":0.95,"lower_bound":185.70165402917723,"upper_bound":185.72694644607265},"point_estimate":185.71367749282106,"standard_error":0.006448282119424537},"std_dev":{"confidence_interval":{"confidence_level":0.95,"lower_bound":0.080084769125317,"upper_bound":0.17793921210648633},"point_estimate":0.12899392337826943,"standard_error":0.025961059773337087}}