{"mean":{"confidence_interval":{"confidence_level":0.95,"lower_bound":185.27653826915295,"upper_bound":185.31412960463658},"point_estimate":185.29501975197059,"standard_error":0.009595416782182183},"median":{"confidence_interval":{"confidence_level":0.95,"lower_bound":185.26165719342433,"upper_bound":185.3113327393196},"point_estimate":185.2862803644627,"standard_error":0.012689773847312421},"median_abs_dev":{"confidence_interval":{"confidence_level":0.95,"lower_bound":0.06500136843167556,"upper_bound":0.09928150209742335},"point_estimate":0.07945952784377025,"standard_error":0.008753113113190164},"slope":{"confidence_interval":{"confidence_level":0.95,"lower_bound":185.27849089863034,"upper_bound":185.31407869523144},"point_estimate":185.29594571282874,"standard_error":0.009114082978436197},"std_dev":{"confidence_interval":{"confidence_level":0.95,"lower_bound":0.07930629961367267,"upper_bound":0.11256315498340216},"point_estimate":0.09635435737829064,"standard_error":0.008503450811790107}}