{"mean":{"confidence_interval":{"confidence_level":0.95,"lower_bound":24.5452933538058,"upper_bound":24.56987653611843},"point_estimate":24.55722975132864,"standard_error":0.006271060495595479},"median":{"confidence_interval":{"confidence_level":0.95,"lower_bound":24.527578802055373,"upper_bound":24.5430924617452},"point_estimate":24.536475428976228,"standard_error":0.004239173055658398},"median_abs_dev":{"confidence_interval":{"confidence_level":0.95,"lower_bound":0.02232425807823942,"upper_bound":0.04454943620884219},"point_estimate":0.03038851595268464,"standard_error":0.005662752920269871},"slope":{"confidence_interval":{"confidence_level":0.95,"lower_bound":24.544159304641905,"upper_bound":24.571307982888307},"point_estimate":24.556597925080972,"standard_error":0.006946689443745695},"std_dev":{"confidence_interval":{"confidence_level":0.95,"lower_bound":0.05052133803860902,"upper_bound":0.0732993672109428},"point_estimate":0.06301655751906636,"standard_error":0.005846533269291955}}