{"mean":{"confidence_interval":{"confidence_level":0.95,"lower_bound":55768.144687205044,"upper_bound":56155.34010671178},"point_estimate":55911.43446428962,"standard_error":109.43933035465312},"median":{"confidence_interval":{"confidence_level":0.95,"lower_bound":55709.251614205,"upper_bound":55764.169569791906},"point_estimate":55739.5213030059,"standard_error":14.483573559846995},"median_abs_dev":{"confidence_interval":{"confidence_level":0.95,"lower_bound":89.16387619479951,"upper_bound":162.0099354570788},"point_estimate":118.67685666586564,"standard_error":17.196991703764954},"slope":{"confidence_interval":{"confidence_level":0.95,"lower_bound":55756.069002495125,"upper_bound":56299.06312626378},"point_estimate":55938.108343431355,"standard_error":153.92724682197164},"std_dev":{"confidence_interval":{"confidence_level":0.95,"lower_bound":180.82180309332335,"upper_bound":1861.3571853913618},"point_estimate":1102.5929958000675,"standard_error":572.7779419368744}}