{"mean":{"confidence_interval":{"confidence_level":0.95,"lower_bound":56042.99414090555,"upper_bound":56897.53677203801},"point_estimate":56394.69440912475,"standard_error":222.71931812967313},"median":{"confidence_interval":{"confidence_level":0.95,"lower_bound":55959.692528735635,"upper_bound":56010.523592085236},"point_estimate":55977.85543627557,"standard_error":13.635834332286137},"median_abs_dev":{"confidence_interval":{"confidence_level":0.95,"lower_bound":70.85965297891887,"upper_bound":132.5761660692732},"point_estimate":95.95479379429702,"standard_error":17.061516124407852},"slope":{"confidence_interval":{"confidence_level":0.95,"lower_bound":56024.2258926888,"upper_bound":56201.16866510772},"point_estimate":56104.03264584667,"standard_error":45.36281360029745},"std_dev":{"confidence_interval":{"confidence_level":0.95,"lower_bound":262.48969143030865,"upper_bound":3607.768587090694},"point_estimate":2238.434922717398,"standard_error":879.055306414127}}