{"mean":{"confidence_interval":{"confidence_level":0.95,"lower_bound":164.02088098084204,"upper_bound":164.0618397559741},"point_estimate":164.04138854603963,"standard_error":0.010461785879318028},"median":{"confidence_interval":{"confidence_level":0.95,"lower_bound":164.02910167110366,"upper_bound":164.05496264835233},"point_estimate":164.04036236450344,"standard_error":0.005848312215721218},"median_abs_dev":{"confidence_interval":{"confidence_level":0.95,"lower_bound":0.03844789632927543,"upper_bound":0.06283579721942353},"point_estimate":0.04735033658192215,"standard_error":0.006291689273094173},"slope":{"confidence_interval":{"confidence_level":0.95,"lower_bound":163.99493793176643,"upper_bound":164.04894775343504},"point_estimate":164.02325840043724,"standard_error":0.01385284975085876},"std_dev":{"confidence_interval":{"confidence_level":0.95,"lower_bound":0.07756175199096946,"upper_bound":0.12967398161105023},"point_estimate":0.10476996141434565,"standard_error":0.013331036938944352}}