{"mean":{"confidence_interval":{"confidence_level":0.95,"lower_bound":4725.937081229574,"upper_bound":4748.1223178107275},"point_estimate":4737.208928999796,"standard_error":5.6492120311292435},"median":{"confidence_interval":{"confidence_level":0.95,"lower_bound":4734.749532763886,"upper_bound":4755.798520664395},"point_estimate":4743.953918607536,"standard_error":5.525207226147822},"median_abs_dev":{"confidence_interval":{"confidence_level":0.95,"lower_bound":41.22307517071008,"upper_bound":65.48756150510245},"point_estimate":53.48760582337299,"standard_error":5.989820324592711},"slope":{"confidence_interval":{"confidence_level":0.95,"lower_bound":4737.721029128324,"upper_bound":4756.053269576762},"point_estimate":4746.930107098691,"standard_error":4.674333484301656},"std_dev":{"confidence_interval":{"confidence_level":0.95,"lower_bound":47.533751263861085,"upper_bound":64.64936041994227},"point_estimate":56.71311484532943,"standard_error":4.378424307469299}}