{"mean":{"confidence_interval":{"confidence_level":0.95,"lower_bound":4657.753782531932,"upper_bound":4658.664400448003},"point_estimate":4658.16991199881,"standard_error":0.23292878860301952},"median":{"confidence_interval":{"confidence_level":0.95,"lower_bound":4657.539845594618,"upper_bound":4658.122942097027},"point_estimate":4657.811690758586,"standard_error":0.14734422809982475},"median_abs_dev":{"confidence_interval":{"confidence_level":0.95,"lower_bound":1.0553145923057674,"upper_bound":1.624996712910043},"point_estimate":1.3271903526427715,"standard_error":0.14463778650146022},"slope":{"confidence_interval":{"confidence_level":0.95,"lower_bound":4657.828072365653,"upper_bound":4658.659428714708},"point_estimate":4658.206875495622,"standard_error":0.21168676446603604},"std_dev":{"confidence_interval":{"confidence_level":0.95,"lower_bound":1.422017088051176,"upper_bound":3.3215738953947698},"point_estimate":2.333079053727105,"standard_error":0.5388220116828043}}