{"mean":{"confidence_interval":{"confidence_level":0.95,"lower_bound":1913.7517678068614,"upper_bound":1915.2129930702447},"point_estimate":1914.4203907401982,"standard_error":0.37446943463525084},"median":{"confidence_interval":{"confidence_level":0.95,"lower_bound":1913.0026935271176,"upper_bound":1914.311498204806},"point_estimate":1913.7161601389835,"standard_error":0.2795080263333141},"median_abs_dev":{"confidence_interval":{"confidence_level":0.95,"lower_bound":1.0298995621672165,"upper_bound":2.350002316070711},"point_estimate":1.5501420848409766,"standard_error":0.3456560834374248},"slope":{"confidence_interval":{"confidence_level":0.95,"lower_bound":1913.6840271788803,"upper_bound":1914.981336817718},"point_estimate":1914.289270924508,"standard_error":0.33119959136889754},"std_dev":{"confidence_interval":{"confidence_level":0.95,"lower_bound":1.4503000883112185,"upper_bound":3.6586202727313903},"point_estimate":2.6761836847279006,"standard_error":0.5733509515502877}}