{"mean":{"confidence_interval":{"confidence_level":0.95,"lower_bound":1763.7292317833812,"upper_bound":1766.8810104971383},"point_estimate":1765.0511304110548,"standard_error":0.8200735282285232},"median":{"confidence_interval":{"confidence_level":0.95,"lower_bound":1763.099700149925,"upper_bound":1764.3926248717746},"point_estimate":1763.6095035815424,"standard_error":0.2969940709626958},"median_abs_dev":{"confidence_interval":{"confidence_level":0.95,"lower_bound":1.0805859331491914,"upper_bound":2.6009404710654147},"point_estimate":1.7951469796237236,"standard_error":0.36603574816657514},"slope":{"confidence_interval":{"confidence_level":0.95,"lower_bound":1763.9369721631526,"upper_bound":1766.8734293946827},"point_estimate":1765.1229811943183,"standard_error":0.775441746229512},"std_dev":{"confidence_interval":{"confidence_level":0.95,"lower_bound":1.8276055728082643,"upper_bound":9.20348841202521},"point_estimate":5.867655912126947,"standard_error":2.1263327252938873}}