{"mean":{"confidence_interval":{"confidence_level":0.95,"lower_bound":442.889806707011,"upper_bound":443.04908418521194},"point_estimate":442.9647062225375,"standard_error":0.04078128979008524},"median":{"confidence_interval":{"confidence_level":0.95,"lower_bound":442.8555528007594,"upper_bound":442.9185636703702},"point_estimate":442.90166734190905,"standard_error":0.01698444042464103},"median_abs_dev":{"confidence_interval":{"confidence_level":0.95,"lower_bound":0.12255019804392737,"upper_bound":0.22194829356921317},"point_estimate":0.18015008632720364,"standard_error":0.026682863334760984},"slope":{"confidence_interval":{"confidence_level":0.95,"lower_bound":442.87790742538374,"upper_bound":443.1019851381311},"point_estimate":442.9743420139259,"standard_error":0.058240513219945715},"std_dev":{"confidence_interval":{"confidence_level":0.95,"lower_bound":0.27431093213550684,"upper_bound":0.5210315398754829},"point_estimate":0.40839795053211153,"standard_error":0.06303305559663096}}