{"mean":{"confidence_interval":{"confidence_level":0.95,"lower_bound":442.9310717847616,"upper_bound":443.0037344752686},"point_estimate":442.9661893947473,"standard_error":0.018583042270303416},"median":{"confidence_interval":{"confidence_level":0.95,"lower_bound":442.90647651006714,"upper_bound":442.96694711593904},"point_estimate":442.94121392560106,"standard_error":0.014880139832633102},"median_abs_dev":{"confidence_interval":{"confidence_level":0.95,"lower_bound":0.09136085756121576,"upper_bound":0.15073763088092446},"point_estimate":0.11341822367401978,"standard_error":0.01556282297290377},"slope":{"confidence_interval":{"confidence_level":0.95,"lower_bound":442.94965330460457,"upper_bound":443.0117505001649},"point_estimate":442.9789476843307,"standard_error":0.015834836289712134},"std_dev":{"confidence_interval":{"confidence_level":0.95,"lower_bound":0.1403915265543942,"upper_bound":0.22706360079742036},"point_estimate":0.1862080756316986,"standard_error":0.022175741382214224}}