{"mean":{"confidence_interval":{"confidence_level":0.95,"lower_bound":443.2432128973776,"upper_bound":443.56604579903416},"point_estimate":443.37708929440714,"standard_error":0.08391315438333445},"median":{"confidence_interval":{"confidence_level":0.95,"lower_bound":443.1748402955859,"upper_bound":443.27426413288924},"point_estimate":443.20553609411485,"standard_error":0.026702695240777553},"median_abs_dev":{"confidence_interval":{"confidence_level":0.95,"lower_bound":0.1752116680323006,"upper_bound":0.2865690491483158},"point_estimate":0.22639892990586913,"standard_error":0.029441685071337334},"slope":{"confidence_interval":{"confidence_level":0.95,"lower_bound":443.24155698871806,"upper_bound":443.49709755195636},"point_estimate":443.35877554443937,"standard_error":0.06546847287950526},"std_dev":{"confidence_interval":{"confidence_level":0.95,"lower_bound":0.31252103447200197,"upper_bound":1.3370870572763731},"point_estimate":0.8426322430315659,"standard_error":0.31331974438023347}}