{"mean":{"confidence_interval":{"confidence_level":0.95,"lower_bound":9773.70408900845,"upper_bound":9789.827726710626},"point_estimate":9780.869085857616,"standard_error":4.156627393882885},"median":{"confidence_interval":{"confidence_level":0.95,"lower_bound":9768.99763760926,"upper_bound":9773.07679738562},"point_estimate":9770.615386142883,"standard_error":0.9673028381354596},"median_abs_dev":{"confidence_interval":{"confidence_level":0.95,"lower_bound":6.077692073982117,"upper_bound":10.534205758179958},"point_estimate":8.468631661573857,"standard_error":1.1137917487031568},"slope":{"confidence_interval":{"confidence_level":0.95,"lower_bound":9771.551488366338,"upper_bound":9781.677575721136},"point_estimate":9775.676563368364,"standard_error":2.641359389360484},"std_dev":{"confidence_interval":{"confidence_level":0.95,"lower_bound":19.455684881396387,"upper_bound":61.53085837962988},"point_estimate":41.92054354372326,"standard_error":11.000299526256384}}