{"mean":{"confidence_interval":{"confidence_level":0.95,"lower_bound":10562.882796382393,"upper_bound":10603.136777989186},"point_estimate":10579.016155669338,"standard_error":10.573363557953899},"median":{"confidence_interval":{"confidence_level":0.95,"lower_bound":10553.839649822696,"upper_bound":10566.229523643717},"point_estimate":10559.448460605854,"standard_error":3.3396899763984074},"median_abs_dev":{"confidence_interval":{"confidence_level":0.95,"lower_bound":16.452293517999532,"upper_bound":26.070567346772698},"point_estimate":20.547989784100334,"standard_error":2.5274537467656466},"slope":{"confidence_interval":{"confidence_level":0.95,"lower_bound":10563.167342133274,"upper_bound":10574.51195154798},"point_estimate":10568.495607909474,"standard_error":2.8865519020210066},"std_dev":{"confidence_interval":{"confidence_level":0.95,"lower_bound":27.348994847600647,"upper_bound":172.0543310025402},"point_estimate":105.83252014692832,"standard_error":43.57748854040781}}