{"mean":{"confidence_interval":{"confidence_level":0.95,"lower_bound":9997.78151650849,"upper_bound":10033.608957970002},"point_estimate":10011.072906756885,"standard_error":9.956791581582024},"median":{"confidence_interval":{"confidence_level":0.95,"lower_bound":9994.287857142857,"upper_bound":10000.03864864865},"point_estimate":9998.049984496123,"standard_error":1.2814213187857197},"median_abs_dev":{"confidence_interval":{"confidence_level":0.95,"lower_bound":12.761446760281379,"upper_bound":21.18579518855608},"point_estimate":17.19254699477125,"standard_error":2.186406881613912},"slope":{"confidence_interval":{"confidence_level":0.95,"lower_bound":9995.624846838919,"upper_bound":10009.573168702598},"point_estimate":10001.431908940447,"standard_error":3.6425421740462154},"std_dev":{"confidence_interval":{"confidence_level":0.95,"lower_bound":18.68940963476088,"upper_bound":169.32924230153682},"point_estimate":100.48130974714168,"standard_error":51.38725075741236}}