{"mean":{"confidence_interval":{"confidence_level":0.95,"lower_bound":10369.563508445184,"upper_bound":10399.661393589822},"point_estimate":10380.609615461412,"standard_error":8.663832937737052},"median":{"confidence_interval":{"confidence_level":0.95,"lower_bound":10366.353748006379,"upper_bound":10371.840103270224},"point_estimate":10368.055089783282,"standard_error":1.719296542333212},"median_abs_dev":{"confidence_interval":{"confidence_level":0.95,"lower_bound":9.384337688980624,"upper_bound":18.37760203513638},"point_estimate":14.733138425918575,"standard_error":2.28654313450446},"slope":{"confidence_interval":{"confidence_level":0.95,"lower_bound":10373.45425656674,"upper_bound":10381.632365186482},"point_estimate":10377.331802135752,"standard_error":2.0879057376677883},"std_dev":{"confidence_interval":{"confidence_level":0.95,"lower_bound":14.688321090936096,"upper_bound":147.75597209597387},"point_estimate":87.10480270424947,"standard_error":46.68675445940923}}