{"mean":{"confidence_interval":{"confidence_level":0.95,"lower_bound":19413.56538701291,"upper_bound":19495.771291348654},"point_estimate":19444.939185106698,"standard_error":22.147908361423696},"median":{"confidence_interval":{"confidence_level":0.95,"lower_bound":19402.777306805074,"upper_bound":19419.580578139117},"point_estimate":19412.64111705288,"standard_error":4.564856656921386},"median_abs_dev":{"confidence_interval":{"confidence_level":0.95,"lower_bound":24.545221307260825,"upper_bound":38.59726156966461},"point_estimate":31.53617763511567,"standard_error":3.6886668681579033},"slope":{"confidence_interval":{"confidence_level":0.95,"lower_bound":19411.949249896286,"upper_bound":19457.643707626026},"point_estimate":19429.78606449407,"standard_error":12.224645270689495},"std_dev":{"confidence_interval":{"confidence_level":0.95,"lower_bound":46.011358663005744,"upper_bound":370.17015899953157},"point_estimate":222.4788486327602,"standard_error":104.77989165929475}}