{"mean":{"confidence_interval":{"confidence_level":0.95,"lower_bound":260.56830603059683,"upper_bound":260.7880417976282},"point_estimate":260.66420689250094,"standard_error":0.056593361092834756},"median":{"confidence_interval":{"confidence_level":0.95,"lower_bound":260.5325638562387,"upper_bound":260.65668576978493},"point_estimate":260.5843828401186,"standard_error":0.0362931728099808},"median_abs_dev":{"confidence_interval":{"confidence_level":0.95,"lower_bound":0.22389652496465096,"upper_bound":0.3652006956524599},"point_estimate":0.29754085764106886,"standard_error":0.03571095576380816},"slope":{"confidence_interval":{"confidence_level":0.95,"lower_bound":260.556364434245,"upper_bound":260.7321739646003},"point_estimate":260.63688814824235,"standard_error":0.04490037180965814},"std_dev":{"confidence_interval":{"confidence_level":0.95,"lower_bound":0.2846138097964396,"upper_bound":0.8710556505619627},"point_estimate":0.5697418722570019,"standard_error":0.18155397840142526}}