{"mean":{"confidence_interval":{"confidence_level":0.95,"lower_bound":260.17362744529163,"upper_bound":260.82117854806694},"point_estimate":260.45472414170615,"standard_error":0.16719396156258265},"median":{"confidence_interval":{"confidence_level":0.95,"lower_bound":260.0251812926957,"upper_bound":260.1692708042173},"point_estimate":260.0779850528405,"standard_error":0.03890265905820877},"median_abs_dev":{"confidence_interval":{"confidence_level":0.95,"lower_bound":0.24958897102440628,"upper_bound":0.4448479633507716},"point_estimate":0.3286512779677084,"standard_error":0.048796541272361486},"slope":{"confidence_interval":{"confidence_level":0.95,"lower_bound":260.15098669289705,"upper_bound":260.6093765449505},"point_estimate":260.3488950558415,"standard_error":0.11824767517892594},"std_dev":{"confidence_interval":{"confidence_level":0.95,"lower_bound":0.7169076064709836,"upper_bound":2.561561771539856},"point_estimate":1.677537099040956,"standard_error":0.5255294212879437}}