{"mean":{"confidence_interval":{"confidence_level":0.95,"lower_bound":259.81148231406564,"upper_bound":260.38007461960643},"point_estimate":260.0540468887755,"standard_error":0.14596359669285597},"median":{"confidence_interval":{"confidence_level":0.95,"lower_bound":259.6574550624707,"upper_bound":259.83030163084106},"point_estimate":259.7493143567101,"standard_error":0.0469637374704909},"median_abs_dev":{"confidence_interval":{"confidence_level":0.95,"lower_bound":0.24716594548172643,"upper_bound":0.41701033499130113},"point_estimate":0.31343506953227424,"standard_error":0.04305353268760139},"slope":{"confidence_interval":{"confidence_level":0.95,"lower_bound":259.74531031008235,"upper_bound":259.97380499499906},"point_estimate":259.8531237247637,"standard_error":0.05818986084733631},"std_dev":{"confidence_interval":{"confidence_level":0.95,"lower_bound":0.525192408077262,"upper_bound":2.2717996219368946},"point_estimate":1.4671056128260296,"standard_error":0.46615371270425476}}