{"mean":{"confidence_interval":{"confidence_level":0.95,"lower_bound":267.9835135766914,"upper_bound":268.5066239295928},"point_estimate":268.2032752819226,"standard_error":0.1358256849328142},"median":{"confidence_interval":{"confidence_level":0.95,"lower_bound":267.8881411951397,"upper_bound":268.17825695257056},"point_estimate":268.05230452411695,"standard_error":0.08265216089235816},"median_abs_dev":{"confidence_interval":{"confidence_level":0.95,"lower_bound":0.3883260884372089,"upper_bound":0.6541864489124738},"point_estimate":0.49857727318893674,"standard_error":0.06929372803351844},"slope":{"confidence_interval":{"confidence_level":0.95,"lower_bound":267.99604156073667,"upper_bound":268.44551527051},"point_estimate":268.1877575352344,"standard_error":0.11654060990569884},"std_dev":{"confidence_interval":{"confidence_level":0.95,"lower_bound":0.5475667789528303,"upper_bound":2.1614270105497924},"point_estimate":1.364116727137654,"standard_error":0.5015561575046562}}