{"mean":{"confidence_interval":{"confidence_level":0.95,"lower_bound":8387.387213301487,"upper_bound":8390.079398477938},"point_estimate":8388.595599518983,"standard_error":0.6919096497413634},"median":{"confidence_interval":{"confidence_level":0.95,"lower_bound":8386.569240196077,"upper_bound":8387.500952380953},"point_estimate":8386.969219233746,"standard_error":0.25534094606902497},"median_abs_dev":{"confidence_interval":{"confidence_level":0.95,"lower_bound":1.5423966049603528,"upper_bound":2.974959927846486},"point_estimate":2.0477150486062325,"standard_error":0.3846242549216488},"slope":{"confidence_interval":{"confidence_level":0.95,"lower_bound":8386.915081358073,"upper_bound":8389.854135167514},"point_estimate":8388.05644063566,"standard_error":0.7814333317079131},"std_dev":{"confidence_interval":{"confidence_level":0.95,"lower_bound":3.2807105657267526,"upper_bound":9.787905455000772},"point_estimate":6.966269691005571,"standard_error":1.622388207111888}}