{"mean":{"confidence_interval":{"confidence_level":0.95,"lower_bound":336858.9709007365,"upper_bound":337688.547631031},"point_estimate":337174.28217207047,"standard_error":228.1054543570374},"median":{"confidence_interval":{"confidence_level":0.95,"lower_bound":336779.4166666667,"upper_bound":336991.612244898},"point_estimate":336871.9717078189,"standard_error":55.248284573021486},"median_abs_dev":{"confidence_interval":{"confidence_level":0.95,"lower_bound":391.1070824918615,"upper_bound":632.8834909863185},"point_estimate":517.049876931676,"standard_error":61.433908682796016},"slope":{"confidence_interval":{"confidence_level":0.95,"lower_bound":336962.98317991185,"upper_bound":337369.27454965643},"point_estimate":337138.6216639574,"standard_error":104.32458725406545},"std_dev":{"confidence_interval":{"confidence_level":0.95,"lower_bound":535.0804175677087,"upper_bound":3849.6884143266625},"point_estimate":2298.28872889878,"standard_error":1133.9324980120618}}