{"mean":{"confidence_interval":{"confidence_level":0.95,"lower_bound":49.337267802672926,"upper_bound":49.41412360694558},"point_estimate":49.36941994912193,"standard_error":0.01989197075602233},"median":{"confidence_interval":{"confidence_level":0.95,"lower_bound":49.33445816000912,"upper_bound":49.37416483845233},"point_estimate":49.35072618701534,"standard_error":0.011518937762237176},"median_abs_dev":{"confidence_interval":{"confidence_level":0.95,"lower_bound":0.07253589418311084,"upper_bound":0.11474631627929596},"point_estimate":0.09715629288551694,"standard_error":0.010479916686282415},"slope":{"confidence_interval":{"confidence_level":0.95,"lower_bound":49.348675494488546,"upper_bound":49.39486926480622},"point_estimate":49.371715708797986,"standard_error":0.011816222739862145},"std_dev":{"confidence_interval":{"confidence_level":0.95,"lower_bound":0.08613178675443033,"upper_bound":0.3155682777384822},"point_estimate":0.19877389603812762,"standard_error":0.07414760235676002}}