{"mean":{"confidence_interval":{"confidence_level":0.95,"lower_bound":58.91873424670432,"upper_bound":59.70392892912116},"point_estimate":59.26796029052552,"standard_error":0.2016083281174086},"median":{"confidence_interval":{"confidence_level":0.95,"lower_bound":58.73991755586508,"upper_bound":58.80844888049636},"point_estimate":58.78012770241628,"standard_error":0.0181198300230275},"median_abs_dev":{"confidence_interval":{"confidence_level":0.95,"lower_bound":0.12476804130709948,"upper_bound":0.2560841168455585},"point_estimate":0.18491201618012884,"standard_error":0.033731116702046246},"slope":{"confidence_interval":{"confidence_level":0.95,"lower_bound":58.85114176785225,"upper_bound":59.193258531457744},"point_estimate":58.99953506767657,"standard_error":0.08736278111764925},"std_dev":{"confidence_interval":{"confidence_level":0.95,"lower_bound":0.8432060217412269,"upper_bound":2.847340752827474},"point_estimate":2.0259585441125894,"standard_error":0.4920537905885685}}