{"mean":{"confidence_interval":{"confidence_level":0.95,"lower_bound":13.065185170543733,"upper_bound":13.123038479738545},"point_estimate":13.08947013196919,"standard_error":0.015024687040868524},"median":{"confidence_interval":{"confidence_level":0.95,"lower_bound":13.047989433009905,"upper_bound":13.077941558206991},"point_estimate":13.07108068452972,"standard_error":0.00748826199420985},"median_abs_dev":{"confidence_interval":{"confidence_level":0.95,"lower_bound":0.04323013910154299,"upper_bound":0.06913856674485508},"point_estimate":0.05418501470425142,"standard_error":0.0067759046018335285},"slope":{"confidence_interval":{"confidence_level":0.95,"lower_bound":13.060949549237831,"upper_bound":13.103307743224983},"point_estimate":13.079659838332692,"standard_error":0.010919005859033212},"std_dev":{"confidence_interval":{"confidence_level":0.95,"lower_bound":0.061205066295108024,"upper_bound":0.23850470912446806},"point_estimate":0.1514049386112282,"standard_error":0.05504428969732695}}