{"mean":{"confidence_interval":{"confidence_level":0.95,"lower_bound":13.402880244628019,"upper_bound":13.602215867191145},"point_estimate":13.490649945632638,"standard_error":0.0513944327700355},"median":{"confidence_interval":{"confidence_level":0.95,"lower_bound":13.361902565059683,"upper_bound":13.385505051465302},"point_estimate":13.374267291044436,"standard_error":0.006091926742477487},"median_abs_dev":{"confidence_interval":{"confidence_level":0.95,"lower_bound":0.03770849499372709,"upper_bound":0.06195320385483131},"point_estimate":0.04829189749798249,"standard_error":0.0060103074053363004},"slope":{"confidence_interval":{"confidence_level":0.95,"lower_bound":13.368143675806358,"upper_bound":13.421213698766953},"point_estimate":13.388786764084808,"standard_error":0.013977929501944375},"std_dev":{"confidence_interval":{"confidence_level":0.95,"lower_bound":0.16852133025191884,"upper_bound":0.7399061930602365},"point_estimate":0.516507319558018,"standard_error":0.13849337323184477}}