{"mean":{"confidence_interval":{"confidence_level":0.95,"lower_bound":11.314050957358093,"upper_bound":11.388621684166832},"point_estimate":11.340265253955748,"standard_error":0.02256290412315925},"median":{"confidence_interval":{"confidence_level":0.95,"lower_bound":11.310521881611777,"upper_bound":11.316744812376076},"point_estimate":11.312372506755192,"standard_error":0.001581241937870257},"median_abs_dev":{"confidence_interval":{"confidence_level":0.95,"lower_bound":0.011176491849503176,"upper_bound":0.022473853855521017},"point_estimate":0.01630716831360536,"standard_error":0.0030587797886076507},"slope":{"confidence_interval":{"confidence_level":0.95,"lower_bound":11.312886636437456,"upper_bound":11.322085978253057},"point_estimate":11.317165263516964,"standard_error":0.0023516558023939766},"std_dev":{"confidence_interval":{"confidence_level":0.95,"lower_bound":0.01882289362019654,"upper_bound":0.3870795938041545},"point_estimate":0.22655148118957438,"standard_error":0.1304241877097933}}