{"mean":{"confidence_interval":{"confidence_level":0.95,"lower_bound":107322.99633686879,"upper_bound":107397.75224461059},"point_estimate":107353.84821335168,"standard_error":19.532142188110946},"median":{"confidence_interval":{"confidence_level":0.95,"lower_bound":107318.49199633699,"upper_bound":107341.89630541872},"point_estimate":107330.94395604395,"standard_error":5.717856304391778},"median_abs_dev":{"confidence_interval":{"confidence_level":0.95,"lower_bound":40.37278702387886,"upper_bound":66.2652948756506},"point_estimate":55.183540193936345,"standard_error":6.436178305089601},"slope":{"confidence_interval":{"confidence_level":0.95,"lower_bound":107331.54657566253,"upper_bound":107395.55057830742},"point_estimate":107356.25320319195,"standard_error":17.245971879879587},"std_dev":{"confidence_interval":{"confidence_level":0.95,"lower_bound":56.82009516336948,"upper_bound":317.63674388125276},"point_estimate":197.1717759761031,"standard_error":76.4857474792551}}