{"mean":{"confidence_interval":{"confidence_level":0.95,"lower_bound":43.95649012507061,"upper_bound":44.11289218169742},"point_estimate":44.0309373065688,"standard_error":0.04001151039157692},"median":{"confidence_interval":{"confidence_level":0.95,"lower_bound":43.86629424027358,"upper_bound":43.99949194606509},"point_estimate":43.95871785256048,"standard_error":0.035728003907898494},"median_abs_dev":{"confidence_interval":{"confidence_level":0.95,"lower_bound":0.21584656674244665,"upper_bound":0.3820244430988376},"point_estimate":0.300539019395755,"standard_error":0.042009567575152514},"slope":{"confidence_interval":{"confidence_level":0.95,"lower_bound":43.94039253889045,"upper_bound":44.10086048486437},"point_estimate":44.01518656594751,"standard_error":0.04088303637388493},"std_dev":{"confidence_interval":{"confidence_level":0.95,"lower_bound":0.2903246064502721,"upper_bound":0.5173962484999497},"point_estimate":0.40217253627158694,"standard_error":0.05954498132039488}}