{"mean":{"confidence_interval":{"confidence_level":0.95,"lower_bound":33.44883183152624,"upper_bound":33.53094710487138},"point_estimate":33.48258110842847,"standard_error":0.021382259850107395},"median":{"confidence_interval":{"confidence_level":0.95,"lower_bound":33.43546022942158,"upper_bound":33.48018628823748},"point_estimate":33.46328806295195,"standard_error":0.012089394161995318},"median_abs_dev":{"confidence_interval":{"confidence_level":0.95,"lower_bound":0.0643007337056931,"upper_bound":0.10526001444614728},"point_estimate":0.08745955904353751,"standard_error":0.010505569352584163},"slope":{"confidence_interval":{"confidence_level":0.95,"lower_bound":33.42737039843456,"upper_bound":33.46095829296938},"point_estimate":33.44410756072126,"standard_error":0.0085602244468054},"std_dev":{"confidence_interval":{"confidence_level":0.95,"lower_bound":0.08568158748192413,"upper_bound":0.34199454708096727},"point_estimate":0.21409625813716643,"standard_error":0.08319379389776035}}