{"mean":{"confidence_interval":{"confidence_level":0.95,"lower_bound":373.31481383558054,"upper_bound":373.4485127724988},"point_estimate":373.3698008140428,"standard_error":0.03479568449868664},"median":{"confidence_interval":{"confidence_level":0.95,"lower_bound":373.2919953467633,"upper_bound":373.38527795010896},"point_estimate":373.3473083637518,"standard_error":0.02614866021418282},"median_abs_dev":{"confidence_interval":{"confidence_level":0.95,"lower_bound":0.06641898740624384,"upper_bound":0.14898571492174806},"point_estimate":0.1021202970215685,"standard_error":0.019244680073329457},"slope":{"confidence_interval":{"confidence_level":0.95,"lower_bound":373.3125556276093,"upper_bound":373.369247065112},"point_estimate":373.34151244077793,"standard_error":0.014473659511520956},"std_dev":{"confidence_interval":{"confidence_level":0.95,"lower_bound":0.09211287870232011,"upper_bound":0.3950195355286697},"point_estimate":0.24848098103965824,"standard_error":0.09610049890063208}}